,认定点代码,题型代码,题号,试题（题干）,试题（选项A）,试题（选项B）,试题（选项C）,试题（选项D）,试题（选项E）,【图】及位置,正确答案,难度代码,一致性代码,解析,,,,,,,,
卷一b1,A-A-A-001,B（单选题）,,职业道德行为评价的类型不包括（）。,社会评价,上级评价,集体评价,自我评价,,,B,3（中）,5（好）,,,,,,,,,
卷二b1,A-A-A-002,B（单选题）,,社会主义职业道德把社会公德、职业道德、（）作为着力点。,德才兼备,思想品德,个人品德,个人能力,,,C,3（中）,5（好）,,,,,,,,,
卷三b1,A-A-A-001,B（单选题）,,社会主义职业道德的指导原则是（）。,个人主义,集体主义,马克思主义,列宁思想,,,B,3（中）,5（好）,,,,,,,,,
卷四b1,A-A-A-002,B（单选题）,,为人民服务为核心的职业道德，首先要解决的是职工与职工、职工与集体、（）之间利益关系问题和为谁工作的问题。,家庭与生活,上级与下级,职业与职业,个人与国家,,,C,3（中）,5（好）,,,,,,,,,
卷五b1,A-A-A-001,B（单选题）,,《公民道德建设实施纲要》明确提出所有从业人员都应该共同遵守的主要行为规范是（  ）。,爱岗敬业 诚实守信 办事公道 服务群众 奉献社会,懂得服从 信守承诺 坚守岗位 精神饱满 用心服务,谨言慎行 学习创新 艰苦奋斗 团结互助 维护荣誉,热爱本职 秉公执法 不谋私利 严肃风纪 着装整洁,,,A,3（中）,5（好）,,,,,,,,,
卷六b1,A-A-A-002,B（单选题）,,办事公道是道德规范的重要范畴，其含义主要是（）。,不偏不倚，各打五十大板,坚持原则，按一定的社会标准，实事求是地待人处世,按领导的意图办事,按与个人关系好的人的意见办,,,B,3（中）,5（好）,,,,,,,,,
卷七b1,A-A-A-001,B（单选题）,,社会主义职业道德的基石和最高境界是（）。,奉献社会,服务群众,诚实守信,爱岗敬业,,,A,3（中）,5（好）,,,,,,,,,
卷八b1,A-A-A-002,B（单选题）,,不属于职业道德行为评价方式的是（）。,社会舆论,职业习俗,内心信念,群体评议,,,D,3（中）,5（好）,,,,,,,,,
卷九b1,A-A-A-001,B（单选题）,,职业道德行为评价的类型不包括（）。,社会评价,上级评价,集体评价,自我评价,,,B,3（中）,5（好）,,,,,,,,,
卷十b1,A-A-A-002,B（单选题）,,职业道德评价不能够起到（）。,批判作用,激励作用,裁判作用,调节导向作用,,,A,3（中）,5（好）,,,,,,,,,
卷一b2,A-A-B-001,B（单选题）,,关于精益求精的具体要求，以下正确的是（）。,只需关注大方向，细节可以忽略,重视细节，但不过分拘泥于细节,只要完成任务即可，无需追求完美,专注于细节，忽略整体,,,B,3（中）,5（好）,,,,,,,,,
卷九b2,A-A-B-001,B（单选题）,,在职业生涯规划中，以下是精益求精体现的是（）。,选择职业时只考虑兴趣，不考虑其他因素,选择职业时综合考虑性格、兴趣、特长和环境因素,一旦确定职业，不再调整计划,只关注短期目标，不考虑长期发展,,,B,3（中）,5（好）,,,,,,,,,
卷七c1,A-A-B-001,C（判断题）,,精益求精意味着在工作中要不断追求更高的标准和更好的质量。（）,对,错,,,,,A,3（中）,5（好）,,,,,,,,,
卷八d1,A-A-B-001,G（多选题）,,（ ）行为体现了精益求精的态度。,每天提前到办公室做好准备工作,不断更新教学内容，结合学生反馈调整教学方法,选择职业时综合考虑性格、兴趣、特长和环境因素,只关注考试成绩，不注重学生能力培养,一旦确定职业，不再调整计划,,BDE,3（中）,5（好）,,,,,,,,,
卷二b2,A-A-B-002,B（单选题）,,在培养学生创新能力的过程中，（ ）是推荐的教学方法。,传统的“填鸭式”教学,"发展型和探索型的教学方法
",单纯的理论讲解,仅通过考试来评估学生,,,B,3（中）,5（好）,,,,,,,,,
卷十b2,A-A-B-002,B（单选题）,,在创新型教育中，（ ）是重要的要求。,建设性,互助性,引导性,尊重性,,,A,3（中）,5（好）,,,,,,,,,
卷八c1,A-A-B-002,C（判断题）,,在无人机教学中，鼓励学生走入日常生活和社会参与实践活动是培养创新能力的有效方法。（）,对,错,,,,,A,3（中）,5（好）,,,,,,,,,
卷一d1,A-A-B-002,G（多选题）,,在无人机教学中，（ ）方法有助于培养学生的创新能力。,提供情景，引导学生发生创新型想法,通过语言上的鼓励让学生获得信心, 带领学生学习比例的意义和基本性质时，插入引导性的开头,通过投影仪播放相关视频，吸引学生的兴趣,在数学探索中，帮助学生理解并灵活使用基础知识,,ABCDE,3（中）,5（好）,,,,,,,,,
卷九d1,A-A-B-002,G（多选题）,,在无人机教学中，（ ）方法有助于培养学生的创新思维。,鼓励学生走入日常生活和社会参与实践活动,通过问题情景–建立模型–求解–解释与运用的教学过程,提供阅读文献，让学生自主发现问题并深入研究,重视教学方法的改革，不断更新教学内容,通过大作业的形式考察学生的分析和解决问题的能力,,ABCDE,3（中）,5（好）,,,,,,,,,
卷三b2,A-A-B-003,B（单选题）,,在执行无人机装配工艺时，最关键的要求是（）。,使用高精度工具,快速完成装配,减少材料成本,增加装配人员,,,A,3（中）,5（好）,,,,,,,,,
卷一c1,A-A-B-003,C（判断题）,,在无人机装配过程中，使用高精度工具可以显著提高装配质量。（ ）,对,错,,,,,A,3（中）,5（好）,,,,,,,,,
卷九c1,A-A-B-003,C（判断题）,,在无人机装配过程中，减少材料成本是提高装配质量的关键。（ ）,对,错,,,,,B,3（中）,5（好）,,,,,,,,,
卷二d1,A-A-B-003,G（多选题）,,（ ）会影响无人机装配工艺的质量的因素。,使用高精度工具,控制装配环境温度,减少装配人员,提高装配速度,使用高质量材料,,ABE,3（中）,5（好）,,,,,,,,,
卷十d1,A-A-B-003,G（多选题）,,在无人机装配过程中，（ ）会影响装配效率的因素。,使用高精度工具,控制装配环境温度,减少装配人员,提高装配速度,使用高质量材料,,ABD,3（中）,5（好）,,,,,,,,,
卷四b2,A-A-B-004,B（单选题）,,在无人机项目团队中，（ ）是确保团队协作效率的关键因素。,明确分工与责任,增加团队成员数量,减少沟通频率,延长工作时间,,,A,3（中）,5（好）,,,,,,,,,
卷二c1,A-A-B-004,C（判断题）,,在无人机团队协作中，清晰的沟通是确保项目成功的关键。（ ）,对,错,,,,,A,3（中）,5（好）,,,,,,,,,
卷十c1,A-A-B-004,C（判断题）,,在无人机团队中，明确的目标和角色分配可以提高团队协作效率。（ ）,对,错,,,,,A,3（中）,5（好）,,,,,,,,,
卷三d1,A-A-B-004,G（多选题）,,在无人机团队协作中，（ ）行为会阻碍团队效率。,缺乏沟通,明确分工,忽视团队成员的意见,过度依赖单一成员,定期反馈与调整,,ACD,3（中）,5（好）,,,,,,,,,
卷五b2,A-A-B-005,B（单选题）,,严于律己的基本要求不包括（）。,自觉遵守法律、法规和社会公德,勤奋努力，不断提升自我素质,不断追求个人利益最大化,具有高度的责任感和使命感,,,C,3（中）,5（好）,,,,,,,,,
卷三c1,A-A-B-005,C（判断题）,,在无人机操作中，操作员应严格遵守飞行规则和操作手册，以确保飞行安全。（ ）,对,错,,,,,A,3（中）,5（好）,,,,,,,,,
卷四d1,A-A-B-005,G（多选题）,,严于律己在工作场合的表现包括（）。,按时完成任务,遵守工作纪律,忽视小错误,主动学习新技能,与同事竞争而非合作,,ABDE,3（中）,5（好）,,,,,,,,,
卷六b2,A-A-B-006,B（单选题）,,文明生产的首要条件是（）。,遵守安全生产规章制度,坚持诚实守信的商业道德,提高产品质量,加强环境保护,,,A,3（中）,5（好）,,,,,,,,,
卷四c1,A-A-B-006,C（判断题）,,文明生产要求企业在追求经济效益的同时，也要注重环境保护和社会责任。（）,正确,错误,,,,,A,3（中）,5（好）,,,,,,,,,
卷五d1,A-A-B-006,G（多选题）,,在无人机生产过程中，（ ）行为符合文明生产的具体要求。,保持工作环境整洁有序,随意丢弃生产废料,遵守安全操作规程,忽视设备维护保养,减少噪音和污染排放,,ACE,3（中）,5（好）,,,,,,,,,
卷七b2,A-A-B-007,B（单选题）,,在无人机研发团队中，（ ）属于爱岗敬业的具体表现。,积极参与团队协作并提出改进建议,只关注个人任务，不关心团队目标,对工作中的问题视而不见,拒绝学习新知识和技术,,,A,3（中）,5（好）,,,,,,,,,
卷五c1,A-A-B-007,C（判断题）,,无人机行业要求从业者必须持有相应的飞行执照或证书，以确保飞行安全。（）,正确,错误,,,,,A,3（中）,5（好）,,,,,,,,,
卷六d1,A-A-B-007,G（多选题）,,无人机在飞行前需要进行的准备工作有（）。,检查无人机的各项功能是否正常,确认飞行区域和高度是否符合规定,评估天气条件是否适合飞行,无需特别准备，直接起飞,报备飞行计划,,ABCE ,3（中）,5（好）,,,,,,,,,
卷八b2,A-A-B-008,B（单选题）,,在无人机行业中，（ ）是确保飞行安全的关键要求。,提高飞行速度,严格遵守空域管理规定,增加无人机重量,减少电池容量,,,B,3（中）,5（好）,,,,,,,,,
卷六c1,A-A-B-008,C（判断题）,,无人机行业的发展需要严格遵守相关法律法规，以确保安全和合规性。（ ）,正确,错误,,,,,A,3（中）,5（好）,,,,,,,,,
卷七d1,A-A-B-008,G（多选题）,,爱岗敬业对个人职业发展的积极影响包括（）。,提升职业满意度 ,增强工作动力,提高工作效率,促进职业晋升,忽视团队合作,,ABCD,3（中）,5（好）,,,,,,,,,
卷一b3,A-B-A-001,B（单选题）,,无人机系统的基本组成部分包括（ ）。,飞控系统、动力系统、导航系统,飞控系统、动力系统、娱乐系统,动力系统、导航系统、音响系统,飞控系统、音响系统、娱乐系统,,,A,3（中）,5（好）,,,,,,,,,
卷九b4,A-B-A-001,B（单选题）,,无人机导航系统中，（ ）技术用于定位和导航。,超声波传感器,GPS模块,红外传感器,摄像头,,,B,3（中）,5（好）,,,,,,,,,
卷十b3,A-B-A-001,B（单选题）,,无人机动力系统中的电机类型通常是（ ）。,直流电机,交流电机,步进电机,伺服电机,,,A,3（中）,5（好）,,,,,,,,,
卷一b4,A-B-A-002,B（单选题）,,在无人机操控中，（ ）是控制无人机上升和下降的主要操作。,调节油门,调节方向舵,调节副翼,调节升降舵,,,A,3（中）,5（好）,,,,,,,,,
卷二b3,A-B-A-002,B（单选题）,,在无人机飞行中，（ ）操作可以控制无人机的前后移动。,调节油门,调节副翼,调节方向舵,调节升降舵,,,D,3（中）,5（好）,,,,,,,,,
卷十b4,A-B-A-002,B（单选题）,,无人机在悬停时，（ ）操作是保持稳定的关键。,快速移动摇杆,微调油门和姿态,关闭遥控器,增加飞行速度,,,B,3（中）,5（好）,,,,,,,,,
卷二b4,A-B-A-003,B（单选题）,,在航空气象中，（ ）天气现象对无人机飞行影响最大。,晴天,大风,轻微雾霾,低云层,,,B,3（中）,5（好）,,,,,,,,,
卷三b3,A-B-A-003,B（单选题）,,在航空气象中，（ ）是判断能见度的重要指标。,风速,云高,大气压力,雾或霾的浓度,,,D,3（中）,5（好）,,,,,,,,,
卷三b4,A-B-A-004,B（单选题）,,（ ）是无人机产生升力的关键因素。,螺旋桨的旋转速度,电池容量,机身重量,摄像头分辨率,,,A,3（中）,5（好）,,,,,,,,,
卷四b3,A-B-A-004,B（单选题）,,飞行原理中，（）是描述空气对机翼产生升力的主要理论。,牛顿第一定律,伯努利定理,热力学第二定律,欧姆定律,,,B,3（中）,5（好）,,,,,,,,,
卷四b4,A-B-A-005,B（单选题）,,在无人机通信系统中，（ ）技术常用于远程控制和数据传输。,蓝牙,Wi-Fi,无线电频率（RF）,红外线,,,C,3（中）,5（好）,,,,,,,,,
卷五b3,A-B-A-005,B（单选题）,,在无人机通信中，（ ）干扰可能影响信号稳定性。,低湿度,高温,电磁干扰,低风速,,,C,3（中）,5（好）,,,,,,,,,
卷五b4,A-B-A-006,B（单选题）,,（ ）是无人机实现自主导航的关键技术。,电池容量,飞控算法,摄像头分辨率,螺旋桨尺寸,,,B,3（中）,5（好）,,,,,,,,,
卷六b3,A-B-A-006,B（单选题）,,（ ）导航方式适合在GPS信号弱的环境中使用。,惯性导航系统（INS）,纯GPS导航,红外导航,蓝牙导航,,,A,3（中）,5（好）,,,,,,,,,
卷六b4,A-B-A-007,B（单选题）,,在无人机测试飞行中，（ ）是确保飞行安全的关键操作。,随意选择飞行区域,保持无人机在视距范围内飞行,忽略天气条件,快速起飞以节省时间,,,B,3（中）,5（好）,,,,,,,,,
卷七b3,A-B-A-007,B（单选题）,,在无人机测试飞行中，（ ）是防止碰撞的重要措施。,关闭避障系统,保持高速飞行,启用避障功能并观察周围环境,忽略飞行区域内的障碍物,,,C,3（中）,5（好）,,,,,,,,,
卷七b4,A-B-A-008,B（单选题）,,在无人机故障检测中，（ ）是判断电机故障的常见方法。,检查电池电量,监听电机异响或观察转速异常,测试摄像头分辨率,检查遥控器信号强度,,,B,3（中）,5（好）,,,,,,,,,
卷八b3,A-B-A-008,B（单选题）,,在无人机故障检测中，（ ）是判断GPS模块故障的关键步骤。,检查摄像头画面,测试GPS信号强度和定位精度,观察螺旋桨转速,检查遥控器电量,,,B,3（中）,5（好）,,,,,,,,,
卷八b4,A-B-A-009,B（单选题）,,在无人机故障维修中，（ ）是更换螺旋桨时的正确操作。, 随意安装螺旋桨，无需区分方向,忽略螺旋桨的损坏程度,使用胶水固定螺旋桨,确保螺旋桨安装方向与电机旋转方向匹配,,,D,3（中）,5（好）,,,,,,,,,
卷九b3,A-B-A-009,B（单选题）,,在无人机故障维修中，（ ）是修复GPS模块故障的正确方法。,拆卸GPS模块并随意安装,忽略GPS信号丢失问题,检查GPS天线连接是否正常，必要时更换模块,将GPS模块暴露在强磁场中,,,C,3（中）,5（好）,,,,,,,,,
卷一c2,A-B-B-001,C（判断题）,,在机械制图中，尺寸标注应尽量清晰、准确，避免重复标注。（ ）,对,错,,,,,A,3（中）,5（好）,,,,,,,,,
卷七c3,A-B-B-001,C（判断题）,,机械制图中的尺寸标注不需要考虑加工工艺的要求。（ ）,对,错,,,,,B,3（中）,5（好）,,,,,,,,,
卷八c2,A-B-B-001,C（判断题）,,在机械制图中，剖视图可以省略不必要的虚线以增强图纸的清晰度。（ ）,对,错,,,,,A,3（中）,5（好）,,,,,,,,,
卷一c3,A-B-B-002,C（判断题）,,在机械设计中，材料的强度是选择材料时需要考虑的重要因素之一。（ ）,对,错,,,,,A,3（中）,5（好）,,,,,,,,,
卷二c2,A-B-B-002,C（判断题）,,机械加工中的切削速度与刀具寿命无关。（ ）,对,错,,,,,B,3（中）,5（好）,,,,,,,,,
卷八c3,A-B-B-002,C（判断题）,,机械设计中的标准化零件可以降低生产成本并提高生产效率。（ ）,对,错,,,,,A,3（中）,5（好）,,,,,,,,,
卷九c2,A-B-B-002,C（判断题）,,机械传动中的齿轮传动效率通常低于带传动。（ ）,对,错,,,,,B,3（中）,5（好）,,,,,,,,,
卷二c3,A-B-B-003,C（判断题）,,材料的硬度越高，其耐磨性通常越好。（ ）,对,错,,,,,A,3（中）,5（好）,,,,,,,,,
卷三c2,A-B-B-003,C（判断题）,,材料的韧性是指材料在断裂前吸收能量的能力。（ ）,对,错,,,,,A,3（中）,5（好）,,,,,,,,,
卷九c3,A-B-B-003,C（判断题）,,复合材料是由两种或两种以上不同性质的材料组合而成。（ ）,对,错,,,,,A,3（中）,5（好）,,,,,,,,,
卷十c2,A-B-B-003,C（判断题）,,塑料材料的导电性通常优于金属材料。（ ）,对,错,,,,,B,3（中）,5（好）,,,,,,,,,
卷三c3,A-B-B-004,C（判断题）,,无人机的机身材料需要具备轻质和高强度的特性。（ ）,对,错,,,,,A,3（中）,5（好）,,,,,,,,,
卷四c2,A-B-B-004,C（判断题）,,无人机的螺旋桨设计不需要考虑空气动力学原理。（ ）,对,错,,,,,B,3（中）,5（好）,,,,,,,,,
卷十c3,A-B-B-004,C（判断题）,,无人机的电机座主要用于固定电机并传递动力。（ ）,对,错,,,,,A,3（中）,5（好）,,,,,,,,,
卷四c3,A-B-B-005,C（判断题）,,游标卡尺只能用于测量长度，无法测量深度或内径。（ ）,对,错,,,,,B,3（中）,5（好）,,,,,,,,,
卷五c2,A-B-B-005,C（判断题）,,在无人机机械装配中，使用普通螺丝刀即可满足所有螺丝拧紧的力矩要求。（ ）,对,错,,,,,B,3（中）,5（好）,,,,,,,,,
卷五c3,A-B-B-006,C（判断题）,,在无人机机械装配工艺中，优化装配流程可以提高效率并降低成本。（ ）,对,错,,,,,A,3（中）,5（好）,,,,,,,,,
卷六c2,A-B-B-006,C（判断题）,,在无人机机械装配工艺中，装配顺序对装配效率没有影响。（ ）,对,错,,,,,B,3（中）,5（好）,,,,,,,,,
卷六c3,A-B-B-007,C（判断题）,,在无人机机械装配中，保持工作区域整洁可以减少安全隐患。（ ）,对,错,,,,,A,3（中）,5（好）,,,,,,,,,
卷七c2,A-B-B-007,C（判断题）,,在无人机机械装配中，佩戴防护手套可以防止手部受伤。（ ）,对,错,,,,,A,3（中）,5（好）,,,,,,,,,
卷一c4,A-B-C-001,C（判断题）,,二极管具有单向导电性，只能允许电流从一个方向通过。（ ）,对,错,,,,,A,3（中）,5（好）,,,,,,,,,
卷七c4,A-B-C-001,C（判断题）,,欧姆定律描述了电流、电压和电阻之间的关系。（ ）,对,错,,,,,A,3（中）,5（好）,,,,,,,,,
卷六d2,A-B-C-001,G（多选题）,,在电子电路中，（ ）元件可以用于放大信号。,电阻,电容,晶体管,运算放大器,电感,,CD,3（中）,5（好）,,,,,,,,,
卷二c4,A-B-C-002,C（判断题）,,在电气识图中，电容符号通常用两条平行线表示。（ ）,对,错,,,,,A,3（中）,5（好）,,,,,,,,,
卷八c4,A-B-C-002,C（判断题）,,在电气识图中，开关符号通常用一个圆圈和一条斜线表示。（ ）,对,错,,,,,B,3（中）,5（好）,,,,,,,,,
卷一d2,A-B-C-002,G（多选题）,,在电气识图中，（ ）符号代表电气设备的基本元件。,电阻,电容,电感,二极管,三极管,,ABCDE,3（中）,5（好）,,,,,,,,,
卷七d2,A-B-C-002,G（多选题）,,电气原理图中，（ ）符号表示电源元件。,电池,发电机,电容,电阻,变压器,,ABE,3（中）,5（好）,,,,,,,,,
卷三c4,A-B-C-003,C（判断题）,,传感器的灵敏度是指输出信号变化量与输入信号变化量的比值。（ ）,对,错,,,,,A,3（中）,5（好）,,,,,,,,,
卷九c4,A-B-C-003,C（判断题）,,传感器的线性度是指输出信号与输入信号之间的线性关系程度，线性度越高，传感器的精度越低。（ ）,对,错,,,,,B,3（中）,5（好）,,,,,,,,,
卷二d2,A-B-C-003,G（多选题）,,（ ）因素会影响传感器的性能。,温度,湿度,电磁干扰,电源电压波动,传感器的安装位置,,ABCDE,3（中）,5（好）,,,,,,,,,
卷八d2,A-B-C-003,G（多选题）,,（ ）传感器可以用于无人机的姿态测量。,加速度传感器,陀螺仪传感器, 磁力计,温度传感器,湿度传感器,,ABC,3（中）,5（好）,,,,,,,,,
卷四c4,A-B-C-004,C（判断题）,,万用表可以用于测量电压、电流和电阻，但不能测量电容。（ ）,对,错,,,,,B,3（中）,5（好）,,,,,,,,,
卷十c4,A-B-C-004,C（判断题）,,在无人机电气安装中，使用热缩管可以保护电线接头并防止短路。（ ）,对,错,,,,,A,3（中）,5（好）,,,,,,,,,
卷三d2,A-B-C-004,G（多选题）,,在无人机电气安装中，（ ）仪器可以用于测量电流。,万用表,示波器,电流钳,逻辑分析仪,温度计,,AC,3（中）,5（好）,,,,,,,,,
卷九d2,A-B-C-004,G（多选题）,,在无人机电气安装中，（ ）工具可以用于焊接电子元件。,电烙铁,剥线钳,螺丝刀,热风枪,焊锡丝,,ADE,3（中）,5（好）,,,,,,,,,
卷五c4,A-B-C-005,C（判断题）,,在无人机电气安装工艺中，接地设计的主要目的是提高电路的抗干扰能力和安全性。（ ）,对,错,,,,,A,3（中）,5（好）,,,,,,,,,
卷四d2,A-B-C-005,G（多选题）,,在无人机电气安装工艺中，（ ）是电线布线的基本原则。,电线接头无需绝缘保护,电线应尽量短且直,电线应与机械运动部件保持距离,电线应固定牢固，避免松动,电线可以随意交叉,,BCD,3（中）,5（好）,,,,,,,,,
卷十d2,A-B-C-005,G（多选题）,,在无人机电气安装工艺中，（ ）工具是焊接电线接头时必需。,螺丝刀,电烙铁,热风枪,焊锡丝,剥线钳,,BDE,3（中）,5（好）,,,,,,,,,
卷五d2,A-B-C-006,G（多选题）,,在固定翼无人机的电气系统安装中，（）措施有助于提高电气系统的安全性和可靠性。,使用合适的线径以确保电流传输能力,在电气设备周围安装防护罩以防止异物接触,定期校准飞控系统以确保飞行安全,使用防水胶带对电气接口进行密封处理,安装避雷装置以防止雷击损坏电气系统,,ABDE,3（中）,5（好）,,,,,,,,,
卷六c4,A-B-C-006,C（判断题）,,在无人机电气安装中，为了确保安全防护，所有的电线和电缆都应当尽可能地紧贴结构框架布置，并且用扎带或其他固定装置每隔一段距离进行固定。此外，所有电气连接点都必须使用防水接头，即使是在预期不会接触到水的环境中。（）,对,错,,,,,B,3（中）,5（好）,,,,,,,,,
卷一b5,A-B-D-001,B（单选题）,,在操作系统中，（ ）是负责管理内存分配和回收的模块。,文件系统,进程管理,内存管理,设备管理,,,C,3（中）,5（好）,,,,,,,,,
卷四b5,A-B-D-001,B（单选题）,,在网络通信中，（ ）协议用于将域名解析为IP地址。,HTTP,FTP,DNS,TCP,,,C,3（中）,5（好）,,,,,,,,,
卷七b5,A-B-D-001,B（单选题）,,在网络通信中，（ ）是用于确保数据传输可靠性的协议。,HTTP,UDP,DNS,TCP,,,D,3（中）,5（好）,,,,,,,,,
卷十b5,A-B-D-001,B（单选题）,,在计算机安全中，（ ）是防止未经授权访问系统的有效方法。,使用弱密码,启用防火墙,关闭系统更新,忽略数据备份,,,B,3（中）,5（好）,,,,,,,,,
卷二b5,A-B-D-002,B（单选题）,,在无人机调试软件中，（ ）功能用于更新无人机的固件。,传感器校准,飞行日志下载,固件升级,软件升级,,,C,3（中）,5（好）,,,,,,,,,
卷五b5,A-B-D-002,B（单选题）,,无人机地面站的主要功能包括对无人机飞行数据的监测接收存储和回放。模块不属于无人机地面站的系统结构的是（ ）。,通信模块,数据显示模块,历史数据回放模块,机械维护模块,,,D,3（中）,5（好）,,,,,,,,,
卷八b5,A-B-D-002,B（单选题）,,在无人机地面站的通信模块中，通信方式被用于地面站与数传电台的通信的是（ ）。,USB通信,RS-232串行通信,蓝牙通信,Wi-Fi通信,,,B,3（中）,5（好）,,,,,,,,,
卷三b5,A-B-D-003,B（单选题）,,在Microsoft Excel中，功能用于快速填充序列的是（ ）。,自动求和,条件格式,自动填充,排序,,,C,3（中）,5（好）,,,,,,,,,
卷六b5,A-B-D-003,B（单选题）,,在Microsoft Word中，快捷键用于保存文档的是（ ）。,Ctrl + S,Ctrl + P,Ctrl + V,Ctrl + X,,,A,3（中）,5（好）,,,,,,,,,
卷九b5,A-B-D-003,B（单选题）,,在Microsoft PowerPoint中，功能用于添加动画效果的是（ ）。,设计 > 动画,动画 > 添加动画,插入 > 动画,幻灯片放映 > 动画,,,B,3（中）,5（好）,,,,,,,,,
卷一b6,A-B-E-001,B（单选题）,,（ ）不是劳动法保障的基本权益。,工资福利,安全与健康,合同自由,工时休假,,,C,3（中）,5（好）,,,,,,,,,
卷四b6,A-B-E-001,B（单选题）,,劳动法规定，每周工作时间不超过（ ）小时。,40小时,44小时,48小时,52小时,,,B,3（中）,5（好）,,,,,,,,,
卷七b6,A-B-E-001,B（单选题）,,事故原因属于管理缺陷的是（ ）。,安全教育不足,冒险进入危险场所,个人防护用品缺陷,作业场所狭窄,,,A,3（中）,5（好）,,,,,,,,,
卷十b6,A-B-E-001,B（单选题）,,劳动合同的解除应当提前（ ）天通知对方。,15天,30天,45天,60天,,,B,3（中）,5（好）,,,,,,,,,
卷二b6,A-B-E-002,B（单选题）,,根据《中华人民共和国安全生产法》，生产经营单位的主要负责人对本单位的安全生产工作全面负责，（ ）不是其职责。,建立、健全本单位安全生产责任制,组织制定本单位安全生产规章制度和操作规程,保证本单位安全生产投入的有效实施,亲自进行每一次安全检查,,,D,3（中）,5（好）,,,,,,,,,
卷五b6,A-B-E-002,B（单选题）,,安全生产中的“三同时”制度指的是（ ）。,同时设计、同时施工、同时投入生产和使用,同时设计、同时施工、同时验收,同时设计、同时投入生产和使用、同时维护,同时施工、同时投入生产和使用、同时验收,,,A,3（中）,5（好）,,,,,,,,,
卷八b6,A-B-E-002,B（单选题）,,安全生产中的“三级安全教育”包括（ ）内容。,厂级安全教育、车间级安全教育、班组安全教育,厂级安全教育、车间级安全教育、岗位安全教育,厂级安全教育、班组安全教育、个人安全教育,车间级安全教育、班组安全教育、岗位安全教育,,,A,3（中）,5（好）,,,,,,,,,
卷三b6,A-B-E-003,B（单选题）,,（ ）污染物是导致酸雨的主要原因。,二氧化碳 (CO₂),二氧化硫 (SO₂),甲烷 (CH₄),氮氧化物 (NOₓ),,,B,3（中）,5（好）,,,,,,,,,
卷六b6,A-B-E-003,B（单选题）,,（ ）方法可以有效减少塑料污染。,增加塑料袋的使用,推广使用一次性塑料制品,回收利用塑料制品,增加塑料生产,,,C,3（中）,5（好）,,,,,,,,,
卷九b6,A-B-E-003,B（单选题）,,根据《中华人民共和国环境保护法》，（ ）是企业事业单位和其他生产经营者应当履行的义务。,破坏环境,缴纳环境保护税,不公布环境信息,排放污染超标污水,,,B,3（中）,5（好）,,,,,,,,,
卷一c5,A-B-F-001,C（判断题）,,《中华人民共和国劳动法》规定，劳动者享有平等就业和选择职业的权利、取得劳动报酬的权利、休息休假的权利、获得劳动安全卫生保护的权利、接受职业技能培训的权利、享受社会保险和福利的权利、提请劳动争议处理的权利以及法律规定的其他劳动权利。（）,对,错,,,,,A,3（中）,5（好）,,,,,,,,,
卷二c5,A-B-F-002,C（判断题）,,《中华人民共和国劳动合同法》规定，劳动者在试用期内可以随时通知用人单位解除劳动合同，无需提前通知。(),对,错,,,,,B,3（中）,5（好）,,,,,,,,,
卷三c5,A-B-F-003,C（判断题）,,《中华人民共和国安全生产法》规定，生产经营单位的从业人员有权了解其作业场所和工作岗位存在的危险因素、防范措施及事故应急措施，有权对本单位的安全生产工作提出建议。（）,对,错,,,,,A,3（中）,5（好）,,,,,,,,,
卷四c5,A-B-F-004,C（判断题）,,《中华人民共和国环境保护法》规定，企业事业单位和其他生产经营者应当防止、减少环境污染和生态破坏，对所造成的损害依法承担责任。（）,对,错,,,,,A,3（中）,5（好）,,,,,,,,,
卷五c5,A-B-F-005,C（判断题）,,产品质量应当检验合格，特殊情况下“处理品”可以代表合格产品销售。（）,对,错,,,,,B,3（中）,5（好）,,,,,,,,,
卷六c5,A-B-F-006,C（判断题）,,《中华人民共和国民用航空法》修订征求意见稿明确了14种危及民用航空安全和秩序的非法干扰行为。(),对,错,,,,,A,3（中）,5（好）,,,,,,,,,
卷七c5,A-B-F-007,C（判断题）,,通用航空飞行管制条例》规定，所有飞行必须预先提出申请，经批准后方可实施，以确保飞行安全。（）,对,错,,,,,A,3（中）,5（好）,,,,,,,,,
卷八c5,A-B-F-008,C（判断题）,,《民用航空安全管理规定》(CCAR-398)自2018年3月16日起施行，规定了国内民用航空生产经营活动的安全管理要求，适用于民用航空产品型号设计或者制造单位。（）,对,错,,,,,A,3（中）,5（好）,,,,,,,,,
卷九c5,A-B-F-009,C（判断题）,,根据《民用无人机驾驶员管理规定》，无人机驾驶员在飞行前必须进行充分的准备，包括检查无人机的设备状态和飞行环境。（）,对,错,,,,,A,3（中）,5（好）,,,,,,,,,
卷十c5,A-B-F-010,C（判断题）,,《民用无人驾驶航空器实名制登记管理规定》要求所有民用无人机，无论重量大小，都必须进行实名登记。（）,对,错,,,,,B,3（中）,5（好）,,,,,,,,,
卷一b7,B-A-A-001,B（单选题）,,（）是指电源在单位时间内电路元件上能量的最大变化量，是具有大小及正负的物理量‌。,发动机的最大功率,发动机的燃油消耗率,发动机的使用寿命,发动机的重量,,,A,3（中）,5（好）,,,,,,,,,
卷八b7,B-A-A-001,B（单选题）,,在选择无人机活塞发动机时，（）不是选型时需要考虑的。,发动机的功率与重量比,发动机的冷却方式,发动机的燃料类型,发动机的品牌知名度,,,D,3（中）,5（好）,,,,,,,,,
卷七d3,B-A-A-001,G（多选题）,,活塞发动机选型时，（ ）设计参数会影响发动机的性能的是。,点火提前角,压缩比,气缸直径,活塞行程,燃油喷射系统,,ABCDE,3（中）,5（好）,,,,,,,,,
卷二b7,B-A-A-002,B（单选题）,,在燃气涡轮发动机选型中，（）因素不是最重要的。,性能要求,维护费用,飞行高度,价格,,,D,3（中）,5（好）,,,,,,,,,
卷九b7,B-A-A-002,B（单选题）,,在选择燃气涡轮发动机时，在选型过程中的重要性相对较低的参数是（）。,发动机的推力与重量比,发动机的耗油率,发动机的可靠性与维护性,发动机制造商的广告宣传力度,,,D,3（中）,5（好）,,,,,,,,,
卷一d3,B-A-A-002,G（多选题）,,在选择无人机燃气涡轮发动机时，（）因素是需要重点考虑的。,发动机的重量与功率比,燃油效率与续航能力,发动机的可靠性与维护性,飞行高度与速度要求,成本与预算限制,,ABCDE,3（中）,5（好）,,,,,,,,,
卷八d3,B-A-A-002,G（多选题）,,在选择适合无人机应用的燃气涡轮发动机时，（）环境因素需要被纳入考量。,飞行环境的温度与气压,湿度与降水情况,盐雾与沙尘等腐蚀性环境,电磁干扰与辐射环境,飞行区域的地理特征与障碍物情况,,ABC,3（中）,5（好）,,,,,,,,,
卷三b7,B-A-A-003,B（单选题）,,在选择直升机自动倾斜器（十字盘）时，（）不是选型过程中主要考虑的技术指标。,倾斜器的材料强度和耐久性,倾斜器的运动范围和响应速度,倾斜器的制造难度和成本,倾斜器的外观设计和颜色搭配,,,D,3（中）,5（好）,,,,,,,,,
卷十b7,B-A-A-003,B（单选题）,,关于直升机自动倾斜器（十字盘）的选型，说法错误的是（）。,根据直升机的用途和性能要求确定倾斜器的类型和规格,倾斜器的结构设计和材料选择应考虑到重量和强度要求,倾斜器的响应速度越快，直升机的操纵稳定性就越好,倾斜器的选型只与直升机的飞行控制系统有关，与其他系统无关,,,D,3（中）,5（好）,,,,,,,,,
卷二d3,B-A-A-003,G（多选题）,,无人直升机自动倾斜器（十字盘）的选型过程中，（）性能指标对飞行性能有直接影响。,倾斜角度范围与精度，影响无人直升机的俯仰和滚转控制,十字盘的刚度与稳定性，防止在高速飞行或强风条件下产生过大振动,十字盘的重量与转动惯量，影响无人直升机的加速性能和能耗,十字盘的润滑与冷却系统，确保长时间运行的可靠性和耐久性,十字盘的控制逻辑与算法，实现精准、快速的飞行姿态调整,,ABCD,3（中）,5（好）,,,,,,,,,
卷九d3,B-A-A-003,G（多选题）,,无人直升机自动倾斜器（十字盘）的选型还需考虑其与其他系统的集成性，()是需要特别关注的。,飞行控制系统,动力系统（发动机与传动装置）,旋翼系统（包括桨叶与桨毂）,导航系统,通信系统,,ABC,3（中）,5（好）,,,,,,,,,
卷四b7,B-A-A-004,B（单选题）,,在齿轮传动中，选择齿数的方法是（）。,根据载荷情况选择,根据转速选择,根据中心距选择,根据齿面接触强度选择,,,C,3（中）,5（好）,,,,,,,,,
卷三d3,B-A-A-004,B（单选题）,,在选择无人直升机齿轮时，（）因素是需要重点考虑的。,齿轮的材质与强度,齿轮的传动效率与功率损失,齿轮的尺寸、重量与空间适应性,齿轮的润滑与冷却方式, 齿轮的噪声与振动特性 ,,ABCDE,3（中）,5（好）,,,,,,,,,
卷十d3,B-A-A-004,G（多选题）,,在选择无人直升机齿轮时，（）因素是需要重点考虑的。,齿轮的材质与强度,齿轮的传动效率与功率损失,齿轮的尺寸、重量与空间适应性,齿轮的润滑与冷却方式, 齿轮的噪声与振动特性 ,,ABCDE,3（中）,5（好）,,,,,,,,,
卷五b7,B-A-A-005,B（单选题）,,在皮带传动系统中，若需要皮带具有高度的耐磨性、较小的伸长率和良好的柔韧性，选型时应当重点考虑的因素是（）。,皮带的厚度,皮带的颜色,皮带的材料,皮带的齿形,,,C,3（中）,5（好）,,,,,,,,,
卷四d3,B-A-A-005,G（多选题）,, 在选择无人直升机皮带时，（）因素是需要重点考虑的。,皮带的材质与耐久性 ,皮带的传动效率与功率损失,皮带的长度、宽度与厚度,皮带的张紧与调整方式,皮带的耐高温与耐腐蚀性,,ABCDE,3（中）,5（好）,,,,,,,,,
卷六b7,B-A-A-006,B（单选题）,,在进行主旋翼选型时，（ ）因素对旋翼的升力影响最大的是。,旋翼的直径,旋翼的升力系数,旋翼的材料,旋翼的桨叶数量,,,B,3（中）,5（好）,,,,,,,,,
卷五d3,B-A-A-006,G（多选题）,,在选择无人直升机主旋翼时，（）是需要重点考虑的。,旋翼的材质与重量,旋翼的气动性能与升力效率,旋翼的刚度与强度,旋翼的桨叶数量与布局,旋翼的维护与更换便捷性,,ABCDE,3（中）,5（好）,,,,,,,,,
卷七b7,B-A-A-007,B（单选题）,,在尾旋翼选型中，（ ）尾翼类型在俯视和侧视方向都有一定的投影面积，能同时起纵向（俯仰）和航向稳定作用的是。,V型尾翼,T型尾翼,H型尾翼,十字型尾翼,,,A,3（中）,5（好）,,,,,,,,,
卷六d3,B-A-A-007,G（多选题）,,在尾旋翼选型中，（ ）设计参数会影响尾旋翼的效率的是。,尾旋翼的桨叶弦长,尾旋翼的桨叶后掠角,尾旋翼的桨叶展弦比,尾旋翼的桨叶根梢比,尾旋翼的桨叶扭转角,,ABCDE,3（中）,5（好）,,,,,,,,,
卷一b8,B-A-B-001,B（单选题）,,在尾旋翼选型中，（）可以有效减少旋翼间的气动干扰，从而降低直升机的振动和噪声。,增加尾旋翼的直径,增加尾旋翼的直径,增加尾旋翼的桨叶数量,采用更大的尾翼,,,B,3（中）,5（好）,,,,,,,,,
卷七b8,B-A-B-001,B（单选题）,,在尾旋翼选型中，（）可以有效提升尾旋翼在瞬态飞行环境下的计算稳定性和效率。,增加尾旋翼的功率,采用涡黏性修正方法,增加尾旋翼的材料强度,采用更大的尾翼,,,B,3（中）,5（好）,,,,,,,,,
卷六d4,B-A-B-001,G（多选题）,,在尾旋翼选型中，（）设计可以有效提升尾旋翼在稳定悬停状态下的气动表现。,增加尾旋翼的直径,采用交叉双旋翼设计,采用涡黏性修正方法,采用桨根环量抑制技术,采用远尾迹桨尖脱落涡合并方法,,BCDE,3（中）,5（好）,,,,,,,,,
卷二b8,B-A-B-002,B（单选题）,,在垂直起降固定翼无人机起飞着陆系统中，不是必需的传感器是（）。,惯性导航系统,雷达高度计,陀螺仪,GPS,,,D,3（中）,5（好）,,,,,,,,,
卷八b8,B-A-B-002,B（单选题）,,在选择垂直起降固定翼无人机的起飞着陆系统时，应作为首要考虑的因素是（）。,系统的复杂性与维护成本,无人机载重与飞行性能需求,起飞和着陆场地的条件限制,系统的重量与能量消耗效率,,,D,3（中）,5（好）,,,,,,,,,
卷一d4,B-A-B-002,G（多选题）,,垂直起降固定翼无人机起飞着陆系统的设计应满足（）基本要求。,能够实现垂直起降,具有较高的气动效率,具备良好的操控性,能够适应不同的起飞着陆场地,具有故障检测和处理能力,,ABCDE,3（中）,5（好）,,,,,,,,,
卷七d4,B-A-B-002,G（多选题）,,在选择垂直起降固定翼无人机起飞着陆系统时，（）性能指标是重要的。,过渡态持续时间 ,着陆精度,固定翼模式最小飞行速度,维护和运行成本,垂起模式续航时间,,ABCDE,3（中）,5（好）,,,,,,,,,
卷三b8,B-A-B-003,B（单选题）,,气垫着陆系统的主要优点之一是能够在多种地形上着陆，包括水面。这一系统的附加重量减轻是因为它能够将载运重量分布在机身下表面的宽大区域上。（）描述了气垫着陆系统的这一优点。,只能在平整地面上着陆,附加重量减轻，具有两栖能力,不能在水面上着陆,需要大型的起落架,,,B,3（中）,5（好）,,,,,,,,,
卷九b8,B-A-B-003,B（单选题）,,气垫着陆系统在水面工作时，可以在两翼下柱支上装上平衡浮筒。（）是气垫着陆系统在水面工作时的辅助设备。,平衡浮筒,降落伞,滑撬,轮胎,,,A,3（中）,5（好）,,,,,,,,,
卷二d4,B-A-B-003,G（多选题）,,气垫着陆系统缓冲过程中的关键物理原理包括（）。  ,气体的压缩与膨胀,气垫材料的弹性变形,动能与势能的转换,气体流动产生的阻力,热力学效应（如气体加热）,,ABCD,3（中）,5（好）,,,,,,,,,
卷八d4,B-A-B-003,G（多选题）,,气垫着陆系统在着陆时，通过控制实现平稳着陆的功能是（）。,调节气垫内的气体压力 ,调整气垫的表面积或形状,控制着陆速度与方向,利用着陆传感器实时反馈调整,通过外部机械装置辅助缓冲,,ABCD,3（中）,5（好）,,,,,,,,,
卷四b8,B-A-B-004,B（单选题）,,在气垫着陆系统的配型中，（）设计可以有效减少气垫在着陆时的冲击力。,增加气垫的厚度,减小气垫的厚度,增加气垫的硬度,减小气垫的硬度,,,D,3（中）,5（好）,,,,,,,,,
卷十b8,B-A-B-004,B（单选题）,,在选择气垫着陆系统时，对于确保无人机着陆安全性最为关键的因素是（）。,气垫的大小与形状，以适应不同着陆场地,气垫材料的耐磨性和抗老化性能,气垫充气速度与压力控制的精确性,气垫系统的重量与无人机整体重量的比例,,,C,3（中）,5（好）,,,,,,,,,
卷三d4,B-A-B-004,G（多选题）,,在选择气垫着陆系统时，（）因素是需要重点考虑的。,着陆表面的类型与条件,无人机的重量与尺寸,着陆过程中的冲击力与缓冲要求,系统的重量与功率消耗,维护与更换气垫的便捷性,,ABCDE,3（中）,5（好）,,,,,,,,,
卷九d4,B-A-B-004,G（多选题）,,在选择适合无人机应用的气垫着陆系统时，（）环境因素需要被纳入考量。,飞行区域的温度与湿度,着陆表面的硬度与粗糙度,风速与风向对着陆的影响,电磁干扰与通信条件,着陆区域的地形与障碍物情况,,ABCE,3（中）,5（好）,,,,,,,,,
卷五b8,B-A-B-005,B（单选题）,,阻拦网回收系统在无人机回收过程中，其主要作用是（）。,通过弹性网的张力捕获无人机，实现软着陆,利用高速旋转的刀片切割无人机，使其减速,通过气流喷射产生反向推力，降低无人机速度,使用强力磁铁吸附无人机，实现快速回收,,,A,3（中）,5（好）,,,,,,,,,
卷四d4,B-A-B-005,G（多选题）,,阻拦网回收系统在工作时，主要依赖（）组件实现其功能。,阻拦网本身,能量吸收装置（如缓冲弹簧或液压阻尼器）,牵引与释放机构,控制系统与传感器,无人机挂载装置,,ABCD,3（中）,5（好）,,,,,,,,,
卷十d4,B-A-B-005,G（多选题）,,阻拦网回收系统在捕捉无人机时，为了有效地吸收和分散撞击能量，应该（）。,利用阻拦网的弹性变形,通过能量吸收装置将动能转换为热能或其他形式,增加阻拦网的面积以分散冲击力,调整阻拦网的张紧度以优化能量吸收,利用无人机自身的减速机制,,ABCD,3（中）,5（好）,,,,,,,,,
卷六b8,B-A-B-006,B（单选题）,,在阻拦网回收系统中，（）阶段主要由阻拦网提供阻尼力。,阶段一,阶段二,阶段三,阶段四,,,A,3（中）,5（好）,,,,,,,,,
卷五d4,B-A-B-006,G（多选题）,,在选择阻拦网回收系统时，（）因素是需要重点考虑的。,无人机的类型、重量与尺寸,回收区域的大小与形状 ,阻拦网的材料、强度与耐久性,能量吸收装置的类型与性能,操作人员的技能水平与培训需求,,ABCD,3（中）,5（好）,,,,,,,,,
卷一b9,B-A-C-001,B（单选题）,,在航测遥感系统中，（）平台通常用于获取大范围、长期、连续的监测数据。,地球同步轨道卫星,极地轨道卫星,航空遥感飞机,人造卫星,,,B,3（中）,5（好）,,,,,,,,,
卷九b9,B-A-C-001,B（单选题）,,航测遥感系统中，（）波段不属于大气窗口的5个主要谱段。,0.3-1.3μm 的紫外、可见光、近红外波段,1.5-2.4μm 的近红外波段,20-100μm 的远红外波段,8-14μm 的远红外波段,,,C,3（中）,5（好）,,,,,,,,,
卷八c6,B-A-C-001,C（判断题）,,摄影测量的航线弯曲度大，则其像片旋角一定大。（）,对,错,,,,,B,3（中）,5（好）,,,,,,,,,
卷七d5,B-A-C-001,G（多选题）,,遥感数据的预处理通常包括（）步骤。,辐射校正,几何校正,光谱增强,数据压缩,图像配准,,ABC,3（中）,5（好）,,,,,,,,,
卷二b9,B-A-C-002,B（单选题）,,在植保喷洒系统的选型过程中，对确保作业效率和喷洒均匀性最为关键的因素是（）。,喷洒喷嘴的类型和布局设计,飞行平台的载重能力和续航能力,喷洒系统的流量控制精度和稳定性,喷洒喷嘴的类型和布局设计,,,A,3（中）,5（好）,,,,,,,,,
卷十b9,B-A-C-002,B（单选题）,,在选择植保喷洒系统时，能够最大限度地减少药液漂移和浪费，同时保护操作人员安全的方法是（）。,选用具有精准风向和风速感知能力的系统,注重系统的密封性和防漏设计,优先选择具有低飘移和低蒸发特性的喷嘴,强调系统对不同种类作物的适应性,,,C,3（中）,5（好）,,,,,,,,,
卷一c6,B-A-C-002,C（判断题）,,植保无人机选择喷洒系统时，喷洒系统容量越大越好。（）,正确,错误,,,,,B,3（中）,5（好）,,,,,,,,,
卷九c6,B-A-C-002,C（判断题）,,为了获得更高的单次作业亩数，所以植保喷洒系统的喷幅越大越好。（） ,正确,错误,,,,,B,3（中）,5（好）,,,,,,,,,
卷八d5,B-A-C-002,G（多选题）,,在植保喷洒系统的配型中，以下哪些因素是需要考虑的关键因素？（ ）,喷洒系统的流量,喷头的类型,药箱的容量,无人机的飞行速度,无人机的飞行高度,,ABCDE,3（中）,5（好）,,,,,,,,,
卷三b9,B-A-C-003,B（单选题）,,在评估机载激光雷达系统时，（）能够最大限度地提高系统在不同地形和气候条件下的适应性。,激光雷达的多波束扫描能力,系统的高动态范围和低噪声性能,飞行平台的多样性和灵活性,强大的抗干扰和自动校准功能,,,D,3（中）,5（好）,,,,,,,,,
卷二c6,B-A-C-003,C（判断题）,,机载激光雷达系统是完整且独立的机载设备，所以软件平台只需要具备基本的数据处理功能，无需考虑与其他地理信息系统的兼容性。 （）,正确,错误,,,,,B,3（中）,5（好）,,,,,,,,,
卷十c6,B-A-C-003,C（判断题）,,机载激光雷达系统的选型取决于飞行平台的类型，同时需要考不同应用场景的实际精度需求。（） ,正确,错误,,,,,A,3（中）,5（好）,,,,,,,,,
卷一d5,B-A-C-003,G（多选题）,,在选择机载激光雷达系统时，（）因素需要考虑以确保系统的适用性。,飞行平台的类型（如固定翼、直升机、无人机）,作业区域的地形复杂度和植被覆盖情况,所需的测量精度和分辨率,系统的重量和功耗对飞行平台的影响,激光雷达的波长和扫描频率,,ABCDE,3（中）,5（好）,,,,,,,,,
卷九d5,B-A-C-003,G（多选题）,,机载激光雷达系统的性能评估中，指标关键是（）。,测距精度,扫描速度,扫描角度范围,系统耗电量,系统的稳定性和可靠性,,ABCE,3（中）,5（好）,,,,,,,,,
卷四b9,B-A-C-004,B（单选题）,,在物流运载系统的选型过程中，（）对于确保系统能够高效应对复杂多变的物流需求最为关键。,运载工具的载重能力和速度,系统的自动化和智能化水平,网络的覆盖范围和配送节点的布局,系统的灵活性和可扩展性,,,D,3（中）,5（好）,,,,,,,,,
卷三c6,B-A-C-004,C（判断题）,,物流运载系统的选型完全取决于货物的重量和体积，与其他因素无关。 （）  ,正确,错误,,,,,B,3（中）,5（好）,,,,,,,,,
卷二d5,B-A-C-004,G（多选题）,,在选择物流运载系统时，（）通常需要考虑。,运输货物的类型与尺寸,运输距离与时效性要求,运营成本与预算限制,运输环境的特殊要求（如温度、湿度）,物流网络的覆盖范围和配送能力,,ABCDE,3（中）,5（好）,,,,,,,,,
卷十d5,B-A-C-004,G（多选题）,,物流运载系统的性能评估中，关键指标是（）。,运输速度,运输容量,货物破损率,外型美观程度,系统自动化与智能化水平,,ABCE,3（中）,5（好）,,,,,,,,,
卷五b9,B-A-C-005,B（单选题）,,在评估航拍航摄系统时，（）能够最大限度地提升系统的适应性和应用范围。,无人机的续航能力,摄像机的多角度拍摄能力,系统的自动飞行和避障功能,高度集成和模块化的系统设计,,,D,3（中）,5（好）,,,,,,,,,
卷四c6,B-A-C-005,C（判断题）,,飞行平台的类型对航拍航摄系统的拍摄效果没有影响。（）,正确,错误,,,,,B,3（中）,5（好）,,,,,,,,,
卷三d5,B-A-C-005,G（多选题）,,航拍航摄系统的性能评估中，关键指标是（）。,图像分辨率与清晰度,拍摄视角与覆盖范围,飞行稳定性与操控性,数据处理与后期编辑能力,续航时间与飞行距离,,ABCE,3（中）,5（好）,,,,,,,,,
卷六b9,B-A-C-006,B（单选题）,,在植保播种系统的配型中，（）参数是确定播种深度的关键因素。,土壤湿度,种子大小,播种密度,无人机的载重能力,,,B,3（中）,5（好）,,,,,,,,,
卷五c6,B-A-C-006,C（判断题）,,植保播种系统中的播种机可以自动调整播种密度，以适应不同地块的需求。（）,正确,错误,,,,,A,3（中）,5（好）,,,,,,,,,
卷四d5,B-A-C-006,G（多选题）,,在植保播种系统的配型中，（）方法可以提高播种的均匀性和效率。,选择合适的种子类型,调整播种机的参数,优化无人机的飞行速度,使用高质量的种子,定期维护播种系统,,ABCDE,3（中）,5（好）,,,,,,,,,
卷七b9,B-A-C-007,B（单选题）,,在喊话系统的配型中，（）参数是确定系统覆盖范围的关键因素。,扬声器的频率响应,扬声器的内容,扬声器的功率,扬声器的防水性能,,,C,3（中）,5（好）,,,,,,,,,
卷六c6,B-A-C-007,C（判断题）,,喊话系统中的扬声器防水性能越好，越适合在户外使用。（）,正确,错误,,,,,A,3（中）,5（好）,,,,,,,,,
卷五d5,B-A-C-007,G（多选题）,,喊话系统中，（）设备是系统的主要组成部分。,麦克风,功率放大器,扬声器,电池,音频处理器,,ABCE,3（中）,5（好）,,,,,,,,,
卷八b9,B-A-C-008,B（单选题）,,在照明系统中，（）设备用于调节灯光的亮度。,灯泡,变压器,调光器,开关,,,C,3（中）,5（好）,,,,,,,,,
卷七c6,B-A-C-008,C（判断题）,,照明系统中的调节调光器可以延长灯具的使用寿命。（）,正确,错误,,,,,A,3（中）,5（好）,,,,,,,,,
卷六d5,B-A-C-008,G（多选题）,,在照明系统的配型中，方法可以提高照明的节能效果（ ）。,选择高亮度的灯具,选择高效率的灯具,使用调光器,选择低功率的灯具,定期维护照明系统,,BCE,3（中）,5（好）,,,,,,,,,
卷一e1,B-B-A-001,D（简答题）,,简述活塞发动机启动磨合的方法。且简述活塞发动机调试过程中三个关键步骤，并解释每个步骤的目的和重要性。,,,,,,,"方法：1.设备准备与润滑2.检查3.冷车预热4.慢速启动5怠速运行6.逐步提速7.循环运行8.状态监测9.磨合后检查调整                                                                                                                                                                                                                                                                                        

1.	燃油系统校准：
目的：确保燃油供应量与发动机运行状态相匹配，以实现最佳的燃烧效率和性能。
重要性：正确的燃油-空气混合比对于发动机的功率输出、经济性和排放至关重要。过量或不足的燃油都会导致性能下降、增加磨损或造成污染。通过精确调整喷油嘴的流量和正时，可以优化燃烧过程，提高发动机的工作效率。

2.	点火系统的检查与调整：
	目的：保证火花塞能够在恰当的时间产生足够强度的电火花，以点燃压缩后的燃油-空气混合物。
重要性：点火时机直接影响到发动机的动力输出和平稳性。提前或延迟点火会导致燃烧不完全、动力损失或者严重的机械损伤。通过调整点火提前角（Ignition Timing），可以使燃烧室内的压力峰值出现在最有利于做功的位置，从而提升发动机的响应速度和整体性能。

3.	机械部件的检验与维护：
	目的：检查并维护所有运动部件，如活塞、连杆、曲轴等，确保它们处于良好的工作状态。
重要性：定期对这些关键组件进行磨损评估和润滑保养，可以延长发动机的使用寿命，减少故障发生的可能性。此外，适当的紧固件扭矩设置和配气机构的调整也是必不可少的，这有助于维持正确的气门间隙，保证进排气顺畅，进而影响到发动机的效率和可靠性。

答题要点：
调试方法：（2分）（回答到下述的两个以上得1分，四个以上得2分）
 1.设备准备与润滑2.检查3.冷车预热4.慢速启动5怠速运行6.逐步提速7.循环运行8.状态监测9.磨合后检查调整                                                                                                                                                                                                                                                                                        

1. 燃油系统校准：（1分）（回答出燃油系统校准有0.5分，简要写出目的和重要性有0.5分）

2. 点火系统的检查与调整：（1分）（回答出点火系统的检查与调整有0.5分，简要写出目的和重要性有0.5分）

3. 机械部件的检验与维护：(1分)（回答出机械部件的检验与维护有0.5分，简要写出目的和重要性有0.5分）

评分标准:按答题要点给分，要点全面完整给满分，若回答逻辑性，语言严谨性不强可扣1分，要点欠缺按分值扣分，部分要点回答不全面缺1个方面扣1分，扣完为止。",3（中）,5（好）,,,,,,,,,
卷一b10,B-B-A-003,B（单选题）,,在发动机油路装置调试中，（）的步骤是必需的。,清洁过滤器,检查油泵,更换机油,调整油压,,,B,3（中）,5（好）,,,,,,,,,
卷二e1,B-B-A-002,D（简答题）,,简述无人机活塞发动机油路装置的调试方法步骤。且简述活塞发动机启动磨合的主要步骤，并解释每个步骤的目的。,,,,,,,"1.油路系统检查。2.油泵压力测试。3.油路通畅性检查。4.油量流量检测。5.油温控制测试。6.油路系统功能测试。                                                                                                                   

1.	预润滑：
描述：在发动机首次启动之前，通过外部油泵或手动方式向发动机内部供应润滑油。
目的：确保所有运动部件表面预先覆盖一层润滑油膜，减少干启动时的摩擦和磨损。这一步骤对于新组装或长时间未使用的发动机尤为重要，因为它可以防止因初期无润滑而导致的严重损伤。
1分（回答出预润滑有0.5分，简要写出目的和描述有0.5分）

2.	冷运转（怠速运行）：	描述：以最低稳定转速让发动机空载运转一段时间，通常为15分钟到数小时不等，具体取决于制造商建议。	
目的：使发动机各组件逐渐升温至工作温度，促进金属件之间的微小配合间隙适应性调整，同时检查是否存在泄漏或其他异常情况。此阶段有助于形成初步的磨合面，减少后续高负荷运行时的磨损风险。
1分（回答出冷运转（怠速运行）有0.5分，简要写出目的和描述有0.5分）

3.	逐步增加负载与转速：
描述：按照预定的时间表逐步提高发动机的负载和转速，从低到高分阶段进行，每一阶段后应有足够的休息时间让发动机冷却。
目的：允许零件间的接触表面慢慢“磨合”在一起，形成更为紧密和平滑的工作界面。这一过程能够改善密封效果、优化燃油经济性和动力输出性能，同时也为检测潜在问题提供了机会，如异常噪音、震动或过热现象。
1分（回答出逐步增加负载与转速有0.5分，简要写出目的和描述有0.5分）

4.	定期检查与维护：
	描述：在整个磨合期间及之后，定期对发动机进行检查，包括但不限于机油水平、滤清器状态、紧固件松紧度以及外观是否有损坏迹象。
目的：及时发现并解决可能出现的问题，保证磨合过程顺利进行，并为未来的正常操作打下坚实的基础。此外，记录详细的磨合数据也有助于评估发动机的整体健康状况和发展趋势。

答题要点：
调试步骤：（2分）（回答到下述的两个以上得1分，四个以上得2分）
 1.油路系统检查。2.油泵压力测试。3.油路通畅性检查。4.油量流量检测。5.油温控制测试。6.油路系统功能测试。                                                                                                                   

简述主要步骤和其目的：（3分）答完以下四点才有3分，只有三点和两点的只有2分。

1. 预润滑：1分（回答出预润滑有0.5分，简要写出目的和描述有0.5分）
2. 冷运转（怠速运行）：1分（回答出冷运转（怠速运行）有0.5分，简要写出目的和描述有0.5分）
3. 逐步增加负载与转速：1分（回答出逐步增加负载与转速有0.5分，简要写出目的和描述有0.5分）
4. 定期检查与维护：1分（回答出定期检查与维护有0.5分，简要写出目的和描述有0.5分）

评分标准:按答题要点给分，要点全面完整给满分，若回答逻辑性，语言严谨性不强可扣1分，要点欠缺按分值扣分，部分要点回答不全面缺1个方面扣1分，扣完为止。",3（中）,5（好）,,,,,,,,,
卷二b10,B-B-A-004,B（单选题）,,在无人机自动倾斜器（十字盘）的调试过程中，若发现无人机的飞行姿态不稳定，出现频繁晃动，最有可能解决问题的措施是（）。,调整十字盘的机械连接件紧固度,重新校准无人机的陀螺仪和加速度计,优化飞行控制算法中的PID参数,检查并更换十字盘的伺服电机,,,C,3（中）,5（好）,,,,,,,,,
卷三e1,B-B-A-003,D（简答题）,,请简述活塞发动机油路装置的调试方法及其在飞行器中的作用，同时结合自动倾斜器（十字盘）的调试方法，说明两者在飞行器调试中的协同作用。,,,,,,,"活塞发动机油路装置的调试方法：
燃油压力调整： 通过调整燃油泵的压力调节器，确保燃油压力在不同工况下保持在设计范围内。这可以通过使用压力表和调整螺钉来实现，确保燃油压力在怠速和高负荷时都能满足发动机的需求。
燃油流量调整： 通过调整燃油喷射器的开启时间和燃油压力，确保燃油流量在不同工况下保持在最佳范围内。这可以通过使用流量计和调整喷射器的电磁阀来实现，确保燃油流量在怠速和高负荷时都能满足发动机的需求。
喷油正时调整： 通过调整喷油正时，确保燃油在最佳时刻被喷入气缸，从而提高燃烧效率。这可以通过使用正时灯和调整喷油器的正时螺钉来实现，确保喷油正时在不同工况下都能满足发动机的需求。
作用： 活塞发动机油路装置的调试确保发动机在不同工况下都能高效运行，提高燃油经济性和减少排放。通过调整燃油压力、流量和喷油正时，可以确保发动机在启动、怠速、巡航和高负荷时都能稳定运行。


自动倾斜器（十字盘）的调试方法：
平衡调整： 通过调整自动倾斜器的平衡螺钉，确保其在各个位置都能保持平衡。这可以通过在不同倾斜角度下检查自动倾斜器的水平度来实现。
行程调整： 调整自动倾斜器的行程，确保其在最大倾斜角度时不会超出设计范围。这可以通过调整推杆的长度来实现，确保在最大输入时，自动倾斜器的倾斜角度符合设计要求。
中心位置调整： 调整自动倾斜器的中心位置，确保其在中立位置时，直升机的旋翼平面与机身平面平行。这可以通过调整自动倾斜器的中心螺钉来实现，确保在中立位置时，旋翼的升力均匀分布。
作用： 自动倾斜器（十字盘）是直升机的关键部件，用于控制旋翼的倾斜角度，从而实现直升机的俯仰和横滚控制。通过调整自动倾斜器，可以确保直升机在飞行中保持稳定的姿态，提高飞行的操控性和安全性。


协同作用：
启动阶段： 在启动阶段，活塞发动机油路装置确保发动机能够顺利启动并提供足够的动力，而自动倾斜器确保旋翼在启动时保持稳定。通过调整燃油压力和喷油正时，可以确保发动机在启动时能够快速达到怠速状态。
飞行阶段： 在飞行阶段，活塞发动机油路装置通过调整燃油流量和喷油正时，确保发动机在不同飞行姿态下都能提供稳定的动力输出。自动倾斜器通过调整旋翼的倾斜角度，实现直升机的俯仰和横滚控制。两者协同工作，确保飞行器在各种飞行条件下都能保持稳定的性能。
降落阶段： 在降落阶段，活塞发动机油路装置通过调整燃油流量和喷油正时，确保发动机在降落时能够提供足够的动力，同时减少燃油消耗和排放。自动倾斜器通过调整旋翼的倾斜角度，确保直升机能够平稳降落。两者协同工作，确保飞行器在降落时的安全性和稳定性。

这些调试方法确保了活塞发动机和自动倾斜器在飞行器中的高效、稳定运行，延长了设备的使用寿命，同时提高了飞行的安全性和操控性。

答题要点：
活塞发动机油路装置的调试方法：（2分）（回答出燃油压力，燃油流量，喷油正时有1分，漏掉一个扣0.5分，简要写出作用有1分）

自动倾斜器（十字盘）的调试方法：（2分）（回答出平衡调整，行程调整，中心位置调整有1分，漏掉一个扣0.5分，简要写出作用有1分）

协同作用：（1分）（回答出启动阶段，飞行阶段，降落阶段中任意两个中的作用可得1分）

评分标准:按答题要点给分，要点全面完整给满分，若回答逻辑性，语言严谨性不强可扣1分，要点欠缺按分值扣分，部分要点回答不全面缺1个方面扣1分，扣完为止。",3（中）,5（好）,,,,,,,,,
卷三b10,B-B-A-005,B（单选题）,,调试齿轮时，首先应该检查（）。,齿轮尺寸,齿轮材质,齿轮精度,齿轮表面粗糙度,,,C,3（中）,5（好）,,,,,,,,,
卷四e1,B-B-A-004,D（简答题）,,无人机齿轮调试时，需要检查哪些关键参数，并简述自动倾斜器（十字盘）在直升机上的作用以及其调试的主要步骤。,,,,,,,"需要检查的关键参数包括齿轮的啮合间隙、齿面的磨损情况、齿轮的转动灵活性和噪音等。确保齿轮啮合间隙适中，齿面无严重磨损，转动灵活无卡滞，噪音在正常范围内。


自动倾斜器的作用：自动倾斜器是直升机主旋翼控制系统的重要组成部分，它能够将飞行员通过驾驶杆发出的指令转换为对主旋翼桨叶角度的精确控制，从而实现直升机的俯仰和滚转运动。此外，自动倾斜器还参与调节旋翼的总距，以控制直升机的上升或下降。

调试的主要步骤包括但不限于：
a) 确认机械连接：检查自动倾斜器与旋翼系统之间的所有机械连接是否正确安装，确保无松动或异常。
b) 零位校准：调整自动倾斜器使得在中立位置时，所有控制输入都处于零位，并且旋翼桨叶的角度也应对应于非倾斜状态。
c) 行程测试：通过移动驾驶杆来测试自动倾斜器的全部行程范围，确保其可以自由、平稳地响应所有的控制输入。
d) 平衡检查：保证自动倾斜器及其相关组件在操作过程中保持良好的平衡，避免由于不平衡造成的振动或其他不良影响。
e) 动态响应评估：在地面或悬停状态下，进行轻微的操控测试，观察自动倾斜器对控制输入的响应速度和准确性。
f) 安全性验证：确保所有安全机制正常工作，例如极限限位装置等，防止超出允许的操作范围。
g) 最后，在完成上述所有静态和动态调试后，还需进行详细的记录保存，以便日后参考和维护。


答题要点：
需要检查的关键参数:(1分)（回答出啮合间隙、齿面的磨损情况、齿轮的转动灵活性和噪音有1分，漏掉一个扣0.5分）

自动倾斜器的作用：(1分)（回答出“它能够将飞行员通过驾驶杆发出的指令转换为对主旋翼桨叶角度的精确控制”有1分，类似答案也可以给分）

自动倾斜器调试的主要步骤包括但不限于：(3分)（回答出确认机械连接，零位校准，行程测试，平衡检查，动态响应评估，安全性验证得3分，漏一个扣0.5分，类似说法也可以给分，只能回答出一个的得0.5分）

评分标准:按答题要点给分，要点全面完整给满分，若回答逻辑性，语言严谨性不强可扣1分，要点欠缺按分值扣分，部分要点回答不全面缺1个方面扣1分，扣完为止。",3（中）,5（好）,,,,,,,,,
卷四b10,B-B-A-006,B（单选题）,,不是皮带调试基本步骤的是（）。,调整皮带张紧度,检查皮带磨损情况,更换皮带,清洗皮带轮,,,C,3（中）,5（好）,,,,,,,,,
卷五e1,B-B-A-005,D（简答题）,,无人机皮带调试的基本步骤方法。且简述齿轮调试的主要步骤，并解释每个步骤的目的。,,,,,,,"1. 找到皮带张紧轮和皮带松弛轮。
2. 松开松弛轮上的螺栓或螺母，使皮带能够稍微松动。
3. 在张紧轮上面拉动皮带，直到皮带适度松弛，但仍贴合张紧轮和松弛轮。
4. 紧固松弛轮上的螺栓或螺母，将皮带固定住。
5. 最后再次检查皮带松紧度，确保其合适。                                                                                                                                                                            

1.	检查安装精度：
描述：确保齿轮正确安装在轴上，且与配合件（如其他齿轮或传动装置）之间的中心距、平行度和对中性符合设计要求。
目的：精确的安装是保证齿轮正常运转的基础。任何偏差都会导致不均匀磨损、噪音增加甚至损坏齿轮和其他部件。
2.	润滑系统验证：
描述：检查润滑油或脂的类型、数量以及润滑方式是否合适，并确认润滑点畅通无阻。
目的：适当的润滑可以减少摩擦和磨损，延长齿轮寿命，同时降低工作温度和噪音水平。正确的润滑还能够防止腐蚀，保护齿轮表面质量。
3.	空载测试：
描述：在不加载荷的情况下启动传动系统，观察齿轮运转情况，监听是否有异常声音，检查是否存在振动或其他不稳定现象。
目的：通过空载测试可以初步验证齿轮装配是否正确，以及传动系统的整体协调性。这有助于及时发现潜在问题，避免带负荷运行时造成更大损害。
4.	负载测试：
描述：逐步施加工作载荷至额定值，监测齿轮的温度变化、转速稳定性和功率传递效率。
目的：评估齿轮在实际工作条件下的性能表现，确保其能够在预期负载下平稳可靠地运行。此步骤还可以帮助识别可能存在的热膨胀或应力集中等问题。
5.	动态响应分析：
描述：利用传感器收集齿轮在不同工况下的运行数据，包括但不限于振动频谱、位移量和力矩波动等。
目的：通过对动态特性的深入分析，可以更全面地了解齿轮的工作状态，优化传动参数设置，提高系统稳定性和耐用性。此外，它也为故障预测提供了科学依据。
6.	调整与校正：
描述：根据上述测试结果，针对性地调整齿轮的位置、间隙或预紧力，必要时更换不合格的零件。
目的：使齿轮达到最佳的工作状态，确保其长期稳定运行，减少维护成本和停机时间。这一过程也是持续改进齿轮传动系统性能的重要手段。

答题要点：
皮带调试的基本步骤方法：（2分）（回答到下述全部得2分，类似说法也行，漏一个扣0.5分，张紧轮一定要有）
1. 找到皮带张紧轮和皮带松弛轮。
2. 松开松弛轮上的螺栓或螺母，使皮带能够稍微松动。
3. 在张紧轮上面拉动皮带，直到皮带适度松弛，但仍贴合张紧轮和松弛轮。
4. 紧固松弛轮上的螺栓或螺母，将皮带固定住。
5. 最后再次检查皮带松紧度，确保其合适。                                                                                                                                                                            

简述齿轮调试的主要步骤和目的：（3分）（回答到上述检查安装精度，润滑系统验证， 空载测试，负载测试，动态响应分析，调整与校正中的目的和解释该步骤得1分，写出其中三个就得满分。类似说法也行。）

评分标准:按答题要点给分，要点全面完整给满分，若回答逻辑性，语言严谨性不强可扣1分，要点欠缺按分值扣分，部分要点回答不全面缺1个方面扣1分，扣完为止。",3（中）,5（好）,,,,,,,,,
卷五b10,B-B-A-007,B（单选题）,,主旋翼调试时，主要检查参数的是（）。,副翼位置,引擎输出功率,机身稳定性,主旋翼转速,,,D,3（中）,5（好）,,,,,,,,,
卷六e1,B-B-A-006,D（简答题）,,在调试单旋翼无人机主旋翼时，为什么需要进行平衡测试，平衡测试有几种。且简述皮带调试的主要步骤，并解释每个步骤的目的。,,,,,,,"平衡不良好会导致直升机在飞行中产生剧烈振动，影响飞行控制的精确性，做平衡测试是为了确保旋翼在高速旋转时的稳定性和减少振动。

平衡测试分为静平衡测试与动平衡测试两种。 
                                                   
1.	检查安装精度：
描述：确保皮带正确安装在相应的轮轴上，检查其张紧度、对中性和平行度。
目的：正确的安装是保证皮带正常工作和延长使用寿命的基础。任何偏差都会导致皮带偏移、磨损加剧或传动效率下降。
2.	调整张紧力：
描述：根据制造商推荐的标准，使用专用工具测量并调整皮带的张紧力至适当水平。
目的：适当的张紧力对于维持有效的动力传递至关重要。过松会导致打滑，降低传动效率；过紧则可能引起皮带过度拉伸，加速磨损甚至损坏轴承。
3.	润滑与清洁：
描述：根据皮带类型（如同步带通常不需要润滑），清洁皮带表面及周围区域，去除灰尘、油污和其他杂质。
目的：保持皮带清洁有助于减少摩擦和不必要的磨损，防止外部污染物影响皮带性能，同时也能避免因油脂引起的打滑现象。
4.	空载测试：
描述：在不加载荷的情况下启动传动系统，观察皮带运转情况，监听是否有异常声音，检查是否存在振动或其他不稳定现象。
目的：通过空载测试可以初步验证皮带装配是否正确，以及传动系统的整体协调性。这有助于及时发现潜在问题，避免带负荷运行时造成更大损害。
5.	负载测试：
描述：逐步施加工作载荷至额定值，监测皮带的温度变化、转速稳定性和功率传递效率。
目的：评估皮带在实际工作条件下的性能表现，确保其能够在预期负载下平稳可靠地运行。此步骤还可以帮助识别可能存在的热膨胀或应力集中等问题。
6.	动态响应分析：
描述：利用传感器收集皮带在不同工况下的运行数据，包括但不限于振动频谱、位移量和力矩波动等。
目的：通过对动态特性的深入分析，可以更全面地了解皮带的工作状态，优化传动参数设置，提高系统稳定性和耐用性。此外，它也为故障预测提供了科学依据。
7.	定期检查与维护：
描述：按照预定的时间表定期对皮带进行检查，记录其磨损程度、张紧度变化等情况，并根据需要进行调整或更换。
目的：定期维护能够及时发现并解决潜在的问题，确保皮带始终处于良好工作状态，减少意外停机时间和维护成本。
3.5分（答出检查安装精度，调整张紧力，润滑与清洁，空载测试，负载测试，动态响应分析，定期检查与维护及其主要描述和目的，每点得0.5分，总共3.5分，类似意思可得分）

答题要点：
解释为什么需要进行平衡测试：（1分）（答出平衡不良好,影响飞行控制的精确性,确保旋翼在高速旋转时的稳定性和减少振动可得1分）

平衡测试种类：（1分）（要同时回答“静平衡测试与动平衡测试”类似意思也得分） 

皮带调试的主要步骤和目的：3分（答出检查安装精度，调整张紧力，润滑与清洁，空载测试，负载测试，动态响应分析，定期检查与维护及其主要描述和目的，每点得0.5分，回答满足六点得满分，总共3分，类似意思可得分）


评分标准:按答题要点给分，要点全面完整给满分，若回答逻辑性，语言严谨性不强可扣1分，要点欠缺按分值扣分，部分要点回答不全面缺1个方面扣1分，扣完为止。",3（中）,5（好）,,,,,,,,,
卷六b10,"B-B-A-008
",B（单选题）,,在调试无人机尾旋翼时，发现无人机在悬停状态下尾旋翼产生明显的振动，且伴随着航向不稳定的情况。最有可能解决问题的关键是（）。,增加尾旋翼的转速,调整尾旋翼的预紧力矩,更换尾旋翼的桨叶,检查并校准无人机的陀螺仪,,,D,3（中）,5（好）,,,,,,,,,
卷七e1,B-B-A-007,D（简答题）,,单旋翼无人机尾旋翼的方向控制有什么用，如何确保其准确性。且简述主旋翼调试的主要步骤，并解释每个步骤的目的。,,,,,,,"尾旋翼的方向控制对于单旋翼无人机的航向稳定性和操控性至关重要。

1检查尾旋翼的舵机安装是否正确。
2舵机连杆是否连接紧密且没有松动。
3飞行测试，观察尾旋翼在指令响应速度和准确性。
4若响应迟缓或方向偏差，调整舵机的中位值或修改飞行控制系统的相关参数优化方向控制。                                                                                                                                   

1.	安装精度检查：
描述：确认主旋翼桨叶和相关组件（如桨毂、桨夹）正确安装，确保所有连接件紧固且符合制造商的规格。
目的：保证旋翼系统的结构完整性和安全性，防止因安装错误导致的操作故障或飞行事故。
2.	平衡调整：
描述：使用静态和动态平衡工具对主旋翼进行调整，使各桨叶的质量分布均匀，减少振动。
目的：提高飞行平稳性，延长旋翼和机体其他部件的使用寿命，同时改善乘坐舒适度。
3.	桨距调节：
描述：根据飞行条件和任务需求，设置并校准集体和周期变距机构，确保桨叶角度准确无误。
目的：实现精确的升力控制，优化飞行性能，包括起飞、悬停、前进飞行等不同状态下的响应速度和效率。
4.	锥度与挥舞角校正：
描述：调整旋翼锥度角和挥舞限制装置，以确保桨叶在旋转过程中保持适当的倾斜角度和平面位置。
目的：维持稳定的空气动力学特性，减少不必要的能量损失，提升飞行稳定性和操控性。
5.	动态测试与微调：
描述：在地面低速转动旋翼，逐步增加转速至工作范围，观察运行情况，记录任何异常现象，并进行必要的现场调整。
目的：验证上述调整的效果，在实际操作条件下评估旋翼系统的表现，及时修正发现的问题。
6.	飞行测试与数据分析：
描述：执行一系列预定的飞行任务，收集飞行数据用于分析旋翼的工作状态和整体性能。
目的：提供最直接的反馈，帮助识别那些仅凭理论分析或地面测试难以预见的问题，促进针对性改进措施的实施，最终达到最佳飞行体验。
7.	安全检查与维护计划制定：
描述：基于飞行测试结果，进行全面的安全检查，确定定期维护的时间表，确保持续监控旋翼健康状况。
目的：保障长期飞行的安全性和可靠性，通过预防性维护减少意外故障的发生概率，降低运营成本。


答题要点：
单旋翼无人机尾旋翼的方向控制的作用：（1分）（答出航向稳定性和操控性可得1分）

确保单旋翼无人机的准确性：（2分）（若答出以下四个步骤得2分，类似也可以得分，漏一个扣0.5分）
1检查尾旋翼的舵机安装是否正确。
2舵机连杆是否连接紧密且没有松动。
3飞行测试，观察尾旋翼在指令响应速度和准确性。
4若响应迟缓或方向偏差，调整舵机的中位值或修改飞行控制系统的相关参数优化方向控制。                                                                                                                                   

简述尾旋翼调试的主要步骤和目的：（2分）（若答出安装精度检查，平衡调整，桨距调节，锥度与挥舞角校正，动态测试与微调，飞行测试与数据分析，安全检查与维护计划制定及其主要描述和目的的每个得0.5分，封顶2分，类似也可以得分）

评分标准:按答题要点给分，要点全面完整给满分，若回答逻辑性，语言严谨性不强可扣1分，要点欠缺按分值扣分，部分要点回答不全面缺1个方面扣1分，扣完为止。",3（中）,5（好）,,,,,,,,,
卷七b10,B-B-A-009,B（单选题）,,在直升机航模传动轴的调试过程中，（）是首要检查的内容以确保传动效率与稳定性。,传动轴的材质是否足够坚硬,传动轴两端的轴承是否润滑良好且安装正确,传动轴的颜色是否与航模整体协调,传动轴的直径是否达到最大允许值,,,B,3（中）,5（好）,,,,,,,,,
卷八e1,B-B-A-008,D（简答题）,,请简述单旋翼无人机传动轴调试过程中的关键步骤。且简述尾旋翼调试的主要步骤，并解释每个步骤的目的。,,,,,,,"1.检查传动轴的直线度与同轴度；
2.检查轴承状态有无磨损是否润滑；
3.调整传动轴与周边部件的间隙；
4.检查固定件是否锁紧牢固；
5.测试运转与微调。

                                                                                                                                                                                               1.	机械安装检查：
描述：确认尾旋翼桨叶、桨毂和其他相关组件正确安装，确保所有螺栓和固定件紧固无误。
目的：保证尾旋翼系统的结构完整性和安全性，防止因安装错误导致的操作故障或飞行事故。
2.	平衡调整：
	描述：使用静态和动态平衡工具对尾旋翼进行调整，使各桨叶的质量分布均匀，减少振动。
	目的：提高飞行平稳性，延长尾旋翼和机体其他部件的使用寿命，同时改善乘坐舒适度和降低噪音水平。
3.	桨距调节与校准：
描述：根据飞行条件和任务需求，设置并校准尾旋翼的变距机构，确保桨叶角度准确无误。
	目的：实现精确的反扭矩控制，优化飞行性能，包括悬停、前进飞行等不同状态下的方向稳定性和操控响应速度。
4.	锥度与挥舞角校正：
	描述：调整尾旋翼锥度角和挥舞限制装置，以确保桨叶在旋转过程中保持适当的倾斜角度和平面位置。
	目的：维持稳定的空气动力学特性，减少不必要的能量损失，提升飞行稳定性和操控性，避免不正常的振动或抖动。
5.	控制系统校准：
描述：验证尾旋翼控制系统（如伺服作动筒）的功能，确保其能够按照指令快速且精确地响应。
目的：保证飞行员可以通过脚蹬或其他控制输入有效地管理尾旋翼产生的力矩，从而实现精准的方向控制。
6.	动态测试与微调：
	描述：在地面低速转动尾旋翼，逐步增加转速至工作范围，观察运行情况，记录任何异常现象，并进行必要的现场调整。
	目的：验证上述调整的效果，在实际操作条件下评估尾旋翼系统的表现，及时修正发现的问题，确保一切正常后再进入下一步的飞行测试。
7.	飞行测试与数据分析：
描述：执行一系列预定的飞行任务，收集飞行数据用于分析尾旋翼的工作状态和整体性能。
	目的：提供最直接的反馈，帮助识别那些仅凭理论分析或地面测试难以预见的问题，促进针对性改进措施的实施，最终达到最佳飞行体验。
8.	安全检查与维护计划制定：
	描述：基于飞行测试结果，进行全面的安全检查，确定定期维护的时间表，确保持续监控尾旋翼健康状况。
目的：保障长期飞行的安全性和可靠性，通过预防性维护减少意外故障的发生概率，降低运营成本。

答题要点：
单旋翼无人机传动轴调试过程中的关键步骤：2分（若答出以下五个步骤得2分，类似也可以得分，漏一个扣0.5分，只有一个得0.5分）
1.检查传动轴的直线度与同轴度；
2.检查轴承状态有无磨损是否润滑；
3.调整传动轴与周边部件的间隙；
4.检查固定件是否锁紧牢固；
5.测试运转与微调。

简述尾旋翼调试的主要步骤，并解释每个步骤的目的：（3分）（若答出机械安装检查，平衡调整，桨距调节与校准，锥度与挥舞角校正，控制系统校准，动态测试与微调，飞行测试与数据分析，安全检查与维护计划制定及其主要描述和目的的每个得0.5分，回答6点封顶3分，类似也可以得分）

评分标准:按答题要点给分，要点全面完整给满分，若回答逻辑性，语言严谨性不强可扣1分，要点欠缺按分值扣分，部分要点回答不全面缺1个方面扣1分，扣完为止。",3（中）,5（好）,,,,,,,,,
卷八b10,B-B-A-001,B（单选题）,,活塞发动机的调试中，（ ）方法可以有效提高发动机的燃油经济性。,增加燃油流量,优化点火提前角,提高发动机转速,增加气缸压力,,,B,3（中）,5（好）,,,,,,,,,
卷九e1,B-B-A-009,D（简答题）,,在多旋翼无人机主旋翼和转动轴的调试过程中，如何通过系统优化减少振动并提高飞行效率？请结合实际操作步骤进行说明。,,,,,,,"动态测试准备：
在调试前，确保所有硬件（电机、电调、桨叶、飞控）安装正确且无松动，检查连接线路是否牢固。
配置好飞控参数，确保电机的PWM信号、电流限制、转速范围等参数符合设计要求。

低速动态测试：
启动电机，进行低速旋转测试（约30%转速），观察主旋翼的平衡状态和转动轴的运行情况。
使用振动传感器或专业软件记录振动数据，分析是否存在不平衡或异常振动。

逐步提速与数据分析：
逐步提高转速（每次增加10%），在每个转速点停留一段时间，记录振动频率、电机电流、温度等关键数据。
分析数据，找出振动频率与转速的关联，判断是否存在共振点或潜在的机械故障。

优化调整：
根据数据分析结果，调整桨叶的平衡（如重新校准桨叶平衡或更换桨叶）。
调整电机的PWM信号或电调参数，优化电机的运行效率，减少振动。
如果发现共振点，调整桨叶的安装角度或电机的安装位置，改变系统的固有频率。

故障排查与验证：
如果发现异常振动或数据异常，排查可能的原因（如桨叶损坏、电机轴磨损、电调故障等）。
修复或更换故障部件后，重新进行测试，验证优化效果。

答题要点：
动态测试准备：（1分）（写出测试前准备和检查并且调配参数的得1分）
低速动态测试：（0.5分）（写出低转速测试和观察分析不平衡或异常振动的得0.5分）
逐步提速与数据分析：（2分）（写出逐步升速测试分析如何减小震动得1分，并且有相关控制变量得去记录分析相关数据得1分）
优化调整：（1分）（能写出相关优化升级的例子的，可得1分）
故障排查与验证：（0.5分）（写到排查故障和验证效果可得0.5分）

评分标准:按答题要点给分，要点全面完整给满分，若回答逻辑性，语言严谨性不强可扣1分，要点欠缺按分值扣分，部分要点回答不全面缺1个方面扣1分，扣完为止。",3（中）,5（好）,,,,,,,,,
卷九b10,B-B-A-002,B（单选题）,,在活塞发动机的启动磨合期间，（ ）设备可以有效减少污染物排放。,三元催化器, 空气滤清器,涡轮增压器,机油滤清器,,,A,3（中）,5（好）,,,,,,,,,
卷十e1,B-B-A-001,D（简答题）,,简述活塞发动机与齿轮传动系统协同调试的主要步骤，如何通过优化设计和调试方法实现两者的高效协同工作。,,,,,,,"结构优化设计：
在调试前，对活塞发动机的曲柄连杆机构和齿轮传动系统进行结构优化设计。通过多学科协同优化方法，确保曲柄连杆机构与齿轮传动系统的匹配性。
优化齿轮的几何参数，如齿形修形，以提高齿轮的接触面积和啮合刚度，减少传递误差。

装配与对齐：
确保活塞发动机的曲轴与齿轮传动系统的装配精度，特别是正时齿轮的对齐，保证配气正时的准确性。
检查齿轮的啮合状态，确保齿侧间隙和啮合深度符合设计要求。

动态测试与调整：
进行冷磨和热试，逐步增加发动机转速，观察齿轮传动系统的运行状态，记录振动、温度和噪声等数据。
根据测试结果，调整齿轮的啮合位置和发动机的运行参数，优化两者的协同工作。

润滑与冷却系统协同：
确保齿轮传动系统的润滑与发动机的冷却系统协同工作，避免因润滑不足或过热导致的故障。
优化润滑系统的油膜厚度和分布，减少齿轮磨损。

协同作用验证：
通过模拟实际工况，验证活塞发动机与齿轮传动系统在不同负载下的协同工作性能，确保系统的稳定性和可靠性。
对系统的动态特性进行分析，优化安装误差对系统性能的影响。


答题要点：
结构优化设计：(1分）（可以从结构上写出齿轮优化或者活塞发动机与齿轮传动的优化方法的得1分）
装配与对齐：(1分)（写出活塞发动机和齿轮传动系统装配的功用可得1分）
动态测试与调整：(1分)（写出在动态运行中，控制转速以测量记录相关数据和调整齿轮的啮合可得1分）
润滑与冷却系统协同：(1分)（写出润滑和冷却系统的协同作用可得0.5分，进一步写出其功效的可得0.5分）
协同作用验证：(1分)（写出调整过后试飞验证调整和协同优化可得1分）

评分标准:按答题要点给分，要点全面完整给满分，若回答逻辑性，语言严谨性不强可扣1分，要点欠缺按分值扣分，部分要点回答不全面缺1个方面扣1分，扣完为止。",3（中）,5（好）,,,,,,,,,
卷十b10,B-B-A-003,B（单选题）,,活塞发动机的油路装置调试中，（ ）参数是调整燃油喷射器开启时间时需要重点考虑的。,发动机转速,发动机温度,燃油压力,气缸压力,,,C,3（中）,5（好）,,,,,,,,,
卷一b11,B-B-B-001,B（单选题）,,飞行数据中不包括的要素有（）。,飞行速度,飞行高度,飞机重量,飞行时间,,,C,3（中）,5（好）,,,,,,,,,
卷七b11,B-B-B-001,B（单选题）,,飞行数据中，（）是用来指示飞机与地面的相对距离的。,飞行速度,飞行高度,航向信息,气压数据,,,B,3（中）,5（好）,,,,,,,,,
卷六d6,B-B-B-001,G（多选题）,,在飞行数据记录中，（ ）要素用于描述飞机的飞行高度，特别是在进行跨洋飞行。,相对高度,绝对高度,标准气压高度,真实高度,理论高度,,BCD,3（中）,5（好）,,,,,,,,,
卷二b11,B-B-B-002,B（单选题）,,分析飞行姿态数据时，常用于平滑和减少噪声影响的技术是（）。,卡尔曼滤波,傅里叶变换,最小二乘法,回归分析,,,A,3（中）,5（好）,,,,,,,,,
卷八b11,B-B-B-002,B（单选题）,,在飞行姿态数据的分析中，通常用于确定飞机滚转角度的方法是（）。,加速度计测量,陀螺仪测量,全球定位系统（GPS）,气压高度计,,,B,3（中）,5（好）,,,,,,,,,
卷一d6,B-B-B-002,G（多选题）,,为了提高姿态数据分析的准确性，可以采取的措施有（）。,使用高精度传感器,优化数据采样频率,采用多传感器融合技术 ,进行飞行前的传感器校准,应用先进的信号处理技术,,ABCDE,3（中）,5（好）,,,,,,,,,
卷七d6,B-B-B-002,G（多选题）,,姿态数据中的（）参数对于评估飞行稳定性至关重要。,俯仰角（Pitch）,偏航角（Yaw）,滚转角（Roll） ,GNSS星数,角速度（如陀螺仪测量的数据）,,ABCE,3（中）,5（好）,,,,,,,,,
卷三b11,B-B-B-003,B（单选题）,,在飞行数据分析中，常用于识别飞行过程中异常事件的方法是（）。,趋势分析,聚类分析,阈值检测,回归分析,,,C,3（中）,5（好）,,,,,,,,,
卷九b11,B-B-B-003,B（单选题）,,为了预测飞行器的剩余使用寿命，最为关键的分析方法是（）。,相关性分析,寿命分布模型,时间序列分析,路径规划算法,,,B,3（中）,5（好）,,,,,,,,,
卷二d6,B-B-B-003,G（多选题）,,无人机除姿态数据外的其他飞行数据的分析方法有（）。,使用GPS数据进行位置分析,利用气压计数据进行高度分析,通过磁力计数据进行方向分析,利用光流传感器数据进行速度分析,通过超声波传感器数据进行障碍物检测,,ABCE,3（中）,5（好）,,,,,,,,,
卷八d6,B-B-B-003,G（多选题）,,在飞行数据分析中，（）技术有助于提高数据的准确性和可靠性。,数据平滑处理,多传感器融合,噪声过滤,数据插值,数据压缩,,ABC,3（中）,5（好）,,,,,,,,,
卷四b11,B-B-B-004,B（单选题）,,飞行控制系统中，（）参数不属于导航部分。,飞行高度,飞行速度,姿态角,航向指示,,,C,3（中）,5（好）,,,,,,,,,
卷十b11,B-B-B-004,B（单选题）,,在导航系统中，用于确定飞机位置的关键参数是（）。,姿态角,飞行速度,经纬度坐标,气压高度,,,C,3（中）,5（好）,,,,,,,,,
卷三d6,B-B-B-004,G（多选题）,,飞行控制系统参数组成部分通常包括（）。,PID控制器参数,传感器数据,执行机构参数,材料强度参数,模糊控制器参数,,ABE,3（中）,5（好）,,,,,,,,,
卷九d6,B-B-B-004,G（多选题）,,飞行控制与导航系统的性能评估通常涉及参数的有（）。,导航精度,系统响应时间,控制系统的稳定性,飞行器的续航能力,飞行控制器的计算能力,,ABCE,3（中）,5（好）,,,,,,,,,
卷五b11,B-B-B-005,B（单选题）,,在自动驾驶模式中，参数的调试首先应考虑（）。,飞行器的结构,飞行任务的性质,飞行环境的条件,飞行员的个人经验,,,C,3（中）,5（好）,,,,,,,,,
卷四d6,B-B-B-005,G（多选题）,,无人机自动驾驶模式参数的调试可能涉及调整的有（）。,PID控制器参数,飞行路径规划算法,传感器数据融合策略,飞行姿态控制参数,无线通信模块的参数,,ABCD,3（中）,5（好）,,,,,,,,,
卷十d6,B-B-B-005,G（多选题）,,无人机自动驾驶模式参数的调试流程通常包括的步骤有（）。,参数初设,静态测试,动态响应测试,故障模拟测试,实际飞行验证与调优,,ABCE,3（中）,5（好）,,,,,,,,,
卷六b11,B-B-B-006,B（单选题）,,机载导航数据库中的地理坐标基于（ ）。,北京54坐标系,西安80坐标系,WGS-84坐标系,2000国家大地坐标系,,,C,3（中）,5（好）,,,,,,,,,
卷五d6,B-B-B-006,G（多选题）,,分析无人机导航数据时，可用于提高数据质量的方法有（）。,数据滤波,传感器校准,噪声消除,数据插值,实时数据处理,,ABCD,3（中）,5（好）,,,,,,,,,
卷一D7,B-B-C-001,D（多选题）,,航空母舰上的蒸汽弹射器或电磁弹射器是帮助舰载机实现短距起飞的关键设备。下面关于这两种弹射系统的描述，（）是正确的。,电磁弹射系统（EMALS）相比传统的蒸汽弹射系统能够提供更加平滑且可控的加速度曲线，有助于减少对飞机结构的应力影响。,蒸汽弹射器在启动时需要消耗航母锅炉产生的大量蒸汽，而电磁弹射器则直接使用电力，因此后者对于航母能源管理系统的要求较低。,由于电磁弹射系统采用了先进的线性电机技术，它可以在比蒸汽弹射器更短的距离内完成同样的加速任务，从而允许缩短航母甲板长度或者增加操作灵活性。,在维护保养方面，蒸汽弹射系统因为其机械结构较为复杂，所以通常需要更多的定期检修和人力投入；相比之下，电磁弹射系统的维护成本和工作量都较小。,电磁弹射系统能适应不同重量级别的舰载机，并且可以根据具体机型调整输出力，而传统蒸汽弹射系统只能为所有类型的飞机提供固定的推力值。,,ACDE,3（中）,5（好）,,,,,,,,,
卷十B12,B-B-C-001,B（单选题）,,在评估弹射起飞系统（用于无人机或飞机）的性能时，（）指标对于确保飞行器能够安全、高效地完成起飞最为关键。,弹射加速度的最大值,弹射过程中的能量消耗,起飞滑跑距离的最小化,弹射装置与飞行器之间的兼容性和稳定性,,,D,3（中）,5（好）,,,,,,,,,
卷一D8,B-B-C-002,D（多选题）,,在进行弹射起飞系统的联合调试时，（）步骤是确保系统安全性和可靠性所必需的。,对弹射器动力源（如弹簧、液压或电动）进行最大负荷测试，以验证其极限性能,模拟实际起飞条件，通过逐步增加负载来测试弹射系统的响应性与稳定性,在无人直升机上安装额外配重，使总重量超出设计起飞重量，以检验弹射器的过载能力,确认所有传感器和监控设备正常工作，能够实时反馈关键参数，如加速度和速度,进行多次无负载试运行，检查机械部件的运作顺畅度及系统协调性,,BDE,3（中）,5（好）,,,,,,,,,
卷二D7,B-B-C-002,D（多选题）,,为了确保弹射起飞系统与无人机之间的兼容性和协同工作，联合调试过程中应当包括（）内容。,测试不同风速条件下，弹射器能否保持一致的发射力度和方向,校准无人机的姿态控制系统，使其能够在弹射瞬间快速调整到稳定飞行状态,调整弹射器的发射角度，以匹配无人机的最佳起飞轨迹，而不考虑具体任务需求,验证无人机的自动起飞程序可以在弹射后无缝切换至自主导航模式,确保弹射起飞系统与无人机通信链路的安全性和可靠性，避免数据传输中断,,BDE,3（中）,5（好）,,,,,,,,,
卷一C7,B-B-C-003,C（判断题）,,在评估伞降回收系统的性能时，最重要的指标是降落伞完全展开所需的时间，而降落伞材料的抗拉强度和系统整体的稳定性可以作为次要考虑因素。（）,正确,错误,,,,,B,3（中）,5（好）,,,,,,,,,
卷二D8,B-B-C-003,D（多选题）,,在评估伞降回收系统的性能时，（）因素是必须考虑的关键指标。,降落伞完全展开所需的时间,系统总重量对无人机最大载荷的影响,操作人员的技能水平和经验,降落伞材料的颜色与图案设计,在不同风速条件下的稳定性和着陆精度,,ABE,3（中）,5（好）,,,,,,,,,
卷三D7,B-B-C-003,D（多选题）,,为了提高伞降回收系统的性能，（）措施是合理的改进方向。,使用更轻质但同样坚固的材料来减少整个系统的重量,增加降落伞的尺寸以增加下降速度，从而缩短着陆时间,引入冗余机制，如备用降落伞或多个主降落伞，以增强可靠性,设计自动化的开伞控制系统，以便根据飞行高度和位置优化开伞时机,改变降落伞的颜色以提高地面可见度，便于快速定位和回收,,ACD,3（中）,5（好）,,,,,,,,,
卷一B12,B-B-C-004,B（单选题）,,在伞降回收系统的联调过程中，为了确保系统各组件之间的兼容性和协调性，（）步骤最为关键。,确保降落伞能够在预定高度准确展开,测试开伞机构的响应时间和可靠性,验证传感器与控制系统之间的数据传输准确性,综合测试所有组件在不同环境条件下的协同工作性能,,,D,3（中）,5（好）,,,,,,,,,
卷二C7,B-B-C-004,C（判断题）,,在伞降回收系统的联调过程中，最重要的步骤是确保降落伞能够在预定高度准确展开，而系统各组件之间的兼容性和协调性可以作为次要考虑因素。（）,正确,错误,,,,,B,3（中）,5（好）,,,,,,,,,
卷三D8,B-B-C-004,D（多选题）,,（）是伞降回收系统联调的基本目标。,保证伞降回收系统的飞行稳定性,调整伞降回收系统的动力学响应以适应不同环境条件,优化回收系统的降落精度，确保回收的可靠性,实现伞降系统与回收设备的协调控制，避免系统冲突,实现伞降系统与回收设备的协调控制，避免系统冲突,,ABCD,3（中）,5（好）,,,,,,,,,
卷四D7,B-B-C-004,D（多选题）,,在伞降回收系统的联调过程中，（）操作是必要的。,对回收系统的控制算法进行验证和优化,对伞降系统的开伞时机进行调节和测试,检查伞降系统的伞绳长度是否适合回收需求,检查伞降系统的伞绳长度是否适合回收需求,调整回收系统的降落角度以优化回收位置,,ABCD,3（中）,5（好）,,,,,,,,,
卷二B12,B-B-C-005,B（单选题）,,在评估垂直起降固定翼无人机的起飞与着陆系统性能时，（）指标对于确保飞行器能够在复杂环境中安全、高效地完成操作最为关键。,垂直起飞和降落过程中的最大升力系数,系统在不同环境条件下的稳定性和可靠性,起飞和着陆所需场地的最小尺寸要求,从垂直模式转换到水平飞行模式的时间效率,,,B,3（中）,5（好）,,,,,,,,,
卷三C7,B-B-C-005,C（判断题）,,在评估垂直起降固定翼无人机的起飞与着陆系统性能时，最重要的指标是从垂直模式转换到水平飞行模式的时间效率，而系统在不同环境条件下的稳定性和可靠性可以作为次要考虑因素。（）,正确,错误,,,,,B,3（中）,5（好）,,,,,,,,,
卷四D8,B-B-C-005,D（多选题）,,在垂直起降固定翼无人机的起飞与着陆过程中，（）因素会直接影响系统的性能。,起降过程中的气流条件和风速,起降过程中的气流条件和风速,无人机电池的剩余电量,无人机的机体重量和重心分布,无人机的飞控系统调度精度和稳定性,,ABCDE,3（中）,5（好）,,,,,,,,,
卷五D7,B-B-C-005,D（多选题）,,垂直起降固定翼无人机在起飞与着陆阶段，其系统设计需要满足哪些要求,应具备垂直起降模式、过渡模式和固定翼模式的自主飞行和遥控飞行能力,在过渡阶段，应能同时承受固定翼阶段和垂直起降阶段的载荷,在应急状态下的阶段切换，应能承受阶段突然快速切换引起的载荷,起飞与着陆系统应具备良好的标准化设计,起飞与着陆系统应具备良好的电磁兼容性,,ABCDE,3（中）,5（好）,,,,,,,,,
卷三B12,B-B-C-006,B（单选题）,,在垂直起降固定翼无人机的起飞与着陆系统的联调过程中，为了确保各组件之间的兼容性和整体性能最优化，（）步骤最为关键。,确保垂直起飞和降落过程中的最大升力系数达到设计值,测试从垂直模式转换到水平飞行模式的时间效率,验证传感器与控制系统之间的数据传输准确性,综合测试所有组件在不同环境条件下的协同工作性能,,,D,3（中）,5（好）,,,,,,,,,
卷四C7,B-B-C-006,C（判断题）,,在进行垂直起降固定翼无人机起飞与着陆系统的联调时，最有效的做法是首先单独测试每个组件的最大性能参数，然后再进行整体系统的集成测试，以确保各组件能够在极限条件下协同工作。（）,正确,错误,,,,,B,3（中）,5（好）,,,,,,,,,
卷五D8,B-B-C-006,D（多选题）,,垂直起降固定翼无人机在进行起飞与着陆系统联调时，（）方法是常用的调试手段。,使用自动化飞行任务规划软件进行起降路径优化,调整飞控系统的PID参数，提升飞行稳定性,增加起降平台的反应速度，以适应快速的起降需求,通过地面测试调节电池管理系统以优化电池续航, 采用气动模拟软件预测无人机起降过程中的气动特性,,AB,3（中）,5（好）,,,,,,,,,
卷六D7,B-B-C-006,D（多选题）,,在垂直起降固定翼无人机的起飞与着陆系统联调过程中，（）环节是需要重点关注的。,起降过程中的动力系统稳定性与响应速度,飞行控制系统与传感器的配合和数据融合精度,无人机飞行高度与电池电量之间的关系,起降过程中环境条件对飞行的影响,电池电压的实时监测与调整，确保航时不受影响,,ABD,3（中）,5（好）,,,,,,,,,
卷四B12,B-B-C-007,B（单选题）,,在评估气垫着陆系统的性能时，（）指标对于确保飞行器能够在复杂和多变的环境中安全、稳定地着陆最为关键。,气垫充气速度的最大值,系统对不同地面类型的适应性和稳定性,气垫材料的抗磨损性能,着陆过程中产生的噪音水平,,,B,3（中）,5（好）,,,,,,,,,
卷五C7,B-B-C-007,C（判断题）,,在评估气垫着陆系统的性能时，最重要的指标是气垫充气速度的最大值，因为快速充气可以确保飞行器在接触地面之前达到最佳缓冲状态，而对不同地面类型的适应性则为次要考虑因素。（）,正确,错误,,,,,B,3（中）,5（好）,,,,,,,,,
卷六D8,B-B-C-007,D（多选题）,,在评估气垫着陆系统的性能时，（）因素是关键指标。,气垫完全充气所需的时间及其对快速着陆的影响,系统在不同载荷条件下的稳定性和吸收冲击的能力,气垫材料的耐用性及在极端温度下的表现,着陆过程中产生的噪音水平和其对环境的影响,气垫系统与飞行控制系统的协同工作能力,,ABCE,3（中）,5（好）,,,,,,,,,
卷七D7,B-B-C-007,D（多选题）,,为了提高气垫着陆系统的整体性能，（）措施是合理的改进方向。,使用更轻质且高强度的材料制造气垫，以减轻重量并增强耐久性,引入智能控制系统，根据实时风速和地面类型自动调整气垫压力,开发冗余机制，如备用气源或多个独立的气垫单元，以提高可靠性,在多种地形上进行实地测试，包括但不限于硬质表面、草地和泥泞地面,增大气垫的尺寸以增加缓冲空间，即使这会显著增加无人机的整体重量,,ABCD,3（中）,5（好）,,,,,,,,,
卷五B12,B-B-C-008,B（单选题）,,在进行气垫着陆系统的联调时，为了确保系统各组件之间的兼容性和整体性能最优化，（）步骤最为关键。,测试气垫充气速度以确保其能在最短时间内达到最大缓冲效果,确认气垫材料的抗磨损性能以保证长期使用的耐久性,综合测试系统在不同地面类型和环境条件下的稳定性和适应性,验证控制系统与传感器之间的数据传输准确性，确保精确控制,,,D,3（中）,5（好）,,,,,,,,,
卷六C7,B-B-C-008,C（判断题）,,在进行气垫着陆系统的联调时，最有效的做法是优先测试系统在极端环境条件下的性能，以确保各组件能够在极限条件下正常工作，然后再进行常规环境下的综合测试。（）,正确,错误,,,,,B,3（中）,5（好）,,,,,,,,,
卷七D8,B-B-C-008,D（多选题）,,在气垫着陆系统的联合调试过程中，以下（）步骤是确保系统安全性和可靠性所必需的。,在不同负载条件下测试气垫充气和放气的速度与效率,根据无人机的最大起飞重量调整气垫尺寸，以保证着陆时的缓冲效果,测试气垫材料在极端温度条件下的耐用性，以评估其长期使用性能,确认气垫着陆系统与无人机飞行控制系统的协调工作，确保平稳过渡到着陆模式,检查气垫系统电源供应的稳定性，避免因电力不足导致的操作失败,,ADE,3（中）,5（好）,,,,,,,,,
卷八D7,B-B-C-008,D（多选题）,,为了优化气垫着陆系统的联调方法，下列（）措施可以有效提升系统的整体性能。,增大气垫的厚度，以增加缓冲空间，即使这会增加无人机的整体重量,开发智能控制系统，根据实时风速和地面类型自动调节气垫压力,引入冗余的气源或气垫单元，以防止单点故障影响整个着陆过程,在多种地形上进行实地测试，包括但不限于硬质表面、草地和泥泞地面,减少气垫的充气时间，即便这样做可能会降低气垫的耐用性,,BCD,3（中）,5（好）,,,,,,,,,
卷六B12,B-B-C-009,B（单选题）,,在评估垂直着陆飞行系统的性能时，（）指标对于确保飞行器能够在复杂和多变的环境中安全、稳定地完成着陆最为关键。,垂直降落过程中的最大下降速度,系统对不同地面类型和环境条件的适应性与稳定性,着陆过程中发动机推力调整的响应时间,气动控制面（如襟翼、副翼）的最大偏转角度,,,B,3（中）,5（好）,,,,,,,,,
卷七C7,B-B-C-009,C（判断题）,,在评估垂直着陆飞行系统的性能时，最优先考虑的指标是发动机推力调整的响应时间，因为快速响应可以确保飞行器在复杂环境中精确控制下降速度和姿态，而对不同地面类型和环境条件的适应性则为次要因素。（）,正确,错误,,,,,B,3（中）,5（好）,,,,,,,,,
卷八D8,B-B-C-009,D（多选题）,,评估垂直着陆飞行系统（如多旋翼无人机或垂直起降固定翼飞机）的性能时，（）因素是关键指标。,着陆精度，即无人机能够准确降落在预定位置的能力,系统重量对最大有效载荷的影响,飞行器在着陆过程中的稳定性，特别是在有风条件下的表现,着陆时发动机或电机的噪音水平,从悬停到着陆转换过程中飞行控制系统的响应速度和准确性,,ACE,3（中）,5（好）,,,,,,,,,
卷九D7,B-B-C-009,D（多选题）,,为了提高垂直着陆飞行系统的整体性能，（）措施是合理的改进方向。,提高电池能量密度以增加续航时间，即使这可能增加飞行器的总重量,引入先进的传感器技术，如激光雷达或视觉系统，以增强自动着陆能力,增强飞行控制器算法，以便更好地处理复杂的着陆场景,改进推进系统的设计，使飞行器能够在更低的速度下保持稳定悬停,减少着陆腿或其他接触地面结构的复杂度，以简化维护,,BCD,3（中）,5（好）,,,,,,,,,
卷七B12,B-B-C-010,B（单选题）,,在进行垂直着陆系统的联调时，为了确保各组件之间的兼容性和整体性能最优化，下列（）步骤最为关键。,优先测试发动机推力调整的响应时间以确保快速控制下降速度和姿态,确认传感器与控制系统之间的数据传输准确性以保证精确控制,综合测试系统在不同地面类型和环境条件下的稳定性和适应性,验证气动控制面（如襟翼、副翼）的最大偏转角度以优化飞行性能,,,C,3（中）,5（好）,,,,,,,,,
卷八C7,B-B-C-010,C（判断题）,,在进行垂直着陆系统的联调时，最有效的做法是首先单独测试每个组件的最大性能参数（如发动机推力、传感器精度），然后再进行整体系统的集成测试，以确保各组件能够在极限条件下协同工作。（）,正确,错误,,,,,B,3（中）,5（好）,,,,,,,,,
卷九D8,B-B-C-010,D（多选题）,,在垂直着陆系统的联合调试过程中，（）步骤是确保系统安全性和可靠性所必需的。,测试不同载荷条件下，着陆支架吸收冲击的能力,校准传感器以精确测量飞行器相对于地面的高度和速度,确认飞行控制软件能够在各种风速条件下自动调整着陆姿态,检查所有电气连接的稳固性，确保信号传输无干扰,对着陆点进行标记，以便视觉系统能够识别并精确定位,,ABCD,3（中）,5（好）,,,,,,,,,
卷十D7,B-B-C-010,D（多选题）,,为了优化垂直着陆系统的联调方法，（）措施可以有效提升系统的整体性能。,引入冗余设计，如备用着陆支架或多个高度传感器，以防止单点故障影响着陆,开发智能控制系统，根据实时环境数据动态调整着陆参数,在多种地形上进行实地测试，包括但不限于硬质表面、草地和泥泞地面,增加着陆系统的重量，以增强其稳定性和抗风能力,设计自动化的故障检测与恢复机制，确保即使出现问题也能安全着陆,,ABCE,3（中）,5（好）,,,,,,,,,
卷八B12,B-B-C-011,B（单选题）,,在评估起落架着陆系统的性能时，（）指标对于确保飞行器能够在复杂和多变的环境中安全、稳定地完成着陆最为关键。,起落架展开和收回的速度,系统对不同地面类型和环境条件的适应性与稳定性,减震装置的最大承受冲击力,轮胎材料的抗磨损性能,,,B,3（中）,5（好）,,,,,,,,,
卷九C7,B-B-C-011,C（判断题）,,在评估起落架着陆系统的性能时，最优先考虑的指标是减震装置的最大承受冲击力，因为强大的减震能力可以确保飞行器在硬着陆或不平整地面上安全着陆，而对不同地面类型和环境条件的适应性则为次要因素。（）,正确,错误,,,,,B,3（中）,5（好）,,,,,,,,,
卷十D8,B-B-C-011,D（多选题）,,在评估起落架着陆系统的性能时，（）因素是关键指标。,着陆时起落架吸收冲击能量的能力，以保护飞行器和载荷,起落架的重量及其对飞行器总重量和有效载荷的影响,起落架展开和回收的速度及可靠性，在紧急情况下尤为重要,系统在不同地面类型上的适应性和稳定性表现,起落架材料的颜色与外观设计,,ABCD,3（中）,5（好）,,,,,,,,,
卷九B12,B-B-C-012,B（单选题）,,在进行起落架着陆系统的联调时，为了确保各组件之间的兼容性和整体性能最优化，（）步骤最为关键。,优先测试减震装置的最大承受冲击力以确保硬着陆的安全性,综合测试系统在不同地面类型和环境条件下的稳定性和适应性,确认起落架展开和收回的速度以保证操作效率,验证轮胎材料的抗磨损性能以确保长期使用的耐久性,,,B,3（中）,5（好）,,,,,,,,,
卷十C7,B-B-C-012,C（判断题）,,在进行起落架着陆系统的联调时，最有效的做法是优先测试系统在极限条件（如最大冲击力、极端温度）下的性能，以确保各组件能够在极端环境中正常工作，然后再进行常规环境下的综合测试。（）,正确,错误,,,,,B,3（中）,5（好）,,,,,,,,,
卷一C8,B-C-A-003,C（判断题）,,在检测固定翼无人机的异常振动时，最有效的方法是依赖飞行员的经验和感觉来识别飞行中的振动变化，而使用传感器数据进行分析则为次要手段。（）,正确,错误,,,,,B,3（中）,5（好）,,,,,,,,,
卷二C8,B-C-A-004,C（判断题）,,在检测固定翼无人机的异响时，结合使用音频分析软件和传感器数据进行综合评估是有效的方法，因为这种方法不仅能识别异常声音，还能通过振动模式关联潜在的机械故障源。（）,正确,错误,,,,,A,3（中）,5（好）,,,,,,,,,
卷一C9,B-C-A-005,C（判断题）,,在诊断多旋翼无人机的异常振动时，结合使用振动传感器数据分析和飞行日志审查是有效的方法，因为这种方法不仅能够捕捉到实时振动特征，还能通过飞行参数（如电机转速、螺旋桨负载）的变化来关联潜在的机械或控制问题。(),正确,错误,,,,,A,3（中）,5（好）,,,,,,,,,
卷三C8,B-C-A-005,C（判断题）,,在诊断多旋翼无人机的异常振动时，采用频谱分析结合机器学习算法处理振动数据是有效的方法，因为这种方法不仅能够自动识别振动模式中的异常特征，还能通过历史数据的学习预测潜在故障的发展趋势。（）,正确,错误,,,,,A,3（中）,5（好）,,,,,,,,,
卷二C9,B-C-A-006,C（判断题）,,在诊断多旋翼无人机的异响时，依靠飞行员的经验和听觉来识别异常声音是有效的方法，因为飞行员能够根据长期积累的经验快速定位问题所在，而使用音频分析软件则为次要手段。（）,正确,错误,,,,,B,3（中）,5（好）,,,,,,,,,
卷四C8,B-C-A-006,C（判断题）,,在诊断多旋翼无人机的异响时，采用音频指纹技术和机器学习算法处理声音数据是有效的方法，因为这种方法不仅能够自动识别不同类型的异常声音特征，还能通过历史数据的学习预测潜在机械故障的发展趋势。（）,正确,错误,,,,,A,3（中）,5（好）,,,,,,,,,
卷三C9,B-C-A-007,C（判断题）,,在诊断固定翼无人机的异常振动时，依赖飞行员的感觉和飞行日志记录是主要手段，因为飞行员的经验可以快速识别问题，而使用传感器数据进行详细分析则是次要辅助。（）,正确,错误,,,,,B,3（中）,5（好）,,,,,,,,,
卷五C8,B-C-A-007,C（判断题）,,在诊断固定翼无人机的异常振动时，采用振动频谱分析结合机器学习算法处理振动数据是有效的方法，因为这种方法不仅能自动识别振动模式中的异常特征，还能通过历史数据的学习预测潜在机械故障的发展趋势，从而实现早期预警和维护优化。（）,正确,错误,,,,,A,3（中）,5（好）,,,,,,,,,
卷一D9,B-C-A-008,D（多选题）,,在对一架固定翼无人机进行飞行前检查时，技术人员听到了来自无人机内部的异常声响。为了确保安全飞行并及时修复潜在问题，技术人员需要采取一系列步骤来诊断和解决问题。（）方法是有效的异响诊断手段。,使用高灵敏度声学传感器阵列定位异响源，并通过频谱分析确定噪音类型，从而判断可能的故障点。,检查无人机的所有紧固件是否松动，特别是螺旋桨、发动机支架以及控制面连接处，因为这些部位的松动可能会导致振动或撞击声。,通过调整无人机的姿态角来进行地面测试，观察不同姿态下异响的变化情况，以此推测故障位置与特定运动状态之间的关系。,对无人机的电力系统进行全面检测，包括电池电压、电流输出稳定性及各电子设备的工作温度，以排除由于电力供应不稳定造成的电机或其他电器元件的不正常工作声音。,尝试更换不同的遥控器或地面站软件版本，观察异响是否会消失，以此评估是否存在信号干扰或软件兼容性问题引起的非机械性噪声。,,ABCD,3（中）,5（好）,,,,,,,,,
卷四C9,B-C-A-008,C（判断题）,,在诊断固定翼无人机的异响时，结合使用音频分析软件和飞行参数（如电机转速、螺旋桨负载）进行综合评估是有效的方法，因为这种方法不仅能识别异常声音特征，还能通过关联飞行数据发现潜在的机械或控制问题。（）,正确,错误,,,,,A,3（中）,5（好）,,,,,,,,,
卷六C8,B-C-A-008,C（判断题）,,在诊断固定翼无人机的异响时，采用机器学习算法处理音频数据是次要手段，因为飞行员的经验和感觉才是最可靠的方法来识别和定位异响源。（）,正确,错误,,,,,B,3（中）,5（好）,,,,,,,,,
卷二D9,B-C-A-009,D（多选题）,,在多旋翼无人机飞行过程中，如果遇到异常振动问题，不仅会影响飞行稳定性，还可能导致设备损坏或安全隐患。为了有效解决这一问题，需要根据具体情况进行详细的故障排查和维修。（）步骤是针对多旋翼无人机异常振动的有效维修方案。,校准飞控系统的惯性测量单元（IMU），以确保传感器数据准确无误，并且进行适当的固件更新来优化控制算法。,检查并更换所有螺旋桨，即使它们看起来完好无损，因为即使是轻微的不平衡也会导致显著的振动。,通过增加额外的减震垫或调整现有的减震装置位置，以减少从动力系统传递到机身的振动。,对电机进行性能测试，包括空载电流、转速响应等参数，判断是否存在电机故障或磨损迹象；对于有问题的电机应立即更换。,紧固所有连接部位的螺丝和螺母，特别是电机安装座、机臂连接处以及电池固定架，防止因松动引起的共振或额外振动。,,ABCDE,3（中）,5（好）,,,,,,,,,
卷五C9,B-C-A-009,C（判断题）,,在处理多旋翼无人机异常振动问题时，如果发现螺旋桨存在轻微的形变或磨损，即使无人机仍能正常飞行且振动不明显，也应立即更换所有螺旋桨。此外，更换螺旋桨后不需要再进行动平衡调整，因为新螺旋桨出厂时已经过严格的质量控制，确保了完美的平衡。（）,正确,错误,,,,,B,3（中）,5（好）,,,,,,,,,
卷七C8,B-C-A-009,C（判断题）,,当多旋翼无人机出现异常振动时，一个有效的诊断步骤是检查电机与电调（ESC）之间的连接线缆是否有松动或接触不良的情况。同时，为了进一步验证电机是否工作正常，可以在不通电的情况下手动旋转每个电机轴，通过手感来评估电机内部是否存在卡顿或其他异常阻力。（）,正确,错误,,,,,B,3（中）,5（好）,,,,,,,,,
卷三D9,B-C-A-010,D（多选题）,,当多旋翼无人机在飞行或地面测试时出现异常声响，可能是由多种因素引起的。为了准确诊断并修复这些问题，技术人员需要采取一系列综合措施。（）方法是针对多旋翼无人机异响的有效维修步骤。,使用高灵敏度声学传感器阵列定位异响源，并通过频谱分析确定噪音类型，从而判断可能的故障点。,检查所有螺旋桨是否存在裂纹、变形或其他物理损伤，并检查螺旋桨与电机轴之间的安装是否牢固无松动。,对每个电机进行性能测试，包括空载电流、转速响应等参数，以排除电机故障或磨损的可能性；对有问题的电机应立即更换。,紧固所有连接部位的螺丝和螺母，特别是电机安装座、机臂连接处以及电池固定架，防止因松动引起的额外振动或撞击声。,在无人机完全断电的情况下，手动旋转螺旋桨检查是否有卡顿或者摩擦的声音，同时检查螺旋桨轴与电机之间的对准情况。,,ABCDE,3（中）,5（好）,,,,,,,,,
卷六C9,B-C-A-010,C（判断题）,,当多旋翼无人机出现异常声响时，检查螺旋桨是否存在物理损伤（如裂纹、变形）是必要的。然而，即使发现并更换了有问题的螺旋桨，如果未进行动平衡调整，新的螺旋桨仍可能导致类似或新的异响问题。（）,正确,错误,,,,,A,3（中）,5（好）,,,,,,,,,
卷八C8,B-C-A-010,C（判断题）,,在排查多旋翼无人机异响的过程中，对电子调速器（ESC）的工作状态进行检查是无关紧要的，因为ESC的主要作用是调节电机转速，而不会影响到机械部件发出的声音。（）,正确,错误,,,,,B,3（中）,5（好）,,,,,,,,,
卷一B13,B-C-A-011,B（单选题）,,在固定翼无人机出现异常振动的情况下，（）措施不能直接解决由机械部件引发的振动问题。,调整飞控系统的PID控制器增益以优化控制算法，减少不必要的振动。,检查并紧固所有关键连接部位的螺丝和螺母，特别是机翼与机身连接处、发动机支架及螺旋桨安装点。,使用高精度动平衡仪对螺旋桨进行精确的动平衡调整，确保其旋转时的质量分布均匀。,更换有磨损迹象或性能下降的电机，并对新电机进行全面测试，包括空载电流和转速响应等参数。,,,A,3（中）,5（好）,,,,,,,,,
卷四D9,B-C-A-011,D（多选题）,,当遇到固定翼无人机异常振动的问题时，采取（）步骤可以帮助技术人员有效地诊断并修复这一问题。,使用声学传感器阵列定位异响源，并通过频谱分析确定噪音类型，从而判断可能的故障点。,仅依靠手动旋转螺旋桨来评估是否有卡顿或摩擦的声音，而不借助任何工具或仪器进一步检测。,对无人机的所有紧固件进行全面检查，确保没有松动的情况，并适当紧固。,检查并调整电子调速器（ESC）的工作状态，确保其能够稳定地为电机供电，排除信号干扰或硬件故障的影响。,在无人机完全断电的情况下，手动检查各活动部件的自由度，如舵面的灵活性和无阻碍运动。,,ACDE,3（中）,5（好）,,,,,,,,,
卷七C9,B-C-A-011,C（判断题）,,在处理固定翼无人机异常振动问题时，如果发现机翼与机身连接处的紧固件有轻微松动，但无人机仍能正常飞行且振动不明显，可以暂时忽略这个问题，等到下一次定期维护时再进行检查和紧固。（）,正确,错误,,,,,B,3（中）,5（好）,,,,,,,,,
卷九C8,B-C-A-011,C（判断题）,,对于固定翼无人机的异常振动问题，可以通过调整飞控系统的参数来部分缓解，特别是优化与振动抑制相关的PID控制器增益。然而，如果根本原因在于机械部件（例如螺旋桨不平衡或发动机安装不当），那么单纯依靠飞控系统调整无法彻底解决问题。(),正确,错误,,,,,A,3（中）,5（好）,,,,,,,,,
卷二B13,B-C-A-012,B（单选题）,,在排查固定翼无人机异响的过程中，（）措施不能直接解决由电气系统不稳定导致的异响问题。,调整飞控系统的PID控制器增益以优化控制算法，减少不必要的振动。,检查并紧固所有关键连接部位的螺丝和螺母，特别是机翼与机身连接处、发动机支架及螺旋桨安装点。,使用高精度动平衡仪对螺旋桨进行精确的动平衡调整，确保其旋转时的质量分布均匀。,对电子调速器（ESC）的工作状态进行全面检测，确保其能够稳定地为电机供电，并检查是否有信号干扰或硬件故障影响电机的正常运行。,,,B,3（中）,5（好）,,,,,,,,,
卷五D9,B-C-A-012,D（多选题）,,当遇到固定翼无人机异响的问题时，采取（）步骤可以帮助技术人员有效地诊断并修复这一问题。,使用声学传感器阵列定位异响源，并通过频谱分析确定噪音类型，从而判断可能的故障点。,仅依靠手动旋转螺旋桨来评估是否有卡顿或摩擦的声音，而不借助任何工具或仪器进一步检测。,校准飞控系统的惯性测量单元（IMU），确保传感器数据准确无误，并进行适当的固件更新来优化控制算法。,检查并调整电子调速器（ESC）的工作状态，确保其能够稳定地为电机供电，排除信号干扰或硬件故障的影响。,对螺旋桨进行动平衡调整，确保其旋转时的质量分布均匀，以减少由于不平衡造成的振动。,,ACDE,3（中）,5（好）,,,,,,,,,
卷八C9,B-C-A-012,C（判断题）,,在处理固定翼无人机异响问题时，即使所有机械部件（如螺旋桨、发动机、传动系统）都经过了详细检查且未发现明显问题，仍需考虑电气系统的潜在影响。例如，电子调速器（ESC）的信号干扰或不稳定供电可能会间接导致电机运转异常，进而产生异响。（）,正确,错误,,,,,A,3（中）,5（好）,,,,,,,,,
卷十C8,B-C-A-012,C（判断题）,,对于固定翼无人机出现的异响问题，仅通过更换新的、看似无损的螺旋桨就能彻底解决问题，无需进一步进行动平衡调整或检查其他潜在的机械或电气因素。（）,正确,错误,,,,,B,3（中）,5（好）,,,,,,,,,
卷三B13,B-C-A-013,B（单选题）,,在处理多旋翼无人机异常振动的问题时，（）措施最不可能直接解决由机械部件引发的振动问题。,调整飞控系统的PID控制器增益以优化控制算法，减少不必要的振动。,检查并紧固所有关键连接部位的螺丝和螺母，特别是电机安装座、机臂连接处及螺旋桨安装点。,使用高精度动平衡仪对螺旋桨进行精确的动平衡调整，确保其旋转时的质量分布均匀。,更换有磨损迹象或性能下降的电机，并对新电机进行全面测试，包括空载电流和转速响应等参数。,,,A,3（中）,5（好）,,,,,,,,,
卷六D9,B-C-A-013,D（多选题）,,当遇到多旋翼无人机异常振动的问题时，采取（）步骤可以帮助技术人员有效地诊断并修复这一问题。,对螺旋桨进行动平衡调整，确保其旋转时的质量分布均匀，以减少由于不平衡造成的振动。,尝试更换不同的遥控器或地面站软件版本，观察异响是否会消失，以此评估是否存在信号干扰或软件兼容性问题。,仅依靠手动旋转螺旋桨来评估是否有卡顿或摩擦的声音，而不借助任何工具或仪器进一步检测。,对无人机的所有紧固件进行全面检查，确保没有松动的情况，并适当紧固。,校准飞控系统的惯性测量单元（IMU），确保传感器数据准确无误，并进行适当的固件更新来优化控制算法。,,ADE,3（中）,5（好）,,,,,,,,,
卷九C9,B-C-A-013,C（判断题）,,在处理多旋翼无人机异常振动的问题时，技术人员首先应通过调整飞控系统的PID控制器增益来优化控制算法，以减少不必要的振动。只有当这种软件级别的调整未能解决问题时，才需要进一步检查机械部件如螺旋桨、电机及连接件的状态。此外，如果在飞行中观察到振动随速度或负载变化而加剧，则表明问题很可能源自于电子调速器（ESC）的不稳定供电或信号干扰，而非单纯的机械故障。（）,正确,错误,,,,,B,3（中）,5（好）,,,,,,,,,
卷四B13,B-C-A-014,B（单选题）,,在处理多旋翼无人机异响问题时，（）措施最不可能直接解决由机械部件引发的异响问题。,使用高灵敏度声学传感器阵列定位异响源，并通过频谱分析确定噪音类型，从而判断可能的故障点。,检查所有螺旋桨是否存在裂纹、变形或其他物理损伤，并检查螺旋桨与电机轴之间的安装是否牢固无松动。,对每个电机进行全面性能测试，包括空载电流、转速响应等参数，以排除电机故障或磨损的可能性；对有问题的电机应立即更换。,重新校正GPS模块和磁罗盘，确保导航系统的精度不受异常振动的影响，以此间接改善异响问题。,,,D,3（中）,5（好）,,,,,,,,,
卷七D9,B-C-A-014,D（多选题）,,当遇到多旋翼无人机异响的问题时，采取（）步骤可以帮助技术人员有效地诊断并修复这一问题。,使用声学传感器阵列定位异响源，并通过频谱分析确定噪音类型，从而判断可能的故障点,检查所有螺旋桨是否存在裂纹、变形或其他物理损伤，并检查螺旋桨与电机轴之间的安装是否牢固无松动,对每个电机进行全面性能测试，包括空载电流、转速响应等参数，以排除电机故障或磨损的可能性；对有问题的电机应立即更换,紧固所有连接部位的螺丝和螺母，特别是电机安装座、机臂连接处以及电池固定架，防止因松动引起的额外振动或撞击声,在无人机完全断电的情况下，手动旋转螺旋桨检查是否有卡顿或者摩擦的声音，同时检查螺旋桨轴与电机之间的对准情况,,ABCDE,3（中）,5（好）,,,,,,,,,
卷十C9,B-C-A-014,C（判断题）,,在处理多旋翼无人机异响问题时，技术人员应首先通过调整飞控系统的PID控制器增益来优化控制算法，以减少不必要的振动和噪音。如果调整后问题依旧存在，则应该进一步检查机械部件如螺旋桨、电机及连接件的状态，并且，在飞行中观察到振动或异响随速度或负载变化而加剧的情况下，可以排除电子调速器（ESC）不稳定供电或信号干扰作为可能的原因。（）,正确,错误,,,,,B,3（中）,5（好）,,,,,,,,,
卷五B13,B-C-A-015,B（单选题）,,在处理固定翼无人机异常振动的问题时，（）措施不能直接解决由机械部件引发的振动问题。,使用高灵敏度声学传感器阵列定位振动源，并通过频谱分析确定振动类型，从而判断可能的故障点。,检查并紧固所有关键连接部位的螺丝和螺母，特别是机翼与机身连接处、发动机支架及螺旋桨安装点。,对螺旋桨进行动平衡调整，确保其旋转时的质量分布均匀，以减少由于不平衡造成的振动。,调整飞控系统的惯性测量单元（IMU）校准，并更新飞控系统固件来优化控制算法，以减少不必要的振动。,,,D,3（中）,5（好）,,,,,,,,,
卷八D9,B-C-A-015,D（多选题）,,当遇到固定翼无人机异常振动的问题时，采取（）步骤可以帮助技术人员有效地诊断并修复这一问题。,仅依靠手动旋转螺旋桨来评估是否有卡顿或摩擦的声音，而不借助任何工具或仪器进一步检测,对无人机的所有紧固件进行全面检查，确保没有松动的情况，并适当紧固,尝试更换不同的遥控器或地面站软件版本，观察振动是否会消失，以此评估是否存在信号干扰或软件兼容性问题,校准飞控系统的惯性测量单元（IMU），确保传感器数据准确无误，并进行适当的固件更新来优化控制算法,对螺旋桨进行动平衡调整，确保其旋转时的质量分布均匀，以减少由于不平衡造成的振动,,BDE,3（中）,5（好）,,,,,,,,,
卷六B13,B-C-A-016,B（单选题）,,在固定翼无人机飞行过程中，如果出现不明异响，最合适的初步排查方法是（）。,立即降落并拆解整个动力系统进行检查,继续飞行至任务结束再行检查,通过地面站监控数据，结合声音特征判断可能的故障源,调整飞行参数试图掩盖噪音,,,C,3（中）,5（好）,,,,,,,,,
卷九D9,B-C-A-016,D（多选题）,,当确定固定翼无人机存在机械异响时，（）步骤应当包含在一个系统的维修方案中。,检查螺旋桨是否有损伤或不平衡现象,更换所有可能引起异响的部件而不做具体分析,分析飞行日志中的振动数据以定位潜在问题,校准ESC（电子调速器）与电机之间的同步性,忽视轻微异响，除非影响飞行性能,,ACD,3（中）,5（好）,,,,,,,,,
卷七B13,B-C-A-017,B（单选题）,,无人直升机在飞行过程中出现了异常振动，初步怀疑是由于机械部件磨损导致。（）不是推荐的直接应对措施。,立即降落，并对关键机械部件进行细致检查,检查并紧固所有可能松动的螺栓和连接件,在下一次飞行前通过软件升级来尝试解决问题,使用地面站数据分析工具评估振动模式,,,C,3（中）,5（好）,,,,,,,,,
卷十D9,B-C-A-017,D（多选题）,,当无人直升机出现异常振动时，一个全面的维修方案应该包括（）步骤。,仅替换最有可能造成振动的单一组件,对传动系统进行详细的物理检查，寻找磨损或损坏的迹象,分析飞行数据记录中的振动频谱，以辅助诊断具体故障位置,忽视轻微的振动，除非它明显影响到飞行安全或性能,校准旋翼平衡，确保旋转部件的均匀分布,,BCE,3（中）,5（好）,,,,,,,,,
卷八B13,B-C-A-018,B（单选题）,,在对无人直升机进行异响故障排查时，（）方法不能直接帮助确定异响来源。,分析飞行日志中的发动机转速与振动数据，寻找异常模式,在地面通过手动旋转主旋翼和尾旋翼，倾听并感知各组件的运转情况,升级无人直升机的飞控软件至最新版本，以优化系统性能,使用红外热成像仪检测机身及动力系统，识别过热或异常工作区域,,,C,3（中）,5（好）,,,,,,,,,
卷九B13,B-C-A-019,B（单选题）,,在诊断无人直升机异常振动的问题时，（）方法不能提供有效的故障定位信息。,通过地面站软件分析飞行过程中记录的加速度计和陀螺仪数据,在发动机怠速状态下，使用听诊器确定机体内部机械部件的具体噪音来源,对比当前与历史飞行日志中的振动频谱图，寻找突变点或异常模式,升级无人直升机的固件版本，以修复可能存在的软件缺陷,,,D,3（中）,5（好）,,,,,,,,,
卷十B13,B-C-A-020,B（单选题）,,在诊断无人直升机异响问题时，（）方法不能有效帮助确定异响的来源。,通过飞行日志数据分析引擎和旋翼系统的转速与振动模式,在地面进行无负载试运转，并使用声级计定位噪音源,升级无人直升机的任务规划软件以优化飞行路径,使用红外热成像技术检查发动机和传动系统，寻找异常温度分布,,,C,3（中）,5（好）,,,,,,,,,
卷一e2,B-C-A-001,D（简答题）,,请简述一种综合检测多旋翼无人机异常振动和异响的方法，并解释为什么这种方法在复杂环境中具有较高的可靠性和准确性。,,,,,,,"一种综合检测多旋翼无人机异常振动和异响的有效方法是结合使用振动传感器与频谱分析技术、音频分析软件与飞行参数监控系统，并通过机器学习算法进行数据处理和故障预测。

1. 异常振动的检测方法
振动传感器与频谱分析技术：

振动传感器可以实时监测无人机各部件（如电机、螺旋桨等）的振动情况，提供高精度的数据。这些数据能够反映机械部件的工作状态。
频谱分析将振动信号转换为频域表示，帮助识别出特定频率下的异常振动模式。例如，轴承磨损或不平衡的螺旋桨会在特定频率下产生明显的振动特征。
通过频谱分析，工程师可以快速定位潜在的机械故障源，并采取相应的维护措施。
2. 异响的检测方法
音频分析软件与飞行参数监控系统：

音频分析软件可以捕捉到飞行过程中产生的各种声音，并通过频谱分析等技术识别出异常的声音特征。该软件不仅能够识别出高频和低频噪声，还可以区分背景噪声和真正的异响源，确保检测结果的准确性。
飞行参数监控系统记录了包括电机转速、螺旋桨负载在内的多种飞行参数。这些数据的变化往往与机械部件的工作状态密切相关。通过将音频数据和飞行参数相结合，不仅可以准确地定位异响的来源，还能进一步分析其背后可能存在的机械或控制问题，如电机失衡、螺旋桨损坏或电子调速器故障等。
3. 整合与优化：机器学习算法的应用
机器学习算法：

机器学习算法可以通过对大量历史振动数据和音频数据的学习，自动识别出正常和异常模式之间的细微差别，并建立预测模型来评估潜在故障的发展趋势。
具体来说，机器学习算法可以：
分类与识别：自动区分正常和异常的振动及声音模式。
趋势预测：通过分析历史数据，预测潜在故障的发展趋势，提前预警并采取预防性维护措施。
故障关联：将振动数据和音频数据结合起来，找出两者之间的关联，从而更精确地定位故障源。
协同工作与综合优势
这种综合方法的优势在于：

多维度数据采集：通过振动传感器和音频分析软件，从不同角度获取无人机的状态信息，确保检测的全面性和准确性。
智能化分析：机器学习算法通过对大量历史数据的学习，提高了故障诊断的智能化水平，使得检测更加精准和前瞻性。
早期预警：通过结合振动和声音数据，可以实现早期预警，提前发现潜在问题，减少意外停机的风险，保障飞行安全。                                                                                                                               答题要点：                                                                                                                                                                                                                      1.异常振动的检测方法
（答到振动传感器、频谱分析技术并且用句得当即得2分）
2.异响的检测方法
（答到音频分析软件、飞行参数监控系统并且用句得当即得2分）
3.协同工作与综合优势
（答到多维度数据采集、智能化分析、早期预警三个方面的其中两个并且用句得当即得1分）
评分标准:
按答题要点给分，要点全面完整给满分，若回答逻辑性、语言严谨性不强可扣1分，要点欠缺按分值扣分，部分要点回答不全面缺1个方面扣1分，扣完为止。",3（中）,5（好）,,,,,,,,,
卷二e2,B-C-A-002,D（简答题）,,请简述一种综合检测固定翼无人机异常振动和多旋翼无人机异响的方法，并解释为什么这种方法在复杂环境中具有较高的可靠性和准确性。,,,,,,,"一种综合检测固定翼无人机异常振动和多旋翼无人机异响的有效方法是结合使用振动传感器与频谱分析技术、音频分析软件与飞行参数监控系统，并通过机器学习算法进行数据处理和故障预测。

1. 固定翼无人机异常振动的检测方法
振动传感器与频谱分析技术：

振动传感器可以实时监测固定翼无人机各关键部件（如发动机、螺旋桨、机身结构等）的振动情况，提供高精度的数据。这些数据能够反映机械部件的工作状态。
频谱分析将振动信号转换为频域表示，帮助识别出特定频率下的异常振动模式。例如，发动机轴承磨损或不平衡的螺旋桨会在特定频率下产生明显的振动特征。
通过频谱分析，工程师可以快速定位潜在的机械故障源，并采取相应的维护措施。
2. 多旋翼无人机异响的检测方法
音频分析软件与飞行参数监控系统：

音频分析软件可以捕捉到多旋翼无人机飞行过程中产生的各种声音，并通过频谱分析等技术识别出异常的声音特征。该软件不仅能够识别出高频和低频噪声，还可以区分背景噪声和真正的异响源，确保检测结果的准确性。
飞行参数监控系统记录了包括电机转速、螺旋桨负载在内的多种飞行参数。这些数据的变化往往与机械部件的工作状态密切相关。通过将音频数据和飞行参数相结合，不仅可以准确地定位异响的来源，还能进一步分析其背后可能存在的机械或控制问题，如电机失衡、螺旋桨损坏或电子调速器故障等。
3. 协同工作与综合优势
这种综合方法的优势在于：

多维度数据采集：通过振动传感器和音频分析软件，从不同角度获取无人机的状态信息，确保检测的全面性和准确性。振动传感器提供了机械部件的物理状态，而音频分析软件则提供了声学特征。
智能化分析：机器学习算法通过对大量历史数据的学习，提高了故障诊断的智能化水平，使得检测更加精准和前瞻性。通过机器学习算法，可以从海量数据中提取有价值的信息，显著提高故障诊断的效率。
早期预警：通过结合振动和声音数据，可以实现早期预警，提前发现潜在问题，减少意外停机的风险，保障飞行安全。例如，通过振动数据和音频数据的联合分析，可以在早期阶段发现发动机或螺旋桨的问题，避免严重的机械故障。                                                答题要点：                                                                                                                                                                                                                           1.固定翼无人机异常振动的检测方法
（答到振动传感器、频谱分析技术并且用句得当即得2分）
2.多旋翼无人机异响的检测方法
（答到音频分析软件、飞行参数监控系统并且用句得当即得2分）
3.协同工作与综合优势
（答到多维度数据采集、智能化分析、早期预警三个方面的其中两个并且用句得当即得1分）
评分标准:
按答题要点给分，要点全面完整给满分，若回答逻辑性、语言严谨性不强可扣1分，要点欠缺按分值扣分，部分要点回答不全面缺1个方面扣1分，扣完为止。",3（中）,5（好）,,,,,,,,,
卷三e2,B-C-A-003,D（简答题）,,请简述一种综合检测固定翼无人机异常振动和异响的方法，并解释为什么这种方法在复杂环境中具有较高的可靠性和准确性。,,,,,,,"一种综合检测固定翼无人机异常振动和异响的有效方法是结合使用振动传感器与频谱分析技术、音频分析软件与飞行参数监控系统，并通过机器学习算法进行数据处理和故障预测。

1. 固定翼无人机异常振动的检测方法
振动传感器与频谱分析技术：

振动传感器可以实时监测固定翼无人机各关键部件（如发动机、螺旋桨、机身结构等）的振动情况，提供高精度的数据。这些数据能够反映机械部件的工作状态。
频谱分析将振动信号转换为频域表示，帮助识别出特定频率下的异常振动模式。例如，发动机轴承磨损或不平衡的螺旋桨会在特定频率下产生明显的振动特征。
通过频谱分析，工程师可以快速定位潜在的机械故障源，并采取相应的维护措施。例如，通过对发动机振动频谱的分析，可以发现轴承磨损或轴不对中的问题。
2. 固定翼无人机异响的检测方法
音频分析软件与飞行参数监控系统：

音频分析软件可以捕捉到固定翼无人机飞行过程中产生的各种声音，并通过频谱分析等技术识别出异常的声音特征。该软件不仅能够识别出高频和低频噪声，还可以区分背景噪声和真正的异响源，确保检测结果的准确性。
飞行参数监控系统记录了包括发动机转速、油门位置、空气动力学负载在内的多种飞行参数。这些数据的变化往往与机械部件的工作状态密切相关。通过将音频数据和飞行参数相结合，不仅可以准确地定位异响的来源，还能进一步分析其背后可能存在的机械或控制问题，如发动机内部零件松动、螺旋桨损坏或机身结构问题。
3. 协同工作与综合优势
这种综合方法的优势在于：

多维度数据采集：通过振动传感器和音频分析软件，从不同角度获取无人机的状态信息，确保检测的全面性和准确性。振动传感器提供了机械部件的物理状态，而音频分析软件则提供了声学特征。
智能化分析：机器学习算法通过对大量历史数据的学习，提高了故障诊断的智能化水平，使得检测更加精准和前瞻性。通过机器学习算法，可以从海量数据中提取有价值的信息，显著提高故障诊断的效率。
早期预警：通过结合振动和声音数据，可以实现早期预警，提前发现潜在问题，减少意外停机的风险，保障飞行安全。例如，通过振动数据和音频数据的联合分析，可以在早期阶段发现发动机或螺旋桨的问题，避免严重的机械故障。                    答题要点：                                                                                                                                                                                                                            1. 固定翼无人机异常振动的检测方法
（答到振动传感器与频谱分析技术，并且用句得当即可得2分）
2. 固定翼无人机异响的检测方法
（答到音频分析软件与飞行参数监控系统，并且用句得当即可得2分）
3. 协同工作与综合优势
（答到多维度数据采集、智能化分析、早期预警三个方面并且用句得当即可得1分）
评分标准：
按答题要点给分，要点全面完整给满分，若回答逻辑性，语言严谨性不强可扣1分，要点欠缺按分值扣分，部分要点回答不全面缺1个方面扣1分，扣完为止。",3（中）,5（好）,,,,,,,,,
卷四e2,B-C-A-004,D（简答题）,,请简述一种综合诊断多旋翼无人机异常振动和检测固定翼无人机异响的方法，并解释为什么这种方法在复杂环境中具有较高的可靠性和准确性。,,,,,,,"一种综合诊断多旋翼无人机异常振动和检测固定翼无人机异响的有效方法是结合使用振动传感器与机器学习算法、音频分析软件与飞行参数监控系统，并通过数据融合技术进行综合处理和故障预测。

1. 多旋翼无人机异常振动的诊断方法
振动传感器与机器学习算法：

振动传感器可以实时监测多旋翼无人机各关键部件（如电机、螺旋桨、机身结构等）的振动情况，提供高精度的数据。这些数据能够反映机械部件的工作状态。
频谱分析将振动信号转换为频域表示，帮助识别出特定频率下的异常振动模式。例如，电机失衡或螺旋桨不平衡会在特定频率下产生明显的振动特征。
机器学习算法通过对大量历史振动数据的学习，自动识别出正常和异常振动之间的细微差别，并建立预测模型来评估潜在故障的发展趋势。例如，机器学习算法可以识别出不同类型的机械故障对应的振动特征，并预测故障的发展趋势，从而实现早期预警和预防性维护。（2分）
2. 固定翼无人机异响的检测方法
音频分析软件与飞行参数监控系统：

音频分析软件可以捕捉到固定翼无人机飞行过程中产生的各种声音，并通过频谱分析等技术识别出异常的声音特征。该软件不仅能够识别出高频和低频噪声，还可以区分背景噪声和真正的异响源，确保检测结果的准确性。
飞行参数监控系统记录了包括发动机转速、油门位置、空气动力学负载在内的多种飞行参数。这些数据的变化往往与机械部件的工作状态密切相关。通过将音频数据和飞行参数相结合，不仅可以准确地定位异响的来源，还能进一步分析其背后可能存在的机械或控制问题，如发动机内部零件松动、螺旋桨损坏或机身结构问题。（2分）
3. 协同工作与综合优势
这种综合方法的优势在于：

多维度数据采集：通过振动传感器、音频分析软件和飞行参数监控系统，从不同角度获取无人机的状态信息，确保检测的全面性和准确性。振动传感器提供了机械部件的物理状态，音频分析软件提供了声学特征，而飞行参数监控系统则提供了操作环境的相关数据。
智能化分析：机器学习算法通过对大量历史数据的学习，提高了故障诊断的智能化水平，使得检测更加精准和前瞻性。通过机器学习算法，可以从海量数据中提取有价值的信息，显著提高故障诊断的效率。
早期预警：通过结合振动和声音数据，可以实现早期预警，提前发现潜在问题，减少意外停机的风险，保障飞行安全。例如，通过振动数据和音频数据的联合分析，可以在早期阶段发现发动机或螺旋桨的问题，避免严重的机械故障。
数据融合增强可靠性：通过数据融合技术，将不同来源的数据进行整合和分析，可以提高故障诊断的准确性和可靠性。例如，通过将多旋翼无人机的振动数据与固定翼无人机的音频数据相结合，可以更全面地了解无人机的整体健康状况。（1分）                                                                                                                                                                                                                                     答题要点：                                                                                                                                                                                                                                1. 多旋翼无人机异常振动故障检测报告单的填写内容
（答到故障现象、诊断方法、检测结果三个方面并且用句得当即可得2分，其中诊断方法至少提到振动传感器、频谱分析、机器学习算法其中一种）
2. 固定翼无人机异响故障检测报告单的填写内容
（答到故障现象、诊断方法、检测结果三个方面并且用句得当即可得2分，其中诊断方法至少提到音频分析软件、飞行参数监控系统其中一种）
3. 协同工作与综合优势
（答到多维度数据采集、智能化分析、早期预警、数据融合增强可靠性四个方面其中两个并且用句得当即可得1分）
评分标准：
按答题要点给分，要点全面完整给满分。若回答逻辑性、语言严谨性不强可扣1分，要点欠缺按分值扣分，部分要点回答不全面缺1个方面扣1分，扣完为止。",3（中）,5（好）,,,,,,,,,
卷五e2,B-C-A-005,D（简答题）,,请简述一种综合诊断多旋翼无人机异常振动和异响的方法，并解释为什么这种方法在复杂环境中具有较高的可靠性和准确性。,,,,,,,"一种综合诊断多旋翼无人机异常振动和异响的有效方法是结合使用振动传感器与机器学习算法、音频分析软件与飞行参数监控系统，并通过数据融合技术进行综合处理和故障预测。

1. 多旋翼无人机异常振动的诊断方法
振动传感器与机器学习算法：

振动传感器可以实时监测多旋翼无人机各关键部件（如电机、螺旋桨、机身结构等）的振动情况，提供高精度的数据。这些数据能够反映机械部件的工作状态。
频谱分析将振动信号转换为频域表示，帮助识别出特定频率下的异常振动模式。例如，电机失衡或螺旋桨不平衡会在特定频率下产生明显的振动特征。
机器学习算法通过对大量历史振动数据的学习，自动识别出正常和异常振动之间的细微差别，并建立预测模型来评估潜在故障的发展趋势。例如，机器学习算法可以识别出不同类型的机械故障对应的振动特征，并预测故障的发展趋势，从而实现早期预警和预防性维护。
具体应用：通过训练神经网络模型，可以从振动数据中提取特征并分类，识别出常见的故障类型，如电机轴承磨损、螺旋桨不平衡等。（2分）
2. 多旋翼无人机异响的诊断方法
音频分析软件与飞行参数监控系统：

音频分析软件可以捕捉到多旋翼无人机飞行过程中产生的各种声音，并通过频谱分析等技术识别出异常的声音特征。该软件不仅能够识别出高频和低频噪声，还可以区分背景噪声和真正的异响源，确保检测结果的准确性。
飞行参数监控系统记录了包括电机转速、螺旋桨负载在内的多种飞行参数。这些数据的变化往往与机械部件的工作状态密切相关。通过将音频数据和飞行参数相结合，不仅可以准确地定位异响的来源，还能进一步分析其背后可能存在的机械或控制问题，如电机失衡、螺旋桨损坏或电子调速器故障等。
具体应用：音频分析软件可以通过声纹识别技术，识别出不同类型的异响，并将其与飞行参数监控系统的数据进行关联，从而确定异响的具体原因。（2分）
3. 协同工作与综合优势
这种综合方法的优势在于：

多维度数据采集：通过振动传感器、音频分析软件和飞行参数监控系统，从不同角度获取无人机的状态信息，确保检测的全面性和准确性。振动传感器提供了机械部件的物理状态，音频分析软件提供了声学特征，而飞行参数监控系统则提供了操作环境的相关数据。
智能化分析：机器学习算法通过对大量历史数据的学习，提高了故障诊断的智能化水平，使得检测更加精准和前瞻性。通过机器学习算法，可以从海量数据中提取有价值的信息，显著提高故障诊断的效率。
早期预警：通过结合振动和声音数据，可以实现早期预警，提前发现潜在问题，减少意外停机的风险，保障飞行安全。例如，通过振动数据和音频数据的联合分析，可以在早期阶段发现电机或螺旋桨的问题，避免严重的机械故障。
数据融合增强可靠性：通过数据融合技术，将不同来源的数据进行整合和分析，可以提高故障诊断的准确性和可靠性。例如，通过将振动数据与音频数据相结合，可以更全面地了解无人机的整体健康状况。（1分）                                       答题要点：                                                                                                                                                                                                                           1. 多旋翼无人机异常振动的诊断方法
（诊断方法至少答到振动传感器、机器学习算法并且用句得当即可得2分）
2. 多旋翼无人机异响的诊断方法
（诊断方法至少答到音频分析软件、飞行参数监控系统并且用句得当即可得2分）
3. 协同工作与综合优势
（答到多维度数据采集、智能化分析、早期预警、数据融合增强可靠性四个方面中两个并且用句得当即可得1分）
评分标准：
按答题要点给分，要点全面完整给满分。若回答逻辑性、语言严谨性不强可扣1分，要点欠缺按分值扣分，部分要点回答不全面缺1个方面扣1分，扣完为止。",3（中）,5（好）,,,,,,,,,
卷六e2,B-C-A-006,D（简答题）,,请简述一种综合诊断固定翼无人机异常振动和多旋翼无人机异响的方法，并解释为什么这种方法在复杂环境中具有较高的可靠性和准确性。,,,,,,,"一种综合诊断固定翼无人机异常振动和多旋翼无人机异响的有效方法是结合使用振动传感器与频谱分析技术、音频分析软件与飞行参数监控系统，并通过机器学习算法进行数据处理和故障预测。

1. 固定翼无人机异常振动的诊断方法
振动传感器与频谱分析技术：

振动传感器可以实时监测固定翼无人机各关键部件（如发动机、螺旋桨、机身结构等）的振动情况，提供高精度的数据。这些数据能够反映机械部件的工作状态。
频谱分析将振动信号转换为频域表示，帮助识别出特定频率下的异常振动模式。例如，发动机轴承磨损或不平衡的螺旋桨会在特定频率下产生明显的振动特征。
具体应用：通过频谱分析，工程师可以快速定位潜在的机械故障源，并采取相应的维护措施。例如，通过对发动机振动频谱的分析，可以发现轴承磨损或轴不对中的问题。此外，还可以使用机器学习算法对历史振动数据进行训练，自动识别出不同类型的故障模式。（2分）
2. 多旋翼无人机异响的诊断方法
音频分析软件与飞行参数监控系统：

音频分析软件可以捕捉到多旋翼无人机飞行过程中产生的各种声音，并通过频谱分析等技术识别出异常的声音特征。该软件不仅能够识别出高频和低频噪声，还可以区分背景噪声和真正的异响源，确保检测结果的准确性。
飞行参数监控系统记录了包括电机转速、螺旋桨负载在内的多种飞行参数。这些数据的变化往往与机械部件的工作状态密切相关。通过将音频数据和飞行参数相结合，不仅可以准确地定位异响的来源，还能进一步分析其背后可能存在的机械或控制问题，如电机失衡、螺旋桨损坏或电子调速器故障等。
具体应用：音频分析软件可以通过声纹识别技术，识别出不同类型的异响，并将其与飞行参数监控系统的数据进行关联，从而确定异响的具体原因。例如，某个特定频率的异响可能与电机失衡有关，而另一个频率的异响则可能与螺旋桨损坏有关。（2分）
3.协同工作与综合优势
这种综合方法的优势在于：

多维度数据采集：通过振动传感器和音频分析软件，从不同角度获取无人机的状态信息，确保检测的全面性和准确性。振动传感器提供了机械部件的物理状态，音频分析软件则提供了声学特征，而飞行参数监控系统则提供了操作环境的相关数据。
智能化分析：机器学习算法通过对大量历史数据的学习，提高了故障诊断的智能化水平，使得检测更加精准和前瞻性。通过机器学习算法，可以从海量数据中提取有价值的信息，显著提高故障诊断的效率。
早期预警：通过结合振动和声音数据，可以实现早期预警，提前发现潜在问题，减少意外停机的风险，保障飞行安全。例如，通过振动数据和音频数据的联合分析，可以在早期阶段发现发动机或螺旋桨的问题，避免严重的机械故障。
跨平台数据分析：将固定翼无人机的振动数据与多旋翼无人机的音频数据进行对比分析，找出共性和差异，从而制定通用的故障诊断标准和流程。这有助于提高整个无人机系统的可靠性。（1分）                                                     答题要点：                                                                                                                                                                                                                         
1.固定翼无人机异常振动的诊断方法
（答到振动传感器、频谱分析技术并且用句得当即得2分）
2. 多旋翼无人机异响的诊断方法
（答到音频分析软件、飞行参数监控系统并且用句得当即得2分）
3. 协同工作与综合优势
（答到多维度数据采集、智能化分析、早期预警、跨平台数据分析四个方面的其中两个并且用句得当即得1分）
评分标准:
按答题要点给分，要点全面完整给满分，若回答逻辑性、语言严谨性不强可扣1分，要点欠缺按分值扣分，部分要点回答不全面缺1个方面扣1分，扣完为止。",3（中）,5（好）,,,,,,,,,
卷七e2,B-C-A-007,D（简答题）,,请简述一种综合诊断固定翼无人机异常振动和异响的方法，并解释为什么这种方法在复杂环境中具有较高的可靠性和准确性。,,,,,,,"一种综合诊断固定翼无人机异常振动和异响的有效方法是结合使用振动传感器与频谱分析技术、音频分析软件与飞行参数监控系统，并通过机器学习算法进行数据处理和故障预测。

1. 固定翼无人机异常振动的诊断方法
振动传感器与频谱分析技术：

振动传感器可以实时监测固定翼无人机各关键部件（如发动机、螺旋桨、机身结构等）的振动情况，提供高精度的数据。这些数据能够反映机械部件的工作状态。
频谱分析将振动信号转换为频域表示，帮助识别出特定频率下的异常振动模式。例如，发动机轴承磨损或不平衡的螺旋桨会在特定频率下产生明显的振动特征。
具体应用：
频谱分析：通过对振动信号进行频谱分析，可以识别出不同频率下的振动成分。例如，低频振动可能与发动机问题相关，而高频振动可能与螺旋桨失衡有关。
机器学习算法：通过对大量历史振动数据的学习，机器学习算法可以自动识别出不同类型的故障模式，并建立预测模型来评估潜在故障的发展趋势。例如，神经网络可以训练来区分正常和异常的振动模式，并预测未来可能出现的问题。（2分）
2. 固定翼无人机异响的诊断方法
音频分析软件与飞行参数监控系统：

音频分析软件可以捕捉到固定翼无人机飞行过程中产生的各种声音，并通过频谱分析等技术识别出异常的声音特征。该软件不仅能够识别出高频和低频噪声，还可以区分背景噪声和真正的异响源，确保检测结果的准确性。
飞行参数监控系统记录了包括发动机转速、油门位置、空气动力学负载在内的多种飞行参数。这些数据的变化往往与机械部件的工作状态密切相关。通过将音频数据和飞行参数相结合，不仅可以准确地定位异响的来源，还能进一步分析其背后可能存在的机械或控制问题，如发动机内部零件松动、螺旋桨损坏或机身结构问题。
具体应用：
声纹识别：音频分析软件可以通过声纹识别技术，识别出不同类型的异响，并将其与飞行参数监控系统的数据进行关联，从而确定异响的具体原因。例如，某个特定频率的异响可能与发动机内部零件松动有关，而另一个频率的异响则可能与螺旋桨损坏有关。
多参数分析：通过结合飞行参数监控系统中的数据（如发动机转速、油门位置），可以更好地理解异响产生的条件和背景，从而更精确地定位故障源。（2分）
3.协同工作与综合优势
这种综合方法的优势在于：

多维度数据采集：通过振动传感器、音频分析软件和飞行参数监控系统，从不同角度获取无人机的状态信息，确保检测的全面性和准确性。振动传感器提供了机械部件的物理状态，音频分析软件提供了声学特征，而飞行参数监控系统则提供了操作环境的相关数据。
智能化分析：机器学习算法通过对大量历史数据的学习，提高了故障诊断的智能化水平，使得检测更加精准和前瞻性。通过机器学习算法，可以从海量数据中提取有价值的信息，显著提高故障诊断的效率。
早期预警：通过结合振动和声音数据，可以实现早期预警，提前发现潜在问题，减少意外停机的风险，保障飞行安全。例如，通过振动数据和音频数据的联合分析，可以在早期阶段发现发动机或螺旋桨的问题，避免严重的机械故障。
数据融合增强可靠性：通过数据融合技术，将不同来源的数据进行整合和分析，可以提高故障诊断的准确性和可靠性。例如，通过将振动数据与音频数据相结合，可以更全面地了解无人机的整体健康状况。（1分）                                         答题要点：                                                                                                                                                                                                                                                                                                                                                                                                                                                              1. 固定翼无人机异常振动的诊断方法
（答到振动传感器、频谱分析技术并且用句得当即得2分）
2. 固定翼无人机异响的诊断方法
（答到音频分析软件、飞行参数监控系统并且用句得当即得2分）
3. 协同工作与综合优势
（答到多维度数据采集、智能化分析、早期预警、数据融合增强可靠性四个方面的其中两个并且用句得当即得1分）
评分标准:
按答题要点给分，要点全面完整给满分，若回答逻辑性、语言严谨性不强可扣1分，要点欠缺按分值扣分，部分要点回答不全面缺1个方面扣1分，扣完为止。",3（中）,5（好）,,,,,,,,,
卷八e2,B-C-A-008,D（简答题）,,请简述一种综合处理多旋翼无人机异常振动的维修方案和固定翼无人机异响的诊断方法，并解释为什么这种方法在复杂环境中具有较高的可靠性和准确性。,,,,,,,"一种综合处理多旋翼无人机异常振动的维修方案和固定翼无人机异响诊断的有效方法是结合使用振动传感器与频谱分析技术、音频分析软件与飞行参数监控系统，并通过机器学习算法进行数据处理和故障预测。

1. 多旋翼无人机异常振动的维修方案内容
故障诊断、零部件更换、校准调整：

故障诊断：
振动传感器：实时监测无人机各关键部件（如电机、螺旋桨、机身结构等）的振动情况，提供高精度的数据。
频谱分析：将振动信号转换为频域表示，帮助识别出特定频率下的异常振动模式。例如，电机失衡或螺旋桨不平衡会在特定频率下产生明显的振动特征。
机器学习算法：通过对大量历史振动数据的学习，自动识别出正常和异常振动之间的细微差别，并建立预测模型来评估潜在故障的发展趋势。
零部件更换：
根据故障诊断结果，确定需要更换的具体零部件。例如，如果发现某一电机的振动异常，可能需要更换该电机或其轴承。
更换过程中，确保所有新零部件符合制造商的技术规范，并进行必要的测试以验证其性能。
校准调整：
对更换后的零部件进行校准调整，确保其与其他组件协调工作。例如，更换螺旋桨后，需要重新校准电机的转速和负载平衡。
使用专用工具对无人机进行全面检查和校准，确保其在不同飞行条件下都能稳定运行。（2分）
2. 固定翼无人机异响的诊断方法
音频分析软件与飞行参数监控系统：

音频分析软件：捕捉固定翼无人机飞行过程中产生的各种声音，并通过频谱分析等技术识别出异常的声音特征。该软件不仅能够识别出高频和低频噪声，还可以区分背景噪声和真正的异响源，确保检测结果的准确性。
飞行参数监控系统：记录包括发动机转速、油门位置、空气动力学负载在内的多种飞行参数。这些数据的变化往往与机械部件的工作状态密切相关。通过将音频数据和飞行参数相结合，不仅可以准确地定位异响的来源，还能进一步分析其背后可能存在的机械或控制问题，如发动机内部零件松动、螺旋桨损坏或机身结构问题。（2分）
3协同工作与综合优势
这种综合方法的优势在于：

多维度数据采集：通过振动传感器、音频分析软件和飞行参数监控系统，从不同角度获取无人机的状态信息，确保检测的全面性和准确性。振动传感器提供了机械部件的物理状态，音频分析软件提供了声学特征，而飞行参数监控系统则提供了操作环境的相关数据。
智能化分析：机器学习算法通过对大量历史数据的学习，提高了故障诊断的智能化水平，使得检测更加精准和前瞻性。通过机器学习算法，可以从海量数据中提取有价值的信息，显著提高故障诊断的效率。
早期预警：通过结合振动和声音数据，可以实现早期预警，提前发现潜在问题，减少意外停机的风险，保障飞行安全。例如，通过振动数据和音频数据的联合分析，可以在早期阶段发现发动机或螺旋桨的问题，避免严重的机械故障。
数据融合增强可靠性：通过数据融合技术，将不同来源的数据进行整合和分析，可以提高故障诊断的准确性和可靠性。例如，通过将振动数据与音频数据相结合，可以更全面地了解无人机的整体健康状况。（1分）
答题要点：                                                                                                                                                                                                                              1. 多旋翼无人机异常振动的维修方案内容
（答到故障诊断、零部件更换、校准调整三个方面并且用句得当即得2分，其中故障诊断至少提到振动传感器、频谱分析、机器学习算法其中一种）
2.固定翼无人机异响的诊断方法
（答到音频分析软件、飞行参数监控系统并且用句得当即得2分）
3. 协同工作与综合优势
（答到多维度数据采集、智能化分析、早期预警、数据融合增强可靠性四个方面的其中两个并且用句得当即得1分）
评分标准:
按答题要点给分，要点全面完整给满分，若回答逻辑性、语言严谨性不强可扣1分，要点欠缺按分值扣分，部分要点回答不全面缺1个方面扣1分，扣完为止。",3（中）,5（好）,,,,,,,,,
卷九e2,B-C-A-009,D（简答题）,,请简述一种综合处理多旋翼无人机异常振动和异响的维修方案，并解释为什么这种方法在复杂环境中具有较高的可靠性和准确性。,,,,,,,"一种综合处理多旋翼无人机异常振动和异响的有效维修方案是结合使用振动传感器与频谱分析技术、音频分析软件与飞行参数监控系统，并通过机器学习算法进行数据处理和故障预测。

1. 多旋翼无人机异常振动的维修方案内容
故障诊断、零部件更换、校准调整：

故障诊断：
振动传感器：实时监测无人机各关键部件（如电机、螺旋桨、机身结构等）的振动情况，提供高精度的数据。
频谱分析：将振动信号转换为频域表示，帮助识别出特定频率下的异常振动模式。例如，电机失衡或螺旋桨不平衡会在特定频率下产生明显的振动特征。
机器学习算法：通过对大量历史振动数据的学习，自动识别出正常和异常振动之间的细微差别，并建立预测模型来评估潜在故障的发展趋势。
零部件更换：
根据故障诊断结果，确定需要更换的具体零部件。例如，如果发现某一电机的振动异常，可能需要更换该电机或其轴承。
更换过程中，确保所有新零部件符合制造商的技术规范，并进行必要的测试以验证其性能。
校准调整：
对更换后的零部件进行校准调整，确保其与其他组件协调工作。例如，更换螺旋桨后，需要重新校准电机的转速和负载平衡。
使用专用工具对无人机进行全面检查和校准，确保其在不同飞行条件下都能稳定运行。（2分）
2. 多旋翼无人机异响的维修方案内容
故障诊断、零部件更换、声学优化：

故障诊断：
音频分析软件：捕捉多旋翼无人机飞行过程中产生的各种声音，并通过频谱分析等技术识别出异常的声音特征。该软件不仅能够识别出高频和低频噪声，还可以区分背景噪声和真正的异响源，确保检测结果的准确性。
飞行参数监控系统：记录包括电机转速、螺旋桨负载在内的多种飞行参数。这些数据的变化往往与机械部件的工作状态密切相关。通过将音频数据和飞行参数相结合，不仅可以准确地定位异响的来源，还能进一步分析其背后可能存在的机械或控制问题，如电机失衡、螺旋桨损坏或电子调速器故障等。
零部件更换：
根据故障诊断结果，确定需要更换的具体零部件。例如，如果发现某一声源与螺旋桨相关，可能需要更换螺旋桨或其连接件。
更换过程中，确保所有新零部件符合制造商的技术规范，并进行必要的测试以验证其性能。
声学优化：
对无人机的整体声学环境进行优化，减少不必要的噪音。例如，使用吸音材料或改进螺旋桨的设计，降低飞行过程中产生的噪音。
进行声纹识别，确保新的零部件不会引入新的异响源，并对整个系统的声学特性进行评估。（2分）
3.协同工作与综合优势
这种综合方法的优势在于：

多维度数据采集：通过振动传感器、音频分析软件和飞行参数监控系统，从不同角度获取无人机的状态信息，确保检测的全面性和准确性。振动传感器提供了机械部件的物理状态，音频分析软件提供了声学特征，而飞行参数监控系统则提供了操作环境的相关数据。
智能化分析：机器学习算法通过对大量历史数据的学习，提高了故障诊断的智能化水平，使得检测更加精准和前瞻性。通过机器学习算法，可以从海量数据中提取有价值的信息，显著提高故障诊断的效率。
早期预警：通过结合振动和声音数据，可以实现早期预警，提前发现潜在问题，减少意外停机的风险，保障飞行安全。例如，通过振动数据和音频数据的联合分析，可以在早期阶段发现电机或螺旋桨的问题，避免严重的机械故障。
数据融合增强可靠性：通过数据融合技术，将不同来源的数据进行整合和分析，可以提高故障诊断的准确性和可靠性。例如，通过将振动数据与音频数据相结合，可以更全面地了解无人机的整体健康状况。（1分）
答题要点：                                                                                                                                                                                                                                1. 多旋翼无人机异常振动的维修方案内容
（答到故障诊断、零部件更换、校准调整三个方面并且用句得当即得2分，其中故障诊断至少提到振动传感器、频谱分析、机器学习算法其中一种）
2. 多旋翼无人机异响的维修方案内容
（答到故障诊断、零部件更换、声学优化三个方面并且用句得当即得2分，其中故障诊断至少提到音频分析软件、飞行参数监控系统其中一种）
3. 协同工作与综合优势
（答到多维度数据采集、智能化分析、早期预警、数据融合增强可靠性四个方面的其中两个并且用句得当即得1分）
评分标准:
按答题要点给分，要点全面完整给满分，若回答逻辑性、语言严谨性不强可扣1分，要点欠缺按分值扣分，部分要点回答不全面缺1个方面扣1分，扣完为止。",3（中）,5（好）,,,,,,,,,
卷十e2,B-C-A-010,D（简答题）,,请简述一种综合处理固定翼无人机异常振动的维修方案和多旋翼无人机异响的维修方案，并解释为什么这种方法在复杂环境中具有较高的可靠性和准确性。,,,,,,,"一种综合处理固定翼无人机异常振动和多旋翼无人机异响的有效维修方案是结合使用振动传感器与频谱分析技术、音频分析软件与飞行参数监控系统，并通过机器学习算法进行数据处理和故障预测。

1. 固定翼无人机异常振动的维修方案内容
故障诊断、零部件更换、校准调整：

故障诊断：
振动传感器：实时监测无人机各关键部件（如发动机、螺旋桨、机身结构等）的振动情况，提供高精度的数据。
频谱分析：将振动信号转换为频域表示，帮助识别出特定频率下的异常振动模式。例如，发动机轴承磨损或不平衡的螺旋桨会在特定频率下产生明显的振动特征。
机器学习算法：通过对大量历史振动数据的学习，自动识别出正常和异常振动之间的细微差别，并建立预测模型来评估潜在故障的发展趋势。
零部件更换：
根据故障诊断结果，确定需要更换的具体零部件。例如，如果发现某一发动机的振动异常，可能需要更换该发动机或其轴承。
更换过程中，确保所有新零部件符合制造商的技术规范，并进行必要的测试以验证其性能。
校准调整：
对更换后的零部件进行校准调整，确保其与其他组件协调工作。例如，更换螺旋桨后，需要重新校准发动机的转速和负载平衡。
使用专用工具对无人机进行全面检查和校准，确保其在不同飞行条件下都能稳定运行。（2分）
2. 多旋翼无人机异响的维修方案内容
故障诊断、零部件更换、声学优化：

故障诊断：
音频分析软件：捕捉多旋翼无人机飞行过程中产生的各种声音，并通过频谱分析等技术识别出异常的声音特征。该软件不仅能够识别出高频和低频噪声，还可以区分背景噪声和真正的异响源，确保检测结果的准确性。
飞行参数监控系统：记录包括电机转速、螺旋桨负载在内的多种飞行参数。这些数据的变化往往与机械部件的工作状态密切相关。通过将音频数据和飞行参数相结合，不仅可以准确地定位异响的来源，还能进一步分析其背后可能存在的机械或控制问题，如电机失衡、螺旋桨损坏或电子调速器故障等。
零部件更换：
根据故障诊断结果，确定需要更换的具体零部件。例如，如果发现某一声源与螺旋桨相关，可能需要更换螺旋桨或其连接件。
更换过程中，确保所有新零部件符合制造商的技术规范，并进行必要的测试以验证其性能。
声学优化：
对无人机的整体声学环境进行优化，减少不必要的噪音。例如，使用吸音材料或改进螺旋桨的设计，降低飞行过程中产生的噪音。
进行声纹识别，确保新的零部件不会引入新的异响源，并对整个系统的声学特性进行评估。（2分)
3.协同工作与综合优势
这种综合方法的优势在于：

多维度数据采集：通过振动传感器、音频分析软件和飞行参数监控系统，从不同角度获取无人机的状态信息，确保检测的全面性和准确性。振动传感器提供了机械部件的物理状态，音频分析软件提供了声学特征，而飞行参数监控系统则提供了操作环境的相关数据。
智能化分析：机器学习算法通过对大量历史数据的学习，提高了故障诊断的智能化水平，使得检测更加精准和前瞻性。通过机器学习算法，可以从海量数据中提取有价值的信息，显著提高故障诊断的效率。
早期预警：通过结合振动和声音数据，可以实现早期预警，提前发现潜在问题，减少意外停机的风险，保障飞行安全。例如，通过振动数据和音频数据的联合分析，可以在早期阶段发现发动机或螺旋桨的问题，避免严重的机械故障。
数据融合增强可靠性：通过数据融合技术，将不同来源的数据进行整合和分析，可以提高故障诊断的准确性和可靠性。例如，通过将振动数据与音频数据相结合，可以更全面地了解无人机的整体健康状况。（1分）
答题要点：                                                                                                                                                                                                                            1. 固定翼无人机异常振动的维修方案内容
（答到故障诊断、零部件更换、校准调整三个方面并且用句得当即得2分，其中故障诊断至少提到振动传感器、频谱分析、机器学习算法其中一种）
2. 多旋翼无人机异响的维修方案内容
（答到故障诊断、零部件更换、声学优化三个方面并且用句得当即得2分，其中故障诊断至少提到音频分析软件、飞行参数监控系统其中一种）
3. 协同工作与综合优势
（答到多维度数据采集、智能化分析、早期预警、数据融合增强可靠性四个方面的其中两个并且用句得当即得1分）
评分标准:
按答题要点给分，要点全面完整给满分，若回答逻辑性、语言严谨性不强可扣1分，要点欠缺按分值扣分，部分要点回答不全面缺1个方面扣1分，扣完为止。",3（中）,5（好）,,,,,,,,,
卷一e3,B-C-B-001,D（简答题）,,请简述一种综合处理多旋翼无人机异常振动和异响的故障检测报告单的填写内容，并解释为什么这种方法在复杂环境中具有较高的可靠性和准确性。,,,,,,,"一种综合处理多旋翼无人机异常振动和异响故障检测报告单的有效方法是结合使用振动传感器与频谱分析技术、音频分析软件与飞行参数监控系统，并通过机器学习算法进行数据处理和故障预测。

1. 多旋翼无人机异常振动故障检测报告单的填写内容
故障现象、诊断方法、检测结果：

故障现象：
记录无人机在飞行过程中出现的具体振动异常现象，如机身抖动、电机异常震动等。
提供详细的描述，包括振动发生的频率、强度以及伴随的现象（如噪音、性能下降等）。
诊断方法：
振动传感器：实时监测无人机各关键部件（如电机、螺旋桨、机身结构等）的振动情况，提供高精度的数据。
频谱分析：将振动信号转换为频域表示，帮助识别出特定频率下的异常振动模式。例如，电机失衡或螺旋桨不平衡会在特定频率下产生明显的振动特征。
机器学习算法：通过对大量历史振动数据的学习，自动识别出正常和异常振动之间的细微差别，并建立预测模型来评估潜在故障的发展趋势。
检测结果：
根据振动传感器和频谱分析的结果，记录具体的振动频率和幅度，确定是否存在异常振动及其可能的原因。
如果发现异常振动，记录相应的诊断结论，如某一电机失衡、某一螺旋桨损坏等，并提出初步的维修建议。
2. 多旋翼无人机异响故障检测报告单的填写内容
故障现象、诊断方法、检测结果：

故障现象：
记录无人机在飞行过程中出现的具体异响现象，如高频噪音、低频嗡嗡声等。
提供详细的描述，包括异响发生的频率、强度以及伴随的现象（如振动、性能下降等）。
诊断方法：
音频分析软件：捕捉多旋翼无人机飞行过程中产生的各种声音，并通过频谱分析等技术识别出异常的声音特征。该软件不仅能够识别出高频和低频噪声，还可以区分背景噪声和真正的异响源，确保检测结果的准确性。
飞行参数监控系统：记录包括电机转速、螺旋桨负载在内的多种飞行参数。这些数据的变化往往与机械部件的工作状态密切相关。通过将音频数据和飞行参数相结合，不仅可以准确地定位异响的来源，还能进一步分析其背后可能存在的机械或控制问题，如电机失衡、螺旋桨损坏或电子调速器故障等。
检测结果：
根据音频分析软件和飞行参数监控系统的分析结果，记录具体的异响频率和类型，确定是否存在异常异响及其可能的原因。
如果发现异常异响，记录相应的诊断结论，如某一电机内部零件松动、某一螺旋桨损坏等，并提出初步的维修建议。
3. 协同工作与综合优势
这种综合方法的优势在于：

多维度数据采集：通过振动传感器、音频分析软件和飞行参数监控系统，从不同角度获取无人机的状态信息，确保检测的全面性和准确性。振动传感器提供了机械部件的物理状态，音频分析软件提供了声学特征，而飞行参数监控系统则提供了操作环境的相关数据。
智能化分析：机器学习算法通过对大量历史数据的学习，提高了故障诊断的智能化水平，使得检测更加精准和前瞻性。通过机器学习算法，可以从海量数据中提取有价值的信息，显著提高故障诊断的效率。
早期预警：通过结合振动和声音数据，可以实现早期预警，提前发现潜在问题，减少意外停机的风险，保障飞行安全。例如，通过振动数据和音频数据的联合分析，可以在早期阶段发现电机或螺旋桨的问题，避免严重的机械故障。
数据融合增强可靠性：通过数据融合技术，将不同来源的数据进行整合和分析，可以提高故障诊断的准确性和可靠性。例如，通过将振动数据与音频数据相结合，可以更全面地了解无人机的整体健康状况。
答题要点：                                                                                                                                                                                                                           1. 多旋翼无人机异常振动故障检测报告单的填写内容
（答到故障现象、诊断方法、检测结果三个方面并且用句得当即得2分，其中诊断方法至少提到振动传感器、频谱分析、机器学习算法其中一种）
2. 多旋翼无人机异响故障检测报告单的填写内容
（答到故障现象、诊断方法、检测结果三个方面并且用句得当即得2分，其中诊断方法至少提到音频分析软件、飞行参数监控系统其中一种）
3. 协同工作与综合优势
（答到多维度数据采集、智能化分析、数据融合增强可靠性三个方面并且用句得当即得1分）
评分标准：
按答题要点给分，要点全面完整给满分，若回答逻辑性，语言严谨性不强可扣1分，要点欠缺按分值扣分，部分要点回答不全面缺1个方面扣1分，扣完为止。",3（中）,5（好）,,,,,,,,,
卷九e3,B-C-B-001,D（简答题）,,请简述一种综合处理多旋翼无人机和固定翼无人机异常振动故障检测报告单的填写内容，并解释为什么这种方法在复杂环境中具有较高的可靠性和准确性。,,,,,,,"一种综合处理多旋翼无人机和固定翼无人机异常振动故障检测报告单的有效方法是结合使用振动传感器与频谱分析技术、飞行参数监控系统，并通过机器学习算法进行数据处理和故障预测。

1. 多旋翼无人机异常振动故障检测报告单的填写内容
故障现象、诊断方法、检测结果：

故障现象：
记录无人机在飞行过程中出现的具体振动异常现象，如机身抖动、电机震动等。
提供详细的描述，包括振动发生的频率、强度以及伴随的现象（如噪音、性能下降等）。
诊断方法：
振动传感器：实时监测无人机各关键部件（如电机、螺旋桨、机身结构等）的振动情况，提供高精度的数据。
频谱分析：将振动信号转换为频域表示，帮助识别出特定频率下的异常振动模式。例如，电机失衡或螺旋桨不平衡会在特定频率下产生明显的振动特征。
飞行参数监控系统：记录包括电机转速、螺旋桨负载在内的多种飞行参数。这些数据的变化往往与机械部件的工作状态密切相关。通过将振动数据和飞行参数相结合，不仅可以准确地定位振动的来源，还能进一步分析其背后可能存在的机械或控制问题。
检测结果：
根据振动传感器和频谱分析的结果，记录具体的振动频率和幅度，确定是否存在异常振动及其可能的原因。
如果发现异常振动，记录相应的诊断结论，如某一电机失衡、某一螺旋桨损坏等，并提出初步的维修建议。（2分）
2. 固定翼无人机异常振动故障检测报告单的填写内容
故障现象、诊断方法、检测结果：

故障现象：
记录无人机在飞行过程中出现的具体振动异常现象，如机身抖动、发动机震动等。
提供详细的描述，包括振动发生的频率、强度以及伴随的现象（如噪音、性能下降等）。
诊断方法：
振动传感器：实时监测无人机各关键部件（如发动机、螺旋桨、机身结构等）的振动情况，提供高精度的数据。
频谱分析：将振动信号转换为频域表示，帮助识别出特定频率下的异常振动模式。例如，发动机轴承磨损或螺旋桨不平衡会在特定频率下产生明显的振动特征。
飞行参数监控系统：记录包括发动机转速、油门位置、空气动力学负载在内的多种飞行参数。这些数据的变化往往与机械部件的工作状态密切相关。通过将振动数据和飞行参数相结合，不仅可以准确地定位振动的来源，还能进一步分析其背后可能存在的机械或控制问题。
检测结果：
根据振动传感器和频谱分析的结果，记录具体的振动频率和幅度，确定是否存在异常振动及其可能的原因。
如果发现异常振动，记录相应的诊断结论，如某一发动机轴承磨损、某一螺旋桨损坏等，并提出初步的维修建议。（2分）
3.协同工作与综合优势
这种综合方法的优势在于：

多维度数据采集：通过振动传感器和飞行参数监控系统，从不同角度获取无人机的状态信息，确保检测的全面性和准确性。振动传感器提供了机械部件的物理状态，而飞行参数监控系统则提供了操作环境的相关数据。
智能化分析：机器学习算法通过对大量历史数据的学习，提高了故障诊断的智能化水平，使得检测更加精准和前瞻性。通过机器学习算法，可以从海量数据中提取有价值的信息，显著提高故障诊断的效率。
早期预警：通过结合振动数据和飞行参数，可以实现早期预警，提前发现潜在问题，减少意外停机的风险，保障飞行安全。例如，通过振动数据和飞行参数的联合分析，可以在早期阶段发现发动机或螺旋桨的问题，避免严重的机械故障。
数据融合增强可靠性：通过数据融合技术，将不同来源的数据进行整合和分析，可以提高故障诊断的准确性和可靠性。例如，通过将振动数据与飞行参数相结合，可以更全面地了解无人机的整体健康状况。（1分）
答题要点：                                                                                                                                                                                                                           1. 多旋翼无人机异常振动故障检测报告单的填写内容
（答到故障现象、诊断方法、检测结果三个方面并且用句得当即得2分，其中诊断方法至少提到振动传感器、频谱分析其中一种）
2. 固定翼无人机异常振动故障检测报告单的填写内容
（答到故障现象、诊断方法、检测结果三个方面并且用句得当即得2分，其中诊断方法至少提到振动传感器、频谱分析、飞行参数监控系统其中一种）
3. 协同工作与综合优势
（答到多维度数据采集、智能化分析、早期预警、数据融合增强可靠性四个方面的其中两个并且用句得当即得1分）
评分标准:
按答题要点给分，要点全面完整给满分，若回答逻辑性、语言严谨性不强可扣1分，要点欠缺按分值扣分，部分要点回答不全面缺1个方面扣1分，扣完为止。",3（中）,5（好）,,,,,,,,,
卷二e3,B-C-B-002,D（简答题）,,请简述一种综合处理固定翼无人机异常振动和多旋翼无人机异响的故障检测报告单的填写内容，并解释为什么这种方法在复杂环境中具有较高的可靠性和准确性。,,,,,,,"一种综合处理固定翼无人机异常振动和多旋翼无人机异响故障检测报告单的有效方法是结合使用振动传感器与频谱分析技术、音频分析软件与飞行参数监控系统，并通过机器学习算法进行数据处理和故障预测。

1. 固定翼无人机异常振动故障检测报告单的填写内容
故障现象、诊断方法、检测结果：

故障现象：
记录无人机在飞行过程中出现的具体振动异常现象，如机身抖动、发动机震动等。
提供详细的描述，包括振动发生的频率、强度以及伴随的现象（如噪音、性能下降等）。
诊断方法：
振动传感器：实时监测无人机各关键部件（如发动机、螺旋桨、机身结构等）的振动情况，提供高精度的数据。
频谱分析：将振动信号转换为频域表示，帮助识别出特定频率下的异常振动模式。例如，发动机轴承磨损或不平衡的螺旋桨会在特定频率下产生明显的振动特征。
机器学习算法：通过对大量历史振动数据的学习，自动识别出正常和异常振动之间的细微差别，并建立预测模型来评估潜在故障的发展趋势。
检测结果：
根据振动传感器和频谱分析的结果，记录具体的振动频率和幅度，确定是否存在异常振动及其可能的原因。
如果发现异常振动，记录相应的诊断结论，如某一发动机轴承磨损、某一螺旋桨损坏等，并提出初步的维修建议。（2分）
2. 多旋翼无人机异响故障检测报告单的填写内容
故障现象、诊断方法、检测结果：

故障现象：
记录无人机在飞行过程中出现的具体异响现象，如高频噪音、低频嗡嗡声等。
提供详细的描述，包括异响发生的频率、强度以及伴随的现象（如振动、性能下降等）。
诊断方法：
音频分析软件：捕捉多旋翼无人机飞行过程中产生的各种声音，并通过频谱分析等技术识别出异常的声音特征。该软件不仅能够识别出高频和低频噪声，还可以区分背景噪声和真正的异响源，确保检测结果的准确性。
飞行参数监控系统：记录包括电机转速、螺旋桨负载在内的多种飞行参数。这些数据的变化往往与机械部件的工作状态密切相关。通过将音频数据和飞行参数相结合，不仅可以准确地定位异响的来源，还能进一步分析其背后可能存在的机械或控制问题，如电机失衡、螺旋桨损坏或电子调速器故障等。
检测结果：
根据音频分析软件和飞行参数监控系统的分析结果，记录具体的异响频率和类型，确定是否存在异常异响及其可能的原因。
如果发现异常异响，记录相应的诊断结论，如某一电机内部零件松动、某一螺旋桨损坏等，并提出初步的维修建议。（2分）
3. 协同工作与综合优势
这种综合方法的优势在于：

多维度数据采集：通过振动传感器、音频分析软件和飞行参数监控系统，从不同角度获取无人机的状态信息，确保检测的全面性和准确性。振动传感器提供了机械部件的物理状态，音频分析软件提供了声学特征，而飞行参数监控系统则提供了操作环境的相关数据。
智能化分析：机器学习算法通过对大量历史数据的学习，提高了故障诊断的智能化水平，使得检测更加精准和前瞻性。通过机器学习算法，可以从海量数据中提取有价值的信息，显著提高故障诊断的效率。
早期预警：通过结合振动和声音数据，可以实现早期预警，提前发现潜在问题，减少意外停机的风险，保障飞行安全。例如，通过振动数据和音频数据的联合分析，可以在早期阶段发现发动机或螺旋桨的问题，避免严重的机械故障。
数据融合增强可靠性：通过数据融合技术，将不同来源的数据进行整合和分析，可以提高故障诊断的准确性和可靠性。例如，通过将振动数据与音频数据相结合，可以更全面地了解无人机的整体健康状况。（1分）
答题要点：                                                                                                                                                                                                                                         1.固定翼无人机异常振动故障检测报告单的填写内容
（答到故障现象、诊断方法、检测结果三个方面并且用句得当即得2分，其中诊断方法至少提到振动传感器、频谱分析、机器学习算法其中一种）
2.多旋翼无人机异响故障检测报告单的填写内容
（答到故障现象、诊断方法、检测结果三个方面并且用句得当即得2分，其中诊断方法至少提到音频分析软件、飞行参数监控系统其中一种）
3.协同工作与综合优势
（答到多维度数据采集、智能化分析、早期预警、数据融合增强可靠性四个方面的其中两个并且用句得当即得1分）
评分标准:
按答题要点给分，要点全面完整给满分，若回答逻辑性、语言严谨性不强可扣1分，要点欠缺按分值扣分，部分要点回答不全面缺1个方面扣1分，扣完为止。",3（中）,5（好）,,,,,,,,,
卷十e3,B-C-B-002,D（简答题）,,请简述一种综合处理多旋翼无人机异常振动故障维修报告单规范的编制方法和多旋翼无人机异响故障检测报告单的填写内容，并解释为什么这种方法在复杂环境中具有较高的可靠性和准确性。,,,,,,,"一种综合处理多旋翼无人机异常振动故障维修报告单规范和多旋翼无人机异响故障检测报告单的有效方法是结合使用振动传感器与频谱分析技术、音频分析软件与飞行参数监控系统，并通过机器学习算法进行数据处理和故障预测。

1. 多旋翼无人机异常振动故障维修报告单规范的编制方法
报告单结构、关键信息字段、数据采集与分析方法：

报告单结构：
基本信息：包括无人机型号、序列号、操作员姓名、飞行日期、飞行任务描述等。
故障描述：详细记录无人机在飞行过程中出现的具体振动异常现象，如机身抖动、电机震动等。
诊断方法：描述使用的诊断工具和技术，如振动传感器、频谱分析仪等。
检测结果：记录具体的振动频率、幅度及其可能的原因。
维修措施：列出采取的维修措施及更换的零部件。
后续建议：提出预防性维护建议和未来监测计划。
关键信息字段：
振动频率和幅度：记录各关键部件（如电机、螺旋桨、机身结构）的振动频率和幅度。
故障原因分析：基于频谱分析结果，初步判断故障原因，如电机失衡、螺旋桨损坏等。
维修步骤：详细记录维修过程中的每一步骤，确保可追溯性和透明度。
数据采集与分析方法：
振动传感器：实时监测无人机各关键部件的振动情况，提供高精度的数据。
频谱分析：将振动信号转换为频域表示，帮助识别出特定频率下的异常振动模式。
飞行参数监控系统：记录包括电机转速、螺旋桨负载在内的多种飞行参数。这些数据的变化往往与机械部件的工作状态密切相关。通过将振动数据和飞行参数相结合，不仅可以准确地定位振动的来源，还能进一步分析其背后可能存在的机械或控制问题。
机器学习算法：通过对大量历史振动数据的学习，自动识别出正常和异常振动之间的细微差别，并建立预测模型来评估潜在故障的发展趋势。（2分）
2. 多旋翼无人机异响故障检测报告单的填写内容
故障现象、诊断方法、检测结果：

故障现象：
记录无人机在飞行过程中出现的具体异响现象，如高频噪音、低频嗡嗡声等。
提供详细的描述，包括异响发生的频率、强度以及伴随的现象（如振动、性能下降等）。
诊断方法：
音频分析软件：捕捉多旋翼无人机飞行过程中产生的各种声音，并通过频谱分析等技术识别出异常的声音特征。该软件不仅能够识别出高频和低频噪声，还可以区分背景噪声和真正的异响源，确保检测结果的准确性。
飞行参数监控系统：记录包括电机转速、螺旋桨负载在内的多种飞行参数。这些数据的变化往往与机械部件的工作状态密切相关。通过将音频数据和飞行参数相结合，不仅可以准确地定位异响的来源，还能进一步分析其背后可能存在的机械或控制问题，如电机内部零件松动、螺旋桨损坏等。
检测结果：
根据音频分析软件和飞行参数监控系统的分析结果，记录具体的异响频率和类型，确定是否存在异常异响及其可能的原因。
如果发现异常异响，记录相应的诊断结论，如某一电机内部零件松动、某一螺旋桨损坏等，并提出初步的维修建议。（2分）
3.协同工作与综合优势
这种综合方法的优势在于：

多维度数据采集：通过振动传感器、音频分析软件和飞行参数监控系统，从不同角度获取无人机的状态信息，确保检测的全面性和准确性。振动传感器提供了机械部件的物理状态，音频分析软件提供了声学特征，而飞行参数监控系统则提供了操作环境的相关数据。
智能化分析：机器学习算法通过对大量历史数据的学习，提高了故障诊断的智能化水平，使得检测更加精准和前瞻性。通过机器学习算法，可以从海量数据中提取有价值的信息，显著提高故障诊断的效率。
早期预警：通过结合振动和声音数据，可以实现早期预警，提前发现潜在问题，减少意外停机的风险，保障飞行安全。例如，通过振动数据和音频数据的联合分析，可以在早期阶段发现发动机或螺旋桨的问题，避免严重的机械故障。
数据融合增强可靠性：通过数据融合技术，将不同来源的数据进行整合和分析，可以提高故障诊断的准确性和可靠性。例如，通过将振动数据与音频数据相结合，可以更全面地了解无人机的整体健康状况。（1分）
答题要点：                                                                                                                                                                                                                         1. 多旋翼无人机异常振动故障维修报告单规范的编制方法
（答到报告单结构、关键信息字段、数据采集与分析方法三个方面并且用句得当，详细具体即可得2分）
2. 多旋翼无人机异响故障检测报告单的填写内容
（答到故障现象、诊断方法、检测结果三个方面并且用句得当即得2分，其中诊断方法至少提到音频分析软件、飞行参数监控系统其中一种）
3. 协同工作与综合优势
（答到多维度数据采集、智能化分析、早期预警、数据融合增强可靠性四个方面的其中两个并且用句得当即得1分）
评分标准:
按答题要点给分，要点全面完整给满分，若回答逻辑性、语言严谨性不强可扣1分，要点欠缺按分值扣分，部分要点回答不全面缺1个方面扣1分，扣完为止。",3（中）,5（好）,,,,,,,,,
卷三e3,B-C-B-003,D（简答题）,,请简述一种综合处理固定翼无人机异常振动和异响的故障检测报告单的填写内容，并解释为什么这种方法在复杂环境中具有较高的可靠性和准确性。,,,,,,,"一种综合处理固定翼无人机异常振动和异响故障检测报告单的有效方法是结合使用振动传感器与频谱分析技术、音频分析软件与飞行参数监控系统，并通过机器学习算法进行数据处理和故障预测。

1. 固定翼无人机异常振动故障检测报告单的填写内容
故障现象、诊断方法、检测结果：

故障现象：
记录无人机在飞行过程中出现的具体振动异常现象，如机身抖动、发动机震动等。
提供详细的描述，包括振动发生的频率、强度以及伴随的现象（如噪音、性能下降等）。
诊断方法：
振动传感器：实时监测无人机各关键部件（如发动机、螺旋桨、机身结构等）的振动情况，提供高精度的数据。
频谱分析：将振动信号转换为频域表示，帮助识别出特定频率下的异常振动模式。例如，发动机轴承磨损或不平衡的螺旋桨会在特定频率下产生明显的振动特征。
机器学习算法：通过对大量历史振动数据的学习，自动识别出正常和异常振动之间的细微差别，并建立预测模型来评估潜在故障的发展趋势。
检测结果：
根据振动传感器和频谱分析的结果，记录具体的振动频率和幅度，确定是否存在异常振动及其可能的原因。
如果发现异常振动，记录相应的诊断结论，如某一发动机轴承磨损、某一螺旋桨损坏等，并提出初步的维修建议。
2. 固定翼无人机异响故障检测报告单的填写内容
故障现象、诊断方法、检测结果：

故障现象：
记录无人机在飞行过程中出现的具体异响现象，如高频噪音、低频嗡嗡声等。
提供详细的描述，包括异响发生的频率、强度以及伴随的现象（如振动、性能下降等）。
诊断方法：
音频分析软件：捕捉固定翼无人机飞行过程中产生的各种声音，并通过频谱分析等技术识别出异常的声音特征。该软件不仅能够识别出高频和低频噪声，还可以区分背景噪声和真正的异响源，确保检测结果的准确性。
飞行参数监控系统：记录包括发动机转速、油门位置、空气动力学负载在内的多种飞行参数。这些数据的变化往往与机械部件的工作状态密切相关。通过将音频数据和飞行参数相结合，不仅可以准确地定位异响的来源，还能进一步分析其背后可能存在的机械或控制问题，如发动机内部零件松动、螺旋桨损坏或机身结构问题。
检测结果：
根据音频分析软件和飞行参数监控系统的分析结果，记录具体的异响频率和类型，确定是否存在异常异响及其可能的原因。
如果发现异常异响，记录相应的诊断结论，如某一发动机内部零件松动、某一螺旋桨损坏等，并提出初步的维修建议。
3. 协同工作与综合优势
这种综合方法的优势在于：

多维度数据采集：通过振动传感器、音频分析软件和飞行参数监控系统，从不同角度获取无人机的状态信息，确保检测的全面性和准确性。振动传感器提供了机械部件的物理状态，音频分析软件提供了声学特征，而飞行参数监控系统则提供了操作环境的相关数据。
智能化分析：机器学习算法通过对大量历史数据的学习，提高了故障诊断的智能化水平，使得检测更加精准和前瞻性。通过机器学习算法，可以从海量数据中提取有价值的信息，显著提高故障诊断的效率。
早期预警：通过结合振动和声音数据，可以实现早期预警，提前发现潜在问题，减少意外停机的风险，保障飞行安全。例如，通过振动数据和音频数据的联合分析，可以在早期阶段发现发动机或螺旋桨的问题，避免严重的机械故障。
数据融合增强可靠性：通过数据融合技术，将不同来源的数据进行整合和分析，可以提高故障诊断的准确性和可靠性。例如，通过将振动数据与音频数据相结合，可以更全面地了解无人机的整体健康状况。                                                                    
答题要点：                                                                                                                                                                                                                                   1. 固定翼无人机异常振动故障检测报告单的填写内容
（答到故障现象、诊断方法、检测结果三个方面并且用句得当即可得2分，其中诊断方法至少提到振动传感器、频谱分析、机器学习算法其中一种）
2. 固定翼无人机异响故障检测报告单的填写内容
（答到故障现象、诊断方法、检测结果三个方面并且用句得当即可得2分，其中诊断方法至少提到音频分析软件、飞行参数监控系统其中一种）
3. 协同工作与综合优势
（答到多维度数据采集、智能化分析、早期预警、数据融合增强可靠性四个方面其中一种并且用句得当即可得1分）",3（中）,5（好）,,,,,,,,,
卷四e3,B-C-B-004,D（简答题）,,请简述一种综合处理多旋翼无人机异常振动故障维修报告单规范的编制方法和固定翼无人机异响故障检测报告单的填写内容，并解释为什么这种方法在复杂环境中具有较高的可靠性和准确性。,,,,,,,"一种综合处理多旋翼无人机异常振动故障维修报告单规范的编制方法和固定翼无人机异响故障检测报告单的填写内容的有效方法是结合使用振动传感器与频谱分析技术、音频分析软件与飞行参数监控系统，并通过机器学习算法进行数据处理和故障预测。

1. 多旋翼无人机异常振动故障维修报告单规范的编制方法
报告单结构、关键信息字段、数据采集与分析方法：

报告单结构：
基本信息：包括无人机型号、序列号、操作员姓名、飞行日期、飞行任务描述等。
故障描述：详细记录无人机在飞行过程中出现的具体振动异常现象，如机身抖动、电机震动等。
诊断方法：描述使用的诊断工具和技术，如振动传感器、频谱分析仪等。
检测结果：记录具体的振动频率、幅度及其可能的原因。
维修措施：列出采取的维修措施及更换的零部件。
后续建议：提出预防性维护建议和未来监测计划。
关键信息字段：
振动频率和幅度：记录各关键部件（如电机、螺旋桨、机身结构）的振动频率和幅度。
故障原因分析：基于频谱分析结果，初步判断故障原因，如电机失衡、螺旋桨损坏等。
维修步骤：详细记录维修过程中的每一步骤，确保可追溯性和透明度。
数据采集与分析方法：
振动传感器：实时监测无人机各关键部件的振动情况，提供高精度的数据。
频谱分析：将振动信号转换为频域表示，帮助识别出特定频率下的异常振动模式。
机器学习算法：通过对大量历史振动数据的学习，自动识别出正常和异常振动之间的细微差别，并建立预测模型来评估潜在故障的发展趋势。（2分）
2. 固定翼无人机异响故障检测报告单的填写内容
故障现象、诊断方法、检测结果：

故障现象：
记录无人机在飞行过程中出现的具体异响现象，如高频噪音、低频嗡嗡声等。
提供详细的描述，包括异响发生的频率、强度以及伴随的现象（如振动、性能下降等）。
诊断方法：
音频分析软件：捕捉固定翼无人机飞行过程中产生的各种声音，并通过频谱分析等技术识别出异常的声音特征。该软件不仅能够识别出高频和低频噪声，还可以区分背景噪声和真正的异响源，确保检测结果的准确性。
飞行参数监控系统：记录包括发动机转速、油门位置、空气动力学负载在内的多种飞行参数。这些数据的变化往往与机械部件的工作状态密切相关。通过将音频数据和飞行参数相结合，不仅可以准确地定位异响的来源，还能进一步分析其背后可能存在的机械或控制问题，如发动机内部零件松动、螺旋桨损坏或机身结构问题。
检测结果：
根据音频分析软件和飞行参数监控系统的分析结果，记录具体的异响频率和类型，确定是否存在异常异响及其可能的原因。
如果发现异常异响，记录相应的诊断结论，如某一发动机内部零件松动、某一螺旋桨损坏等，并提出初步的维修建议。（2分）
3.协同工作与综合优势
这种综合方法的优势在于：

多维度数据采集：通过振动传感器、音频分析软件和飞行参数监控系统，从不同角度获取无人机的状态信息，确保检测的全面性和准确性。振动传感器提供了机械部件的物理状态，音频分析软件提供了声学特征，而飞行参数监控系统则提供了操作环境的相关数据。
智能化分析：机器学习算法通过对大量历史数据的学习，提高了故障诊断的智能化水平，使得检测更加精准和前瞻性。通过机器学习算法，可以从海量数据中提取有价值的信息，显著提高故障诊断的效率。
早期预警：通过结合振动和声音数据，可以实现早期预警，提前发现潜在问题，减少意外停机的风险，保障飞行安全。例如，通过振动数据和音频数据的联合分析，可以在早期阶段发现发动机或螺旋桨的问题，避免严重的机械故障。
数据融合增强可靠性：通过数据融合技术，将不同来源的数据进行整合和分析，可以提高故障诊断的准确性和可靠性。例如，通过将振动数据与音频数据相结合，可以更全面地了解无人机的整体健康状况。（1分）
答题要点：
1. 多旋翼无人机异常振动故障维修报告单规范的编制方法
（答到报告单结构、关键信息字段、数据采集与分析方法三个方面并且用句得当，描述具体即可得2分）
2. 固定翼无人机异响故障检测报告单的填写内容
（答到故障现象、诊断方法、检测结果三个方面并且用句得当即可得2分，其中诊断方法至少提到音频分析软件、飞行参数监控系统其中一种）
3. 协同工作与综合优势
（答到多维度数据采集、智能化分析、早期预警、数据融合增强可靠性四个方面的其中两个并且用句得当即可得1分）
评分标准：
按答题要点给分，要点全面完整给满分。若回答逻辑性、语言严谨性不强可扣1分，要点欠缺按分值扣分，部分要点回答不全面缺1个方面扣1分，扣完为止。",3（中）,5（好）,,,,,,,,,
卷五e3,B-C-B-005,D（简答题）,,请简述一种综合处理多旋翼无人机异常振动故障维修报告单规范的编制方法和多旋翼无人机异响故障维修报告单规范的编制方法，并解释为什么这种方法在复杂环境中具有较高的可靠性和准确性。,,,,,,,"一种综合处理多旋翼无人机异常振动故障维修报告单规范和多旋翼无人机异响故障维修报告单规范的有效方法是结合使用振动传感器与频谱分析技术、音频分析软件与飞行参数监控系统，并通过机器学习算法进行数据处理和故障预测。

1. 多旋翼无人机异常振动故障维修报告单规范的编制方法
报告单结构、关键信息字段、数据采集与分析方法：

报告单结构：
基本信息：包括无人机型号、序列号、操作员姓名、飞行日期、飞行任务描述等。
故障描述：详细记录无人机在飞行过程中出现的具体振动异常现象，如机身抖动、电机震动等。
诊断方法：描述使用的诊断工具和技术，如振动传感器、频谱分析仪等。
检测结果：记录具体的振动频率、幅度及其可能的原因。
维修措施：列出采取的维修措施及更换的零部件。
后续建议：提出预防性维护建议和未来监测计划。
关键信息字段：
振动频率和幅度：记录各关键部件（如电机、螺旋桨、机身结构）的振动频率和幅度。
故障原因分析：基于频谱分析结果，初步判断故障原因，如电机失衡、螺旋桨损坏等。
维修步骤：详细记录维修过程中的每一步骤，确保可追溯性和透明度。
数据采集与分析方法：
振动传感器：实时监测无人机各关键部件的振动情况，提供高精度的数据。
频谱分析：将振动信号转换为频域表示，帮助识别出特定频率下的异常振动模式。
机器学习算法：通过对大量历史振动数据的学习，自动识别出正常和异常振动之间的细微差别，并建立预测模型来评估潜在故障的发展趋势。（2分）
2. 多旋翼无人机异响故障维修报告单规范的编制方法
报告单结构、关键信息字段、数据采集与分析方法：

报告单结构：
基本信息：包括无人机型号、序列号、操作员姓名、飞行日期、飞行任务描述等。
故障描述：详细记录无人机在飞行过程中出现的具体异响现象，如高频噪音、低频嗡嗡声等。
诊断方法：描述使用的诊断工具和技术，如音频分析软件、飞行参数监控系统等。
检测结果：记录具体的异响频率、类型及其可能的原因。
维修措施：列出采取的维修措施及更换的零部件。
后续建议：提出预防性维护建议和未来监测计划。
关键信息字段：
异响频率和类型：记录各关键部件（如电机、螺旋桨、机身结构）产生的异响频率和类型。
故障原因分析：基于音频分析结果，初步判断故障原因，如电机内部零件松动、螺旋桨损坏等。
维修步骤：详细记录维修过程中的每一步骤，确保可追溯性和透明度。
数据采集与分析方法：
音频分析软件：捕捉多旋翼无人机飞行过程中产生的各种声音，并通过频谱分析等技术识别出异常的声音特征。该软件不仅能够识别出高频和低频噪声，还可以区分背景噪声和真正的异响源，确保检测结果的准确性。
飞行参数监控系统：记录包括电机转速、螺旋桨负载在内的多种飞行参数。这些数据的变化往往与机械部件的工作状态密切相关。通过将音频数据和飞行参数相结合，不仅可以准确地定位异响的来源，还能进一步分析其背后可能存在的机械或控制问题。
机器学习算法：通过对大量历史音频数据的学习，自动识别出正常和异常声音模式之间的细微差别，并建立预测模型来评估潜在故障的发展趋势。（2分）
3. 协同工作与综合优势
这种综合方法的优势在于：

多维度数据采集：通过振动传感器、音频分析软件和飞行参数监控系统，从不同角度获取无人机的状态信息，确保检测的全面性和准确性。振动传感器提供了机械部件的物理状态，音频分析软件提供了声学特征，而飞行参数监控系统则提供了操作环境的相关数据。
智能化分析：机器学习算法通过对大量历史数据的学习，提高了故障诊断的智能化水平，使得检测更加精准和前瞻性。通过机器学习算法，可以从海量数据中提取有价值的信息，显著提高故障诊断的效率。
早期预警：通过结合振动和声音数据，可以实现早期预警，提前发现潜在问题，减少意外停机的风险，保障飞行安全。例如，通过振动数据和音频数据的联合分析，可以在早期阶段发现发动机或螺旋桨的问题，避免严重的机械故障。
数据融合增强可靠性：通过数据融合技术，将不同来源的数据进行整合和分析，可以提高故障诊断的准确性和可靠性。例如，通过将振动数据与音频数据相结合，可以更全面地了解无人机的整体健康状况。（1分）
答题要点：                                                                                                                                                                                                                         1. 多旋翼无人机异常振动故障维修报告单规范的编制方法
（答到报告单结构、关键信息字段、数据采集与分析方法三个方面并且用句得当，详细具体即可得2分）
2. 多旋翼无人机异响故障维修报告单规范的编制方法
（答到报告单结构、关键信息字段、数据采集与分析方法三个方面并且用句得当，详细具体即可得2分）
3. 协同工作与综合优势
（答到多维度数据采集、智能化分析、早期预警、数据融合增强可靠性四个方面的其中两个并且用句得当即可得1分）
评分标准：
按答题要点给分，要点全面完整给满分。若回答逻辑性、语言严谨性不强可扣1分，要点欠缺按分值扣分，部分要点回答不全面缺1个方面扣1分，扣完为止。",3（中）,5（好）,,,,,,,,,
卷六e3,B-C-B-006,D（简答题）,,请简述一种综合处理固定翼无人机异常振动故障维修报告单规范的编制方法和多旋翼无人机异响故障维修报告单规范的编制方法，并解释为什么这种方法在复杂环境中具有较高的可靠性和准确性。,,,,,,,"一种综合处理固定翼无人机异常振动故障维修报告单规范和多旋翼无人机异响故障维修报告单规范的有效方法是结合使用振动传感器与频谱分析技术、音频分析软件与飞行参数监控系统，并通过机器学习算法进行数据处理和故障预测。

1. 固定翼无人机异常振动故障维修报告单规范的编制方法
报告单结构、关键信息字段、数据采集与分析方法：

报告单结构：
基本信息：包括无人机型号、序列号、操作员姓名、飞行日期、飞行任务描述等。
故障描述：详细记录无人机在飞行过程中出现的具体振动异常现象，如机身抖动、发动机震动等。
诊断方法：描述使用的诊断工具和技术，如振动传感器、频谱分析仪等。
检测结果：记录具体的振动频率、幅度及其可能的原因。
维修措施：列出采取的维修措施及更换的零部件。
后续建议：提出预防性维护建议和未来监测计划。
关键信息字段：
振动频率和幅度：记录各关键部件（如发动机、螺旋桨、机身结构）的振动频率和幅度。
故障原因分析：基于频谱分析结果，初步判断故障原因，如发动机轴承磨损、螺旋桨不平衡等。
维修步骤：详细记录维修过程中的每一步骤，确保可追溯性和透明度。
数据采集与分析方法：
振动传感器：实时监测无人机各关键部件的振动情况，提供高精度的数据。
频谱分析：将振动信号转换为频域表示，帮助识别出特定频率下的异常振动模式。
机器学习算法：通过对大量历史振动数据的学习，自动识别出正常和异常振动之间的细微差别，并建立预测模型来评估潜在故障的发展趋势。（2分）
2. 多旋翼无人机异响故障维修报告单规范的编制方法
报告单结构、关键信息字段、数据采集与分析方法：

报告单结构：
基本信息：包括无人机型号、序列号、操作员姓名、飞行日期、飞行任务描述等。
故障描述：详细记录无人机在飞行过程中出现的具体异响现象，如高频噪音、低频嗡嗡声等。
诊断方法：描述使用的诊断工具和技术，如音频分析软件、飞行参数监控系统等。
检测结果：记录具体的异响频率、类型及其可能的原因。
维修措施：列出采取的维修措施及更换的零部件。
后续建议：提出预防性维护建议和未来监测计划。
关键信息字段：
异响频率和类型：记录各关键部件（如电机、螺旋桨、机身结构）产生的异响频率和类型。
故障原因分析：基于音频分析结果，初步判断故障原因，如电机内部零件松动、螺旋桨损坏等。
维修步骤：详细记录维修过程中的每一步骤，确保可追溯性和透明度。
数据采集与分析方法：
音频分析软件：捕捉多旋翼无人机飞行过程中产生的各种声音，并通过频谱分析等技术识别出异常的声音特征。该软件不仅能够识别出高频和低频噪声，还可以区分背景噪声和真正的异响源，确保检测结果的准确性。
飞行参数监控系统：记录包括电机转速、螺旋桨负载在内的多种飞行参数。这些数据的变化往往与机械部件的工作状态密切相关。通过将音频数据和飞行参数相结合，不仅可以准确地定位异响的来源，还能进一步分析其背后可能存在的机械或控制问题。
机器学习算法：通过对大量历史音频数据的学习，自动识别出正常和异常声音模式之间的细微差别，并建立预测模型来评估潜在故障的发展趋势。(2分）
3.协同工作与综合优势
这种综合方法的优势在于：

多维度数据采集：通过振动传感器、音频分析软件和飞行参数监控系统，从不同角度获取无人机的状态信息，确保检测的全面性和准确性。振动传感器提供了机械部件的物理状态，音频分析软件提供了声学特征，而飞行参数监控系统则提供了操作环境的相关数据。
智能化分析：机器学习算法通过对大量历史数据的学习，提高了故障诊断的智能化水平，使得检测更加精准和前瞻性。通过机器学习算法，可以从海量数据中提取有价值的信息，显著提高故障诊断的效率。
早期预警：通过结合振动和声音数据，可以实现早期预警，提前发现潜在问题，减少意外停机的风险，保障飞行安全。例如，通过振动数据和音频数据的联合分析，可以在早期阶段发现发动机或螺旋桨的问题，避免严重的机械故障。
数据融合增强可靠性：通过数据融合技术，将不同来源的数据进行整合和分析，可以提高故障诊断的准确性和可靠性。例如，通过将振动数据与音频数据相结合，可以更全面地了解无人机的整体健康状况。（1分）
答题要点：                                                                                                                                                                                                                   1. 固定翼无人机异常振动故障维修报告单规范的编制方法（2分）
（答到报告单结构、关键信息字段、数据采集与分析方法三个方面并且用句得当，详细具体即可得2分）
2. 多旋翼无人机异响故障维修报告单规范的编制方法（2分）
（答到报告单结构、关键信息字段、数据采集与分析方法三个方面并且用句得当，详细具体即可得2分）
3. 协同工作与综合优势（1分）
（答到多维度数据采集、智能化分析、早期预警、数据融合增强可靠性四个方面的其中两个并且用句得当即可得1分）  
评分标准：
按答题要点给分，要点全面完整给满分。若回答逻辑性、语言严谨性不强可扣1分，要点欠缺按分值扣分，部分要点回答不全面缺1个方面扣1分，扣完为止。  ",3（中）,5（好）,,,,,,,,,
卷七e3,B-C-B-007,D（简答题）,,请简述一种综合处理固定翼无人机异常振动故障维修报告单规范和固定翼无人机异响故障维修报告单规范的方法，并解释为什么这种方法在复杂环境中具有较高的可靠性和准确性。,,,,,,,"一种综合处理固定翼无人机异常振动故障维修报告单规范和固定翼无人机异响故障维修报告单规范的有效方法是结合使用振动传感器与频谱分析技术、音频分析软件与飞行参数监控系统，并通过机器学习算法进行数据处理和故障预测。

1. 固定翼无人机异常振动故障维修报告单规范的编制方法
报告单结构、关键信息字段、数据采集与分析方法：

报告单结构：
基本信息：包括无人机型号、序列号、操作员姓名、飞行日期、飞行任务描述等。
故障描述：详细记录无人机在飞行过程中出现的具体振动异常现象，如机身抖动、发动机震动等。
诊断方法：描述使用的诊断工具和技术，如振动传感器、频谱分析仪等。
检测结果：记录具体的振动频率、幅度及其可能的原因。
维修措施：列出采取的维修措施及更换的零部件。
后续建议：提出预防性维护建议和未来监测计划。
关键信息字段：
振动频率和幅度：记录各关键部件（如发动机、螺旋桨、机身结构）的振动频率和幅度。
故障原因分析：基于频谱分析结果，初步判断故障原因，如发动机轴承磨损、螺旋桨不平衡等。
维修步骤：详细记录维修过程中的每一步骤，确保可追溯性和透明度。
数据采集与分析方法：
振动传感器：实时监测无人机各关键部件的振动情况，提供高精度的数据。
频谱分析：将振动信号转换为频域表示，帮助识别出特定频率下的异常振动模式。
飞行参数监控系统：记录包括发动机转速、油门位置、空气动力学负载在内的多种飞行参数。这些数据的变化往往与机械部件的工作状态密切相关。通过将振动数据和飞行参数相结合，不仅可以准确地定位振动的来源，还能进一步分析其背后可能存在的机械或控制问题。
机器学习算法：通过对大量历史振动数据的学习，自动识别出正常和异常振动之间的细微差别，并建立预测模型来评估潜在故障的发展趋势。（2分）
2. 固定翼无人机异响故障维修报告单规范的编制方法
报告单结构、关键信息字段、数据采集与分析方法：

报告单结构：
基本信息：包括无人机型号、序列号、操作员姓名、飞行日期、飞行任务描述等。
故障描述：详细记录无人机在飞行过程中出现的具体异响现象，如高频噪音、低频嗡嗡声等。
诊断方法：描述使用的诊断工具和技术，如音频分析软件、飞行参数监控系统等。
检测结果：记录具体的异响频率、类型及其可能的原因。
维修措施：列出采取的维修措施及更换的零部件。
后续建议：提出预防性维护建议和未来监测计划。
关键信息字段：
异响频率和类型：记录各关键部件（如发动机、螺旋桨、机身结构）产生的异响频率和类型。
故障原因分析：基于音频分析结果，初步判断故障原因，如发动机内部零件松动、螺旋桨损坏等。
维修步骤：详细记录维修过程中的每一步骤，确保可追溯性和透明度。
数据采集与分析方法：
音频分析软件：捕捉固定翼无人机飞行过程中产生的各种声音，并通过频谱分析等技术识别出异常的声音特征。该软件不仅能够识别出高频和低频噪声，还可以区分背景噪声和真正的异响源，确保检测结果的准确性。
飞行参数监控系统：记录包括发动机转速、油门位置、空气动力学负载在内的多种飞行参数。这些数据的变化往往与机械部件的工作状态密切相关。通过将音频数据和飞行参数相结合，不仅可以准确地定位异响的来源，还能进一步分析其背后可能存在的机械或控制问题。
机器学习算法：通过对大量历史音频数据的学习，自动识别出正常和异常声音模式之间的细微差别，并建立预测模型来评估潜在故障的发展趋势。（2分）
3.协同工作与综合优势
这种综合方法的优势在于：

多维度数据采集：通过振动传感器、音频分析软件和飞行参数监控系统，从不同角度获取无人机的状态信息，确保检测的全面性和准确性。振动传感器提供了机械部件的物理状态，音频分析软件提供了声学特征，而飞行参数监控系统则提供了操作环境的相关数据。
智能化分析：机器学习算法通过对大量历史数据的学习，提高了故障诊断的智能化水平，使得检测更加精准和前瞻性。通过机器学习算法，可以从海量数据中提取有价值的信息，显著提高故障诊断的效率。
早期预警：通过结合振动和声音数据，可以实现早期预警，提前发现潜在问题，减少意外停机的风险，保障飞行安全。例如，通过振动数据和音频数据的联合分析，可以在早期阶段发现发动机或螺旋桨的问题，避免严重的机械故障。
数据融合增强可靠性：通过数据融合技术，将不同来源的数据进行整合和分析，可以提高故障诊断的准确性和可靠性。例如，通过将振动数据与音频数据相结合，可以更全面地了解无人机的整体健康状况。（1分）
答题要点：                                                                                                                                                                                                                            1. 多旋翼无人机异常振动故障检测报告单的填写内容
（答到故障现象、诊断方法、检测结果三个方面并且用句得当即得2分，其中诊断方法至少提到振动传感器、频谱分析、机器学习算法其中一种）
2. 多旋翼无人机异响故障检测报告单的填写内容
（答到故障现象、诊断方法、检测结果三个方面并且用句得当即得2分，其中诊断方法至少提到音频分析软件、飞行参数监控系统其中一种）
3. 协同工作与综合优势
（答到多维度数据采集、智能化分析、早期预警、数据融合增强可靠性四个方面的其中两个并且用句得当即得1分）
评分标准:
按答题要点给分，要点全面完整给满分，若回答逻辑性、语言严谨性不强可扣1分，要点欠缺按分值扣分，部分要点回答不全面缺1个方面扣1分，扣完为止。",3（中）,5（好）,,,,,,,,,
卷八e3,B-C-B-008,D（简答题）,,请简述一种综合处理多旋翼无人机异响故障维修报告单规范和固定翼无人机异响故障维修报告单规范的方法，并解释为什么这种方法在复杂环境中具有较高的可靠性和准确性。,,,,,,,"一种综合处理多旋翼无人机异响故障维修报告单规范和固定翼无人机异响故障维修报告单规范的有效方法是结合使用音频分析软件、飞行参数监控系统，并通过机器学习算法进行数据处理和故障预测。

1. 多旋翼无人机异响故障维修报告单规范的编制方法
报告单结构、关键信息字段、数据采集与分析方法：

报告单结构：
基本信息：包括无人机型号、序列号、操作员姓名、飞行日期、飞行任务描述等。
故障描述：详细记录无人机在飞行过程中出现的具体异响现象，如高频噪音、低频嗡嗡声等。
诊断方法：描述使用的诊断工具和技术，如音频分析软件、飞行参数监控系统等。
检测结果：记录具体的异响频率、类型及其可能的原因。
维修措施：列出采取的维修措施及更换的零部件。
后续建议：提出预防性维护建议和未来监测计划。
关键信息字段：
异响频率和类型：记录各关键部件（如电机、螺旋桨、机身结构）产生的异响频率和类型。
故障原因分析：基于音频分析结果，初步判断故障原因，如电机内部零件松动、螺旋桨损坏等。
维修步骤：详细记录维修过程中的每一步骤，确保可追溯性和透明度。
数据采集与分析方法：
音频分析软件：捕捉多旋翼无人机飞行过程中产生的各种声音，并通过频谱分析等技术识别出异常的声音特征。该软件不仅能够识别出高频和低频噪声，还可以区分背景噪声和真正的异响源，确保检测结果的准确性。
飞行参数监控系统：记录包括电机转速、螺旋桨负载在内的多种飞行参数。这些数据的变化往往与机械部件的工作状态密切相关。通过将音频数据和飞行参数相结合，不仅可以准确地定位异响的来源，还能进一步分析其背后可能存在的机械或控制问题。
机器学习算法：通过对大量历史音频数据的学习，自动识别出正常和异常声音模式之间的细微差别，并建立预测模型来评估潜在故障的发展趋势。（2分）
2. 固定翼无人机异响故障维修报告单规范的编制方法
报告单结构、关键信息字段、数据采集与分析方法：

报告单结构：
基本信息：包括无人机型号、序列号、操作员姓名、飞行日期、飞行任务描述等。
故障描述：详细记录无人机在飞行过程中出现的具体异响现象，如高频噪音、低频嗡嗡声等。
诊断方法：描述使用的诊断工具和技术，如音频分析软件、飞行参数监控系统等。
检测结果：记录具体的异响频率、类型及其可能的原因。
维修措施：列出采取的维修措施及更换的零部件。
后续建议：提出预防性维护建议和未来监测计划。
关键信息字段：
异响频率和类型：记录各关键部件（如发动机、螺旋桨、机身结构）产生的异响频率和类型。
故障原因分析：基于音频分析结果，初步判断故障原因，如发动机内部零件松动、螺旋桨损坏等。
维修步骤：详细记录维修过程中的每一步骤，确保可追溯性和透明度。
数据采集与分析方法：
音频分析软件：捕捉固定翼无人机飞行过程中产生的各种声音，并通过频谱分析等技术识别出异常的声音特征。该软件不仅能够识别出高频和低频噪声，还可以区分背景噪声和真正的异响源，确保检测结果的准确性。
飞行参数监控系统：记录包括发动机转速、油门位置、空气动力学负载在内的多种飞行参数。这些数据的变化往往与机械部件的工作状态密切相关。通过将音频数据和飞行参数相结合，不仅可以准确地定位异响的来源，还能进一步分析其背后可能存在的机械或控制问题。
机器学习算法：通过对大量历史音频数据的学习，自动识别出正常和异常声音模式之间的细微差别，并建立预测模型来评估潜在故障的发展趋势。（2分）
3.协同工作与综合优势
这种综合方法的优势在于：

多维度数据采集：通过音频分析软件和飞行参数监控系统，从不同角度获取无人机的状态信息，确保检测的全面性和准确性。音频分析软件提供了声学特征，而飞行参数监控系统则提供了操作环境的相关数据。
智能化分析：机器学习算法通过对大量历史数据的学习，提高了故障诊断的智能化水平，使得检测更加精准和前瞻性。通过机器学习算法，可以从海量数据中提取有价值的信息，显著提高故障诊断的效率。
早期预警：通过结合音频数据和飞行参数，可以实现早期预警，提前发现潜在问题，减少意外停机的风险，保障飞行安全。例如，通过音频数据和飞行参数的联合分析，可以在早期阶段发现发动机或螺旋桨的问题，避免严重的机械故障。
数据融合增强可靠性：通过数据融合技术，将不同来源的数据进行整合和分析，可以提高故障诊断的准确性和可靠性。例如，通过将音频数据与飞行参数相结合，可以更全面地了解无人机的整体健康状况。（1分）
答题要点：                                                                                                                                                                                                                       1. 多旋翼无人机异响故障维修报告单规范的编制方法
（答到报告单结构、关键信息字段、数据采集与分析方法三个方面并且用句得当，详细具体即可得2分）
2. 固定翼无人机异响故障维修报告单规范的编制方法
（答到报告单结构、关键信息字段、数据采集与分析方法三个方面并且用句得当，详细具体即可得2分）
3. 协同工作与综合优势
（答到多维度数据采集、智能化分析、早期预警、数据融合增强可靠性四个方面的其中两个并且用句得当即可得1分）  
评分标准：
按答题要点给分，要点全面完整给满分。若回答逻辑性、语言严谨性不强可扣1分，要点欠缺按分值扣分，部分要点回答不全面缺1个方面扣1分，扣完为止。",3（中）,5（好）,,,,,,,,,
卷一f1,B-D-A-001,W（论述题）,  ,请详细论述多旋翼无人机和固定翼无人机在升阻比影响因素上的异同，并结合这些分析探讨如何优化这两种无人机的升阻比。在此基础上，进一步讨论垂直起降固定翼无人机（VTOL）的升阻比影响因素及其优化方法。,,,,,,,"1. 多旋翼无人机和固定翼无人机升阻比的主要影响因素及其异同点
多旋翼无人机升阻比的影响因素（2分）
螺旋桨效率：螺旋桨的设计、材料和转速直接影响升力和阻力。高效的螺旋桨可以在相同功率下产生更大的升力，同时减少阻力。
电机性能：电机的效率和输出功率决定了螺旋桨的旋转速度和升力生成能力。高效电机可以提供更高的升力并减少能量损耗。
空气动力学设计：机身和结构的设计会影响气流流动，从而影响阻力。流线型设计可以减少空气阻力，提高升阻比。
重量分布：合理的重量分布可以确保飞行稳定性，进而影响升阻比。重心位置不当会导致额外的阻力。
固定翼无人机升阻比的影响因素（2分）
机翼设计：机翼的形状、面积和翼展是决定升力的主要因素。较大的翼展和合适的翼型可以显著提高升力，同时减少诱导阻力。
空气动力学设计：机身、尾翼和其他部件的空气动力学设计对总阻力有重要影响。流线型设计可以减少摩擦阻力和压差阻力。
发动机性能：发动机的推力和燃油效率决定了无人机的飞行速度和续航能力。高效的发动机可以提供更高的推力，减少能量损耗。
飞行速度：不同的飞行速度对应不同的升阻比。通常存在一个最佳飞行速度，在该速度下升阻比最大。
异同点
共同点：（2分）
空气动力学设计：两者都依赖于良好的空气动力学设计来减少阻力。无论是多旋翼还是固定翼，流线型设计都可以显著提高升阻比。
重量管理：合理的重量分布和轻量化设计对提高升阻比至关重要。较轻的结构可以减少所需的升力，从而降低阻力。
不同点：（2分）
升力来源：多旋翼无人机主要依靠螺旋桨产生的升力，而固定翼无人机则依赖于机翼产生的升力。
阻力来源：多旋翼无人机的阻力主要来自螺旋桨和电机，而固定翼无人机的阻力更多来自机身和机翼的摩擦阻力和诱导阻力。
优化方向：多旋翼无人机更注重螺旋桨和电机的优化，而固定翼无人机则更关注机翼设计和发动机性能的提升。
2. 针对上述影响因素，提出具体的优化方法，并说明其在不同类型的无人机中的应用效果
多旋翼无人机的优化方法（1.5分）
螺旋桨优化：选择高效、低噪音的螺旋桨设计，如使用碳纤维材料或改进螺旋桨叶片形状。优化螺旋桨的安装角度以提高升力效率。
电机优化：采用高效率电机，减少能量损耗。优化电机控制算法，使电机在不同负载下都能保持高效运行。
空气动力学设计：采用流线型机身设计，减少空气阻力。优化支架和防护罩的设计，避免不必要的气流干扰。
固定翼无人机的优化方法（1.5分）
机翼优化：选择适合特定任务需求的机翼设计，如高升力系数的翼型。通过增加翼展或优化翼尖设计减少诱导阻力。
空气动力学设计：采用流线型机身设计，减少摩擦阻力和压差阻力。优化进气口和排气口的位置，减少湍流。
发动机优化：选择高效发动机，提高燃油利用率。优化发动机的控制系统，使其在不同飞行阶段都能保持最佳推力输出。
3. 结合垂直起降固定翼无人机的特点，分析其升阻比的独特影响因素，并提出相应的优化策略
垂直起降固定翼无人机（VTOL）的升阻比独特影响因素（2分）
混合布局设计：VTOL无人机通常具有垂直起降和水平飞行两种模式，因此需要兼顾两者的空气动力学特性。在垂直起降时，升力主要由螺旋桨提供；而在水平飞行时，升力主要由机翼提供。
过渡阶段：从垂直飞行到水平飞行的过渡阶段是一个关键环节，此时升阻比的变化较为复杂。合理设计过渡阶段的控制逻辑和姿态调整机制，可以减少过渡过程中的能量损失。
重量平衡：由于需要同时支持垂直和水平飞行，VTOL无人机的重量平衡尤为重要。不合理的重量分布可能导致飞行不稳定，增加额外阻力。
VTOL无人机的优化策略（2分）
混合动力系统：采用混合动力系统，利用电动机进行垂直起降，利用内燃机或涡轮发动机进行水平飞行。这样可以充分发挥各自的优势，提高整体效率。
优化过渡控制：开发先进的飞控系统，优化垂直起飞、悬停和水平飞行之间的过渡过程。通过精确的姿态控制和能量管理，减少过渡过程中的阻力和能量损耗。
空气动力学优化：采用可变翼型或可折叠机翼设计，根据飞行状态自动调整机翼形态，以适应不同的飞行需求。例如，在垂直起降时收起机翼，减少阻力；在水平飞行时展开机翼，提高升力。
综合设计与仿真：利用CFD（计算流体力学）仿真技术，对VTOL无人机的各个飞行阶段进行全面分析，找出潜在的阻力源并加以优化。通过多次迭代和实验验证，逐步提高升阻比。                                                                                                                             

答题要点：
1. 多旋翼无人机和固定翼无人机升阻比的主要影响因素及其异同点（总共8分）：
多旋翼无人机升阻比的影响因素（答到螺旋桨效率、电机性能、空气动力学设计、重量分布任意两个点即得2分）
固定翼无人机升阻比的影响因素（答到机翼设计、空气动力学设计、发动机性能、飞行速度任意两个点即得2分）
共同点（答到空气动力学设计、重量管理即得2分）
不同点（答到升力来源、阻力来源、优化方向任意两个点即得2分）
2. 针对上述影响因素，提出具体的优化方法，并说明其在不同类型的无人机中的应用效果（总共3分）：
多旋翼无人机的优化方法（答到螺旋桨优化、电机优化、空气动力学设计任意两个点即得1.5分）
固定翼无人机的优化方法（答到机翼优化、空气动力学设计、发动机优化任意两个点即得1.5分）
3. 结合垂直起降固定翼无人机的特点，分析其升阻比的独特影响因素，并提出相应的优化策略（总共4分）：
垂直起降固定翼无人机（VTOL）的升阻比独特影响因素（答到混合布局设计、过渡阶段、重量平衡任意两个点即得2分）
VTOL无人机的优化策略（答到混合动力系统、优化过渡控制、空气动力学优化、综合设计与仿真任意两个点即得2分）
评分标准：
按答题要点给分，要点全面完整给满分，若回答逻辑性，语言严谨性不强可扣1分，要点欠缺按分值扣分，部分要点回答不全面缺1个方面扣1分，扣完为止。",3（中）,5（好）,,,,,,,,,
卷二f1,B-D-A-002,W（论述题）,,请详细论述固定翼无人机和垂直起降固定翼无人机在升阻比影响因素上的异同，并探讨如何针对这些因素进行优化。在此基础上，进一步分析多旋翼无人机的载重比影响因素及其优化方法。,,,,,,,"1. 固定翼无人机和垂直起降固定翼无人机升阻比的主要影响因素及其异同点
固定翼无人机升阻比的影响因素（2分）
机翼设计：机翼的形状、面积和翼展是决定升力的主要因素。较大的翼展和合适的翼型可以显著提高升力，同时减少诱导阻力。
空气动力学设计：机身、尾翼和其他部件的空气动力学设计对总阻力有重要影响。流线型设计可以减少摩擦阻力和压差阻力。
发动机性能：发动机的推力和燃油效率决定了无人机的飞行速度和续航能力。高效的发动机可以提供更高的推力，减少能量损耗。
飞行速度：不同的飞行速度对应不同的升阻比。通常存在一个最佳飞行速度，在该速度下升阻比最大。
垂直起降固定翼无人机（VTOL）升阻比的影响因素（2分）
混合布局设计：VTOL无人机通常具有垂直起降和水平飞行两种模式，因此需要兼顾两者的空气动力学特性。在垂直起降时，升力主要由螺旋桨提供；而在水平飞行时，升力主要由机翼提供。
过渡阶段：从垂直飞行到水平飞行的过渡阶段是一个关键环节，此时升阻比的变化较为复杂。合理设计过渡阶段的控制逻辑和姿态调整机制，可以减少过渡过程中的能量损失。
重量平衡：由于需要同时支持垂直和水平飞行，VTOL无人机的重量平衡尤为重要。不合理的重量分布可能导致飞行不稳定，增加额外阻力。
螺旋桨和电机：在垂直起降阶段，螺旋桨和电机的设计直接影响升力和阻力。高效的螺旋桨和电机可以在相同功率下产生更大的升力，同时减少阻力。
异同点
共同点：（2分）
空气动力学设计：两者都依赖于良好的空气动力学设计来减少阻力。无论是固定翼还是VTOL，流线型设计都可以显著提高升阻比。
重量管理：合理的重量分布和轻量化设计对提高升阻比至关重要。较轻的结构可以减少所需的升力，从而降低阻力。
不同点：（2分）
升力来源：固定翼无人机主要依靠机翼产生的升力，而VTOL无人机在垂直起降时依赖螺旋桨产生的升力，在水平飞行时依赖机翼产生的升力。
阻力来源：固定翼无人机的阻力更多来自机身和机翼的摩擦阻力和诱导阻力，而VTOL无人机在垂直起降时的阻力主要来自螺旋桨和电机。
优化方向：固定翼无人机更注重机翼设计和发动机性能的提升，而VTOL无人机则需要兼顾垂直起降和水平飞行的双重需求，优化混合动力系统和过渡阶段的控制。
2. 针对上述影响因素，提出具体的优化方法，并说明其在不同类型的无人机中的应用效果
固定翼无人机的优化方法（1.5分）
机翼优化：选择适合特定任务需求的机翼设计，如高升力系数的翼型。通过增加翼展或优化翼尖设计减少诱导阻力。
空气动力学设计：采用流线型机身设计，减少摩擦阻力和压差阻力。优化进气口和排气口的位置，减少湍流。
发动机优化：选择高效发动机，提高燃油利用率。优化发动机的控制系统，使其在不同飞行阶段都能保持最佳推力输出。
VTOL无人机的优化方法（1.5分）
混合动力系统：采用混合动力系统，利用电动机进行垂直起降，利用内燃机或涡轮发动机进行水平飞行。这样可以充分发挥各自的优势，提高整体效率。
优化过渡控制：开发先进的飞控系统，优化垂直起飞、悬停和水平飞行之间的过渡过程。通过精确的姿态控制和能量管理，减少过渡过程中的阻力和能量损耗。
空气动力学优化：采用可变翼型或可折叠机翼设计，根据飞行状态自动调整机翼形态，以适应不同的飞行需求。例如，在垂直起降时收起机翼，减少阻力；在水平飞行时展开机翼，提高升力。
综合设计与仿真：利用CFD（计算流体力学）仿真技术，对VTOL无人机的各个飞行阶段进行全面分析，找出潜在的阻力源并加以优化。通过多次迭代和实验验证，逐步提高升阻比。
3. 结合多旋翼无人机的特点，分析其载重比的主要影响因素，并提出相应的优化策略
多旋翼无人机载重比的影响因素（2分）
电机和螺旋桨性能：电机的输出功率和螺旋桨的效率直接影响多旋翼无人机的载重能力。高效电机和优化设计的螺旋桨可以在相同功耗下提供更大的升力。
电池能量密度：电池的能量密度决定了无人机的最大飞行时间和载重能力。高能量密度的电池可以提供更长的续航时间，同时支持更大的负载。
结构设计：合理的结构设计可以减轻无人机自身的重量，从而提高载重比。采用轻质材料和优化结构设计，可以在不影响强度的前提下减轻重量。
飞行控制系统：先进的飞控系统可以优化飞行姿态和能耗管理，确保在载重情况下也能保持稳定的飞行性能。
多旋翼无人机的优化策略（2分）
电机和螺旋桨优化：选择高效率的电机和螺旋桨设计，确保在相同功耗下提供更大的升力。优化螺旋桨的叶片角度和数量，提高升力效率。
电池优化：选用高能量密度的电池，延长飞行时间和增加载重能力。探索新型电池技术，如固态电池或氢燃料电池，进一步提高能量密度。
轻量化设计：采用碳纤维等轻质高强度材料，减轻无人机自重。优化机身结构设计，减少不必要的重量，提高载重比。
飞控系统优化：开发先进的飞控算法，优化飞行姿态和能耗管理。通过精确的姿态控制和能量分配，确保在载重情况下也能保持稳定飞行。                                                                                                                                                                         

答题要点：                                                                                                                                                                                                                          1. 固定翼无人机和垂直起降固定翼无人机升阻比的主要影响因素及其异同点（8分）：
固定翼无人机升阻比的影响因素（答到机翼设计、空气动力学设计、发动机性能、飞行速度任意两个点即得2分）
垂直起降固定翼无人机（VTOL）升阻比的影响因素（答到混合布局设计、过渡阶段、重量平衡、螺旋桨和电机任意两个点即得2分）
共同点（答到空气动力学设计、重量管理即得2分）
不同点（答到升力来源、阻力来源、优化方向任意两个点即得2分）
2. 针对上述影响因素，提出具体的优化方法，并说明其在不同类型的无人机中的应用效果（3分）
固定翼无人机的优化方法（答到机翼优化、空气动力学设计、发动机优化任意两个点即得1.5分）
VTOL无人机的优化方法（答到混合动力系统、优化过渡控制、空气动力学优化、综合设计与仿真任意两个点即得1.5分）
3. 结合多旋翼无人机的特点，分析其载重比的主要影响因素，并提出相应的优化策略（4分）
多旋翼无人机载重比的影响因素（答到电机和螺旋桨性能、电池能量密度、结构设计、飞行控制系统任意两个点即得2分）
多旋翼无人机的优化策略（答到电机和螺旋桨优化、电池优化、轻量化设计、飞控系统优化任意两个点即得2分）
评分标准:
按答题要点给分，要点全面完整给满分，若回答逻辑性、语言严谨性不强可扣1分，要点欠缺按分值扣分，部分要点回答不全面缺1个方面扣1分，扣完为止。",3（中）,5（好）,,,,,,,,,
卷三f1,B-D-A-003,W（论述题）,,请详细论述固定翼无人机和多旋翼无人机在载重比影响因素上的异同，并探讨如何针对这些因素进行优化。在此基础上，进一步分析垂直起降固定翼无人机（VTOL）的升阻比影响因素及其优化方法。,,,,,,,"1. 固定翼无人机和多旋翼无人机载重比的主要影响因素及其异同点
固定翼无人机载重比的影响因素（2分）
发动机性能：发动机的功率和燃油效率直接影响无人机的载重能力。高效发动机可以在相同燃料消耗下提供更大的推力，从而增加载重量。
机翼设计：机翼的面积、形状和材料决定了升力的大小。较大的机翼面积和高效的翼型可以显著提高升力，从而增加载重能力。
结构强度与重量：合理的结构设计和轻量化材料可以减轻无人机自重，从而提高载重比。高强度但轻质的材料（如碳纤维）有助于实现这一目标。
飞行速度和高度：不同的飞行速度和高度会影响无人机的空气动力学特性，进而影响载重能力。最佳飞行速度和高度可以最大化升力并减少阻力。
多旋翼无人机载重比的影响因素（2分）
电机和螺旋桨性能：电机的输出功率和螺旋桨的设计直接影响多旋翼无人机的载重能力。高效率电机和优化设计的螺旋桨可以在相同功耗下提供更大的升力。
电池能量密度：电池的能量密度决定了无人机的最大飞行时间和载重能力。高能量密度的电池可以提供更长的续航时间，同时支持更大的负载。
结构设计：合理的结构设计可以减轻无人机自身的重量，从而提高载重比。采用轻质材料和优化结构设计，可以在不影响强度的前提下减轻重量。
飞控系统：先进的飞控系统可以优化飞行姿态和能耗管理，确保在载重情况下也能保持稳定的飞行性能。
异同点
共同点：（2分）
结构设计：两者都依赖于合理的结构设计来减轻自重，从而提高载重比。轻质高强度材料的应用在两种无人机中都很重要。
能源管理：无论是固定翼还是多旋翼无人机，高效的能源管理都是提高载重能力的关键。高能量密度的电池或高效的发动机都可以增加有效载荷。
不同点：（2分）
升力来源：固定翼无人机主要依靠机翼产生的升力，而多旋翼无人机则依赖于螺旋桨产生的升力。
阻力来源：固定翼无人机的阻力更多来自机身和机翼的摩擦阻力和诱导阻力，而多旋翼无人机的阻力主要来自螺旋桨和电机。
优化方向：固定翼无人机更注重发动机性能和机翼设计的提升，而多旋翼无人机则需要优化电机、螺旋桨和电池性能。
2. 针对上述影响因素，提出具体的优化方法，并说明其在不同类型的无人机中的应用效果
固定翼无人机的优化方法（1.5分）
发动机优化：选择高效发动机，提高燃油利用率。优化发动机的控制系统，使其在不同飞行阶段都能保持最佳推力输出。
机翼优化：选择适合特定任务需求的机翼设计，如高升力系数的翼型。通过增加翼展或优化翼尖设计减少诱导阻力。
轻量化设计：采用碳纤维等轻质高强度材料，减轻无人机自重。优化机身结构设计，减少不必要的重量，提高载重比。
飞行参数优化：通过仿真和实验确定最佳飞行速度和高度，以最大化升力并减少阻力。
多旋翼无人机的优化方法（1.5分）
电机和螺旋桨优化：选择高效率的电机和螺旋桨设计，确保在相同功耗下提供更大的升力。优化螺旋桨的叶片角度和数量，提高升力效率。
电池优化：选用高能量密度的电池，延长飞行时间和增加载重能力。探索新型电池技术，如固态电池或氢燃料电池，进一步提高能量密度。
轻量化设计：采用碳纤维等轻质高强度材料，减轻无人机自重。优化机身结构设计，减少不必要的重量，提高载重比。
飞控系统优化：开发先进的飞控算法，优化飞行姿态和能耗管理。通过精确的姿态控制和能量分配，确保在载重情况下也能保持稳定飞行。
3. 结合垂直起降固定翼无人机的特点，分析其升阻比的主要影响因素，并提出相应的优化策略
垂直起降固定翼无人机（VTOL）升阻比的影响因素（2分）
混合布局设计：VTOL无人机通常具有垂直起降和水平飞行两种模式，因此需要兼顾两者的空气动力学特性。在垂直起降时，升力主要由螺旋桨提供；而在水平飞行时，升力主要由机翼提供。
过渡阶段：从垂直飞行到水平飞行的过渡阶段是一个关键环节，此时升阻比的变化较为复杂。合理设计过渡阶段的控制逻辑和姿态调整机制，可以减少过渡过程中的能量损失。
重量平衡：由于需要同时支持垂直和水平飞行，VTOL无人机的重量平衡尤为重要。不合理的重量分布可能导致飞行不稳定，增加额外阻力。
螺旋桨和电机：在垂直起降阶段，螺旋桨和电机的设计直接影响升力和阻力。高效的螺旋桨和电机可以在相同功率下产生更大的升力，同时减少阻力。
VTOL无人机的优化策略（2分）
混合动力系统：采用混合动力系统，利用电动机进行垂直起降，利用内燃机或涡轮发动机进行水平飞行。这样可以充分发挥各自的优势，提高整体效率。
优化过渡控制：开发先进的飞控系统，优化垂直起飞、悬停和水平飞行之间的过渡过程。通过精确的姿态控制和能量管理，减少过渡过程中的阻力和能量损耗。
空气动力学优化：采用可变翼型或可折叠机翼设计，根据飞行状态自动调整机翼形态，以适应不同的飞行需求。例如，在垂直起降时收起机翼，减少阻力；在水平飞行时展开机翼，提高升力。
综合设计与仿真：利用CFD（计算流体力学）仿真技术，对VTOL无人机的各个飞行阶段进行全面分析，找出潜在的阻力源并加以优化。通过多次迭代和实验验证，逐步提高升阻比。                                                                                   答题要点：                                                                                                                                                                                                                                     1. 固定翼无人机和多旋翼无人机载重比的主要影响因素及其异同点（8分）：
固定翼无人机载重比的影响因素（答到发动机性能、机翼设计、结构强度与重量、飞行速度和高度任意两个点即得2分）
多旋翼无人机载重比的影响因素（答到电机和螺旋桨性能、电池能量密度、结构设计、飞控系统任意两个点即得2分）
共同点（答到结构设计、能源管理即得2分）
不同点（答到升力来源、阻力来源、优化方向即得2分）
2. 针对上述影响因素，提出具体的优化方法，并说明其在不同类型的无人机中的应用效果（3分）：
固定翼无人机的优化方法（答到发动机优化、机翼优化、轻量化设计、飞行参数优化任意两个点即得1.5分）
多旋翼无人机的优化方法（答到电机和螺旋桨优化、电池优化、轻量化设计、飞控系统优化任意两个点即得1.5分）
3. 结合垂直起降固定翼无人机的特点，分析其升阻比的主要影响因素，并提出相应的优化策略（4分）：
垂直起降固定翼无人机（VTOL）升阻比的影响因素（答到混合布局设计、过渡阶段、重量平衡、螺旋桨和电机任意两个点即得2分）
VTOL无人机的优化策略（答到混合动力系统、优化过渡控制、空气动力学优化、综合设计与仿真任意两个点即得2分）
评分标准:
按答题要点给分，要点全面完整给满分，若回答逻辑性、语言严谨性不强可扣1分，要点欠缺按分值扣分，部分要点回答不全面缺1个方面扣1分，扣完为止。",3（中）,5（好）,,,,,,,,,
卷四f1,B-D-A-004,W（论述题）,,请详细论述固定翼无人机、多旋翼无人机和垂直起降固定翼无人机（VTOL）在载重比影响因素上的异同，并探讨如何针对这些因素进行优化。,,,,,,,"1. 固定翼无人机、多旋翼无人机和垂直起降固定翼无人机载重比的主要影响因素及其异同点
固定翼无人机载重比的影响因素（2分）
发动机性能：发动机的功率和燃油效率直接影响无人机的载重能力。高效发动机可以在相同燃料消耗下提供更大的推力，从而增加载重量。
机翼设计：机翼的面积、形状和材料决定了升力的大小。较大的机翼面积和高效的翼型可以显著提高升力，从而增加载重能力。
结构强度与重量：合理的结构设计和轻量化材料可以减轻无人机自重，从而提高载重比。高强度但轻质的材料（如碳纤维）有助于实现这一目标。
飞行速度和高度：不同的飞行速度和高度会影响无人机的空气动力学特性，进而影响载重能力。最佳飞行速度和高度可以最大化升力并减少阻力。
多旋翼无人机载重比的影响因素（2分）
电机和螺旋桨性能：电机的输出功率和螺旋桨的设计直接影响多旋翼无人机的载重能力。高效率电机和优化设计的螺旋桨可以在相同功耗下提供更大的升力。
电池能量密度：电池的能量密度决定了无人机的最大飞行时间和载重能力。高能量密度的电池可以提供更长的续航时间，同时支持更大的负载。
结构设计：合理的结构设计可以减轻无人机自身的重量，从而提高载重比。采用轻质材料和优化结构设计，可以在不影响强度的前提下减轻重量。
飞控系统：先进的飞控系统可以优化飞行姿态和能耗管理，确保在载重情况下也能保持稳定的飞行性能。
垂直起降固定翼无人机（VTOL）载重比的影响因素（2分）
混合动力系统：VTOL无人机通常采用电动机和内燃机或涡轮发动机的组合，以满足垂直起降和水平飞行的需求。高效的混合动力系统可以在不同飞行阶段提供最优的动力输出。
过渡阶段设计：从垂直飞行到水平飞行的过渡阶段是一个关键环节，此时载重比的变化较为复杂。合理设计过渡阶段的控制逻辑和姿态调整机制，可以减少过渡过程中的能量损失。
重量平衡：由于需要同时支持垂直和水平飞行，VTOL无人机的重量平衡尤为重要。不合理的重量分布可能导致飞行不稳定，增加额外阻力。
空气动力学设计：机身、机翼和其他部件的空气动力学设计对总阻力有重要影响。流线型设计可以减少摩擦阻力和压差阻力。
异同点
共同点：（2分）
结构设计：三种无人机都依赖于合理的结构设计来减轻自重，从而提高载重比。轻质高强度材料的应用在三种无人机中都很重要。
能源管理：无论是固定翼、多旋翼还是VTOL无人机，高效的能源管理都是提高载重能力的关键。高能量密度的电池或高效的发动机都可以增加有效载荷。
不同点：（2分）
升力来源：
固定翼无人机主要依靠机翼产生的升力。
多旋翼无人机则依赖于螺旋桨产生的升力。
VTOL无人机在垂直起降时依赖螺旋桨，在水平飞行时依赖机翼。
阻力来源：
固定翼无人机的阻力更多来自机身和机翼的摩擦阻力和诱导阻力。
多旋翼无人机的阻力主要来自螺旋桨和电机。
VTOL无人机在垂直起降时的阻力主要来自螺旋桨和电机，在水平飞行时的阻力主要来自机身和机翼。
优化方向：
固定翼无人机更注重发动机性能和机翼设计的提升。
多旋翼无人机则需要优化电机、螺旋桨和电池性能。
VTOL无人机需要兼顾垂直起降和水平飞行的双重需求，优化混合动力系统和过渡阶段的控制。
2. 针对上述影响因素，提出具体的优化方法，并说明其在不同类型的无人机中的应用效果
固定翼无人机的优化方法（1分）
发动机优化：选择高效发动机，提高燃油利用率。优化发动机的控制系统，使其在不同飞行阶段都能保持最佳推力输出。
机翼优化：选择适合特定任务需求的机翼设计，如高升力系数的翼型。通过增加翼展或优化翼尖设计减少诱导阻力。
轻量化设计：采用碳纤维等轻质高强度材料，减轻无人机自重。优化机身结构设计，减少不必要的重量，提高载重比。
飞行参数优化：通过仿真和实验确定最佳飞行速度和高度，以最大化升力并减少阻力。
多旋翼无人机的优化方法（1分）
电机和螺旋桨优化：选择高效率的电机和螺旋桨设计，确保在相同功耗下提供更大的升力。优化螺旋桨的叶片角度和数量，提高升力效率。
电池优化：选用高能量密度的电池，延长飞行时间和增加载重能力。探索新型电池技术，如固态电池或氢燃料电池，进一步提高能量密度。
轻量化设计：采用碳纤维等轻质高强度材料，减轻无人机自重。优化机身结构设计，减少不必要的重量，提高载重比。
飞控系统优化：开发先进的飞控算法，优化飞行姿态和能耗管理。通过精确的姿态控制和能量分配，确保在载重情况下也能保持稳定飞行。
垂直起降固定翼无人机（VTOL）的优化方法（1分）
混合动力系统优化：采用混合动力系统，利用电动机进行垂直起降，利用内燃机或涡轮发动机进行水平飞行。这样可以充分发挥各自的优势，提高整体效率。
优化过渡控制：开发先进的飞控系统，优化垂直起飞、悬停和水平飞行之间的过渡过程。通过精确的姿态控制和能量管理，减少过渡过程中的阻力和能量损耗。
空气动力学优化：采用可变翼型或可折叠机翼设计，根据飞行状态自动调整机翼形态，以适应不同的飞行需求。例如，在垂直起降时收起机翼，减少阻力；在水平飞行时展开机翼，提高升力。                                                             


答题要点：                                                                                                                                                                                                                                 
综合设计与仿真：利用CFD（计算流体力学）仿真技术，对VTOL无人机的各个飞行阶段进行全面分析，找出潜在的阻力源并加以优化。通过多次迭代和实验验证，逐步提高载重比。
3. 结合三种无人机的特点，分析各自的独特挑战，并提出相应的优化策略
固定翼无人机的独特挑战及优化策略（1分）
挑战：固定翼无人机在起飞和降落过程中需要较长的跑道，这限制了其在狭小空间内的使用。
优化策略：可以通过弹射器或降落伞等方式改进起飞和降落方式，或者采用滑跑距离较短的特殊机翼设计，如STOL（短距起降）机翼。
多旋翼无人机的独特挑战及优化策略（0.5分）
挑战：多旋翼无人机在高速飞行时容易受到风阻影响，导致效率下降和稳定性问题。
优化策略：采用更高效的螺旋桨设计和空气动力学优化，减少风阻。此外，可以开发先进的飞控算法，优化飞行姿态和能耗管理，确保在高速飞行时也能保持稳定。
垂直起降固定翼无人机（VTOL）的独特挑战及优化策略（0.5分）
挑战：VTOL无人机在垂直起降和水平飞行之间切换时，面临复杂的空气动力学变化和能量管理问题。                          
优化策略：采用先进的混合动力系统，优化过渡阶段的控制逻辑和姿态调整机制，减少能量损失。同时，通过仿真和实验验证，不断优化空气动力学设计，提高整体效率。                                                                                                                                                               答题要点：1. 固定翼无人机、多旋翼无人机和垂直起降固定翼无人机载重比的主要影响因素及其异同点（共10分）
固定翼无人机载重比的影响因素（答到发动机性能、机翼设计、结构强度与重量、飞行速度和高度任意两个点即得2分）
多旋翼无人机载重比的影响因素（答到电机和螺旋桨性能、电池能量密度、结构设计、飞控系统任意两个点即得2分）
垂直起降固定翼无人机（VTOL）载重比的影响因素（答到混合动力系统、过渡阶段设计、重量平衡、空气动力学设计任意两个点即得2分）
共同点（答到结构设计、能源管理即得2分）
不同点（答到升力来源、阻力来源、优化方向即得2分）
2. 针对上述影响因素，提出具体的优化方法，并说明其在不同类型的无人机中的应用效果（共3分）
固定翼无人机的优化方法（答到发动机优化、机翼优化、轻量化设计、飞行参数优化任意两个点即得1分）
多旋翼无人机的优化方法（答到电机和螺旋桨优化、电池优化、轻量化设计、飞控系统优化任意两个点即得1分）
垂直起降固定翼无人机（VTOL）的优化方法（答到混合动力系统、优化过渡控制、空气动力学优化任意两个点即得1分）
3. 结合三种无人机的特点，分析各自的独特挑战，并提出相应的优化策略（共2分）
（答到固定翼无人机的独特挑战及优化策略且语句通顺得1分、多旋翼无人机的独特挑战及优化策略且语句通顺得0.5分、垂直起降固定翼无人机（VTOL）的独特挑战及优化策略且语句通顺得0.5分）
评分标准：
按答题要点给分，要点全面完整给满分，若回答逻辑性，语言严谨性不强可扣1分，要点欠缺按分值扣分，部分要点回答不全面缺1个方面扣1分，扣完为止。",3（中）,5（好）,,,,,,,,,
卷五f1,B-D-A-005,W（论述题）,,请详细论述固定翼无人机和垂直起降固定翼无人机在载重比影响因素上的异同，并探讨如何针对这些因素进行优化。在此基础上，进一步分析多旋翼无人机的振动影响因素及其减振方法。,,,,,,,"1. 固定翼无人机和垂直起降固定翼无人机载重比的主要影响因素及其异同点
固定翼无人机载重比的影响因素（2分）
发动机性能：发动机的功率和燃油效率直接影响无人机的载重能力。高效发动机可以在相同燃料消耗下提供更大的推力，从而增加载重量。
机翼设计：机翼的面积、形状和材料决定了升力的大小。较大的机翼面积和高效的翼型可以显著提高升力，从而增加载重能力。
结构强度与重量：合理的结构设计和轻量化材料可以减轻无人机自重，从而提高载重比。高强度但轻质的材料（如碳纤维）有助于实现这一目标。
飞行速度和高度：不同的飞行速度和高度会影响无人机的空气动力学特性，进而影响载重能力。最佳飞行速度和高度可以最大化升力并减少阻力。
垂直起降固定翼无人机（VTOL）载重比的影响因素（2分）
混合动力系统：VTOL无人机通常采用电动机和内燃机或涡轮发动机的组合，以满足垂直起降和水平飞行的需求。高效的混合动力系统可以在不同飞行阶段提供最优的动力输出。
过渡阶段设计：从垂直飞行到水平飞行的过渡阶段是一个关键环节，此时载重比的变化较为复杂。合理设计过渡阶段的控制逻辑和姿态调整机制，可以减少过渡过程中的能量损失。
重量平衡：由于需要同时支持垂直和水平飞行，VTOL无人机的重量平衡尤为重要。不合理的重量分布可能导致飞行不稳定，增加额外阻力。
空气动力学设计：机身、机翼和其他部件的空气动力学设计对总阻力有重要影响。流线型设计可以减少摩擦阻力和压差阻力。
异同点
共同点：（2分）
结构设计：两者都依赖于合理的结构设计来减轻自重，从而提高载重比。轻质高强度材料的应用在两种无人机中都很重要。
能源管理：无论是固定翼还是VTOL无人机，高效的能源管理都是提高载重能力的关键。高能量密度的电池或高效的发动机都可以增加有效载荷。
不同点：（2分）
升力来源：固定翼无人机主要依靠机翼产生的升力，而VTOL无人机在垂直起降时依赖螺旋桨，在水平飞行时依赖机翼。
阻力来源：固定翼无人机的阻力更多来自机身和机翼的摩擦阻力和诱导阻力，而VTOL无人机在垂直起降时的阻力主要来自螺旋桨和电机。
优化方向：固定翼无人机更注重发动机性能和机翼设计的提升，而VTOL无人机则需要兼顾垂直起降和水平飞行的双重需求，优化混合动力系统和过渡阶段的控制。
2. 针对上述影响因素，提出具体的优化方法，并说明其在不同类型的无人机中的应用效果
固定翼无人机的优化方法（1.5分）
发动机优化：选择高效发动机，提高燃油利用率。优化发动机的控制系统，使其在不同飞行阶段都能保持最佳推力输出。
机翼优化：选择适合特定任务需求的机翼设计，如高升力系数的翼型。通过增加翼展或优化翼尖设计减少诱导阻力。
轻量化设计：采用碳纤维等轻质高强度材料，减轻无人机自重。优化机身结构设计，减少不必要的重量，提高载重比。
飞行参数优化：通过仿真和实验确定最佳飞行速度和高度，以最大化升力并减少阻力。
VTOL无人机的优化方法（1.5分）
混合动力系统优化：采用混合动力系统，利用电动机进行垂直起降，利用内燃机或涡轮发动机进行水平飞行。这样可以充分发挥各自的优势，提高整体效率。
优化过渡控制：开发先进的飞控系统，优化垂直起飞、悬停和水平飞行之间的过渡过程。通过精确的姿态控制和能量管理，减少过渡过程中的阻力和能量损耗。
空气动力学优化：采用可变翼型或可折叠机翼设计，根据飞行状态自动调整机翼形态，以适应不同的飞行需求。例如，在垂直起降时收起机翼，减少阻力；在水平飞行时展开机翼，提高升力。
综合设计与仿真：利用CFD（计算流体力学）仿真技术，对VTOL无人机的各个飞行阶段进行全面分析，找出潜在的阻力源并加以优化。通过多次迭代和实验验证，逐步提高载重比。
3. 结合多旋翼无人机的特点，分析其振动的主要影响因素，并提出相应的减振策略
多旋翼无人机振动的影响因素（2分）
电机和螺旋桨：电机的不平衡和螺旋桨的质量不均匀会导致振动。高效、高质量的电机和螺旋桨可以显著减少振动。
机械结构：机身的刚性和装配精度会影响振动传递路径。合理的结构设计和高质量的制造工艺可以减少不必要的振动。
传感器噪声：传感器的噪声和干扰信号会引入虚假振动数据，影响飞控系统的稳定性。高质量的传感器和有效的滤波算法可以减少这种影响。
外部环境：风速、温度变化等外部环境因素也会引起振动。适当的飞控算法和稳定系统可以减轻这些外部因素的影响。
多旋翼无人机的减振策略（2分）
电机和螺旋桨优化：
选择高精度、低噪音的电机和螺旋桨，确保电机和螺旋桨的质量一致性。
定期检查和校准电机和螺旋桨，确保它们处于最佳工作状态。
机械结构优化：
采用高强度、轻质材料（如碳纤维）制作机身，增强结构刚性。
设计合理的支架和防护罩，避免不必要的气流干扰和结构共振。
传感器优化：
使用高质量的惯性测量单元（IMU）和其他传感器，确保数据准确性。
应用先进的滤波算法（如卡尔曼滤波），去除传感器噪声和干扰信号。
飞控系统优化：
开发先进的飞控算法，实时监测和调整飞行姿态，减少振动对飞行稳定性的影响。
实现自适应控制，根据飞行环境动态调整控制参数，提高抗扰动能力。                                                                                                                                                                       

答题要点：                                                                                                                                                                                                                 1. 固定翼无人机和垂直起降固定翼无人机载重比的主要影响因素及其异同点（共8分）
固定翼无人机载重比的影响因素（答到发动机性能、机翼设计、结构强度与重量、飞行速度和高度任意两个点即得2分）
垂直起降固定翼无人机（VTOL）载重比的影响因素（答到混合动力系统、过渡阶段设计、重量平衡、空气动力学设计任意两个点即得2分）
（2分）
共同点（答到结构设计、能源管理即得2分）
不同点（答到升力来源、阻力来源、优化方向即得2分）
2. 针对上述影响因素，提出具体的优化方法，并说明其在不同类型的无人机中的应用效果（共3分）
固定翼无人机的优化方法（答到发动机优化、机翼优化、轻量化设计、飞行参数优化任意两个点即得1.5分）
垂直起降固定翼无人机（VTOL）的优化方法（答到混合动力系统、优化过渡控制、空气动力学优化任意两个点即得1.5分）
3. 结合多旋翼无人机的特点，分析其振动的主要影响因素，并提出相应的减振策略（共4分）
多旋翼无人机振动的影响因素（答到电机和螺旋桨、机械结构、传感器噪声、外部环境任意两个点即得2分）
多旋翼无人机的减振策略（答到电机和螺旋桨、机械结构优化、传感器优化、飞控系统优化任意两个点即得2分）
评分标准：
按答题要点给分，要点全面完整给满分。若回答逻辑性、语言严谨性不强可扣1分，要点欠缺按分值扣分，部分要点回答不全面缺1个方面扣1分，扣完为止。",3（中）,5（好）,,,,,,,,,
卷六f1,B-D-A-006,W（论述题）,,请详细论述多旋翼无人机在振动和噪声影响因素上的异同，并探讨如何针对这些因素进行优化。在此基础上，进一步分析垂直起降固定翼无人机（VTOL）的载重比影响因素及其优化方法。,,,,,,,"1. 多旋翼无人机振动和噪声的主要影响因素及其异同点
多旋翼无人机振动的影响因素（2分）
电机和螺旋桨：电机的不平衡和螺旋桨的质量不均匀会导致振动。高效、高质量的电机和螺旋桨可以显著减少振动。
机械结构：机身的刚性和装配精度会影响振动传递路径。合理的结构设计和高质量的制造工艺可以减少不必要的振动。
传感器噪声：传感器的噪声和干扰信号会引入虚假振动数据，影响飞控系统的稳定性。高质量的传感器和有效的滤波算法可以减少这种影响。
外部环境：风速、温度变化等外部环境因素也会引起振动。适当的飞控算法和稳定系统可以减轻这些外部因素的影响。
多旋翼无人机噪声的影响因素（2分）
螺旋桨设计：螺旋桨的设计直接影响产生的噪声水平。低噪音设计的螺旋桨可以在相同升力下产生更少的噪声。
电机性能：电机的效率和转速也会影响噪声水平。高效率电机可以在较低转速下提供足够的升力，从而减少噪声。
空气动力学设计：机身和其他部件的空气动力学设计会影响气流流动，进而影响噪声水平。流线型设计可以减少湍流噪声。
飞行速度和高度：不同的飞行速度和高度会影响噪声传播特性。高速飞行时，气流噪声会显著增加。
异同点
共同点：（2分）
螺旋桨设计：无论是振动还是噪声，螺旋桨的设计都起到了关键作用。高效的螺旋桨不仅可以减少振动，还可以降低噪声。
电机性能：电机的性能对振动和噪声都有重要影响。高效率电机可以在减少能量损耗的同时降低振动和噪声。
不同点：（2分）
主要来源：振动主要来源于电机和螺旋桨的不平衡以及机械结构的刚性问题；而噪声主要来源于螺旋桨的气动噪声、电机的电磁噪声以及空气动力学设计带来的湍流噪声。
优化方向：振动优化主要集中在提高机械结构的刚性和平衡性，而噪声优化则需要更多关注空气动力学设计和螺旋桨的低噪音设计。
2. 针对上述影响因素，提出具体的减振和降噪方法，并说明其在不同应用场景中的应用效果
多旋翼无人机的减振方法（1.5分）
电机和螺旋桨优化：
选择高精度、低噪音的电机和螺旋桨，确保电机和螺旋桨的质量一致性。
定期检查和校准电机和螺旋桨，确保它们处于最佳工作状态。
机械结构优化：
采用高强度、轻质材料（如碳纤维）制作机身，增强结构刚性。
设计合理的支架和防护罩，避免不必要的气流干扰和结构共振。
传感器优化：
使用高质量的惯性测量单元（IMU）和其他传感器，确保数据准确性。
应用先进的滤波算法（如卡尔曼滤波），去除传感器噪声和干扰信号。
飞控系统优化：
开发先进的飞控算法，实时监测和调整飞行姿态，减少振动对飞行稳定性的影响。
实现自适应控制，根据飞行环境动态调整控制参数，提高抗扰动能力。
多旋翼无人机的降噪方法（1.5分）
螺旋桨设计优化：
选择低噪音设计的螺旋桨，如使用大直径、低转速的螺旋桨，以减少气动噪声。
采用特殊的叶片形状设计，如锯齿状边缘或前缘襟翼，以减少涡流噪声。
电机优化：
选择高效率电机，减少电机在运行过程中产生的电磁噪声。
优化电机控制系统，使其在较低转速下也能提供足够的升力，从而减少噪声。
空气动力学设计：
采用流线型机身设计，减少湍流噪声。优化进气口和排气口的位置，减少湍流。
飞行参数优化：
通过仿真和实验确定最佳飞行速度和高度，以最大化升力并减少噪声传播。
3. 结合垂直起降固定翼无人机的特点，分析其载重比的主要影响因素，并提出相应的优化策略
垂直起降固定翼无人机（VTOL）载重比的影响因素（2分）
混合动力系统：VTOL无人机通常采用电动机和内燃机或涡轮发动机的组合，以满足垂直起降和水平飞行的需求。高效的混合动力系统可以在不同飞行阶段提供最优的动力输出。
过渡阶段设计：从垂直飞行到水平飞行的过渡阶段是一个关键环节，此时载重比的变化较为复杂。合理设计过渡阶段的控制逻辑和姿态调整机制，可以减少过渡过程中的能量损失。
重量平衡：由于需要同时支持垂直和水平飞行，VTOL无人机的重量平衡尤为重要。不合理的重量分布可能导致飞行不稳定，增加额外阻力。
空气动力学设计：机身、机翼和其他部件的空气动力学设计对总阻力有重要影响。流线型设计可以减少摩擦阻力和压差阻力。
VTOL无人机的优化策略（2分）
混合动力系统优化：采用混合动力系统，利用电动机进行垂直起降，利用内燃机或涡轮发动机进行水平飞行。这样可以充分发挥各自的优势，提高整体效率。
优化过渡控制：开发先进的飞控系统，优化垂直起飞、悬停和水平飞行之间的过渡过程。通过精确的姿态控制和能量管理，减少过渡过程中的阻力和能量损耗。
空气动力学优化：采用可变翼型或可折叠机翼设计，根据飞行状态自动调整机翼形态，以适应不同的飞行需求。例如，在垂直起降时收起机翼，减少阻力；在水平飞行时展开机翼，提高升力。
综合设计与仿真：利用CFD（计算流体力学）仿真技术，对VTOL无人机的各个飞行阶段进行全面分析，找出潜在的阻力源并加以优化。通过多次迭代和实验验证，逐步提高载重比。                                                                                                                                    

答题要点：                                                                                                                                   
1. 多旋翼无人机振动和噪声的主要影响因素及其异同点（共8分）：
多旋翼无人机振动的影响因素（答到电机和螺旋桨、机械结构、传感器噪声、外部环境任意两个点即得2分）
多旋翼无人机噪声的影响因素（答到螺旋桨设计、电机性能、空气动力学设计、飞行速度和高度任意两个点即得2分）
共同点（答到螺旋桨设计、电机性能即得2分）
不同点（答到主要来源、优化方向即得2分）
2. 针对上述影响因素，提出具体的减振和降噪方法，并说明其在不同应用场景中的应用效果（共3分）：
多旋翼无人机的减振方法（答到电机和螺旋桨优化、机械结构优化、传感器优化、飞控系统优化任意两个点即得1.5分）
多旋翼无人机的降噪方法（答到螺旋桨设计优化、电机优化、空气动力学设计、飞行参数优化任意两个点即得1.5分）
3. 结合垂直起降固定翼无人机的特点，分析其载重比的主要影响因素，并提出相应的优化策略（共4分）：
垂直起降固定翼无人机（VTOL）载重比的影响因素（答到混合动力系统、过渡阶段设计、重量平衡、空气动力学设计任意两个点即得2分）
VTOL无人机的优化策略（答到混合动力系统、优化过渡控制、空气动力学优化、综合设计与仿真任意两个点即得2分）
评分标准：
按答题要点给分，要点全面完整给满分，若回答逻辑性，语言严谨性不强可扣1分，要点欠缺按分值扣分，部分要点回答不全面缺1个方面扣1分，扣完为止。",3（中）,5（好）,,,,,,,,,
卷七f1,B-D-A-007,W（论述题）,,请详细论述多旋翼无人机和固定翼无人机在噪声影响因素上的异同，并探讨如何针对这些因素进行降噪优化。在此基础上，进一步分析多旋翼无人机的振动影响因素及其减振方法。,,,,,,,"1. 多旋翼无人机和固定翼无人机噪声的主要影响因素及其异同点
多旋翼无人机噪声的影响因素( 2分 )
螺旋桨设计：螺旋桨的设计直接影响产生的噪声水平。低噪音设计的螺旋桨可以在相同升力下产生更少的噪声。
电机性能：电机的效率和转速也会影响噪声水平。高效率电机可以在较低转速下提供足够的升力，从而减少噪声。
空气动力学设计：机身和其他部件的空气动力学设计会影响气流流动，进而影响噪声水平。流线型设计可以减少湍流噪声。
飞行速度和高度：不同的飞行速度和高度会影响噪声传播特性。高速飞行时，气流噪声会显著增加。
固定翼无人机噪声的影响因素( 2分 )
发动机类型：内燃机或涡轮发动机的噪声通常比电动机更大。高效的发动机设计和良好的消声装置可以显著降低噪声。
螺旋桨/推进器设计：与多旋翼无人机类似，固定翼无人机的螺旋桨或推进器设计对噪声有重要影响。低噪音设计的螺旋桨或推进器可以在相同推力下产生更少的噪声。
空气动力学设计：机身、机翼和其他部件的空气动力学设计会影响气流流动，进而影响噪声水平。流线型设计可以减少湍流噪声。
飞行速度和高度：不同的飞行速度和高度会影响噪声传播特性。高速飞行时，气流噪声会显著增加。
异同点
共同点：( 2分 )
螺旋桨/推进器设计：无论是多旋翼还是固定翼无人机，螺旋桨或推进器的设计都起到了关键作用。高效的螺旋桨或推进器不仅可以减少噪声，还可以提高效率。
空气动力学设计：流线型设计可以减少湍流噪声，适用于两种类型的无人机。
不同点：( 2分 )
主要来源：多旋翼无人机的噪声主要来源于螺旋桨和电机，而固定翼无人机的噪声更多来自发动机（尤其是内燃机或涡轮发动机）和螺旋桨。
优化方向：多旋翼无人机需要更多关注电机和螺旋桨的优化，而固定翼无人机则需要更多关注发动机的优化和消声装置的设计。
2. 针对上述影响因素，提出具体的降噪方法，并说明其在不同类型的无人机中的应用效果
多旋翼无人机的降噪方法( 1.5分 )
螺旋桨设计优化：
选择低噪音设计的螺旋桨，如使用大直径、低转速的螺旋桨，以减少气动噪声。
采用特殊的叶片形状设计，如锯齿状边缘或前缘襟翼，以减少涡流噪声。
电机优化：
选择高效率电机，减少电机在运行过程中产生的电磁噪声。
优化电机控制系统，使其在较低转速下也能提供足够的升力，从而减少噪声。
空气动力学设计：
采用流线型机身设计，减少湍流噪声。优化进气口和排气口的位置，减少湍流。
飞行参数优化：
通过仿真和实验确定最佳飞行速度和高度，以最大化升力并减少噪声传播。
固定翼无人机的降噪方法( 1.5分 )
发动机优化：
选择高效、低噪音的发动机，如电动机或经过消声处理的内燃机或涡轮发动机。
使用先进的消声装置，如消声器或隔音罩，减少发动机噪声。
螺旋桨/推进器优化：
选择低噪音设计的螺旋桨或推进器，如使用大直径、低转速的螺旋桨，以减少气动噪声。
采用特殊的叶片形状设计，如锯齿状边缘或前缘襟翼，以减少涡流噪声。
空气动力学设计：
采用流线型机身设计，减少湍流噪声。优化进气口和排气口的位置，减少湍流。
飞行参数优化：
通过仿真和实验确定最佳飞行速度和高度，以最大化升力并减少噪声传播。
3. 结合多旋翼无人机的特点，分析其振动的主要影响因素，并提出相应的减振策略
多旋翼无人机振动的影响因素( 2分 )
电机和螺旋桨：电机的不平衡和螺旋桨的质量不均匀会导致振动。高效、高质量的电机和螺旋桨可以显著减少振动。
机械结构：机身的刚性和装配精度会影响振动传递路径。合理的结构设计和高质量的制造工艺可以减少不必要的振动。
传感器噪声：传感器的噪声和干扰信号会引入虚假振动数据，影响飞控系统的稳定性。高质量的传感器和有效的滤波算法可以减少这种影响。
外部环境：风速、温度变化等外部环境因素也会引起振动。适当的飞控算法和稳定系统可以减轻这些外部因素的影响。
多旋翼无人机的减振策略( 2分 )
电机和螺旋桨优化：
选择高精度、低噪音的电机和螺旋桨，确保电机和螺旋桨的质量一致性。
定期检查和校准电机和螺旋桨，确保它们处于最佳工作状态。
机械结构优化：
采用高强度、轻质材料（如碳纤维）制作机身，增强结构刚性。
设计合理的支架和防护罩，避免不必要的气流干扰和结构共振。
传感器优化：
使用高质量的惯性测量单元（IMU）和其他传感器，确保数据准确性。
应用先进的滤波算法（如卡尔曼滤波），去除传感器噪声和干扰信号。
飞控系统优化：
开发先进的飞控算法，实时监测和调整飞行姿态，减少振动对飞行稳定性的影响。
实现自适应控制，根据飞行环境动态调整控制参数，提高抗扰动能力。                                                                                                                                                                    答题要点：                                                                                                                                                                                                                         1. 多旋翼无人机和固定翼无人机噪声的主要影响因素及其异同点（共8分）：
多旋翼无人机噪声的影响因素（答到螺旋桨设计、电机性能、空气动力学设计、飞行速度和高度任意两个点即得2分）
固定翼无人机噪声的影响因素（答到发动机类型、螺旋桨/推进器设计、空气动力学设计、飞行速度和高度任意两个点即得2分）
共同点（答到螺旋桨/推进器设计、空气动力学设计即得2分）
不同点（答到主要来源、优化方向即得2分）
2.针对上述影响因素，提出具体的降噪方法，并说明其在不同类型的无人机中的应用效果（共3分）：
多旋翼无人机的降噪方法（答到螺旋桨设计优化、电机优化、空气动力学设计、飞行参数优化任意两个点即得1.5分）
固定翼无人机的降噪方法（答到发动机优化、螺旋桨/推进器优化、空气动力学设计、飞行参数优化任意两个点即得1.5分）
3. 结合多旋翼无人机的特点，分析其振动的主要影响因素，并提出相应的减振策略（共4分）：
多旋翼无人机振动的影响因素（答到电机和螺旋桨、机械结构、传感器噪声、外部环境任意两个点即得2分）
多旋翼无人机的减振策略（答到电机和螺旋桨、机械结构优化、传感器优化、飞控系统优化任意两个点即得2分）
评分标准：
按答题要点给分，要点全面完整给满分。若回答逻辑性、语言严谨性不强可扣1分，要点欠缺按分值扣分，部分要点回答不全面缺1个方面扣1分，扣完为止。",3（中）,5（好）,,,,,,,,,
卷八f1,B-D-A-008,W（论述题）,,请详细论述多旋翼无人机、固定翼无人机和垂直起降固定翼无人机（VTOL）在噪声影响因素上的异同，并探讨如何针对这些因素进行降噪优化。,,,,,,,"1. 多旋翼无人机、固定翼无人机和垂直起降固定翼无人机噪声的主要影响因素及其异同点
多旋翼无人机噪声的影响因素（2分）
螺旋桨设计：螺旋桨的设计直接影响产生的噪声水平。低噪音设计的螺旋桨可以在相同升力下产生更少的噪声。
电机性能：电机的效率和转速也会影响噪声水平。高效率电机可以在较低转速下提供足够的升力，从而减少噪声。
空气动力学设计：机身和其他部件的空气动力学设计会影响气流流动，进而影响噪声水平。流线型设计可以减少湍流噪声。
飞行速度和高度：不同的飞行速度和高度会影响噪声传播特性。高速飞行时，气流噪声会显著增加。
固定翼无人机噪声的影响因素（2分）
发动机类型：内燃机或涡轮发动机的噪声通常比电动机更大。高效的发动机设计和良好的消声装置可以显著降低噪声。
螺旋桨/推进器设计：与多旋翼无人机类似，固定翼无人机的螺旋桨或推进器设计对噪声有重要影响。低噪音设计的螺旋桨或推进器可以在相同推力下产生更少的噪声。
空气动力学设计：机身、机翼和其他部件的空气动力学设计会影响气流流动，进而影响噪声水平。流线型设计可以减少湍流噪声。
飞行速度和高度：不同的飞行速度和高度会影响噪声传播特性。高速飞行时，气流噪声会显著增加。
垂直起降固定翼无人机（VTOL）噪声的影响因素（2分）
混合动力系统：VTOL无人机通常采用电动机和内燃机或涡轮发动机的组合，以满足垂直起降和水平飞行的需求。高效的混合动力系统可以在不同飞行阶段提供最优的动力输出，同时减少噪声。
螺旋桨/推进器设计：在垂直起降阶段，螺旋桨的设计对噪声有重要影响；在水平飞行阶段，推进器的设计对噪声也有重要影响。低噪音设计的螺旋桨或推进器可以在相同推力下产生更少的噪声。
空气动力学设计：机身、机翼和其他部件的空气动力学设计会影响气流流动，进而影响噪声水平。流线型设计可以减少湍流噪声。
过渡阶段设计：从垂直飞行到水平飞行的过渡阶段是一个关键环节，此时噪声的变化较为复杂。合理设计过渡阶段的控制逻辑和姿态调整机制，可以减少过渡过程中的噪声。
异同点
共同点：（2分）
螺旋桨/推进器设计：无论是多旋翼、固定翼还是VTOL无人机，螺旋桨或推进器的设计都起到了关键作用。高效的螺旋桨或推进器不仅可以减少噪声，还可以提高效率。
空气动力学设计：流线型设计可以减少湍流噪声，适用于三种类型的无人机。
飞行参数优化：通过仿真和实验确定最佳飞行速度和高度，以最大化升力并减少噪声传播。
不同点：（2分）
主要来源：
多旋翼无人机的噪声主要来源于螺旋桨和电机。
固定翼无人机的噪声更多来自发动机（尤其是内燃机或涡轮发动机）和螺旋桨。
VTOL无人机在垂直起降阶段的噪声主要来自螺旋桨和电机，在水平飞行阶段的噪声主要来自推进器和发动机。
优化方向：
多旋翼无人机需要更多关注电机和螺旋桨的优化。
固定翼无人机则需要更多关注发动机的优化和消声装置的设计。
VTOL无人机需要兼顾垂直起降和水平飞行的双重需求，优化混合动力系统和过渡阶段的控制。
2. 针对上述影响因素，提出具体的降噪方法，并说明其在不同类型的无人机中的应用效果
多旋翼无人机的降噪方法（1分）
螺旋桨设计优化：
选择低噪音设计的螺旋桨，如使用大直径、低转速的螺旋桨，以减少气动噪声。
采用特殊的叶片形状设计，如锯齿状边缘或前缘襟翼，以减少涡流噪声。
电机优化：
选择高效率电机，减少电机在运行过程中产生的电磁噪声。
优化电机控制系统，使其在较低转速下也能提供足够的升力，从而减少噪声。
空气动力学设计：
采用流线型机身设计，减少湍流噪声。优化进气口和排气口的位置，减少湍流。
飞行参数优化：
通过仿真和实验确定最佳飞行速度和高度，以最大化升力并减少噪声传播。
固定翼无人机的降噪方法（1分）
发动机优化：
选择高效、低噪音的发动机，如电动机或经过消声处理的内燃机或涡轮发动机。
使用先进的消声装置，如消声器或隔音罩，减少发动机噪声。
螺旋桨/推进器优化：
选择低噪音设计的螺旋桨或推进器，如使用大直径、低转速的螺旋桨，以减少气动噪声。
采用特殊的叶片形状设计，如锯齿状边缘或前缘襟翼，以减少涡流噪声。
空气动力学设计：
采用流线型机身设计，减少湍流噪声。优化进气口和排气口的位置，减少湍流。
飞行参数优化：
通过仿真和实验确定最佳飞行速度和高度，以最大化升力并减少噪声传播。
垂直起降固定翼无人机（VTOL）的降噪方法（1分）
混合动力系统优化：
采用高效的混合动力系统，利用电动机进行垂直起降，利用内燃机或涡轮发动机进行水平飞行。这样可以充分发挥各自的优势，减少噪声。
螺旋桨/推进器优化：
在垂直起降阶段，选择低噪音设计的螺旋桨；在水平飞行阶段，选择低噪音设计的推进器。
采用特殊的叶片形状设计，如锯齿状边缘或前缘襟翼，以减少涡流噪声。
空气动力学优化：
采用流线型机身设计，减少湍流噪声。优化进气口和排气口的位置，减少湍流。
过渡阶段优化：
开发先进的飞控系统，优化垂直起飞、悬停和水平飞行之间的过渡过程。通过精确的姿态控制和能量管理，减少过渡过程中的噪声。
3. 结合三种无人机的特点，分析各自的独特挑战，并提出相应的优化策略（2分）
多旋翼无人机的独特挑战及优化策略
挑战：多旋翼无人机的噪声主要来源于电机和螺旋桨，特别是在高速旋转时，噪声问题尤为突出。
优化策略：采用高精度、低噪音的电机和螺旋桨，定期检查和校准电机和螺旋桨，确保它们处于最佳工作状态。此外，优化飞行参数，通过仿真和实验确定最佳飞行速度和高度，以减少噪声传播。
固定翼无人机的独特挑战及优化策略
挑战：固定翼无人机的噪声主要来源于发动机（特别是内燃机或涡轮发动机），这些发动机通常会产生较大的噪声。
优化策略：选择高效、低噪音的发动机，并使用先进的消声装置，如消声器或隔音罩。此外，优化螺旋桨或推进器的设计，采用低噪音设计的螺旋桨或推进器。
垂直起降固定翼无人机（VTOL）的独特挑战及优化策略
挑战：VTOL无人机在垂直起降和水平飞行之间切换时，面临复杂的噪声变化。特别是在过渡阶段，噪声问题尤为复杂。
优化策略：采用高效的混合动力系统，优化过渡阶段的控制逻辑和姿态调整机制，减少噪声。同时，优化空气动力学设计，采用流线型机身设计，减少湍流噪声。                                                                                              

答题要点：                                                                                                                                                                                                                          1. 多旋翼无人机、固定翼无人机和垂直起降固定翼无人机噪声的主要影响因素及其异同点（共10分）：
多旋翼无人机噪声的影响因素（答到螺旋桨设计、电机性能、空气动力学设计、飞行速度和高度任意两个点即得2分）
固定翼无人机噪声的影响因素（答到发动机类型、螺旋桨/推进器设计、空气动力学设计、飞行速度和高度任意两个点即得2分）
垂直起降固定翼无人机（VTOL）噪声的影响因素（答到混合动力系统、螺旋桨/推进器设计、空气动力学设计、过渡阶段设计任意两个点即得2分）
共同点（答到螺旋桨/推进器设计、空气动力学设计、飞行参数优化其中两点即得2分）
不同点（答到主要来源、优化方向即得2分）
2. 针对上述影响因素，提出具体的降噪方法，并说明其在不同类型的无人机中的应用效果（共3分）：
多旋翼无人机的降噪方法（答到螺旋桨设计优化、电机优化、空气动力学设计、飞行参数优化任意两个点即得1分）
固定翼无人机的降噪方法（答到发动机优化、螺旋桨/推进器优化、空气动力学设计、飞行参数优化任意两个点即得1分）
垂直起降固定翼无人机（VTOL）的降噪方法（答到混合动力系统优化、螺旋桨/推进器优化、空气动力学优化、过渡阶段优化任意两个点即得1分）
3. 结合三种无人机的特点，分析各自的独特挑战，并提出相应的优化策略（共2分）：
（分别用逻辑通顺的语言描述多旋翼无人机、固定翼无人机、垂直起降固定翼无人机的独特挑战及优化策略即得2分）                                                                                                                    评分标准：
按答题要点给分，要点全面完整给满分。若回答逻辑性、语言严谨性不强可扣1分，要点欠缺按分值扣分，部分要点回答不全面缺1个方面扣1分，扣完为止。",3（中）,5（好）,,,,,,,,,
卷九f1,B-D-A-009,W（论述题）,,请详细论述垂直起降固定翼无人机（VTOL）在噪声、载重比和升阻比影响因素上的异同，并探讨如何针对这些因素进行优化。,,,,,,,"1. 垂直起降固定翼无人机噪声、载重比和升阻比的主要影响因素及其异同点
噪声的影响因素（2分）
混合动力系统：VTOL无人机通常采用电动机和内燃机或涡轮发动机的组合，以满足垂直起降和水平飞行的需求。高效的混合动力系统可以在不同飞行阶段提供最优的动力输出，同时减少噪声。
螺旋桨/推进器设计：在垂直起降阶段，螺旋桨的设计对噪声有重要影响；在水平飞行阶段，推进器的设计对噪声也有重要影响。低噪音设计的螺旋桨或推进器可以在相同推力下产生更少的噪声。
空气动力学设计：机身、机翼和其他部件的空气动力学设计会影响气流流动，进而影响噪声水平。流线型设计可以减少湍流噪声。
过渡阶段设计：从垂直飞行到水平飞行的过渡阶段是一个关键环节，此时噪声的变化较为复杂。合理设计过渡阶段的控制逻辑和姿态调整机制，可以减少过渡过程中的噪声。
载重比的影响因素（2分）
混合动力系统：VTOL无人机通常采用电动机和内燃机或涡轮发动机的组合，以满足垂直起降和水平飞行的需求。高效的混合动力系统可以在不同飞行阶段提供最优的动力输出，从而提高载重能力。
重量平衡：由于需要同时支持垂直和水平飞行，VTOL无人机的重量平衡尤为重要。不合理的重量分布可能导致飞行不稳定，增加额外阻力。
空气动力学设计：机身、机翼和其他部件的空气动力学设计对总阻力有重要影响。流线型设计可以减少摩擦阻力和压差阻力。
结构强度与重量：合理的结构设计和轻量化材料可以减轻无人机自重，从而提高载重比。高强度但轻质的材料（如碳纤维）有助于实现这一目标。
升阻比的影响因素（2分）
混合布局设计：VTOL无人机通常具有垂直起降和水平飞行两种模式，因此需要兼顾两者的空气动力学特性。在垂直起降时，升力主要由螺旋桨提供；而在水平飞行时，升力主要由机翼提供。
过渡阶段：从垂直飞行到水平飞行的过渡阶段是一个关键环节，此时升阻比的变化较为复杂。合理设计过渡阶段的控制逻辑和姿态调整机制，可以减少过渡过程中的能量损失。
空气动力学设计：机身、机翼和其他部件的空气动力学设计对总阻力有重要影响。流线型设计可以减少摩擦阻力和压差阻力。
重量平衡：由于需要同时支持垂直和水平飞行，VTOL无人机的重量平衡尤为重要。不合理的重量分布可能导致飞行不稳定，增加额外阻力。
异同点
共同点：（2分）
混合动力系统：无论是噪声、载重比还是升阻比，混合动力系统的优化都是关键。高效的混合动力系统不仅可以提高性能，还可以减少噪声和优化飞行参数。
空气动力学设计：流线型设计可以减少湍流噪声、摩擦阻力和压差阻力，适用于三种性能指标的优化。
不同点：（2分）
主要来源：
噪声主要来源于混合动力系统、螺旋桨/推进器设计和空气动力学设计。
载重比主要受混合动力系统、重量平衡和结构强度与重量的影响。
升阻比主要受混合布局设计、过渡阶段设计和空气动力学设计的影响。
优化方向：
噪声优化需要更多关注电机和螺旋桨的设计以及过渡阶段的控制。
载重比优化需要更多关注混合动力系统、重量平衡和结构设计。
升阻比优化需要更多关注空气动力学设计和过渡阶段的控制。
2. 针对上述影响因素，提出具体的优化方法，并说明其在不同应用场景中的应用效果
噪声的降噪方法（1分）
混合动力系统优化：
采用高效的混合动力系统，利用电动机进行垂直起降，利用内燃机或涡轮发动机进行水平飞行。这样可以充分发挥各自的优势，减少噪声。
螺旋桨/推进器优化：
在垂直起降阶段，选择低噪音设计的螺旋桨；在水平飞行阶段，选择低噪音设计的推进器。
采用特殊的叶片形状设计，如锯齿状边缘或前缘襟翼，以减少涡流噪声。
空气动力学优化：
采用流线型机身设计，减少湍流噪声。优化进气口和排气口的位置，减少湍流。
过渡阶段优化：
开发先进的飞控系统，优化垂直起飞、悬停和水平飞行之间的过渡过程。通过精确的姿态控制和能量管理，减少过渡过程中的噪声。
载重比的优化方法（1分）
混合动力系统优化：
采用高效的混合动力系统，利用电动机进行垂直起降，利用内燃机或涡轮发动机进行水平飞行。这样可以充分发挥各自的优势，提高整体效率。
重量平衡优化：
合理设计无人机的重量分布，确保重心位置稳定。使用高质量的材料和制造工艺，确保结构的刚性和稳定性。
空气动力学优化：
采用流线型机身设计，减少摩擦阻力和压差阻力。优化进气口和排气口的位置，减少湍流。
结构设计优化：
使用高强度、轻质材料（如碳纤维）制作机身，增强结构刚性。设计合理的支架和防护罩，避免不必要的气流干扰和结构共振。
升阻比的优化方法（1分）
混合布局设计优化：
采用可变翼型或可折叠机翼设计，根据飞行状态自动调整机翼形态，以适应不同的飞行需求。例如，在垂直起降时收起机翼，减少阻力；在水平飞行时展开机翼，提高升力。
过渡阶段优化：
开发先进的飞控系统，优化垂直起飞、悬停和水平飞行之间的过渡过程。通过精确的姿态控制和能量管理，减少过渡过程中的阻力和能量损耗。
空气动力学优化：
采用流线型机身设计，减少摩擦阻力和压差阻力。优化进气口和排气口的位置，减少湍流。
综合设计与仿真：
利用CFD（计算流体力学）仿真技术，对VTOL无人机的各个飞行阶段进行全面分析，找出潜在的阻力源并加以优化。通过多次迭代和实验验证，逐步提高升阻比。
3. 结合VTOL无人机的特点，分析各自的独特挑战，并提出相应的优化策略
噪声的独特挑战及优化策略（0.5分）
挑战：VTOL无人机在垂直起降和水平飞行之间切换时，面临复杂的噪声变化。特别是在过渡阶段，噪声问题尤为复杂。
优化策略：采用高效的混合动力系统，优化过渡阶段的控制逻辑和姿态调整机制，减少噪声。同时，优化空气动力学设计，采用流线型机身设计，减少湍流噪声。
载重比的独特挑战及优化策略（0.5分）
挑战：VTOL无人机需要同时支持垂直起降和水平飞行，这对其载重能力提出了更高的要求。不合理的重量分布可能导致飞行不稳定，增加额外阻力。
优化策略：合理设计无人机的重量分布，确保重心位置稳定。使用高质量的材料和制造工艺，确保结构的刚性和稳定性。此外，优化混合动力系统，提高整体效率。
升阻比的独特挑战及优化策略（1分）
挑战：VTOL无人机在垂直起降和水平飞行之间切换时，面临复杂的空气动力学变化。特别是在过渡阶段，升阻比的变化较为复杂。
优化策略：开发先进的飞控系统，优化垂直起飞、悬停和水平飞行之间的过渡过程。通过精确的姿态控制和能量管理，减少过渡过程中的阻力和能量损耗。此外，采用流线型机身设计，减少摩擦阻力和压差阻力。                                                                                

答题要点：                                                                                                                                                                                                                           1. 垂直起降固定翼无人机噪声、载重比和升阻比的主要影响因素及其异同点（共10分）
噪声的影响因素（答到混合动力系统、螺旋桨/推进器设计、空气动力学设计、过渡阶段设计任意两个点即得2分）
载重比的影响因素（答到混合动力系统、、结构强度与重量、重量平衡、空气动力学设计任意两个点即得2分）
升阻比的影响因素（答到混合布局设计、过渡阶段、重量平衡、空气动力学设计任意两个点即得2分）
共同点（答到混合动力系统、空气动力学设计两点即得2分）
不同点（答到主要来源、优化方向两点即得2分）
2. 针对上述影响因素，提出具体的优化方法，并说明其在不同应用场景中的应用效果
噪声的降噪方法（答到混合动力系统优化、螺旋桨/推进器优化、空气动力学优化、过渡阶段优化任意一点即得1分）
载重比的优化方法（答到混合动力系统优化、重量平衡优化、空气动力学优化、结构设计优化任意一点即得1分）
升阻比的优化方法（答到混合布局设计优化、过渡阶段优化、空气动力学优化、综合设计与仿真任意一点即得1分）
3. 结合VTOL无人机的特点，分析各自的独特挑战，并提出相应的优化策略
（分别用逻辑通顺的语言描述垂直起降固定翼无人机噪声、载重比、升阻比的独特挑战及优化策略即得2分）
评分标准：
按答题要点给分，要点全面完整给满分。若回答逻辑性、语言严谨性不强可扣1分，要点欠缺按分值扣分，部分要点回答不全面缺1个方面扣1分，扣完为止。",3（中）,5（好）,,,,,,,,,
卷十f1,B-D-A-010,W（论述题）,,请论述垂直起降固定翼无人机产生噪音和续航时间的影响因素，并探讨在实际生活中如何减少噪音，增加续航，并具体论述如何通过优化动力系统来提升续航。,,,,,,,"噪音影响因素：
电机振动噪声： 垂直起降固定翼无人机在飞行过程中，电机的振动是产生噪声的主要来源之一。电机的转矩脉动和电磁振动直接影响无人机的噪音水平。[无人机17kW电机振动噪声分析与巡航转速下尖端噪声优化]
旋翼气动噪声： 旋翼在旋转时产生的气动噪声是无人机噪音的另一个主要来源，包括边界层不稳定噪声和涡流脱落噪声。[基于仿生流动控制的无人机螺旋桨降噪研究]
结构共振： 无人机的结构设计不当可能导致共振，放大噪音。[基于相角控制的多旋翼噪声抑制技术研究]
数字电路噪声： 无人机内部的数字电路在切换信号电平时产生高频电流，形成高次谐波噪声，可能对GPS信号等产生干扰。[浅析旋翼无人机数字电路产生噪声的机制及其对GPS信号的影响]
气流干扰： 无人机在飞行过程中，气流对无人机的干扰也会产生额外的噪音。[半航空电磁法全流程低噪声关键技术研究]

续航影响因素：
电池技术： 电池的能量密度是影响无人机续航时间的关键因素。高比能宽温域锂离子电池的研发，成功提升了无人机的续航时间。
飞行控制策略： 优化飞行控制策略，如在过渡态控制算法中使用权重分配方法，可以提高无人机的飞行效率，从而延长续航时间。
轻量化设计： 通过减轻无人机的重量，降低能耗，可以有效提升续航时间。
环境适应性设计： 无人机在不同环境条件下的适应性也会影响其续航时间，如能在极端温度下稳定工作的电池技术可以扩大无人机的应用范围并可能延长续航时间。
动力系统效率： 提高动力系统效率，减少能量损耗，也是延长续航时间的重要方法。

减少噪音的方法
优化电机设计： 通过优化磁极和定子开槽的方法降低电机尖端振动噪声，同时保留原电机的电磁性能。[无人机17kW电机振动噪声分析与巡航转速下尖端噪声优化]
旋翼仿生降噪： 参考自然界中静音飞行生物（如猫头鹰）的羽毛结构特征，设计仿生前缘锯齿、后缘锯齿以及前、后缘锯齿耦合结构，以降低旋翼气动噪声。[基于猫头鹰羽毛特征的无人机旋翼仿生降噪研究]
数字电路优化： 通过设计远离PCB板的GPS天线安装结构来降低高次谐波对GPS信号的干扰，减少数字电路产生的噪声。[浅析旋翼无人机数字电路产生噪声的机制及其对GPS信号的影响]
结构设计改进： 采用基于移动群智感知的多旋翼无人机噪声控制技术，分析无人机噪声信号在不同结构内的布局形式，获取振动特性，精准定位噪声位置，并进行控制。[基于移动群智感知的多旋翼无人机噪声控制技术]
气流控制技术： 采用半航空电磁法全流程低噪声关键技术，通过降噪声搭载结构抑制主要外部噪声，低噪声混合放大电路抑制主要内部噪声，基于深度学习的一站式去噪方法克服主观因素影响，从而在整个观测与处理流程上实现低噪声。[半航空电磁法全流程低噪声关键技术研究]

增加续航方法：
优化动力系统：采用高效的燃油系统和较大的油箱，确保无人机在长时间飞行中保持稳定的动力输出。
合理控制飞行状态：合理控制飞行高度和速度，避免在低空或高风阻区域飞行，选择最优的飞行速度以延长续航时间。
优化机体设计：采用轻量化设计和减少机体表面粗糙度，降低阻力和噪音。
优化任务载荷：合理选择任务载荷，避免不必要的重量增加，优化载荷的能耗管理。

动力系统来提升续航具体方法：
采用高效的燃油系统
油电混合动力系统通过优化功率分配，可以显著提升续航能力。例如，通过合理分配燃油和电力的使用，可以在保证动力响应的同时，延长续航时间。
优化电机和电调系统
采用FOC正弦波驱动架构电调，减少电磁噪声的同时，提升电机效率。优化电机的功率输出和能耗管理，可以有效延长续航时间。
优化热管理和电池管理系统
通过优化热管理和电池管理系统，可以降低热应力，提高系统整体的可靠性和耐用性。这不仅有助于延长电池寿命，还能优化续航性能。

答题要点：                                                                                                                                                                                                                          
噪音影响因素：3分（回答到电机振动噪声，旋翼气动噪声，结构共振，数字电路噪声，气流干扰中的一个得1分，封顶3分）
续航影响因素：3分（回答到电池技术，飞行控制策略，轻量化设计，环境适应性设计，动力系统效率中的一个得1分，封顶3分）
减少噪音的方法：3分（回答到优化电机设计，旋翼仿生降噪，数字电路优化，结构设计改进，气流控制技术中的一个得1分，封顶3分）
增加续航方法：3分（回答到优化动力系统，合理控制飞行状态，优化机体设计，优化任务载荷中的一个得1分，封顶3分）
动力系统来提升续航原理：3分（回答到采用高效的燃油系统，优化电机和电调系统，优化热管理和电池管理系统的一个得1分，封顶3分）
                                                                                                                                                                       
评分标准：
按答题要点给分，要点全面完整给满分。若回答逻辑性、语言严谨性不强可扣1分，要点欠缺按分值扣分，部分要点回答不全面缺1个方面扣1分，扣完为止。",3（中）,5（好）,,,,,,,,,
卷一e4,B-D-B-001,D（简答题）,,在实际应用中，多旋翼无人机和固定翼无人机的航时优化方法有哪些具体的应用场景差异？请结合两者的特性说明其优化策略的侧重点。,,,,,,,"应用场景差异：
多旋翼无人机：
低空作业：多旋翼无人机常用于低空、近距离的作业，如航拍、建筑监测、农业植保等。优化策略侧重于提高悬停和低速飞行时的效率。
复杂地形：在复杂地形中，多旋翼无人机需要频繁调整姿态，因此优化姿态控制算法以减少能耗是关键。
固定翼无人机：
大面积测绘：固定翼无人机适用于大面积测绘、管道巡检等长距离任务。优化策略侧重于减少飞行过程中的能量消耗，提高巡航效率。
高速飞行：固定翼无人机在高速飞行时具有优势，优化高速飞行模式和减少空气阻力是其核心策略。

优化策略侧重点：
多旋翼无人机：
悬停优化：通过优化电机和桨叶的匹配，减少悬停时的能量消耗。
路径规划：在复杂环境中，通过智能路径规划减少不必要的飞行距离。
固定翼无人机：
空气动力学优化：通过优化机翼设计和飞行姿态，减少空气阻力。
多模式飞行：优化滑翔和巡航模式的切换，减少能量消耗。

实际应用中的优化方法：
多旋翼无人机：在低空作业中，通过优化悬停姿态和减少悬停时间，提高航时。
固定翼无人机：在大面积测绘任务中，通过优化飞行路径和减少空气阻力，延长航时。


答题要点：
应用场景差异：（2分）（写出两者的差异得0.5分，写出两者得应用场景各得0.5分，总1分，写得出多旋翼无人机重点在优化姿态控制算法得0.5分，写出固定翼无人机重点在空气动力学，减少空气阻力得0.5分）

优化策略侧重点：（2分）（写出多旋翼和固定翼无人机在实际相关优化可得1分，多旋翼方面写出电机和桨叶，智能路线算法规划得0.5分，固定翼方面写出机翼和飞行状态优化可得0.5分）

实际应用中的优化方法：（1分）（写出两者在操作和设计上的实际优化可各得0.5分）

评分标准:按答题要点给分，要点全面完整给满分，若回答逻辑性，语言严谨性不强可扣1分，要点欠缺按分值扣分，部分要点回答不全面缺1个方面扣1分，扣完为止。",3（中）,5（好）,,,,,,,,,
卷二e4,B-D-B-002,D（简答题）,,简述垂直起降固定翼无人机和传统固定翼无人机在航时优化方法上的异同点，并结合实际应用场景说明其优化策略的侧重点。,,,,,,,"相同点：
空气动力学优化：两者都通过优化机翼设计和飞行姿态来减少空气阻力，提高飞行效率，从而延长航时。
动力系统优化：无论是垂直起降固定翼还是传统固定翼无人机，都依赖高效的动力系统（如油动或电动）来延长续航时间。
飞行路径规划：通过优化飞行路径，减少不必要的飞行距离和能耗，是两者共同的优化策略。

不同点：
垂直起降固定翼无人机：
复合动力模式：在垂直起降阶段，通过旋翼提供升力，而在巡航阶段切换到固定翼模式，减少阻力，提高航时。
多模态优化：需要平衡垂直起降和固定翼飞行两种模式的效率，例如在巡航阶段停转旋翼以降低阻力。
应用场景：适用于复杂地形和无跑道条件下的长航时任务，如山区巡检、应急救援等。
传统固定翼无人机：
单一模式优化：主要依赖固定翼设计，通过优化机翼形状和飞行姿态来减少阻力，适合长距离、高速飞行任务。
起降场地限制：需要较长的跑道或弹射装置进行起降，适用于开阔场地的长航时任务，如大面积测绘、海洋监测等。

优化策略侧重点：
垂直起降固定翼无人机：优化多模态切换的平滑性，减少模式切换时的能量损失。
传统固定翼无人机：优化固定翼飞行的空气动力学性能，减少巡航阶段的能耗。


答题要点：
相同点：（1.5分）（写出空气动力学，动力系统和飞行路径优化可各得0.5分）

不同点：（2.5分）（写出传统固定翼无人机得应用场景得0.5分，写出它的机翼优化和飞行姿态优化得0.5分，写出垂直起降固定翼无人机的应用场景得0.5分，写出多形态优化和各自应用的场景可得1分）

优化策略侧重点：（1分）（写出优化多模态切换的平滑性可得0.5分，回答出优化固定翼飞行的空气动力学性能得0.5分）

评分标准:按答题要点给分，要点全面完整给满分，若回答逻辑性，语言严谨性不强可扣1分，要点欠缺按分值扣分，部分要点回答不全面缺1个方面扣1分，扣完为止。",3（中）,5（好）,,,,,,,,,
卷一B14,B-D-B-003,B（单选题）,,对于垂直起降固定翼无人机，（）方法最有效地提高航时。,增加飞行器的推重比,提高飞行高度,增加电池容量并优化能量管理,提升飞行速度至最大值,,,C,3（中）,5（好）,,,,,,,,,
卷三e4,B-D-B-003,D（简答题）,,简述垂直起降固定翼无人机和传统固定翼无人机在航时优化方法上的异同点，并结合实际应用场景说明其优化策略的侧重点。,,,,,,,"相同点：
空气动力学优化：两者都通过优化机翼设计和飞行姿态来减少空气阻力，提高飞行效率，从而延长航时。
动力系统优化：无论是垂直起降固定翼还是传统固定翼无人机，都依赖高效的动力系统（如油动或电动）来延长续航时间。
飞行路径规划：通过优化飞行路径，减少不必要的飞行距离和能耗，是两者共同的优化策略。

不同点：
垂直起降固定翼无人机：
复合动力模式：在垂直起降阶段，通过旋翼提供升力，而在巡航阶段切换到固定翼模式，减少阻力，提高航时。
多模态优化：需要平衡垂直起降和固定翼飞行两种模式的效率，例如在巡航阶段停转旋翼以降低阻力。
应用场景：适用于复杂地形和无跑道条件下的长航时任务，如山区巡检、应急救援等。
传统固定翼无人机：
单一模式优化：主要依赖固定翼设计，通过优化机翼形状和飞行姿态来减少阻力，适合长距离、高速飞行任务。
起降场地限制：需要较长的跑道或弹射装置进行起降，适用于开阔场地的长航时任务，如大面积测绘、海洋监测等。

优化策略侧重点：
垂直起降固定翼无人机：优化多模态切换的平滑性，减少模式切换时的能量损失。
传统固定翼无人机：优化固定翼飞行的空气动力学性能，减少巡航阶段的能耗。


答题要点：
相同点：（1.5分）（写出空气动力学，动力系统和飞行路径优化可各得0.5分）

不同点：（2.5分）（写出传统固定翼无人机得应用场景得0.5分，写出它的机翼优化和飞行姿态优化得0.5分，写出垂直起降固定翼无人机的应用场景得0.5分，写出多形态优化和各自应用的场景可得1分）

优化策略侧重点：（1分）（写出优化多模态切换的平滑性可得0.5分，回答出优化固定翼飞行的空气动力学性能得0.5分）

评分标准:按答题要点给分，要点全面完整给满分，若回答逻辑性，语言严谨性不强可扣1分，要点欠缺按分值扣分，部分要点回答不全面缺1个方面扣1分，扣完为止。",3（中）,5（好）,,,,,,,,,
卷一B15,B-D-B-004,B（单选题）,,对于固定翼无人机而言，（）方法最有效地提高航时。,增加飞行速度,降低飞行重量,提高飞行高度,增加电机功率,,,B,3（中）,5（好）,,,,,,,,,
卷二B14,B-D-B-004,B（单选题）,,对于直升机式无人机，提升航时的一个重要方法是（）。,增加电池容量,增加飞行器的机翼面积,降低飞行速度,提高飞行高度,,,A,3（中）,5（好）,,,,,,,,,
卷四e4,B-D-B-004,D（简答题）,,简述多旋翼无人机航时优化方法、高度优化方法及飞行速度优化方法，并分析它们之间的关系。,,,,,,,"航时优化：提高电池能量密度，使用高效动力系统，并通过合理规划飞行路径减少能量消耗

高度优化：选择合适的飞行高度，以优化升力与阻力平衡，提高飞行效率

飞行速度优化：调整飞行速度，寻找最佳升阻比，减少不必要的能量浪费

飞行性能分析：三者协同优化有助于提升飞行稳定性、延长航时并优化任务执行效率

答题要点：
航时优化：（1分）：（写出航时优化，需答出提高电池能量密度、使用高效动力系统中的一点可得1分）；
高度优化：（1分）：（写出高度优化，需答出选择合适的飞行高度、优化升阻比中的一点可得1分）；
飞行速度优化：（1分）：（写出飞行速度优化，需答出调整飞行速度、调整升阻比可得1分）；
飞行性能分析：（2分）：（写出飞行性能分析，需答出三者协同优化可得2分）。

评分标准:按答题要点给分，要点全面完整给满分，若回答逻辑性，语言严谨性不强可扣1分，要点欠缺按分值扣分，部分要点回答不全面缺1个方面扣1分，扣完为止。",3（中）,5（好）,,,,,,,,,
卷一B16,B-D-B-005,B（单选题）,,多旋翼无人机飞行速度优化的关键因素是（）。,提升电池容量,增加电机功率,降低飞行器重量,提高飞行高度,,,C,3（中）,5（好）,,,,,,,,,
卷二B15,B-D-B-005,B（单选题）,,若希望提高多旋翼无人机的飞行性能，（）因素最为关键。,增加飞行速度,提升电池电压,优化飞行路径,增加螺旋桨的数量,,,C,3（中）,5（好）,,,,,,,,,
卷三B14,B-D-B-005,B（单选题）,,要提高多旋翼无人机的飞行速度，（）是最有效的措施。,降低飞行器重量,增加飞行器的推重比,提高飞行高度,增加电池容量,,,B,3（中）,5（好）,,,,,,,,,
卷五e4,B-D-B-005,D（简答题）,,在实际应用中，多旋翼无人机和固定翼无人机的飞行高度优化方法有哪些具体差异？请结合两者的特性说明其优化策略的侧重点。,,,,,,,"特性说明：
多旋翼无人机：
高度控制灵活性：多旋翼无人机的高度优化主要依赖于快速的控制算法和传感器反馈，能够实现快速的高度调整和悬停。
抗风能力优化：通过优化姿态控制算法，提高在复杂风场中的飞行稳定性。
应用场景：多旋翼无人机适用于需要频繁调整高度的任务，如城市环境中的航拍、建筑监测和农业植保。
优化策略：采用多维泰勒网优化控制方法，能够显著提高高度控制的动态性能和抗干扰能力。

固定翼无人机：
空气动力学优化：固定翼无人机的高度优化主要通过优化机翼设计和飞行姿态来减少空气阻力，提高飞行效率。
抗风性能优化：通过优化机翼设计和采用高精度的高度控制器（如LADRC），提高抗风性能和高度稳定性。
应用场景：固定翼无人机适用于需要长续航和大范围覆盖的任务，如地理测绘、边境巡逻等。
优化策略：采用线性自抗扰控制（LADRC）技术，通过估计和补偿系统内部不确定性和外部扰动，实现高精度的高度控制。

具体差异：
多旋翼无人机：优化策略侧重于快速响应和高精度的高度控制，适合低空、复杂环境中的任务。
固定翼无人机：优化策略侧重于空气动力学性能和抗风能力，适合长续航、大范围的任务。


答题要点：
多旋翼无人机特性说明：（2分）（写出多旋翼无人机应用场景例子如：城市环境中的航拍、建筑监测和农业植保得0.5分，写出其灵活的控制性和抗风能力的重要性得1分，最后写出相关优化策略，如多维泰勒网优化控制，得0.5分）
固定翼无人机机特性说明：（2分）（写出固定翼无人机应用场景例子如：如地理测绘、边境巡逻得0.5分，写出其机翼和飞行姿态的优化和抗风稳定性优化方法得1分，最后写出相关优化策略，如线性自抗扰控制，得0.5分）

具体差异：（1分）（根据其应用场景分别写出优化策略的侧重点的不同，各得0.5分，共1分）

评分标准:按答题要点给分，要点全面完整给满分，若回答逻辑性，语言严谨性不强可扣1分，要点欠缺按分值扣分，部分要点回答不全面缺1个方面扣1分，扣完为止。",3（中）,5（好）,,,,,,,,,
卷一B17,B-D-B-006,B（单选题）,,在固定翼无人机的飞行性能优化中，（）措施可以有效提高航程。,提高飞行速度,降低飞行器重量,增加电机功率,提高电池容量,,,B,3（中）,5（好）,,,,,,,,,
卷二B16,B-D-B-006,B（单选题）,,要优化固定翼无人机的飞行速度，（）是最有效的方法。,提高飞行器的推重比,增加飞行器的机翼面积,提升飞行高度以减少空气阻力,使用更大推力的发动机,,,A,3（中）,5（好）,,,,,,,,,
卷三B15,B-D-B-006,B（单选题）,,在优化固定翼无人机飞行性能时，（）因素影响飞行效率最大,飞行器的重量,飞行器的飞行速度,翼型设计和气动特性,飞行高度,,,C,3（中）,5（好）,,,,,,,,,
卷四B14,B-D-B-006,B（单选题）,,为了提高固定翼无人机的飞行速度，以下（）措施最为有效,减少飞行器的机翼面积,增加发动机推力,增加发动机推力,使用更高效的推进系统,,,D,3（中）,5（好）,,,,,,,,,
卷六e4,B-D-B-006,D（简答题）,,垂直起降固定翼无人机和传统固定翼无人机在飞行高度优化方法上有哪些异同点？请结合应用环境和优化策略进行说明。,,,,,,,"相同点：
空气动力学优化：两者都通过优化机翼设计来提高升阻比，减少空气阻力，从而实现更高效的飞行和更高的飞行高度。
高度控制算法：两种无人机都可以采用先进的高度控制算法（如线性自抗扰控制LADRC）来提高高度控制的精度和抗风能力。

不同点：
垂直起降固定翼无人机：
多模态协同优化：在垂直起降阶段，通过旋翼提供升力，而在固定翼飞行阶段切换到高效巡航模式，减少阻力。
应用环境：适用于复杂地形和无跑道条件下的长航时任务，如山区巡检、应急救援等。
优化策略：优化旋翼和固定翼的协同工作，减少模式切换时的能量损失，提高飞行灵活性。

传统固定翼无人机：
单一模式优化：主要通过优化机翼设计和飞行姿态来减少空气阻力，提高飞行效率。
应用环境：适用于长距离、大面积的监测任务，如森林巡检、海洋监测等，对起降场地有一定要求。
优化策略：通过优化机翼的气动性能和飞行路径规划，减少巡航阶段的能耗。

优化策略侧重点：
垂直起降固定翼无人机：优化多模态切换的平滑性，提高飞行灵活性。
传统固定翼无人机：优化固定翼飞行的空气动力学性能，提高飞行高度。


答题要点：
相同点：（1分）（回答到优化机翼设计得0.5分，回答到优化算法得0.5分）

不同点：（3分)
垂直起降固定翼无人机：1.5分（写出不同模式的优化可得0.5分，写出复杂地形等应用环境可得0.5分，写出旋翼和固定翼协同优化可得0.5分）
传统固定翼无人机：1.5分（写出机翼，飞行姿态优化可得0.5分，写出大范围工作环境可得0.5分，写出优化机翼气动特性和路径规划可得0.5分）

优化策略侧重点：（1分）（垂直起降固定翼无人机方面写到优化多模态切换的平滑性，提高飞行灵活性得0.5分，固定翼无人机方面写到优化固定翼飞行的空气动力学性能得0.5分，提高飞行高度共1分）

评分标准:按答题要点给分，要点全面完整给满分，若回答逻辑性，语言严谨性不强可扣1分，要点欠缺按分值扣分，部分要点回答不全面缺1个方面扣1分，扣完为止。",3（中）,5（好）,,,,,,,,,
卷一B18,B-D-B-007,B（单选题）,,在优化垂直起降固定翼无人机的飞行高度时，（）因素最不应当作为主要考虑因素。,飞行任务所需的最小安全高度,地面站与无人机之间的视距通信限制,无人机的颜色和外观设计,当地航空管制规定和空域使用许可,,,C,3（中）,5（好）,,,,,,,,,
卷二B17,B-D-B-007,B（单选题）,,针对垂直起降固定翼无人机，在选择最优飞行高度时，（）不是合理的优化策略。,根据任务需求调整飞行高度，以确保传感器或载荷的最佳工作效果,始终保持最低飞行高度，以减少燃油消耗或电力使用,考虑地形特征和障碍物分布，规划能够避开高大物体的安全航线,结合气象条件，如风速和湍流，选择对飞行稳定性和效率有利的高度,,,B,3（中）,5（好）,,,,,,,,,
卷三B16,B-D-B-007,B（单选题）,,垂直起降固定翼无人机要提高飞行速度，（）是最有效的方法,提升电池容量,提高推重比,增加飞行器的翼面积,使用更大推力的电动机,,,B,3（中）,5（好）,,,,,,,,,
卷四B15,B-D-B-007,B（单选题）,,在优化垂直起降固定翼无人机的飞行性能时，（）最有助于减少飞行中的能量消耗,增加飞行高度,优化飞行器的机翼设计,提高飞行器的重量,使用较大的电池,,,B,3（中）,5（好）,,,,,,,,,
卷五B14,B-D-B-007,B（单选题）,,对于垂直起降固定翼无人机，飞行速度与飞行性能的优化过程中，最需要关注的因素是（）。,减少飞行器的垂直起降重量,提高飞机的飞行高度,提升推进系统的效率,优化控制系统的响应时间,,,C,3（中）,5（好）,,,,,,,,,
卷七e4,B-D-B-007,D（简答题）,,垂直起降固定翼无人机和传统固定翼无人机在飞行高度优化方法上有哪些异同点？请结合应用环境和优化策略进行说明。,,,,,,,"相同点：
空气动力学优化：两者都通过优化机翼设计来提高升阻比，减少空气阻力，从而实现更高效的飞行和更高的飞行高度。
高度控制算法：两种无人机都可以采用先进的高度控制算法（如线性自抗扰控制LADRC）来提高高度控制的精度和抗风能力。

不同点：
垂直起降固定翼无人机：
多模态协同优化：在垂直起降阶段，通过旋翼提供升力，而在固定翼飞行阶段切换到高效巡航模式，减少阻力。
应用环境：适用于复杂地形和无跑道条件下的长航时任务，如山区巡检、应急救援等。
优化策略：优化旋翼和固定翼的协同工作，减少模式切换时的能量损失，提高飞行灵活性。

传统固定翼无人机：
单一模式优化：主要通过优化机翼设计和飞行姿态来减少空气阻力，提高飞行效率。
应用环境：适用于长距离、大面积的监测任务，如森林巡检、海洋监测等，对起降场地有一定要求。
优化策略：通过优化机翼的气动性能和飞行路径规划，减少巡航阶段的能耗。

优化策略侧重点：
垂直起降固定翼无人机：优化多模态切换的平滑性，提高飞行灵活性。
传统固定翼无人机：优化固定翼飞行的空气动力学性能，提高飞行高度。


答题要点：
相同点：（1分）（回答到优化机翼设计得0.5分，回答到优化算法得0.5分）

不同点：（3分)
垂直起降固定翼无人机：1.5分（写出不同模式的优化可得0.5分，写出复杂地形等应用环境可得0.5分，写出旋翼和固定翼协同优化可得0.5分）
传统固定翼无人机：1.5分（写出机翼，飞行姿态优化可得0.5分，写出大范围工作环境可得0.5分，写出优化机翼气动特性和路径规划可得0.5分）

优化策略侧重点：（1分）（垂直起降固定翼无人机方面写到优化多模态切换的平滑性，提高飞行灵活性得0.5分，固定翼无人机方面写到优化固定翼飞行的空气动力学性能得0.5分，提高飞行高度共1分）

评分标准:按答题要点给分，要点全面完整给满分，若回答逻辑性，语言严谨性不强可扣1分，要点欠缺按分值扣分，部分要点回答不全面缺1个方面扣1分，扣完为止。",3（中）,5（好）,,,,,,,,,
卷二B18,B-D-B-008,B（单选题）,,在优化其他类型无人机的飞行高度时，（）哪一项不是主要考虑的因素。,飞行器的最大升限与最小安全高度之间的平衡,地面站与无人机之间数据链路的有效通信范围,无人机的颜色和外观设计对飞行员视觉辨识的影响,当地气象条件，如风速、温度层结及湍流强度,,,C,3（中）,5（好）,,,,,,,,,
卷三B17,B-D-B-008,B（单选题）,,对于多旋翼或其他类型的无人机，在确定最佳飞行高度时，（）做法最不可能带来有效的优化结果。,根据任务需求调整飞行高度，以确保传感器或载荷的最佳工作效果,选择一个固定的飞行高度，不论任务要求和环境变化如何,考虑地形特征和障碍物分布，规划能够避开高大物体的安全航线,结合实时气象数据，如风速和云底高度，选择有利于飞行稳定性的高度,,,B,3（中）,5（好）,,,,,,,,,
卷四B16,B-D-B-008,B（单选题）,,在优化其他机型无人机的飞行速度时，（）是最有效的策略,降低飞行器的总重量,增加电池容量,提高飞行速度至最大值,增加飞行器的翼面积,,,A,3（中）,5（好）,,,,,,,,,
卷五B15,B-D-B-008,B（单选题）,,要优化其他机型无人机的飞行性能，（）措施最为有效,增加电池电压,优化飞行控制算法,提高飞行高度,使用更高效的电动机,,,B,3（中）,5（好）,,,,,,,,,
卷六B14,B-D-B-008,B（单选题）,,在飞行性能优化中，（）是影响其他机型无人机飞行效率的主要因素。,电池容量,飞行器的气动设计,飞行速度,飞行时间,,,B,3（中）,5（好）,,,,,,,,,
卷八e4,B-D-B-008,D（简答题）,,简述多旋翼无人机的航时优化、高度优化与飞行速度优化方法，并分析它们如何相互作用影响飞行性能。,,,,,,,"航时优化：通过轻量化设计、优化电池性能，提升无人机的航时。
高度优化：通过合理选择飞行高度，减少空气阻力，提高飞行效率。
飞行速度优化：通过合理控制飞行速度，优化飞行模式，减少能量消耗。
相互作用分析：飞行速度与飞行高度相互影响，合理搭配有助于延长航时并提高飞行稳定性，优化飞行性能。

答题要点：
航时优化：（1分）：（航时优化，需答出具体提升航时的方法得1分）
高度优化：（1分）：（高度优化，需答出合理选择高度得1分）
飞行速度优化：（1分）：（飞行速度优化，需答出合理控制飞行速度与飞行模式得1分）
相互作用分析：（2分）：（相互作用分析，需答出速度与高度相互影响得1分，合理搭配可以优化性能得1分）

评分标准:按答题要点给分，要点全面完整给满分，若回答逻辑性，语言严谨性不强可扣1分，要点欠缺按分值扣分，部分要点回答不全面缺1个方面扣1分，扣完为止。",3（中）,5（好）,,,,,,,,,
卷三B18,B-D-B-009,B（单选题）,,在多旋翼无人机飞行速度的优化过程中，最有效的方式之一是（）。,增加电池容量,减轻无人机重量,提高电机功率,增加螺旋桨的直径,,,B,3（中）,5（好）,,,,,,,,,
卷四B17,B-D-B-009,B（单选题）,,影响多旋翼无人机飞行速度的一个关键因素是（）。,电池电压,飞行控制算法的优化,无人机的航电系统,无人机的气动设计,,,D,3（中）,5（好）,,,,,,,,,
卷五B16,B-D-B-009,B（单选题）,,为提高多旋翼无人机的飞行速度，（）方法是最直接的。,提升飞行器的动力系统,增加飞行时间,优化飞行路径规划,加大飞行器的承载重量,,,A,3（中）,5（好）,,,,,,,,,
卷六B15,B-D-B-009,B（单选题）,,为了优化多旋翼无人机的飞行速度，可以通过以下（）方式提升飞行性能。,减少飞行器的气动阻力,增加飞行高度,减少电池容量,提高机身温度,,,A,3（中）,5（好）,,,,,,,,,
卷七B14,B-D-B-009,B（单选题）,,多旋翼无人机飞行速度的提升最常见的方法是（）。,改进飞行控制系统,优化电池管理,增强电机的冷却系统,提高飞行器的螺旋桨效率,,,D,3（中）,5（好）,,,,,,,,,
卷九e4,B-D-B-009,D（简答题）,,简述固定翼无人机和多旋翼无人机在动力提升以达到速度提升方面的异同点，并结合其应用环境说明优化策略的侧重点。,,,,,,,"相同点：
动力系统优化：两者都通过优化动力系统来提升飞行速度。固定翼无人机通过优化发动机性能和螺旋桨设计来减少阻力并提高推力；多旋翼无人机则通过优化电机和螺旋桨的匹配来提升动力输出。
能量管理：两种无人机都通过优化能量管理系统来提高动力系统的效率。例如，固定翼无人机通过优化电池放电模型和飞行姿态减少能量消耗，而多旋翼无人机则通过智能电量管理系统确保高效的动力输出。

不同点：
固定翼无人机：
动力提升策略：通过优化空气动力学设计和发动机性能来减少阻力并提高飞行速度。例如，采用高效的推进系统和优化的空气动力学设计，使得固定翼无人机在长距离飞行中表现出更高的速度和效率。
应用环境：适用于大范围、长距离的任务，如测绘、巡逻等，优化策略侧重于提高巡航速度和减少能耗。

多旋翼无人机：
动力提升策略：通过优化电机和螺旋桨的匹配来提高动力输出。例如，采用高性能的电动动力系统和大容量锂电池，以提升短距离内的快速飞行能力。
应用环境：适用于低空、小范围、复杂环境的任务，如航拍、应急救援等，优化策略侧重于提高机动性和灵活性。

优化策略侧重点：
固定翼无人机：侧重于通过空气动力学优化和高效推进系统提升飞行速度，适用于长距离、大范围任务。
多旋翼无人机：侧重于通过电机和螺旋桨的优化提升动力输出，适用于短距离、高机动性任务。


答题要点：
相同点：（1分）（回答出动力系统优化得0.5分，写出能力管理可得0.5分）

不同点：（3分）
固定翼无人机：1.5分（写出优化空气动力学和发动机性能得0.5分，举例说明得0.5分，写出大范围巡逻等应用场景得0.5分）
多旋翼无人机：1.5分（写出优化电机和螺旋桨匹配度和优化螺旋桨形状得0.5分，写出相关例子佐证得0.5分，写出小范围和复杂环境等应用环境得0.5分）

优化策略侧重点：（1分）（写出两者侧重优化点以达到更强的动力供给和功效，各得0.5分）

评分标准:按答题要点给分，要点全面完整给满分，若回答逻辑性，语言严谨性不强可扣1分，要点欠缺按分值扣分，部分要点回答不全面缺1个方面扣1分，扣完为止。",3（中）,5（好）,,,,,,,,,
卷四B18,B-D-B-010,B（单选题）,,在垂直起降固定翼无人机的飞行速度优化中，提升飞行速度的最关键因素是（）。,增加起飞重量, 提升电池容量,优化气动外形设计, 增加飞行高度,,,C,3（中）,5（好）,,,,,,,,,
卷五B17,B-D-B-010,B（单选题）,,为了提高垂直起降固定翼无人机的飞行速度，（）方法通常被优先考虑。,增加电机功率,减少螺旋桨数量,优化飞行控制系统,增加无人机的气动稳定性,,,C,3（中）,5（好）,,,,,,,,,
卷六B16,B-D-B-010,B（单选题）,,在垂直起降固定翼无人机的飞行速度优化中，（）技术是最常用的提升飞行速度的手段。, 改进电池管理系统,提升推进系统的效率,增加飞行器的负载能力,降低飞行器的飞行高度,,,B,3（中）,5（好）,,,,,,,,,
卷七B15,B-D-B-010,B（单选题）,,垂直起降固定翼无人机飞行速度的提高，最主要的动力来源是（）。,提升电池的输出电压,优化动力系统的转速与推力匹配,增加飞行器的外形重量,提高飞行时间,,,B,3（中）,5（好）,,,,,,,,,
卷八B14,B-D-B-010,B（单选题）,,在垂直起降固定翼无人机飞行速度优化的过程中，最有效的方案之一是（）。, 增加飞行器的起飞和降落重量,降低飞行速度并提高飞行稳定性, 优化无人机的升力与阻力比,改善飞行控制系统的复杂性,,,C,3（中）,5（好）,,,,,,,,,
卷十e4,B-D-B-010,D（简答题）,,在实际应用中，固定翼无人机和垂直起降固定翼无人机的动力提升方法有哪些具体差异？请结合两者的特性说明其优化策略的侧重点，特别是如何通过动力提升实现速度优化。,,,,,,,"差异：
固定翼无人机：
动力提升方法：通过优化发动机性能和螺旋桨设计来减少阻力并提高推力。例如，采用高效的推进系统和优化的空气动力学设计，使得固定翼无人机在长距离飞行中表现出更高的速度和效率。
应用环境：适用于大范围、长距离的任务，如测绘、巡逻等，优化策略侧重于提高巡航速度和减少能耗。
优化策略：通过减少侧滑角和优化飞行姿态来降低阻力，从而提升飞行速度。

垂直起降固定翼无人机：
动力提升方法：在垂直起降阶段，通过优化旋翼的推力控制和姿态调整来快速爬升或下降；在固定翼飞行阶段，通过优化机翼设计和飞行姿态来减少阻力。此外，还需要优化两种模式之间的切换，减少切换时的能量损失。
应用环境：适用于复杂地形和无跑道条件下的长航时任务，如山区巡检、应急救援等，优化策略侧重于提高模式切换的平滑性和飞行灵活性。
优化策略：通过优化旋翼和固定翼的协同工作，减少模式切换时的能量损失，同时兼顾垂直起降的灵活性和固定翼飞行的高效性。

具体差异：
固定翼无人机：通过空气动力学优化和高效推进系统提升飞行速度，适用于长距离、大范围任务。
垂直起降固定翼无人机：通过多模态协同优化提升飞行速度，同时兼顾垂直起降的灵活性和固定翼飞行的高效性，适用于复杂环境中的任务。


答题要点：
固定翼无人机：（2分）（写出优化发动机和螺旋桨可得0.5分，写出大范围应用环境得0.5分，写出优化飞行姿态得0.5分，举例逻辑性强可酌情给0.5分）

垂直起降固定翼无人机：（2分）（写出优化旋翼的推力控制和姿态调整可得0.5分，写出优化机翼设计和飞行姿态可得0.5分，写出复杂地形和无跑道条件的应用环境得0.5分，写出优化旋翼和固定翼的协同工作得0.5分）

具体差异：（1分）（写出垂直起降固定翼无人机为什么适用于复杂场景得0.5分；固定翼无人机写出空气动力学优化和高效推进系统得0.5分）

评分标准:按答题要点给分，要点全面完整给满分，若回答逻辑性，语言严谨性不强可扣1分，要点欠缺按分值扣分，部分要点回答不全面缺1个方面扣1分，扣完为止。",3（中）,5（好）,,,,,,,,,
卷五B18,B-D-B-011,B（单选题）,,为了优化垂直起降固定翼无人机的飞行速度，最关键的设计考虑因素是（）。,提升电池容量,优化空气动力学设计,增加飞行器的负载能力,增加飞行器的负载能力,,,B,3（中）,5（好）,,,,,,,,,
卷六B17,B-D-B-011,B（单选题）,,在垂直起降固定翼无人机飞行速度的优化过程中，最直接的提升方法是（）。,提升电机功率,增加飞行高度,增强飞行稳定性,优化飞行控制系统,,,A,3（中）,5（好）,,,,,,,,,
卷七B16,B-D-B-011,B（单选题）,,为了提高垂直起降固定翼无人机的飞行速度，可以通过（）方式降低飞行阻力。,增加螺旋桨直径,使用轻质材料减轻机身重量,提升机身和翼型的气动效率,增加飞行器的电池容量,,,C,3（中）,5（好）,,,,,,,,,
卷八B15,B-D-B-011,B（单选题）,,在优化垂直起降固定翼无人机的飞行速度时，使用（）推进系统最为重要。,采用更大功率的推进系统,提高推进系统的效率与转速匹配,减少推进系统的数量,使用更重的推进系统,,,B,3（中）,5（好）,,,,,,,,,
卷九B14,B-D-B-011,B（单选题）,,垂直起降固定翼无人机飞行速度的优化最常通过（）方法来提升其性能。,增加飞行时间,优化电池管理系统,改善飞行控制系统的响应速度,提升飞行控制系统的复杂性,,,C,3（中）,5（好）,,,,,,,,,
卷六B18,B-D-B-012,B（单选题）,,在优化其他类型无人机的飞行速度时，（）不是主要考虑的因素。,飞行器的最大速度与最小安全速度之间的平衡,地面站与无人机之间数据链路的有效通信范围,无人机的颜色和外观设计对视觉辨识的影响,当地气象条件，如风速、温度层结及湍流强度,,,C,3（中）,5（好）,,,,,,,,,
卷七B17,B-D-B-012,B（单选题）,,对于非垂直起降固定翼无人机，在确定最佳飞行速度时，（）做法最不可能带来有效的优化结果。,根据任务需求调整飞行速度，以确保传感器或载荷的最佳工作效果,固定一个恒定的巡航速度，无论任务环境如何变化,考虑地形特征和障碍物分布，规划能够避开高大物体的安全航线速度,结合实时气象数据，如风速和云底高度，选择有利于飞行稳定性的速度,,,B,3（中）,5（好）,,,,,,,,,
卷八B16,B-D-B-012,B（单选题）,,在调整其他类型无人机的飞行速度以优化其性能时，（）因素最不应该被忽视。,空气动力学效率，即不同速度下的能耗与推进力的关系,无人机制造商建议的操作速度范围,操作员个人偏好，例如喜欢高速或低速飞行,无人机执行特定任务时所需的精度和稳定性,,,C,3（中）,5（好）,,,,,,,,,
卷九B15,B-D-B-012,B（单选题）,,当优化某款非固定翼无人机的飞行速度时，（）措施最可能不会有效提升其作业效率。,使用先进的飞行控制器算法，根据实时环境自动调整速度,在所有任务中均采用最高飞行速度，以减少空中停留时间,通过地面测试和模拟仿真，寻找最经济的速度区间,根据任务要求和环境变化，动态调整飞行速度,,,B,3（中）,5（好）,,,,,,,,,
卷十B14,B-D-B-012,B（单选题）,,在优化无人机飞行速度时，为了保证飞行安全并实现节能飞行，应优先考虑（）。,尽量保持高速飞行，以尽快完成任务,忽略风速影响，因为现代无人机有足够的抗风能力,仅关注电池电量，不论飞行速度如何,根据实际任务需求和外部条件，选择最优速度策略,,,D,3（中）,5（好）,,,,,,,,,
卷七B18,B-D-B-013,B（单选题）,,在优化多旋翼无人机的机动飞行性能时，（）因素最不应该被考虑。,电机和螺旋桨的最佳匹配，以实现高效的动力输出,飞行控制器算法的先进性，以支持复杂的飞行模式,无人机的颜色和外观设计对视觉辨识的影响,减轻机身重量而不影响结构强度，以提高加速性能,,,C,3（中）,5（好）,,,,,,,,,
卷八B17,B-D-B-013,B（单选题）,,为了提升多旋翼无人机的机动飞行性能，（）做法最不可能带来有效的优化结果。,根据任务需求调整螺旋桨尺寸和形状，以优化升力和推力,固定一个恒定的飞行速度，不论任务环境如何变化,引入智能飞行控制系统，能够根据实时环境自动调整飞行参数,使用更轻质但同样坚固的材料来制造机架和其他组件,,,B,3（中）,5（好）,,,,,,,,,
卷九B16,B-D-B-013,B（单选题）,,在优化多旋翼无人机的机动飞行性能时，（）措施最有可能不会显著改善其动态响应。,升级到更高性能的电池，增加续航时间和动力储备,仅通过增加螺旋桨直径来试图提升最大速度，而忽略其他因素,调整飞控系统的PID参数，以更好地适应快速变化的姿态控制,减少不必要的电子设备或冗余结构，减轻整体重量,,,B,3（中）,5（好）,,,,,,,,,
卷十B15,B-D-B-013,B（单选题）,,当优化多旋翼无人机的机动飞行性能时，（）方面最不应该作为首要目标。,提高飞行器的最大载荷能力，以携带更多传感器或设备,增强飞行稳定性，在复杂气象条件下也能保持精确飞行,确保飞行器能够在狭小空间内灵活转弯和悬停,改善飞行器的能耗效率，延长每次充电后的飞行时间,,,A,3（中）,5（好）,,,,,,,,,
卷八B18,B-D-B-014,B（单选题）,,在优化固定翼无人机的机动飞行性能时，（）不是有效的优化策略。,提升机翼设计的空气动力学效率，以减少阻力并增加升力,固定一个恒定的巡航速度，不论任务环境如何变化,引入先进的飞控算法，以支持自动化的复杂飞行模式,使用轻质且高强度材料制造机身，以减轻重量同时保持结构强度,,,B,3（中）,5（好）,,,,,,,,,
卷九B17,B-D-B-014,B（单选题）,,为了提升固定翼无人机的机动飞行性能，（）因素最不应该被作为主要考虑点。,优化发动机与螺旋桨之间的匹配，以实现最佳推进效率,增加无人机的颜色对比度，以提高视觉辨识度,调整飞行控制系统中的参数，以改善动态响应特性,设计可变几何外形（如可调机翼或尾翼），以适应不同飞行状态,,,B,3（中）,5（好）,,,,,,,,,
卷十B16,B-D-B-014,B（单选题）,,当优化固定翼无人机的机动飞行性能时，（）最不应该成为首要目标。,提高最大载荷能力，以便携带更多的有效载荷或燃料,改善飞行器的短距起降（STOL）性能，以适应更小的操作场地,确保飞行器能够在高速和低速之间平滑转换，以执行复杂的飞行任务,增强飞行器的稳定性和可控性，在恶劣气象条件下也能安全飞行,,,A,3（中）,5（好）,,,,,,,,,
卷九B18,B-D-B-015,B（单选题）,,在优化垂直起降固定翼无人机的机动飞行性能时，（）最不可能带来显著的性能提升。,通过改进机翼设计来增强空气动力学效率，从而提高水平飞行速度,增加无人机的颜色对比度以改善地面人员的视觉辨识度,引入自适应飞行控制算法，以自动调整姿态和速度以应对不同飞行阶段,使用更轻质但同样坚固的材料制造机身和组件，以减轻整体重量,,,B,3（中）,5（好）,,,,,,,,,
卷十B17,B-D-B-015,B（单选题）,,为了提升垂直起降固定翼无人机的机动飞行性能，（）因素最不应该被作为主要优化目标。,提高垂直起飞和降落过程中的能量效率，减少电池或燃料消耗,固定一个恒定的最大飞行速度，不论任务需求或环境条件如何变化,"确保飞行器能够在复杂气象条件下保持稳定飞行，并能快速响应控制指令
",设计可变几何外形或采用矢量推力技术，以增强飞行灵活性和操控性,,,B,3（中）,5（好）,,,,,,,,,
卷十B18,B-D-B-016,B（单选题）,,在优化其他类型无人机（如多旋翼、直升机型）的机动飞行性能时，（）最不可能显著提升其性能。,通过引入先进的飞控算法，提高姿态控制精度和响应速度,增加无人机的颜色对比度，以改善地面人员的视觉辨识度,使用轻质但高强度材料，减轻机身重量而不牺牲结构强度,优化螺旋桨或旋翼设计，以增强升力效率并减少能耗,,,B,3（中）,5（好）,,,,,,,,,
卷一F2,B-E-A-001,F（论述题）,,请论述无人机培训计划的制订与培训讲义编写的关系。如何根据培训计划的目标和内容来编写讲义？在这两者之间，如何确保培训效果的统一与提升？请试着从法规与安全意识和实操技能、应急处理两点制订无人机的培养计划。,,,,,,,"1、培训计划与讲义编写的关系：
无人机培训计划是培训活动的总体框架，明确了培训目标、内容、时间安排及评估方法。培训讲义则是这一计划的具体执行工具，它根据培训计划的内容、难度层次及学员特点来设计。培训计划中的目标决定了讲义编写的重点和方向，培训计划的时间安排则决定了讲义的篇幅和深度。
2、如何根据培训计划编写讲义：                                                                                                                      
内容匹配：讲义内容应严格依据培训计划中的学习目标进行设计，确保覆盖计划中的各个方面，如基础知识、操作技能和飞行安全等。
层次分明：根据培训计划中安排的进度，讲义应从简单到复杂，循序渐进。初学者应重点讲解无人机的基本构造、原理等，进阶学员则可以学习飞行技巧、紧急应对等内容。
实际应用：培训计划中通常包括实操环节，因此，讲义中应通过实际案例、操作步骤等，帮助学员理解并应用相关理论。
3.确保培训效果的统一与提升：
培训计划与讲义内容的协调性至关重要，统一的目标和内容能够保证学员在培训中的学习体验和实际操作能力的提升。
通过设计合理的评估环节和反馈机制，讲义内容可以不断优化，以提高培训效果。
法规与安全意识：
培训计划和讲义编写中应重点强调无人机操作的法规和安全意识。学员需要掌握国家及地方关于无人机飞行的法律法规，包括但不限于禁飞区、飞行高度限制、实名登记等要求。此外，培训中应包括飞行前检查、环境评估、保持视距飞行等安全规范，确保学员在任何情况下都能保持冷静，安全操作。
实操技能与应急处理：
实操技能是无人机培训的核心内容之一，讲义应详细涵盖从基本飞行技能（如起飞、悬停、直线飞行、转弯、降落）到高级飞行技巧（如穿越障碍、跟随拍摄、定点环绕）的训练内容。同时，应急处理能力的培养也至关重要，讲义中应包含模拟无人机失联、电池低电量、避障失败等紧急情况的应对方法，确保学员在面对突发情况时能够迅速做出正确反应。




答题要点：
培训计划与讲义编写的关系：（3分）（说到了前者是后者的整体框架得1分，说到后者的目标决定前者的重点和方向得1分，提及时间安排则决定了前者的篇幅和深度则得满3分。无人机培训计划是培训活动的总体框架；培训讲义则是这一计划的具体执行工具；培训计划中的目标决定了讲义编写的重点和方向）                                                                                                                          

如何根据培训计划编写讲义：（3分）（说清楚内容匹配得1分，说清楚层次分明得1分，说明白实际应用再得1分）                                                                                                                                                        

确保培训效果的统一与提升：（3分）（明确表述如何确保统一与提升得1分，培训计划与讲义内容的协调性至关重要得1分；设计合理的评估环节和反馈机制得1分）

法规与安全意识：（3分）（写出学员需要掌握国家及地方关于无人机飞行的法律法规得1分，写出禁飞区、飞行高度限制、实名登记等要求得1分，培训中应包括安全规范得1分）


实操技能与应急处理：（3分）（讲义应详细涵盖从基本飞行技能（如起飞、悬停、直线飞行、转弯、降落）到高级飞行技巧（如穿越障碍、跟随拍摄、定点环绕）的训练内容，具体写出上面主体或者括号内例子得1.5分；应急处理方面，写出讲义中应包含紧急情况的应对方法得1分进一步举出模拟无人机失联、电池低电量、避障失败等例子得0.5分）

评分标准:按答题要点给分，要点全面完整给满分，若回答逻辑性，语言严谨性不强可扣1分，要点欠缺按分值扣分，部分要点回答不全面缺1个方面扣1分，扣完为止。",3（中）,5（好）,,,,,,,,,
卷五F2,B-E-A-001,F（论述题）,,请论述多旋翼无人机、固定翼无人机和垂直起降固定翼无人机在飞行航时优化方法上的异同点，并结合实际应用场景分析各自优化策略的侧重点。,,,,,,,"相同点：
飞行路径规划：三种无人机都通过优化飞行路径来减少不必要的飞行距离和能耗，从而延长航时。例如，采用动态路径规划算法，根据实时环境调整飞行轨迹，减少绕行和悬停时间。
飞行姿态控制：通过精确的飞行姿态控制算法，减少飞行过程中的能量损失，提高飞行效率。例如，优化PID控制参数以减少姿态调整时的能量消耗。
系统集成优化：通过优化电子设备和动力系统的集成，减少线缆和连接件的重量，提高整体系统的效率。

不同点：
多旋翼无人机：
优化策略：通过优化电机和螺旋桨的匹配，减少悬停和低速飞行时的能量消耗。例如，采用高效电机和轻量化设计，降低能耗。
应用场景：适用于低空、小范围、复杂环境的任务，如航拍、建筑监测、农业植保等。优化策略侧重于提高悬停效率和灵活性。

固定翼无人机：
优化策略：通过优化机翼设计和发动机性能来减少空气阻力，提高巡航效率。例如，采用高效的推进系统和优化的空气动力学设计，减少巡航阶段的能耗。
应用场景：适用于大范围、长距离的任务，如测绘、巡逻、环境监测等。优化策略侧重于提高巡航效率和减少能耗。

垂直起降固定翼无人机：
优化策略：在垂直起降阶段，通过优化旋翼的推力控制和姿态调整来减少能量消耗；在固定翼飞行阶段，通过优化机翼设计和飞行姿态来减少阻力。此外，还需要优化两种模式之间的切换，减少切换时的能量损失。
应用场景：适用于复杂地形和无跑道条件下的长航时任务，如山区巡检、应急救援等。优化策略侧重于提高模式切换的平滑性和飞行灵活性。

总结：
多旋翼无人机：侧重于通过电机和螺旋桨的优化提升悬停效率，适用于短距离、高机动性任务。
固定翼无人机：侧重于通过空气动力学优化和高效推进系统提升巡航效率，适用于长距离、大范围任务。
垂直起降固定翼无人机：通过多模态协同优化提升航时，同时兼顾垂直起降的灵活性和固定翼飞行的高效性，适用于复杂环境中的任务。


答题要点：
相同点：（3分）（写出优化动力系统得1分，写出飞行姿态控制，优化算法得1分，写出优化电子设备和动力系统的集成得1分）

不同点：（9分）
多旋翼无人机：3分（写出优化电机和螺旋桨的匹配得1分进一步写出轻量化设计或应用新材料的得1分；写出适用于低空、小范围、复杂环境的任务得0.5分，写出优化侧重于提高悬停和快速机动能力得0.5分）
固定翼无人机：3分（写出优化机翼设计和发动机性能得1分进一步写出优化侧重于提高高效的推进系统和空气动力学设计得1分；写出适用于大范围、长距离的任务得0.5分如果能写出优化侧重于提高巡航速度和减少能耗再得0.5分）
垂直起降固定翼无人机：3分（写出优化旋翼和固定翼模式的切换得1分进一步写出轻量化设计得1分；写出用于需要快速部署和灵活起降的场景得1分，写出优化侧重于提高模式切换的平滑性和飞行灵活性得1分，满分3分）      

总结：（3分）（多旋翼方面写出侧重于通过电机和螺旋桨的优化提升悬停效率；固定翼方面写出侧重于通过空气动力学优化和高效推进系统提升巡航效率；垂直起降固定翼方面写出通过多模态协同优化提升航时，同时兼顾垂直起降的灵活性和固定翼飞行的高效性，写出三点得3分）

评分标准:按答题要点给分，要点全面完整给满分，若回答逻辑性，语言严谨性不强可扣1分，要点欠缺按分值扣分，部分要点回答不全面缺1个方面扣1分，扣完为止。",3（中）,5（好）,,,,,,,,,
卷九F2,B-E-A-001,F（论述题）,,请论述垂直起降固定翼无人机、固定翼无人机和伞翼无人机在飞行高度优化方法上的异同点，并结合实际应用场景分析各自优化策略的侧重点。,,,,,,,"相同点：
飞行控制算法优化：三种无人机都通过优化飞行控制算法来提高飞行高度的稳定性和可控性。例如，采用先进的PID控制算法或自适应控制算法，以提高飞行姿态的稳定性和响应速度。
动力系统优化：通过优化动力系统来提高飞行高度。例如，垂直起降固定翼无人机和固定翼无人机优化发动机和螺旋桨的匹配，伞翼无人机优化电机和螺旋桨的匹配，以提高动力输出和效率。
飞行路径规划：通过优化飞行路径来提高飞行高度的利用效率。例如，采用动态路径规划算法，根据实时环境调整飞行轨迹，减少不必要的飞行距离和能耗。

不同点：
垂直起降固定翼无人机：
优化策略：结合多旋翼和固定翼的特点，通过优化旋翼和固定翼模式的切换来提高飞行高度。例如，在垂直起降阶段优化旋翼的推力控制，在固定翼飞行阶段优化机翼设计和飞行姿态。
应用场景：适用于需要快速部署和灵活起降的场景，如城市环境、山区、应急救援等。优化策略侧重于提高模式切换的平滑性和飞行灵活性。

固定翼无人机：
优化策略：通过优化机翼设计和发动机性能来提高飞行高度，使用更轻的材料减轻总体重量来提高飞行高度。例如，采用高效的推进系统和优化的空气动力学设计，减少阻力，提高飞行高度和速度。
应用场景：适用于大范围、长距离的任务，如测绘、巡逻、环境监测等。优化策略侧重于提高巡航速度和飞行高度。

伞翼无人机：
优化策略：通过优化伞翼的结构设计和飞行姿态来提高飞行高度。例如，采用轻量化材料和优化的伞翼形状，减少阻力，提高飞行高度。根据搜索结果，伞翼无人机的优化设计方法包括选择高气动效率的基础翼型，将前缘按一定角度和高度设计前缘切口，并进行前缘切口参数优化设计，以克服传统CLARK-Y切口翼型的不足，设计新型高效切口翼型，该翼型为低速高升力翼型，具有失速迎角大、失速特性好、沿弦向气动载荷分布均匀的特点。
应用场景：适用于低空、低速飞行任务，如航拍、农业植保、环境监测等。优化策略侧重于提高飞行稳定性和低空飞行性能。


答题要点：
相同点：（3分）（写出优化飞行控制算法得0.5分进一步写出PID控制算法或自适应控制算法等例子的再得0.5分；写出优化动力系统的得1分；写出优化飞行路径得0.5分进一步写出根据实时环境调整飞行轨迹等例子，改进的得0.5分）

不同点：
垂直起降固定翼无人机优化策略：（2分）（写出优化旋翼和固定翼模式的切换得1分进一步写出轻量化设计得1分）
                   应用场景：（2分）（写出用于需要快速部署和灵活起降的场景得1分，写出优化侧重于提高模式切换的平滑性和飞行灵活性得1分）
固定翼无人机优化策略：（2分）（写出优化机翼设计和发动机性能得0.5分进一步写出采用高效的推进系统和优化的空气动力学设计得1分再写出轻质化处理可得0.5分）
           应用场景：（2分）（写出适用于大范围、长距离的任务得1分优化侧重于提高巡航速度和飞行高度得1分）
伞翼无人机优化策略：(2分)（写出优化伞翼的轻量化结构设计和飞行姿态得1分写出优化失速迎角大、失速特性好、沿弦向气动载荷分布均匀得1分；）
         应用场景：(2分)（写出适用于低空、低速飞行任务得1分，写出优化侧重于提高飞行稳定性和低空飞行性能得1分）

评分标准:按答题要点给分，要点全面完整给满分，若回答逻辑性，语言严谨性不强可扣1分，要点欠缺按分值扣分，部分要点回答不全面缺1个方面扣1分，扣完为止。",3（中）,5（好）,,,,,,,,,
卷二F2,B-E-A-002,F（论述题）,,请论述多旋翼无人机、固定翼无人机和垂直起降固定翼无人机在飞行速度优化方法上的异同点，并结合其应用环境，分析各自优化策略的侧重点。,,,,,,,"相同点：
动力系统优化：三种无人机都通过优化动力系统来提升飞行速度。多旋翼无人机通过优化电机和螺旋桨的匹配，固定翼无人机通过优化发动机和螺旋桨设计，垂直起降固定翼无人机则结合两者的优势，优化旋翼和固定翼模式的动力输出。
飞行姿态控制：通过精确的飞行姿态控制算法，减少飞行过程中的能量损失，提高飞行效率。
飞行路径规划：通过优化飞行路径，减少不必要的能耗和飞行时间，从而提升整体飞行速度。

不同点：
多旋翼无人机：
优化策略：通过优化电机和螺旋桨的匹配，提高短距离内的快速飞行能力。多旋翼无人机的动力系统优化侧重于提高电机的扭矩输出和螺旋桨的气动效率，以实现快速起降和灵活机动。
应用环境：适用于低空、小范围、复杂环境的任务，如航拍、建筑监测、应急救援等。优化策略侧重于提高机动性和灵活性。

固定翼无人机：
优化策略：通过优化机翼设计和发动机性能来减少阻力并提高巡航速度。固定翼无人机的动力系统优化侧重于提高发动机的效率和螺旋桨的推力，以实现长距离、高速飞行。
应用环境：适用于大范围、长距离的任务，如测绘、巡逻、环境监测等。优化策略侧重于提高巡航速度和减少能耗。

垂直起降固定翼无人机：
优化策略：在垂直起降阶段，通过优化旋翼的推力控制和姿态调整来快速爬升或下降；在固定翼飞行阶段，通过优化机翼设计和飞行姿态来减少阻力。此外，还需要优化两种模式之间的切换，减少切换时的能量损失。
应用环境：适用于复杂地形和无跑道条件下的长航时任务，如山区巡检、应急救援等。优化策略侧重于提高模式切换的平滑性和飞行灵活性。

总结：
多旋翼无人机：侧重于通过电机和螺旋桨的优化提升动力输出，适用于短距离、高机动性任务。
固定翼无人机：侧重于通过空气动力学优化和高效推进系统提升飞行速度，适用于长距离、大范围任务。
垂直起降固定翼无人机：通过多模态协同优化提升飞行速度，同时兼顾垂直起降的灵活性和固定翼飞行的高效性，适用于复杂环境中的任务。


答题要点：
相同点：（3分）（写出优化动力系统得1分，写出飞行姿态控制，优化算法得1分，写出控制人员或智能推荐算法优化飞行路径得1分）

不同点：
多旋翼无人机：(3分)（写出优化电机和螺旋桨的匹配得1分进一步写出提高电机的扭矩输出和螺旋桨的气动效率得1分，写出适用于低空、小范围、复杂环境的任务得0.5分若能写出优化侧重于提高机动性和灵活性再得0.5分）
固定翼无人机：(3分)（写出优化机翼设计和发动机性能得1分进一步写出优化侧重于提高发动机的效率和螺旋桨的推力得1分；写出适用于大范围、长距离的任务得0.5分如果能写出优化侧重于提高巡航速度和减少能耗再得0.5分）
垂直起降固定翼无人机：(3分)（写出优化旋翼的推力控制和姿态调整得1分再写出优化机翼设计和飞行姿态得0.5分，写出优化两种模式之间的切换得0.5分；写出适用于复杂地形和无跑道条件下的长航时任务得0.5分，优化侧重于提高模式切换的平滑性和飞行灵活性得0.5分）

总结：（3分）（写出多旋翼无人机侧重于通过电机和螺旋桨的优化得1分，固定翼无人机侧重于通过空气动力学优化和高效推进系统得1分，垂直起降固定翼无人机侧重多模态协同优化得1分）

评分标准:按答题要点给分，要点全面完整给满分，若回答逻辑性，语言严谨性不强可扣1分，要点欠缺按分值扣分，部分要点回答不全面缺1个方面扣1分，扣完为止。",3（中）,5（好）,,,,,,,,,
卷六F2,B-E-A-002,F（论述题）,,请论述多旋翼无人机、固定翼无人机和垂直起降固定翼无人机在机动飞行性能优化方法上的异同点，并结合实际应用场景分析各自优化策略的侧重点。,,,,,,,"相同点：
飞行控制算法优化：三种无人机都通过优化飞行控制算法来提高机动性能。例如，采用先进的PID控制算法或自适应控制算法，以提高飞行姿态的稳定性和响应速度。
动力系统优化：通过优化动力系统来提高机动性能。例如，多旋翼无人机优化电机和螺旋桨的匹配，固定翼无人机优化发动机和螺旋桨的性能，垂直起降固定翼无人机优化旋翼和固定翼模式的动力输出。
飞行路径规划：通过优化飞行路径来提高机动性能。例如，采用动态路径规划算法，根据实时环境调整飞行轨迹，减少不必要的飞行距离和能耗。

不同点：
多旋翼无人机：
优化策略：通过优化电机和螺旋桨的匹配，提高悬停和快速机动时的响应速度。例如，采用高效电机和轻量化设计，降低能耗，提高机动性。
应用场景：适用于低空、小范围、复杂环境的任务，如航拍、建筑监测、农业植保等。优化策略侧重于提高悬停和快速机动能力。

固定翼无人机：
优化策略：通过优化机翼设计和发动机性能来提高机动性能。例如，采用高效的推进系统和优化的空气动力学设计，减少阻力，提高飞行速度和机动性。
应用场景：适用于大范围、长距离的任务，如测绘、巡逻、环境监测等。优化策略侧重于提高巡航速度和机动性能。

垂直起降固定翼无人机：
优化策略：在垂直起降阶段，通过优化旋翼的推力控制和姿态调整来提高机动性能；在固定翼飞行阶段，通过优化机翼设计和飞行姿态来提高机动性能。此外，还需要优化两种模式之间的切换，减少切换时的能量损失。
应用场景：适用于复杂地形和无跑道条件下的长航时任务，如山区巡检、应急救援等。优化策略侧重于提高模式切换的平滑性和飞行灵活性。


答题要点：
相同点：（3分）（写出优化飞行控制算法得0.5分进一步写出PID控制算法或自适应控制算法等例子的再得0.5分；写出优化动力系统的得1分；写出优化飞行路径得0.5分进一步写出根据实时环境调整飞行轨迹等例子，改进的得0.5分）

不同点：
多旋翼无人机优化策略：(2分)（写出优化电机和螺旋桨的匹配得1分进一步写出轻量化设计或应用新材料的得1分）
           应用场景：(2分)(写出适用于低空、小范围、复杂环境的任务得1分，写出优化侧重于提高悬停和快速机动能力得1分)

固定翼无人机优化策略：(2分)（写出优化机翼设计和发动机性能得1分进一步写出优化侧重于提高高效的推进系统和空气动力学设计得1分）
           应用场景：(2分)(写出适用于大范围、长距离的任务得1分如果能写出优化侧重于提高巡航速度和减少能耗再得1分)

垂直起降固定翼无人机优化策略：(2分)（写出优化旋翼和固定翼模式的切换得1分进一步写出轻量化设计得1分）
                   应用场景：(2分)(写出用于需要快速部署和灵活起降的场景得1分，写出优化侧重于提高模式切换的平滑性和飞行灵活性得1分)

评分标准:按答题要点给分，要点全面完整给满分，若回答逻辑性，语言严谨性不强可扣1分，要点欠缺按分值扣分，部分要点回答不全面缺1个方面扣1分，扣完为止。      ",3（中）,5（好）,,,,,,,,,
卷十F2,B-E-A-002,F（论述题）,,请论述多旋翼无人机、垂直起降固定翼无人机和伞翼无人机在飞行高度优化方法上的异同点，并结合实际应用场景分析各自优化策略的侧重点。,,,,,,,"相同点：
飞行控制算法优化：三种无人机都通过优化飞行控制算法来提高飞行高度的稳定性和可控性。例如，采用先进的PID控制算法或自适应控制算法，以提高飞行姿态的稳定性和响应速度。
动力系统优化：通过优化动力系统来提高飞行高度。例如，多旋翼无人机优化电机和螺旋桨的匹配，垂直起降固定翼无人机优化发动机和螺旋桨的性能，伞翼无人机优化电机和螺旋桨的匹配，以提高动力输出和效率。
飞行路径规划：通过优化飞行路径来提高飞行高度的利用效率。例如，采用动态路径规划算法，根据实时环境调整飞行轨迹，减少不必要的飞行距离和能耗。

不同点：
多旋翼无人机：
优化策略：通过优化电机和螺旋桨的匹配，提高悬停和快速机动时的响应速度。例如，采用高效电机和轻量化设计，降低能耗，提高机动性。
应用场景：适用于低空、小范围、复杂环境的任务，如航拍、建筑监测、农业植保等。优化策略侧重于提高悬停和快速机动能力。

垂直起降固定翼无人机：
优化策略：结合多旋翼和固定翼的特点，通过优化旋翼和固定翼模式的切换来提高飞行高度，采用新材料进行轻量化设计。例如，在垂直起降阶段优化旋翼的推力控制，在固定翼飞行阶段优化机翼设计和飞行姿态。
应用场景：适用于需要快速部署和灵活起降的场景，如城市环境、山区、应急救援等。优化策略侧重于提高模式切换的平滑性和飞行灵活性。

伞翼无人机：
优化策略：通过优化伞翼的结构设计和飞行姿态来提高飞行高度。例如，采用轻量化材料和优化的伞翼形状，减少阻力，提高飞行高度。伞翼无人机的优化设计方法包括选择高气动效率的基础翼型，将前缘按一定角度和高度设计前缘切口，并进行前缘切口参数优化设计，以克服传统CLARK-Y切口翼型的不足，设计新型高效切口翼型，该翼型为低速高升力翼型，具有失速迎角大、失速特性好、沿弦向气动载荷分布均匀的特点。
应用场景：适用于低空、低速飞行任务，如航拍、农业植保、环境监测等。优化策略侧重于提高飞行稳定性和低空飞行性能。

答题要点：
在飞行高度优化的相同点：（3分）
3分（写出优化飞行控制算法得0.5分进一步写出PID控制算法或自适应控制算法等例子的再得0.5分；写出优化动力系统的得1分；写出优化飞行路径得0.5分进一步写出根据实时环境调整飞行轨迹等例子，改进的得0.5分）

在飞行高度优化的不同点和应用环境侧重点：
多旋翼无人机优化策略：（2分）（写出优化电机和螺旋桨的匹配得1分进一步写出轻量化设计或应用新材料的得1分）
            应用场景：（2分）（写出适用于低空、小范围、复杂环境的任务得1分，写出优化侧重于提高悬停和快速机动能力得1分）

垂直起降固定翼无人机优化策略：（2分）（写出优化旋翼和固定翼模式的切换得1分进一步写出轻量化设计得1分）
                   应用场景：（2分）（写出用于需要快速部署和灵活起降的场景得1分，写出优化侧重于提高模式切换的平滑性和飞行灵活性得1分）

伞翼无人机优化策略：（2分）（写出优化伞翼的轻量化结构设计和飞行姿态得1分写出优化失速迎角大、失速特性好、沿弦向气动载荷分布均匀得1分）
          应用场景：（2分）（写出适用于低空、低速飞行任务得1分，写出优化侧重于提高飞行稳定性和低空飞行性能得1分）

评分标准:按答题要点给分，要点全面完整给满分，若回答逻辑性，语言严谨性不强可扣1分，要点欠缺按分值扣分，部分要点回答不全面缺1个方面扣1分，扣完为止。",3（中）,5（好）,,,,,,,,,
卷三F2,B-E-A-003,F（论述题）,,请论述多旋翼无人机和固定翼无人机在机动飞行能力优化方法上的异同点，并结合每款无人机的特点分析各自优化策略的侧重点。同时，简述伞翼无人机飞行速度的优化方法。,,,,,,,"相同点：
飞行控制算法优化：两种无人机都通过优化飞行控制算法来提高机动飞行能力。例如，采用先进的PID控制算法或自适应控制算法，以提高飞行姿态的稳定性和响应速度。
动力系统优化：通过优化动力系统来提高机动飞行能力。例如，多旋翼无人机优化电机和螺旋桨的匹配，固定翼无人机优化发动机和螺旋桨的性能，以提高动力输出和效率。
飞行路径规划：通过优化飞行路径来提高机动飞行能力。例如，采用动态路径规划算法，根据实时环境调整飞行轨迹，减少不必要的飞行距离和能耗。

不同点：
多旋翼无人机：
优化策略：通过优化旋翼的布置方向和位置，提高全向机动性。例如，采用非平面布置和拉力方向交叉布置的方式，实现平动和转动独立运动能力。
特点：多旋翼无人机具有垂直起降能力，适合在复杂环境中快速机动和悬停。优化策略侧重于提高悬停和快速机动能力，适用于低空、小范围、复杂环境的任务，如航拍、建筑监测、农业植保等。

固定翼无人机：
优化策略：通过优化气动布局和过渡机动控制，提高飞行效率和机动性。例如，采用推力矢量技术和变体设计和优化气体动力学，优化过渡阶段的攻角和姿态角。
特点：固定翼无人机具有较高的巡航速度和长航时能力，适合大范围、长距离的任务，如测绘、巡逻、环境监测等。优化策略侧重于提高巡航速度和飞行效率。

伞翼无人机飞行速度优化方法：
优化策略：通过优化伞翼的气动设计和飞行姿态，减少阻力并提高飞行速度。例如，采用风场补偿的自抗扰控制方法，结合动态模型和风速干扰补偿量，优化飞行轨迹。
特点：伞翼无人机具有低速高升力特性，适合低空、低速飞行任务，如航拍、农业植保、环境监测等。优化策略侧重于提高飞行稳定性和低空飞行性能。


答题要点：
相同点：（3分）（写出优化飞行控制算法得0.5分进一步写出PID控制算法或自适应控制算法等例子的再得0.5分；写出优化动力系统的得1分；写出优化飞行路径得0.5分进一步写出根据实时环境调整飞行轨迹等例子，改进的得0.5分）

不同点：
多旋翼无人机优化策略：（3分）（写出优化旋翼的布置方向和位置得1分，全向机动性得1分，进一步写出非平面布置和拉力方向交叉布置等例子的得1分）
侧重点和飞行特点：（2分）（写出适合在复杂环境中快速机动和悬停的任务得1分，写出优化侧重于提高悬停和快速机动能力得1分）

固定翼无人机优化策略：（2分）（写出优化气动布局和过渡机动控制得1分进一步写出优化推力矢量技术和变体设计和空气动力学设计得1分）
侧重点和飞行特点：（2分）（写出适用于大范围、长距离的任务得1分如果能写出优化侧重于提高巡航速度和减少能耗再得1分）


伞翼无人机飞行速度优化方法：（3分）（写出优化伞翼的气动设计和飞行姿态得1分进一步写出如风场补偿的自抗扰控制方法的例子可得1分；写出适合低空、低速飞行任务得1分，写出优化侧重于提高飞行稳定性和低空飞行性能得1分。回答三点得满分）

评分标准:按答题要点给分，要点全面完整给满分，若回答逻辑性，语言严谨性不强可扣1分，要点欠缺按分值扣分，部分要点回答不全面缺1个方面扣1分，扣完为止。",3（中）,5（好）,,,,,,,,,
卷七F2,B-E-A-003,F（论述题）,,请论述多旋翼无人机和固定翼无人机在飞行高度优化方法上的异同点，并结合实际应用场景分析各自优化策略的侧重点。同时，详细说明多旋翼无人机航时的优化方法。,,,,,,,"相同点：
飞行控制算法优化：多旋翼和固定翼无人机都通过优化飞行控制算法来提高飞行高度的稳定性和可控性。例如，采用先进的PID控制算法或自适应控制算法，以提高飞行姿态的稳定性和响应速度。
动力系统优化：两者都通过优化动力系统来提高飞行高度。例如，多旋翼无人机优化电机和螺旋桨的匹配，固定翼无人机优化发动机和螺旋桨的性能，以提高动力输出和效率。
飞行路径规划：通过优化飞行路径来提高飞行高度的利用效率。例如，采用动态路径规划算法，根据实时环境调整飞行轨迹，减少不必要的飞行距离和能耗。

不同点：
多旋翼无人机：
优化策略：多旋翼无人机通过优化电机和螺旋桨的匹配，提高悬停和快速机动时的响应速度。例如，采用高效电机和轻量化设计，降低能耗，提高机动性。
应用场景：适用于低空、小范围、复杂环境的任务，如航拍、建筑监测、农业植保等。优化策略侧重于提高悬停和快速机动能力。
飞行高度优化：通过优化飞行控制算法，提高悬停时的稳定性，减少能耗，从而提高飞行高度的利用效率。

固定翼无人机：
优化策略：固定翼无人机通过优化机翼设计和发动机性能来提高飞行高度。例如，采用高效的推进系统和优化的空气动力学设计，减少阻力，提高飞行高度和速度。
应用场景：适用于大范围、长距离的任务，如测绘、巡逻、环境监测等。优化策略侧重于提高巡航速度和飞行高度。


多旋翼无人机航时优化方法：
电池技术优化：采用高能量密度的电池技术，如锂聚合物（LiPo）电池或半固态电池，以增加能量储备，减少电池重量，从而延长航时。
轻量化设计：通过使用高强度、低密度的材料（如碳纤维、铝合金）减轻机身重量，减少能耗，延长航时。
飞行路径规划：优化飞行路径，减少不必要的飞行距离和能耗，提高整体效率。
飞行姿态控制：通过精确的飞行姿态控制算法，减少飞行过程中的能量损失，提高飞行效率。
动力系统优化：优化电机和螺旋桨的匹配，提高动力输出效率，减少能耗。


答题要点：
相同点：3分（写出优化飞行控制算法得0.5分进一步写出PID控制算法或自适应控制算法等例子的再得0.5分；写出优化动力系统的得1分；写出优化飞行路径得0.5分进一步写出根据实时环境调整飞行轨迹等例子，改进的得0.5分）

不同点：
多旋翼无人机优化策略和应用场景：（2分）（写出优化电机和螺旋桨的匹配得1分进一步写出轻量化设计得1分；写出适用于低空、小范围、复杂环境的任务得1分）
高度优化侧重：（2.5分）（优化侧重于提高悬停和快速机动能力得1分，写出优化飞行控制算法，提高悬停时的稳定性得1.5分）

固定翼无人机优化策略：（2.5分）（写出优化机翼设计和发动机性能得1分进一步写出采用高效的推进系统和优化的空气动力学设计得1.5分）
高度优化侧重和应用场景：（2分）（写出用于大范围、长距离的任务得1分，优化侧重于提高巡航速度和飞行高度得1分）

多旋翼无人机航时优化方法：（3分）（写出采用高能量密度的电池技术得1分，使用高强度、低密度的材料得1分，优化飞行路径得1分，优化飞行姿态控制算法得1分，优化电机和螺旋桨的匹配得1分，写出以上三点得满分）

评分标准:按答题要点给分，要点全面完整给满分，若回答逻辑性，语言严谨性不强可扣1分，要点欠缺按分值扣分，部分要点回答不全面缺1个方面扣1分，扣完为止。",3（中）,5（好）,,,,,,,,,
卷四F2,B-E-A-004,F（论述题）,,结合无人机培训计划的制订方法、培训讲义的编写方法以及评价标准的编写方法，分析如何构建完善的无人机培训流程，以提升教学效率和学员的综合能力。,,,,,,,"构建完善的无人机培训流程需从计划、讲义与评价三方面入手。首先，培训计划明确教学目标，合理分阶段设计内容，结合学员背景和行业需求制定个性化方案；
其次，讲义的编写要逻辑清晰，内容丰富，通过图文结合和多媒体素材提升学员的学习体验；
最后，评价标准需覆盖理论知识、技能操作和综合表现，采用多维度、科学化的评价体系检验培训效果，并通过反馈优化教学内容。
三者相辅相成，形成目标清晰、内容丰富、反馈完善的闭环体系，全面提升教学效率与学员能力。
培训结束后，收集学员的反馈意见，分析培训过程中的优点和不足。 根据反馈意见，对培训计划、讲义内容和评价标准进行持续改进，提升教学效率和学员的综合能力。

答题要点：
首先（3分）：（培训计划的制订方法，需注意什么，要点明合理分配和个性化）
其次（3分）：（培训讲义的编写方法并细述其要求）
最后（3分）：（评价标准的编写方法，明确说明要覆盖什么方面）
总结（3分）：（立体多维的叙述三者的相互作用）
反馈与改进（3分）：（收集学员的反馈意见得1分，分析培训不足得1分，根据反馈意见，对培训计划、讲义内容和评价标准进行持续改进得1分）

评分标准:按答题要点给分，要点全面完整给满分，若回答逻辑性，语言严谨性不强可扣1分，要点欠缺按分值扣分，部分要点回答不全面缺1个方面扣1分，扣完为止。",3（中）,5（好）,,,,,,,,,
卷八F2,B-E-A-004,F（论述题）,,请论述如何综合应用伞翼无人机航时优化、多旋翼无人机飞行高度优化以及垂直起降固定翼无人机机动飞行性能优化的方法，设计一种新型无人机，以满足复杂环境下的多样化任务需求。,,,,,,,"综合优化策略：
伞翼无人机航时优化：采用轻量化设计和高能量密度电池，优化伞翼的气动设计，减少飞行阻力。结合风场补偿技术，优化飞行路径，延长航时，提高低空飞行效率。 

多旋翼无人机飞行高度优化：通过优化电机和螺旋桨的匹配，提高动力系统效率，采用高精度的飞行控制算法，减少振动和提高抗风能力。结合动态路径规划，优化飞行轨迹，增加飞行高度的利用效率。

垂直起降固定翼无人机机动飞行性能优化：优化机翼和机身的气动布局，采用分布式电推进系统，提高动力分配效率。结合自适应控制算法，优化垂直起降和固定翼飞行模式的切换，提高飞行机动性。

新型无人机设计：
设计思路：结合伞翼无人机的低空飞行能力和高航时特性、多旋翼无人机的垂直起降和悬停能力、垂直起降固定翼无人机的高效巡航和快速机动能力，设计一种新型混合动力无人机。
功能特点：新型无人机应具备垂直起降能力、高效巡航能力和低空飞行能力，适用于复杂环境下的多样化任务，如城市环境、山区巡检、应急救援等。

应用场景：
城市环境：利用多旋翼的垂直起降能力，快速部署到目标区域。结合伞翼的低空飞行能力，进行详细的低空监测和数据采集。
山区巡检：利用垂直起降固定翼的高效巡航能力，快速覆盖大面积区域。结合伞翼的高航时特性，进行长时间的巡检任务。
应急救援：利用多旋翼的悬停能力，快速定位受灾区域。结合垂直起降固定翼的快速机动能力，高效调度救援物资和人员。

答题要点：
综合优化策略：
伞翼无人机航时优化：（3分）（写出轻量化设计和高能量密度电池得1分，结合风场补偿技术，优化伞翼的气动设计得1分，优化飞行路径得1分）
多旋翼无人机飞行高度优化：（3分）（写出优化电机和螺旋桨的匹配得1分，优化飞行控制算法得1分；动态路径规划，优化飞行轨迹得1分）
垂直起降固定翼无人机机动飞行性能优化：（3分）（写出优化机翼和机身的气动布局得1分，优化自适应控制算法得1分，写出优化垂直起降和固定翼飞行模式的切换得1分）

新型无人机设计：（3分）（写出结合三种无人机的优点，如低空飞行能力和高航时特性，垂直起降和悬停能力，高效巡航和快速机动能力等各得1分，答到两点得2分，写出其功能特点得1分，满分3分）

应用场景：（3分）（结合三种无人机的特点任选两个来进行相关举例就得1分，满分3分，如城市环境，山区巡检，应急救援）

评分标准:按答题要点给分，要点全面完整给满分，若回答逻辑性，语言严谨性不强可扣1分，要点欠缺按分值扣分，部分要点回答不全面缺1个方面扣1分，扣完为止。",3（中）,5（好）,,,,,,,,,
卷一B19,B-E-B-001,B（单选题）,,在多旋翼无人机的飞行控制系统中，（）参数直接影响到姿态控制环路中的响应速度和稳定性，并且需要根据具体应用场景进行精细调整。,电机KV值,PID控制器的比例系数（P）,飞控IMU传感器的采样率,电池的放电倍率（C-rate）,,,B,3（中）,5（好）,,,,,,,,,
卷二D10,B-E-B-001,D (多选题),,（）技能对提升无人机操作和应用中的专业能力至关重要。,无人机飞行控制和操控技能,飞行数据分析与处理能力,无人机硬件维修与调试技能,图像处理与机器视觉技术,无人机航空安全管理与法规知识,,ABCDE,3（中）,5（好）,,,,,,,,,
卷三C10,B-E-B-001,C（判断题）,,在多旋翼无人机的飞行控制系统中，提高IMU传感器的采样率总是能显著提升飞行器的姿态稳定性和响应速度。（）,正确,错误,,,,,B,3（中）,5（好）,,,,,,,,,
卷四B20,B-E-B-001,B（单选题）,,在固定翼无人机的设计与操作中，（）因素对飞行效率和续航时间有着决定性影响，并且需要根据任务需求进行优化。,机翼的展弦比,飞行控制器的处理速度,发动机或电动机的最大功率,数据链路通信带宽,,,A,3（中）,5（好）,,,,,,,,,
卷五B19,B-E-B-001,B（单选题）,  ,在垂直起降固定翼无人机的设计中，（）技术是确保VTOL UAV能够实现高效过渡飞行模式（从垂直起飞/降落到水平巡航）的关键，并且对整体性能有重大影响。,混合动力系统优化,垂直升力与水平推力的转换机制,飞行控制器的冗余设计,空气动力学外形优化,,,B,3（中）,5（好）,,,,,,,,,
卷六D10,B-E-B-001,D (多选题),,（）技能和知识可以帮助提升无人机在农业、测绘等领域的应用效果。,图像处理与分析技术,点云数据的处理与建模技术,高效能电池管理与维护,无人机数据链通信技术,地理信息系统（GIS）操作与分析能力,,ABDE,3（中）,5（好）,,,,,,,,,
卷七C10,B-E-B-001,C（判断题）,,固定翼无人机的起飞方式仅限于跑道滑跑起飞，无法采用弹射或其他非传统方式启动飞行任务。（）,正确,错误,,,,,B,3（中）,5（好）,,,,,,,,,
卷八B20,B-E-B-001,B（单选题）,,在单旋翼无人机的操作中，当遇到低空风切变时，飞行员应优先采取措施（）来确保飞行安全。,立即减小主旋翼转速以降低升力,快速增加油门使无人机迅速爬升,保持稳定的飞行姿态并适当调整总距杆,启动自动返航模式，让无人机自主返回起飞点,,,C,3（中）,5（好）,,,,,,,,,
卷九B19,B-E-B-001,B（单选题）,,扑翼无人机模仿鸟类或昆虫的飞行方式，下列（）技术挑战是该类型无人机研发过程中必须克服以实现高效飞行的关键问题。,实现快速起飞和降落的能力, 精确复制生物翅膀的复杂运动模式,提供足够的载荷能力,确保长距离通信链路的稳定性,,,B,3（中）,5（好）,,,,,,,,,
卷十D10,B-E-B-001,D (多选题),,在提升无人机专业技能时，（）是必须掌握的核心知识和能力。,无人机的飞行控制原理,无人机系统的集成与调试,无人机的飞行环境适应性分析,无人机操作中的法律法规,无人机电池的充电与管理技术,,ABD,3（中）,5（好）,,,,,,,,,
卷一B20,B-E-B-002,B（单选题）,,在进行多旋翼无人机的复杂飞行任务规划时，下列（）技术手段最有助于确保任务的安全性和效率，并能够实时调整飞行路径以应对突发情况。,使用预设航点自动导航,实施基于视觉或激光雷达的环境感知与避障,依赖于GPS信号进行精确位置跟踪,启用手动遥控模式下的专家级飞行员操作,,,B,3（中）,5（好）,,,,,,,,,
卷二B19,B-E-B-002,B（单选题）,,针对短跑道或无跑道环境下的固定翼无人机操作，（）起飞方式能够提供最大的灵活性和适应性。,使用弹射装置进行发射,在平坦地面上滑跑起飞,采用手抛方式起飞,利用车载平台发射,,,A,3（中）,5（好）,,,,,,,,,
卷三D10,B-E-B-002,D (多选题),,（）是有效指导无人机专业技能学习和提高的途径。,通过模拟飞行训练提高操作技能,学习无人机硬件的设计和维修知识,参加无人机竞赛和实操训练提升实战能力,通过在线课程和视频教程自学飞行技巧,进行多领域的无人机应用研究（如农业、测绘等）,,ABCDE,3（中）,5（好）,,,,,,,,,
卷四C10,B-E-B-002,C（判断题）,,对于多旋翼无人机操作员的培训，专注于飞行器的基本操控技能就足够了，不需要深入了解无人机系统的工作原理和技术细节。（）,正确,错误,,,,,B,3（中）,5（好）,,,,,,,,,
卷五B20,B-E-B-002,B（单选题）,,为了最大化垂直起降固定翼无人机的总体能量利用效率，特别是在频繁进行垂直起飞/降落操作的情况下，（）能源管理策略最为有效。,使用混合动力系统结合电动和内燃机驱动,采用大容量电池并增加额外的备用电池携带量,在每次任务后完全充电或加油,应用智能算法优化垂直和水平飞行模式下的能耗分配,,,D,3（中）,5（好）,,,,,,,,,
卷六B19,B-E-B-002,B（单选题）,,在无人飞艇的设计与操作中，为了确保其能够在高空长时间稳定飞行并执行精确的任务，以下（）技术最为关键。,使用高强度复合材料减轻结构重量,精确控制气囊内部气体的压力和温度,提升动力系统的冗余度以增加可靠性,配备先进的气象传感器进行实时监测,,,B,3（中）,5（好）,,,,,,,,,
卷七D10,B-E-B-002,D (多选题),,在培养无人机专业技能时，（）有助于提升学员的综合能力。,理论知识学习与飞行操作相结合,定期进行飞行评估和性能测试,强调无人机操作的安全意识和风险评估,鼓励学员参与团队协作和项目实践,增加无人机编程与自动化控制技能的培训,,ABCDE,3（中）,5（好）,,,,,,,,,
卷八C10,B-E-B-002,C（判断题）,,在指导多旋翼无人机的专业技能时，模拟器训练可以完全替代实际飞行练习，因为现代模拟器能够高度逼真地再现真实飞行环境和条件。（）,正确,错误,,,,,B,3（中）,5（好）,,,,,,,,,
卷九B20,B-E-B-002,B（单选题）,,当优化单旋翼无人机的动力系统以提升整体性能时，下列（）技术策略最能显著改善其能量利用效率和续航时间。,提高发动机的最大输出功率,采用轻量化材料制造传动部件,实施智能油门管理与混合动力系统,安装更大尺寸的螺旋桨,,,C,3（中）,5（好）,,,,,,,,,
卷十B19,B-E-B-002,B（单选题）,,在倾转旋翼无人机的操作中，为了优化垂直起降和水平飞行之间的过渡效率，（）技术最为重要。,提高发动机的最大推力输出,应用智能算法优化旋翼倾转角度,增强机身结构强度以承受不同飞行模式下的应力,安装更大容量的电池或燃料箱,,,B,3（中）,5（好）,,,,,,,,,
卷一C10,B-E-B-003,C（判断题）,,在编写针对不同机型（如无人飞艇、扑翼无人机等）的无人机培训指导规范时，应将重点放在特定机型的独特操作技巧上，而通用的飞行原理和安全规程可以作为次要内容进行简要介绍。（）,正确,错误,,,,,B,3（中）,5（好）,,,,,,,,,
卷二B20,B-E-B-003,B（单选题）,,在编写垂直起降固定翼无人机培训指导规范时，为了确保学员能够全面掌握操作技能，以下（）内容应该作为课程的重点。,深入讲解垂直起飞和降落的操作细节,强调水平飞行模式下的高效巡航技巧,综合训练垂直与水平飞行模式的转换技术,详细介绍不同品牌VTOL UAV的操作差异,,,C,3（中）,5（好）,,,,,,,,,
卷三B19,B-E-B-003,B（单选题）,,在编写多旋翼无人机培训指导规范时，为了确保学员能够系统性地掌握从基础到高级的操作技能，以下（）课程结构设计最为有效。,按照飞行任务复杂度递增的方式组织教学内容,集中于理论知识讲解，减少实际操作练习时间,强调特定品牌和型号的无人机操作技巧,分阶段设置理论与实践相结合的教学模块,,,D,3（中）,5（好）,,,,,,,,,
卷四D10,B-E-B-003,D (多选题),,编写无人机培训指导规范时，（）要素是必须包含的。,培训目标和学员需求分析,培训课程的结构与安排, 飞行器的型号和操作环境说明,培训考核标准和评估方法,安全操作规范和应急预案,,ABDE,3（中）,5（好）,,,,,,,,,
卷五C10,B-E-B-003,C（判断题）,,在编写单旋翼无人机培训指导规范时，应将重点放在高级飞行技巧的训练上，如特技飞行和复杂环境下的操作，而基本飞行原理和安全规程可以在学员具备一定经验后再详细讲解。（）,正确,错误,,,,,B,3（中）,5（好）,,,,,,,,,
卷六B20,B-E-B-003,B（单选题）,,在编写固定翼无人机培训指导规范时，为了有效培养学员的操作技能，以下（）教学策略最为关键。,集中于理论知识讲解，减少实际飞行练习,强调特定品牌和型号的无人机操作技巧,设计分阶段、逐步递进的实际飞行任务,提供详细的地面站软件使用指南,,,C,3（中）,5（好）,,,,,,,,,
卷七B19,B-E-B-003,B（单选题）,,为了保障多旋翼无人机培训过程中的安全性，以下（）应该是编写培训指导规范时的安全教育重点。,着重介绍各种飞行模式的特点和使用场景,详细讲解法律法规及空域管理规定,详细讲解法律法规及空域管理规定,强化紧急情况处理和风险评估训练,,,D,3（中）,5（好）,,,,,,,,,
卷八D10,B-E-B-003,D (多选题),,在编写无人机培训指导规范时，（）内容能够有效确保培训质量和学员技能提升。,详细的教学大纲和课程内容,明确的学员能力要求与评估标准, 综合性的理论与实践相结合的培训方式,定期的学员反馈与培训效果评估,高强度的训练任务和飞行时间安排,,ABCD,3（中）,5（好）,,,,,,,,,
卷九C10,B-E-B-003,C（判断题）,,在编写垂直起降固定翼无人机的培训指导规范时，应将重点放在垂直起飞和降落的操作训练上，而水平飞行模式下的操作技能可以作为次要内容进行简要介绍。（）,正确,错误,,,,,B,3（中）,5（好）,,,,,,,,,
卷十B20,B-E-B-003,B（单选题）,,在编写单旋翼无人机培训指导规范时，为了确保学员能够系统性地掌握从基础到高级的操作技能，（）课程结构最为有效。,集中于特技飞行和复杂环境下的操作训练,强调特定品牌和型号的无人机操作技巧,分阶段设置理论学习、模拟器训练和实地飞行练习相结合的教学模块,以大量的实际飞行时间为主，减少理论讲解,,,C,3（中）,5（好）,,,,,,,,,
卷一D10,B-E-B-004,D (多选题),,编写无人机培训指导评价时，（）能够帮助全面评估学员的学习效果。,学员飞行操作的技术水平评估,学员对理论知识的理解和掌握情况,学员的应急处理能力和安全意识,学员的团队协作能力和沟通技巧,学员参与的课程讨论和案例分析情况,,ABCD,3（中）,5（好）,,,,,,,,,
卷二C10,B-E-B-004,C（判断题）,,在编写多旋翼无人机培训指导评价时，应将重点放在学员是否能够在模拟环境中实现无差错飞行，而实际飞行中的表现和安全规程遵守情况可以作为次要评估标准。（）,正确,错误,,,,,B,3（中）,5（好）,,,,,,,,,
卷三B20,B-E-B-004,B（单选题）,,在编写多旋翼无人机培训指导评价时，为了确保评估标准能够全面反映学员的实际操作能力和安全意识，以下（）最为关键。,仅依赖模拟器中的飞行表现作为主要评估依据,强调理论知识考试成绩，减少实际飞行考核比重,综合考虑模拟器训练、实地飞行任务完成情况及安全规程遵守情况,着重于特定品牌和型号的操作技巧掌握程度,,,C,3（中）,5（好）,,,,,,,,,
卷四B19,B-E-B-004,B（单选题）,,在编写固定翼无人机培训指导评价时，为了确保学员的操作技能和安全意识得到全面评估，以下（）应当作为评价的重点。,学员能否成功完成一系列预设飞行任务,学员对飞行原理和技术细节的理解程度,综合评估飞行任务完成情况、细节操作及安全规程遵守情况,学员是否能够在模拟环境中实现无差错飞行,,,C,3（中）,5（好）,,,,,,,,,
卷五D10,B-E-B-004,D (多选题),,在编写无人机培训指导评价体系时，（）要素对保证评价的准确性和全面性非常重要。,设置具体且量化的评估指标,采用定期反馈与自我评估结合的方式,强调学员的飞行时间和飞行次数作为唯一评价标准,结合模拟飞行与实际飞行的表现评估,纳入学员的创新能力和问题解决能力的评价,,ABDE,3（中）,5（好）,,,,,,,,,
卷六C10,B-E-B-004,C（判断题）,,在编写固定翼无人机培训指导评价时，应将重点放在学员能否成功完成一系列预设飞行任务上，而对飞行过程中的细节操作和安全规程遵守情况可以作为次要评估标准。（）,正确,错误,,,,,B,3（中）,5（好）,,,,,,,,,
卷七B20,B-E-B-004,B（单选题）,,在编写垂直起降固定翼无人机培训指导评价时，为了确保评估标准能够全面反映学员的操作技能和安全意识，最应重视（）的考核内容。,学员在模拟环境中完成无差错飞行任务的能力,学员对特定品牌VTOL UAV操作界面的熟悉程度,综合评估飞行任务完成情况、模式转换技巧及安全规程遵守情况,学员书面测试中关于VTOL UAV技术原理的成绩,,,C,3（中）,5（好）,,,,,,,,,
卷八B19,B-E-B-004,B（单选题）,,在编写单旋翼无人机培训指导评价时，为了确保评估标准能够全面反映学员的操作技能和安全意识，最应重视（）考核内容。,学员能否熟练操作特定品牌和型号的单旋翼无人机,学员在模拟环境中完成无差错飞行任务的能力,综合评估飞行任务完成情况、应急处理能力和安全规程遵守情况,学员对单旋翼无人机理论知识的理解程度,,,C,3（中）,5（好）,,,,,,,,,
卷九D10,B-E-B-004,D (多选题),,编写无人机培训指导评价时，（）有助于提高评价体系的科学性和实用性。,设定阶段性的评价标准，帮助学员逐步提升,采用多维度的评价方式（如理论、实践、综合能力等）,评价结果完全依赖于学员的飞行成绩,结合导师的主观评价与同行评价进行综合考核,在评价过程中考虑到学员的个人发展潜力和未来应用能力,,ABDE,3（中）,5（好）,,,,,,,,,
卷十C10,B-E-B-004,C（判断题）,,在编写垂直起降固定翼无人机培训指导评价时，应将重点放在学员能否成功完成从垂直起飞到水平飞行模式的转换任务上，而对飞行过程中的细节操作和安全规程遵守情况可以作为次要评估标准。（）,正确,错误,,,,,B,3（中）,5（好）,,,,,,,,,
,,,,,,,,,,,,,,,,,,,,,,
,,,,,,,,,,,,,,,,,,,,,,
,,,,,,,,,,,,,,,,,,,,,,
,,,,,,,,,,,,,,,,,,,,,,
,,,,,,,,,,,,,,,,,,,,,,
,,,,,,,,,,,,,,,,,,,,,,
,,,,,,,,,,,,,,,,,,,,,,
,,,,,,,,,,,,,,,,,,,,,,
,,,,,,,,,,,,,,,,,,,,,,
,,,,,,,,,,,,,,,,,,,,,,
,,,,,,,,,,,,,,,,,,,,,,
,,,,,,,,,,,,,,,,,,,,,,
,,,,,,,,,,,,,,,,,,,,,,
,,,,,,,,,,,,,,,,,,,,,,
,,,,,,,,,,,,,,,,,,,,,,
,,,,,,,,,,,,,,,,,,,,,,
,,,,,,,,,,,,,,,,,,,,,,
,,,,,,,,,,,,,,,,,,,,,,
,,,,,,,,,,,,,,,,,,,,,,
,,,,,,,,,,,,,,,,,,,,,,
,,,,,,,,,,,,,,,,,,,,,,
,,,,,,,,,,,,,,,,,,,,,,
,,,,,,,,,,,,,,,,,,,,,,
,,,,,,,,,,,,,,,,,,,,,,
,,,,,,,,,,,,,,,,,,,,,,
,,,,,,,,,,,,,,,,,,,,,,
,,,,,,,,,,,,,,,,,,,,,,
,,,,,,,,,,,,,,,,,,,,,,
,,,,,,,,,,,,,,,,,,,,,,
,,,,,,,,,,,,,,,,,,,,,,
,,,,,,,,,,,,,,,,,,,,,,
,,,,,,,,,,,,,,,,,,,,,,
,,,,,,,,,,,,,,,,,,,,,,
,,,,,,,,,,,,,,,,,,,,,,
,,,,,,,,,,,,,,,,,,,,,,
,,,,,,,,,,,,,,,,,,,,,,
,,,,,,,,,,,,,,,,,,,,,,
,,,,,,,,,,,,,,,,,,,,,,
,,,,,,,,,,,,,,,,,,,,,,
,,,,,,,,,,,,,,,,,,,,,,
,,,,,,,,,,,,,,,,,,,,,,
,,,,,,,,,,,,,,,,,,,,,,
,,,,,,,,,,,,,,,,,,,,,,
,,,,,,,,,,,,,,,,,,,,,,
,,,,,,,,,,,,,,,,,,,,,,
,,,,,,,,,,,,,,,,,,,,,,
,,,,,,,,,,,,,,,,,,,,,,
,,,,,,,,,,,,,,,,,,,,,,
,,,,,,,,,,,,,,,,,,,,,,
,,,,,,,,,,,,,,,,,,,,,,
,,,,,,,,,,,,,,,,,,,,,,
,,,,,,,,,,,,,,,,,,,,,,
,,,,,,,,,,,,,,,,,,,,,,
,,,,,,,,,,,,,,,,,,,,,,
,,,,,,,,,,,,,,,,,,,,,,
,,,,,,,,,,,,,,,,,,,,,,
,,,,,,,,,,,,,,,,,,,,,,
,,,,,,,,,,,,,,,,,,,,,,
,,,,,,,,,,,,,,,,,,,,,,
,,,,,,,,,,,,,,,,,,,,,,
,,,,,,,,,,,,,,,,,,,,,,
,,,,,,,,,,,,,,,,,,,,,,
,,,,,,,,,,,,,,,,,,,,,,
,,,,,,,,,,,,,,,,,,,,,,
,,,,,,,,,,,,,,,,,,,,,,
,,,,,,,,,,,,,,,,,,,,,,
,,,,,,,,,,,,,,,,,,,,,,
,,,,,,,,,,,,,,,,,,,,,,
,,,,,,,,,,,,,,,,,,,,,,
,,,,,,,,,,,,,,,,,,,,,,
,,,,,,,,,,,,,,,,,,,,,,
,,,,,,,,,,,,,,,,,,,,,,
,,,,,,,,,,,,,,,,,,,,,,
,,,,,,,,,,,,,,,,,,,,,,
,,,,,,,,,,,,,,,,,,,,,,
,,,,,,,,,,,,,,,,,,,,,,
,,,,,,,,,,,,,,,,,,,,,,
,,,,,,,,,,,,,,,,,,,,,,
,,,,,,,,,,,,,,,,,,,,,,
,,,,,,,,,,,,,,,,,,,,,,
,,,,,,,,,,,,,,,,,,,,,,
,,,,,,,,,,,,,,,,,,,,,,
,,,,,,,,,,,,,,,,,,,,,,
,,,,,,,,,,,,,,,,,,,,,,
,,,,,,,,,,,,,,,,,,,,,,
,,,,,,,,,,,,,,,,,,,,,,
,,,,,,,,,,,,,,,,,,,,,,
,,,,,,,,,,,,,,,,,,,,,,
,,,,,,,,,,,,,,,,,,,,,,
,,,,,,,,,,,,,,,,,,,,,,
,,,,,,,,,,,,,,,,,,,,,,
,,,,,,,,,,,,,,,,,,,,,,
,,,,,,,,,,,,,,,,,,,,,,
,,,,,,,,,,,,,,,,,,,,,,
,,,,,,,,,,,,,,,,,,,,,,
,,,,,,,,,,,,,,,,,,,,,,
,,,,,,,,,,,,,,,,,,,,,,
,,,,,,,,,,,,,,,,,,,,,,
,,,,,,,,,,,,,,,,,,,,,,
,,,,,,,,,,,,,,,,,,,,,,
,,,,,,,,,,,,,,,,,,,,,,
,,,,,,,,,,,,,,,,,,,,,,
,,,,,,,,,,,,,,,,,,,,,,
,,,,,,,,,,,,,,,,,,,,,,
,,,,,,,,,,,,,,,,,,,,,,
,,,,,,,,,,,,,,,,,,,,,,
,,,,,,,,,,,,,,,,,,,,,,
,,,,,,,,,,,,,,,,,,,,,,
,,,,,,,,,,,,,,,,,,,,,,
,,,,,,,,,,,,,,,,,,,,,,
,,,,,,,,,,,,,,,,,,,,,,
,,,,,,,,,,,,,,,,,,,,,,
,,,,,,,,,,,,,,,,,,,,,,
,,,,,,,,,,,,,,,,,,,,,,
,,,,,,,,,,,,,,,,,,,,,,
,,,,,,,,,,,,,,,,,,,,,,
,,,,,,,,,,,,,,,,,,,,,,
,,,,,,,,,,,,,,,,,,,,,,
,,,,,,,,,,,,,,,,,,,,,,
,,,,,,,,,,,,,,,,,,,,,,
,,,,,,,,,,,,,,,,,,,,,,
,,,,,,,,,,,,,,,,,,,,,,
,,,,,,,,,,,,,,,,,,,,,,
,,,,,,,,,,,,,,,,,,,,,,
,,,,,,,,,,,,,,,,,,,,,,
,,,,,,,,,,,,,,,,,,,,,,
,,,,,,,,,,,,,,,,,,,,,,
,,,,,,,,,,,,,,,,,,,,,,
,,,,,,,,,,,,,,,,,,,,,,
,,,,,,,,,,,,,,,,,,,,,,
,,,,,,,,,,,,,,,,,,,,,,
,,,,,,,,,,,,,,,,,,,,,,
,,,,,,,,,,,,,,,,,,,,,,
,,,,,,,,,,,,,,,,,,,,,,
,,,,,,,,,,,,,,,,,,,,,,
,,,,,,,,,,,,,,,,,,,,,,
,,,,,,,,,,,,,,,,,,,,,,
,,,,,,,,,,,,,,,,,,,,,,
,,,,,,,,,,,,,,,,,,,,,,
,,,,,,,,,,,,,,,,,,,,,,
,,,,,,,,,,,,,,,,,,,,,,
,,,,,,,,,,,,,,,,,,,,,,
,,,,,,,,,,,,,,,,,,,,,,
,,,,,,,,,,,,,,,,,,,,,,
,,,,,,,,,,,,,,,,,,,,,,
,,,,,,,,,,,,,,,,,,,,,,
,,,,,,,,,,,,,,,,,,,,,,
,,,,,,,,,,,,,,,,,,,,,,
,,,,,,,,,,,,,,,,,,,,,,
,,,,,,,,,,,,,,,,,,,,,,
,,,,,,,,,,,,,,,,,,,,,,
,,,,,,,,,,,,,,,,,,,,,,
,,,,,,,,,,,,,,,,,,,,,,
,,,,,,,,,,,,,,,,,,,,,,
,,,,,,,,,,,,,,,,,,,,,,
