序号,认定点代码,题型代码,题号,试题（题干）。,试题（选项A）,试题（选项B）,试题（选项C）,试题（选项D）,试题（选项E）,【图】及位置,正确答案,难度代码,一致性代码,,,
1,A-A-A-001,B（单选题）,,为人民服务为核心的职业道德，首先要解决的是职工与职工、职工与集体、（）之间利益关系问题和为谁工作的问题。,家庭与生活,上级与下级,职业与职业,个人与国家,,,C,3（中）,5（好）,,,
2,A-A-A-001,B（单选题）,,社会主义职业道德的指导原则是（）。,个人主义,集体主义,马克思主义,列宁思想,,,B,3（中）,5（好）,,,
3,A-A-A-001,B（单选题）,,社会主义职业道德把社会公德、职业道德、（）作为着力点。,德才兼备,思想品德,个人品德,个人能力,,,C,3（中）,5（好）,,,
4,A-A-A-001,C（判断题）,,有阶级的社会形态和社会主义职业道德一样，都以集体主义为原则，以人民利益作为最高利益。（）,正确,错误,,,,,B,3（中）,5（好）,,,
5,A-A-A-001,C（判断题）,,社会主义职业道德把爱祖国、爱人民、爱劳动、爱科学、爱社会主义作为社会主义道德的基本要求。（）,正确,错误,,,,,A,3（中）,5（好）,,,
6,A-A-A-001,G（多选题）,,职业道德的特点主要包括（）。,行业性,继承性,多样性,先进性,时代性,,ABC,3（中）,5（好）,,,
7,A-A-A-001,G（多选题）,,职业记录的一致性主要体现在（）。,行业规范与准则,内部规章制度,职业纪律处分机制,对工作流程的严格要求,随着时代发展而变化,,ABCD,4（较难）,5（好）,,,
8,A-A-A-002,B（单选题）,,《公民道德建设实施纲要》明确提出所有从业人员都应该共同遵守的主要行为规范是（  ）。,爱岗敬业 诚实守信 办事公道 服务群众 奉献社会,懂得服从 信守承诺 坚守岗位 精神饱满 用心服务,谨言慎行 学习创新 艰苦奋斗 团结互助 维护荣誉,热爱本职 秉公执法 不谋私利 严肃风纪 着装整洁,,,A,3（中）,5（好）,,,
9,A-A-A-002,B（单选题）,,办事公道是道德规范的重要范畴，其含义主要是（）。,不偏不倚，各打五十大板,坚持原则，按一定的社会标准，实事求是地待人处世,按领导的意图办事,按与个人关系好的人的意见办,,,B,3（中）,5（好）,,,
10,A-A-A-002,B（单选题）,,社会主义职业道德的基石和最高境界是（）。,奉献社会,服务群众,诚实守信,爱岗敬业,,,A,3（中）,5（好）,,,
11,A-A-A-002,B（单选题）,,关于社会公德的说法中，不属于其规范特点的是（）。,执行的有效性,范围的广泛性,具体行为的细微性,行为的外在礼仪性,,,A,3（中）,5（好）,,,
12,A-A-A-002,C（判断题）,,讲究质量、注重信誉是社会主义职业道德最重要的规范之一。（  ）,正确,错误,,,,,A,3（中）,5（好）,,,
13,A-A-A-002,C（判断题）,,社会公德的主要规范是:文明礼貌、助人为乐、爱护公物、勤俭持家、遵纪守法。(  ),正确,错误,,,,,B,3（中）,5（好）,,,
14,A-A-A-002,G（多选题）,,在职业道德行为规范中，对于团队合作的要求包括（ ）。,积极与团队成员沟通交流,乐于分享自己的经验和知识,互相指责，推诿责任,尊重团队成员的个性和观点,为了团队目标，愿意做出适当的妥协,,ABDE,3（中）,5（好）,,,
15,A-A-A-002,G（多选题）,,职业道德行为规范中，在对待工作任务方面，正确的做法有（ ）。,认真负责，尽力完成每一项工作任务,敷衍了事，能拖则拖,遇到困难就放弃，不努力克服,注重工作质量，严格把关,不断学习，提升自己完成工作任务的能力,,ADE,3（中）,5（好）,,,
16,A-A-A-003,B（单选题）,,不属于职业道德行为评价方式的是（）。,社会舆论,职业习俗,内心信念,群体评议,,,D,3（中）,5（好）,,,
17,A-A-A-003,B（单选题）,,职业道德评价不能够起到（）。,批判作用,激励作用,裁判作用,调节导向作用,,,A,3（中）,5（好）,,,
18,A-A-A-003,B（单选题）,,职业道德行为评价的类型不包括（）。,社会评价,上级评价,集体评价,自我评价,,,B,3（中）,5（好）,,,
19,A-A-A-003,B（单选题）,,衡量一个公民精神文明水平高低的重要标尺是（）。,职业道德,公民道德,遵纪守法,网络道德,,,B,3（中）,4（较好）,,,
20,A-A-A-003,C（判断题）,,职业道德行为评价按主体不同可以分为社会评价、集体评价和自我评价。（）,正确,错误,,,,,A,3（中）,5（好）,,,
21,A-A-A-003,C（判断题）,,对职业道德行为进行评价应“以事实为依据，以法律为准绳”。（）,正确,错误,,,,,B,3（中）,5（好）,,,
22,A-A-A-003,G（多选题）,,属于职业道德行为的自我评价方式的是（）。,自我反思，回顾自己在工作中的行为是否符合道德准则,与自己设定的职业道德目标进行对比，检查完成情况,参照同事的行为来评价自己的职业道德行为,根据行业内普遍认可的道德楷模的行为来衡量自己,按照自己的情绪和直觉判断自己的行为是否正确,,ABE,3（中）,5（好）,,,
23,A-A-A-003,G（多选题）,,职业道德行为的社会评价方式包括（ ）。,客户满意度调查，了解客户对从业者职业道德的评价,媒体曝光，通过媒体对从业者行为的报道来反映社会看法,行业协会的表彰或批评，基于行业标准进行评价,政府监管部门根据法律法规对从业者进行道德评定,同事之间的私下议论，形成对他人职业道德行为的评价,,ABCE,3（中）,5（好）,,,
24,A-A-A-004,B（单选题）,,法律对道德的影响主要体现是（     ）。,强制执行和惩罚措施,规范和约束行为范围,宣传道德价值观,保护公民权利和自由,,,B,3（中）,5（好）,,,
25,A-A-A-004,B（单选题）,,道德与法律是社会规范的两个重要方面，他们之间的关系是（     ）。,范围相同,互不重叠,相辅相成,层次相同,,,C,3（中）,5（好）,,,
26,A-A-A-004,B（单选题）,,法律更注重事后和判决和惩戒性，职业道德更注重事前对人们进行教育，因此具有（）。,预防性,先进行,统一性,互补性,,,A,3（中）,5（好）,,,
27,A-A-A-004,B（单选题）,,法律通过强制力来强化道德作用，确保道德底线，对道德起到促进作用，是道德的（）。,基础,补充,延续,支撑,,,D,3（中）,5（好）,,,
28,A-A-A-004,C（判断题）,,触犯了法律就一定违反了职业道德。,正确,错误,,,,,A,4（较难）,5（好）,,,
29,A-A-A-004,C（判断题）,,职业道德和法律都体现人民群众的利益和意志。,正确,错误,,,,,A,3（中）,5（好）,,,
30,A-A-A-004,G（多选题）,,关于职业道德与法律的联系，正确的是（ ）。,职业道德和法律都具有规范性，约束人们的行为,法律是职业道德的底线，违反法律的行为往往也违背职业道德,职业道德和法律在某些内容上相互交叉，例如在劳动保护方面,职业道德和法律的实施都需要一定的监督机制来保障,职业道德可以替代法律对某些行为进行制裁,,ABCD,3（中）,5（好）,,,
31,A-A-A-004,G（多选题）,,从保障机制来看，职业道德和法律的不同之处在于（ ）。,法律的保障主要依靠国家强制力，职业道德主要依靠行业自律和社会舆论,违反职业道德主要受到行业内部的谴责和处罚，违反法律会受到司法机关的制裁,职业道德的保障机制相对灵活，法律的保障机制更为严格和固定,法律保障具有普遍性，职业道德保障在不同行业有不同程度的体现,职业道德保障侧重于事前预防，法律保障侧重于事后惩罚,,ABCD,3（中）,5（好）,,,
32,A-A-B-001,B（单选题）,,关于遵纪守法正确的说法是（）。,只要品德端正，学不学法无所谓,金钱对人的诱惑力要大于法纪对人的约束力,法律是由人执行的，执行时不能不考虑人情和权力等因素,遵纪守法与职业道德要求具有一致性,,,D,3（中）,5（好）,,,
33,A-A-B-001,B（单选题）,,假设你在工作中出现了一次小的失误，暂时还未给单位造成损失，领导也没有发现。在这种情况下，你认为最好的一种处理办法是（   ）。,不向任何人提起这件事,不告诉任何人，自己在以后的工作中弥补过失,告诉领导，承认自己的过失并承担相应的责任,告诉自己最好的朋友，请他帮自己想一个最好的办法,,,C,3（中）,5（好）,,,
34,A-A-B-001,B（单选题）,,“5.12地震”中，德阳汉旺东汽中学高二（一）班老师谭千秋正在上课，危急时刻张开双臂、躬下身躯护住课桌下的4名同学，献出了51岁的生命，这是（  ）的最高表现形式。,奉献社会,忠于职守,诚实守信,热爱本职,,,B,4（较难）,5（好）,,,
35,A-A-B-001,B（单选题）,,关于爱岗敬业表述不符的是（）。,抓住机遇、竞争上岗,具有奉献精神,勤奋学习，刻苦钻研业务,认真履行岗位职责,,,A,3（中）,5（好）,,,
36,A-A-B-001,C（判断题）,,在工作中，只要自己的行为不违反法律法规，就可以不遵守公司规定。（）,正确,错误,,,,,B,3（中）,5（好）,,,
37,A-A-B-001,C（判断题）,,酒后开车只违反了交通法规，不违反职业道德。（）,正确,错误,,,,,B,3（中）,4（较好）,,,
38,A-A-B-001,G（多选题）,,遵纪守法的具体表现有（）。,依法纳税，不偷税漏税,遵守交通规则，文明出行,在工作中遵守保密协议，不泄露公司机密,对违法犯罪行为视而不见，以免惹祸上身,了解并遵守行业的相关法律法规,,ABCE,3（中）,5（好）,,,
39,A-A-B-001,G（多选题）,,爱岗敬业在工作态度上的具体表现包括（ ）。,以积极的心态对待工作，对工作充满热情,总是抱怨工作任务繁重，却不采取行动改善,把工作当作自己的事业，愿意为之付出额外的努力,对工作敷衍了事，只追求完成任务的数量,主动承担工作责任，不推诿,,ACE,3（中）,4（较好）,,,
40,A-A-B-002,B（单选题）,,某工程队在施工时要把网线穿过一根10米长，但直径只有3厘米的管道，而且管道已经砌在墙体里，并且绕了3个弯，用常规方法无法完成任务。一位工程师想出一个主意:从宠物市场买来一只老鼠，把一根线绑在老鼠身上，让老鼠沿着管子跑，这样网线安装的难题顺利得到解决。这个案例表明（）。,创新的本质是突破,这种方法缺乏专业性，不符合创新的本质,开辟一个新市场才属于创新,这只是歪打正着，不是真正的创新,,,A,3（中）,5（好）,,,
41,A-A-B-002,B（单选题）,,关于创新的论述，正确的是（）。,创新与继承根本对立,创新就是独立自主,创新是民族进步的灵魂,创新不需要引进国外新技术,,,C,3（中）,5（好）,,,
42,A-A-B-002,B（单选题）,,历涛用1千克面粉，制作并拉出2097152根面条，累计长度为2852千米，相当于从北京到新疆哈密市的距离。历涛拉出的面条细如丝，根根不断，一个针眼可穿人18根面条，这个案例表现了（）的职业道德模范。,严于律己,探索创新,技艺精湛,执行工艺,,,C,3（中）,5（好）,,,
43,A-A-B-002,B（单选题）,,《庄子》中记载的庖丁解牛的故事体现了（）的职业道德模范。,技艺精湛,精益求精,专心致志,执行工艺,,,B,3（中）,5（好）,,,
44,A-A-B-002,C（判断题）,,我国著名画家齐白石，1955年荣获国际和平奖。他创作的作品深受世界人民欢迎，赢得高度评价。他在艺术创作的道路上，几十年如一日，勤奋不懈，即使在八十岁高龄时，还每日坚持挥毫作画。这个案例体现了勤学苦练、精益求精的职业道德模范。（）,正确,错误,,,,,A,3（中）,5（好）,,,
45,A-A-B-002,C（判断题）,,开拓创新最重要的是注重创新的方法，其余是次要的。（）,正确,错误,,,,,B,2（易）,5（好）,,,
46,A-A-B-002,G（多选题）,,探索创新的具体行为包括（ ）。,对现有工作流程提出改进建议,引进新的技术或工具，尝试应用到工作中,拒绝接受新观念，坚持传统工作方式,参加行业的创新研讨会，分享自己的想法,模仿其他企业的做法，不考虑自身实际情况,,ABD,3（中）,5（好）,,,
47,A-A-B-002,G（多选题）,,精益求精在产品质量方面的具体表现有（ ）。,对产品的质量标准严格要求，不允许任何瑕疵,认为产品质量差不多就行，不必过于苛刻,设立高于行业标准的内部质量控制指标,对产品进行多次检验，确保质量稳定,为了追求速度，降低对产品质量的检查频率,,ACD,3（中）,5（好）,,,
48,A-A-B-003,B（单选题）,,在无人机电池即将耗尽时，应该（）。,继续飞行，直到电池耗尽,寻找最近的地点降落,快速返回起点,缓慢降低高度，寻找安全地点降落,,,D,3（中）,5（好）,,,
49,A-A-B-003,B（单选题）,,为确保安全充电，无人机电池最佳温度范围是（）。,负10°C至50°C,0°C至40°C,5°C至35°C,15°C至30°C,,,D,3（中）,5（好）,,,
50,A-A-B-003,B（单选题）,,在强风条件下，无人机的飞行高度应该控制在（） 。,100米,200米,300米,400米,,,A,3（中）,5（好）,,,
51,A-A-B-003,B（单选题）,,在飞行中，无人机突然失去GNSS信号，处理方法是（）。,继续飞行，直到找到GNSS信号,立即降落无人机,尝试手动控制无人机,先稳定无人机，再尝试恢复GNSS信号,,,D,3（中）,5（好）,,,
52,A-A-B-003,C（判断题）,,无人机在飞行过程中，突然遇到鸟类，应该缓慢改变飞行方向，避免惊吓鸟类。（）,正确,错误,,,,,A,3（中）,5（好）,,,
53,A-A-B-003,C（判断题）,,在维修无人机时，可使用强酸清洗无人机外壳。（）,正确,错误,,,,,B,3（中）,5（好）,,,
54,A-A-B-003,G（多选题）,,爱护设备的具体行为有（ ）。,定期清洁设备，保持设备整洁,设备出现小故障时，及时进行维修,随意拆卸设备，只为满足好奇心,按照设备的使用说明书进行操作,把设备放置在潮湿、多尘的环境中,,ABD,3（中）,5（好）,,,
55,A-A-B-003,G（多选题）,,无人机安全操作在飞行前的具体表现包括（ ）。,仔细检查无人机的各个部件是否正常,不看天气情况，直接起飞,校准无人机的传感器和罗盘,规划好合理的飞行路线,随意在禁飞区边缘飞行，认为不会有问题,,ACD,3（中）,5（好）,,,
56,A-A-B-004,B（单选题）,,在使用生产设备时，不符合规程的是（）。,遵守工艺流程,穿戴防护装备,超负荷运转设备,定期维护保养,,,C,3（中）,5（好）,,,
57,A-A-B-004,B（单选题）,,在生产过程中，如果发现设备异常，做法正确的是（）。,立即停机检查,继续使用直到故障发生,自行拆卸设备进行修理,忽略异常继续工作,,,A,3（中）,5（好）,,,
58,A-A-B-004,B（单选题）,,设备维护规程中的“五定”原则通常包括（）。,定时、定点、定量、定质、定人,定时、定位、定量、定质、定法,定人、定时、定位、定量、定质,定人、定时、定位、定量、定法,,,A,3（中）,5（好）,,,
59,A-A-B-004,B（单选题）,,（）步骤直接影响到产品的最终质量。,原材料采购,产品设计, 工艺执行, 品质检验,,,C,3（中）,5（好）,,,
60,A-A-B-004,C（判断题）,,执行工艺的优化通常需要考虑成本、时间、人力、资源、质量、效率等综合因素。（）,正确,错误,,,,,A,3（中）,5（好）,,,
61,A-A-B-004,C（判断题）,,执行工艺中的"工艺参数"主要是材料种类、设备型号两项。（）,正确,错误,,,,,B,3（中）,5（好）,,,
62,A-A-B-004,G（多选题）,,遵守规程在操作流程上的具体表现是（ ）。,按照既定的步骤顺序进行操作，不随意颠倒顺序,觉得某些步骤繁琐，跳过不重要的步骤,在操作过程中，严格遵守安全规程,不看操作手册，凭记忆和经验操作,对每一个操作步骤都进行记录，便于追溯,,ACE,3（中）,5（好）,,,
63,A-A-B-004,G（多选题）,,（）是遵守规程和执行工艺相融合的具体表现。,在执行工艺过程中，严格按照操作规程进行质量控制,为了创新工艺，完全抛开现有的操作规程,根据操作规程的要求，对工艺参数进行精确调整,忽视操作规程中的安全注意事项，只关注工艺执行情况,当操作规程和工艺要求有冲突时，随意选择执行,,AC,3（中）,5（好）,,,
64,A-A-B-005,B（单选题）,,《吕氏春秋》中讲到，“万人操弓，共射一招，招无不中”，这说明了（）。,“宝剑锋自磨砺出，梅花香自苦寒来”,“小胜靠智，大胜靠德”,“一双筷子容易折，十双筷子断就难’,“成由勤俭败由奢”,,,C,3（中）,5（好）,,,
65,A-A-B-005,B（单选题）,,“单丝不成线，独木不成林”说明了（）。,要勇于坚持真理,要正确处理个人与集体的关系，注重集体力量,做事要更公平公正,要发扬勤劳节俭的优良传统,,,B,3（中）,5（好）,,,
66,A-A-B-005,B（单选题）,,“舟必漏而后人水，石必湿而后苔生”说明（）。,要努力实现自身的社会价值,个人品德修养要从细微处严格要求自己，对不好的品行要防微杜渐,要积极向前人学习,要正确处理公与私之间的关系,,,B,5（难）,5（好）,,,
67,A-A-B-005,B（单选题）,,符合“慎独”道德规范的是（）。,夜以继日，废寝忘食,精忠报国，反对侵略,修身为本，严于律已,立志勤学，持之以恒,,,C,3（中）,5（好）,,,
68,A-A-B-005,C（判断题）,,“慎独”就是在无人监督的情况下，也要坚持自己的内心真诚、光明磊落的道德信念，不做不道德的事情。（）,正确,错误,,,,,A,3（中）,5（好）,,,
69,A-A-B-005,C（判断题）,,团结同事首先要坦诚待人、热情忍让、宽厚仁慈，同时重点考虑本部门及个人利益。（）,正确,错误,,,,,B,3（中）,5（好）,,,
70,A-A-B-005,G（多选题）,,团结协作在工作沟通方面的具体表现有（ ）。,主动与团队成员分享工作信息和资源,隐瞒重要信息，担心别人超过自己,认真倾听团队成员的意见和建议,沟通时使用攻击性语言，不顾及他人感受,及时回复团队成员的询问，不拖延,,ACE,3（中）,5（好）,,,
71,A-A-B-005,G（多选题）,,严于律己在工作纪律方面的具体表现包括（ ）。,严格遵守工作时间，不迟到早退,利用工作时间处理私人事务,对自己的工作失误主动承担责任,随意违反公司的保密规定,自觉抵制工作中的不良诱惑,,ACE,3（中）,5（好）,,,
72,A-A-B-006,B（单选题）,,文明生产的核心价值之一是可持续性，这意味着（）。,生产过程不能消耗自然资源,生产过程不能产生废弃物,生产过程要尽可能减少对环境的影响,生产过程要保护野生动物,,,C,3（中）,5（好）,,,
73,A-A-B-006,B（单选题）,,在包装材料的选择上，（）选择更符合环保理念。,可降解材料,可回收材料,少量包装,使用可重复使用的包装,,,A,3（中）,5（好）,,,
74,A-A-B-006,B（单选题）,,在公共场所吸烟且不听从劝阻，这主要违背了（  ）。,治安管理规定,消防安全规定,公共场所禁烟规定,城市管理规定,,,C,3（中）,4（较好）,,,
75,A-A-B-006,B（单选题）,,企业通过（）处理生产废料以实现资源的最大化利用。,分类回收,循环利用,转售给专业回收公司,直接填埋或焚烧,,,B,3（中）,5（好）,,,
76,A-A-B-006,C（判断题）,,环境保护坚持保护优先、预防为主、综合治理、公众参与、损害担责的原则（）。,正确,错误,,,,,A,3（中）,5（好）,,,
77,A-A-B-006,C（判断题）,,绿色工厂是指原料无害化、生产洁净化、废物资源化、能源低碳化的企业，是绿色制造核心实施单元，对用地集约率没有要求（）。,正确,错误,,,,,B,3（中）,5（好）,,,
78,A-A-B-006,G（多选题）,,保护环境在生产过程中的具体行为包括（ ）。,合理利用原材料，减少浪费,随意排放生产废弃物，不进行处理,采用环保型的生产工艺和设备,对生产过程中的有害气体进行净化处理,破坏生产场地周边的自然植被，方便生产,,ACD,3（中）,5（好）,,,
79,A-A-B-006,G（多选题）,,文明生产在工作场所秩序方面的具体表现有（ ）。,保持工作场所整洁，工具和材料摆放有序,在工作场所大声喧哗，影响他人工作,遵守工作场所的安全通道规定，不占用通道,对工作场所的公共设施进行爱护，不随意损坏,在工作场所随意丢弃垃圾，不进行清理,,ACD,3（中）,5（好）,,,
80,A-B-A-001,B（单选题）,,不是无人机特点的是（）。,无人驾驶,远程控制,超快速飞行,可执行任务,,,B,3（中）,5（好）,,,
81,A-B-A-001,B（单选题）,,无人机（UAV）的定义是（）。,一种由人类远程控制的飞行器,利用无线电遥控设备和自备的程序控制装置操纵的不载人飞行器,利用无线电遥控设备操纵的快速飞行的不载人飞行器,利用自备的程序控制装置操纵的快速飞行的不载人飞行器,,,B,3（中）,4（较好）,,,
82,A-B-A-001,B（单选题）,,不是无人机特点的是（ ）。,体积小,造价高,机动性好,使用方便,,,B,3（中）,5（好）,,,
83,A-B-A-001,B（单选题）,,无人机是利用（ ）设备和自备的程序控制装置操纵的不载人飞机。,遥控,导航,飞行,通讯,,,A,3（中）,5（好）,,,
84,A-B-A-001,C（判断题）,,无人机是完全不需要人工干预就能自主飞行的飞行器。（）,正确,错误,,,,,B,3（中）,5（好）,,,
85,A-B-A-001,C（判断题）,,无人机的飞行原理和有人驾驶飞机的飞行原理完全不同。（）,正确,错误,,,,,B,3（中）,5（好）,,,
86,A-B-A-001,G（多选题）,,无人机的常见应用领域有（）。,航拍,深海探测,农业植保,气象监测,桥梁检测,,ACDE,3（中）,5（好）,,,
87,A-B-A-001,G（多选题）,,影响无人机的飞行性能的因素有（）。,天气状况,地面人员数量,电池容量（对于电动无人机）,负载重量,周围建筑物的分布,,ACDE,3（中）,5（好）,,,
88,A-B-A-002,B（单选题）,,（）不是无人机系统必备的组成部分。,飞行器,传感器,数据处理设备,操作员,,,D,3（中）,5（好）,,,
89,A-B-A-002,B（单选题）,,无人机系统中，（）部分主要负责飞行控制、导航与自主飞行能力的实现。,飞行平台,任务载荷,飞控系统,数据链系统,,,C,3（中）,4（较好）,,,
90,A-B-A-002,B（单选题）,,无人机系统中，负责提供升力和推进力的部分是（）。,机翼,发动机,螺旋桨,电池,,,C,3（中）,5（好）,,,
91,A-B-A-002,B（单选题）,,相比于人的大脑，无人机的'大脑'指的是（）。,机身,传感器,飞行控制系统,电机,,,C,3（中）,5（好）,,,
92,A-B-A-002,C（判断题）,,无人机系统只包括无人机本身，不包括地面控制站等部分。（）,正确,错误,,,,,B,3（中）,5（好）,,,
93,A-B-A-002,C（判断题）,,无人机系统中的数据链路主要用于传输无人机的位置信息。（）,正确,错误,,,,,B,3（中）,5（好）,,,
94,A-B-A-002,G（多选题）,,无人机系统通常包括（ ）。,无人机平台,动力系统,协同驾驶,飞控系统,任务载荷,,ABDE,3（中）,5（好）,,,
95,A-B-A-002,G（多选题）,,在无人机系统的通信环节中，可能涉及的通信方式有（ ）。,卫星通信,无线电通信,蓝牙通信,光纤通信,红外线通信,,ABC,3（中）,5（好）,,,
96,A-B-A-003,B（单选题）,,（）不是用于无人机模拟飞行的软件。,Microsoft Flight Simulator,凤凰模拟器,Drone Racer: Fly Stunt Simulator,RealFlight G7,,,A,3（中）,5（好）,,,
97,A-B-A-003,B（单选题）,,（）操作系统通常对无人机模拟飞行软件兼容性最好。,Windows,macOS,Linux,Chrome OS,,,A,3（中）,5（好）,,,
98,A-B-A-003,B（单选题）,,"在安装无人机模拟飞行软件时，首先应该做的是（ ）。
",插入加密狗（如果有）,检查系统配置是否满足要求,下载软件安装包,创建软件快捷方式,,,B,3（中）,5（好）,,,
99,A-B-A-003,B（单选题）,,使用无人机模拟飞行软件时，（）不是基本操作。,起飞和降落,悬停控制,飞行环境设置,物理引擎调整,,,D,3（中）,5（好）,,,
100,A-B-A-003,C（判断题）,,安装无人机模拟飞行软件之前，需要确保计算机的硬件配置符合该软件的最低要求。 ( ),正确,错误,,,,,A,3（中）,5（好）,,,
101,A-B-A-003,C（判断题）,,所有无人机模拟飞行软件都需要连接到互联网才能运行。 ( ),正确,错误,,,,,B,3（中）,5（好）,,,
102,A-B-A-003,G（多选题）,,在安装无人机模拟飞行软件之前，需要确认电脑具备的条件有（ ）。,足够的硬盘空间,合适的操作系统版本,兼容的显卡驱动,有效的网络连接,安装了音频设备,,ABC,3（中）,5（好）,,,
103,A-B-A-003,G（多选题）,,在设置无人机模拟飞行软件时，用户通常可以调整的参数有（ ）。,飞行器类型,摇杆类型（如美国手、日本手）,飞行器颜色,视角切换（如第一人称视角、第三人称视角）,飞行高度限制,,ABDE,3（中）,5（好）,,,
104,A-B-A-004,B（单选题）,,多旋翼无人机模拟飞行训练时飞行姿态的改变是通过调整（）来实现。,改变电机转速,改变螺旋桨桨距,改变桨叶角度,改变电机大小,,,A,3（中）,5（好）,,,
105,A-B-A-004,B（单选题）,,在多旋翼无人机模拟飞行软件中，用于起飞的操作是（）。,向下推动油门杆,向上推动油门杆,向左推动方向杆,向右推动方向杆,,,B,3（中）,5（好）,,,
106,A-B-A-004,B（单选题）,,在多旋翼无人机模拟飞行中，用于下降的操作是（）。,向下推动油门杆,向上推动油门杆,向左推动方向杆,向右推动方向杆,,,A,3（中）,5（好）,,,
107,A-B-A-004,B（单选题）,,在模拟飞行中，无人机的悬停通常需要调整（）控制杆。,油门杆,俯仰杆,横滚杆,偏航杆,,,A,3（中）,5（好）,,,
108,A-B-A-004,C（判断题）,,多旋翼无人机模拟飞行训练可以完全替代实际飞行训练。 ( ),正确,错误,,,,,B,3（中）,5（好）,,,
109,A-B-A-004,C（判断题）,,在模拟飞行训练中，学员可以练习无人机的起飞、悬停、降落和基本飞行操作。（）,正确,错误,,,,,A,3（中）,5（好）,,,
110,A-B-A-004,G（多选题）,,在多旋翼无人机模拟飞行训练中，学员可以进行的操作有（）。,起飞,降落,悬停,航线飞行,维修,,ABCD,3（中）,5（好）,,,
111,A-B-A-004,G（多选题）,,在多旋翼无人机模拟飞行训练中，提高训练效果的方式有（）。,定期更换训练场景,逐步增加难度级别,记录并分析每次训练的数据,与其他学员进行比赛,使用专业教练指导,,ABDE,3（中）,5（好）,,,
112,A-B-A-005,B（单选题）,,固定翼无人机模拟飞行时依靠（）调整飞行高度。,改变发动机功率,改变螺旋桨转速,使用升降舵,使用副翼和方向舵,,,C,3（中）,5（好）,,,
113,A-B-A-005,B（单选题）,,固定翼无人机模拟飞行时依靠（）调整飞行方向。,改变发动机功率,改变螺旋桨转速,使用升降舵,使用副翼和方向舵,,,D,3（中）,5（好）,,,
114,A-B-A-005,B（单选题）,,固定翼无人机模拟飞行五边航线的第一边是（ ）。,离场边,下风边,基地边,上风边,,,A,3（中）,5（好）,,,
115,A-B-A-005,B（单选题）,,固定翼无人机五边航线的每一边飞行过程中，主要的姿态控制由（ ）完成。,升降舵和方向舵,副翼和升降舵,副翼、升降舵和方向舵协同,副翼和方向舵,,,C,3（中）,5（好）,,,
116,A-B-A-005,C（判断题）,,固定翼无人机模拟飞行训练时，速度越快越好，因为这样能更快完成训练任务。（）,正确,错误,,,,,B,3（中）,5（好）,,,
117,A-B-A-005,C（判断题）,,通过固定翼无人机模拟飞行训练，可以提高飞行员在实际飞行中的应急处理能力。 ( ),正确,错误,,,,,A,3（中）,5（好）,,,
118,A-B-A-005,G（多选题）,,在固定翼无人机模拟飞行训练过程中，为了保持飞行稳定性，需要的因素有（ ）。,飞机的俯仰角,飞机的滚转角,飞机的涂装,空速的稳定,高度的稳定,,ABDE,3（中）,5（好）,,,
119,A-B-A-005,G（多选题）,,固定翼无人机模拟飞行训练中，学员可以操作的有（）。,手动起飞和降落,航线飞行,特技飞行,紧急情况处理,无人机维护模拟,,ABCD,3（中）,5（好）,,,
120,A-B-A-006,B（单选题）,,大气的最外层是（ ）。,对流层,平流层,热层,散逸层,,,D,3（中）,5（好）,,,
121,A-B-A-006,B（单选题）,,大气中含量最多的气体是（ ）。,氧气,氮气,二氧化碳, 氩气,,,B,3（中）,5（好）,,,
122,A-B-A-006,B（单选题）,,标准大气规定海平面的气温是（ ）。,0℃,15℃,20℃,25℃,,,B,3（中）,5（好）,,,
123,A-B-A-006,B（单选题）,,在标准大气中，海平面上的大气压是（）。,900 hPa, 1013.25 hPa, 1050 hPa, 1100 hPa,,,B,3（中）,5（好）,,,
124,A-B-A-006,C（判断题）,,大气的主要成分是氮气和氧气，它们分别占大气体积的大约78%和21%。（）,正确,错误,,,,,A,3（中）,5（好）,,,
125,A-B-A-006,C（判断题）,,大气的温度随着高度的增加而逐渐升高，这种变化主要发生在对流层。 ( ),正确,错误,,,,,B,3（中）,5（好）,,,
126,A-B-A-006,G（多选题）,,对流层的主要特点有（）。,天气现象主要发生在此层,温度随高度增加而降低,大部分水汽和杂质集中在这一层,飞机通常在此层飞行,臭氧层位于此层,,ABCD,3（中）,5（好）,,,
127,A-B-A-006,G（多选题）,,关于平流层的描述，正确的有（）。,温度随高度增加而升高,含有大量臭氧，吸收紫外线,几乎没有天气现象,商业航班飞机在此层飞行,空气流动平稳,,ABCE,3（中）,5（好）,,,
128,A-B-A-007,B（单选题）,,（）是最基本的气象要素之一。,能见度,云量,气温,日照时数,,,C,3（中）,5（好）,,,
129,A-B-A-007,B（单选题）,,（）气象要素主要反映大气的干湿程度。,风速,相对湿度,气压,降水,,,B,3（中）,5（好）,,,
130,A-B-A-007,B（单选题）,,气象观测中，用来衡量空气冷热程度的要素是（）。,露点温度,体感温度,气温,地温,,,C,3（中）,5（好）,,,
131,A-B-A-007,B（单选题）,,素通常用百帕（hPa）作为单位的气象要是（）。, 风速,气温,气压,湿度,,,C,5（难）,5（好）,,,
132,A-B-A-007,C（判断题）,,气温、气压、湿度和风速都是气象中的基本要素。 ( ),正确,错误,,,,,A,2（易）,5（好）,,,
133,A-B-A-007,C（判断题）,,在气象学中，露点温度是指空气中的水汽达到饱和并开始凝结成水滴的温度。 ( ),正确,错误,,,,,A,2（易）,5（好）,,,
134,A-B-A-007,G（多选题）,,气象中的基本要素有（）。,气温,气压,云量,风速,降水量,,ABDE,3（中）,5（好）,,,
135,A-B-A-007,G（多选题）,,能见度的影响因素包括（）。,雾,雨,雪,地面坡度,太阳辐射强度,,ABCE,3（中）,5（好）,,,
136,A-B-A-008,B（单选题）,,气象参数对飞行影响最大的是（）。,温度,湿度,风速,气压,,,C,2（易）,5（好）,,,
137,A-B-A-008,B（单选题）,,（）不属于影响飞机起降的主要气象因素。,风速和风向,空气的密度,大气压力,空中的水汽含量,,,D,2（易）,5（好）,,,
138,A-B-A-008,B（单选题）,,如果无人机在飞行过程中遭遇雷暴，应该（）。,继续飞行,尝试降落,返回起点,增加高度,,,B,2（易）,5（好）,,,
139,A-B-A-008,B（单选题）,,无人机飞行的最佳天气条件是（）。,多云且有雾,晴朗且微风,高温且多湿,阴天且有小雨,,,B,2（易）,5（好）,,,
140,A-B-A-008,C（判断题）,,降水只会影响飞机的能见度，对飞机的其他性能没有影响。（）,正确,错误,,,,,B,3（中）,5（好）,,,
141,A-B-A-008,C（判断题）,,顺风飞行时，风速越大对飞行越有利。（）,正确,错误,,,,,B,2（易）,5（好）,,,
142,A-B-A-008,G（多选题）,,风向和风速对飞行的影响包括（ ）。,影响飞机的起飞和降落方向,影响飞机的地速,影响飞机的燃油消耗,影响飞机在空中的稳定性,影响飞机的飞行高度,,ABC,3（中）,5（好）,,,
143,A-B-A-008,G（多选题）,,风切变对飞行可能产生的影响有（）。,增加起飞和降落的难度,导致飞行路径偏离,增加飞行阻力,减少飞行阻力,影响飞行速度,,ABC,3（中）,5（好）,,,
144,A-B-A-009,B（单选题）,,雷暴天气对无人机飞行的主要威胁是（）。,能见度降低,强风和雷电,动力效率下降,通讯中断,,,B,3（中）,5（好）,,,
145,A-B-A-009,B（单选题）,,低空风切变是指在短时间内风速和风向的急剧变化，这对无人机飞行的影响主要是（）。,导航困难,能源消耗增加,控制难度加大，可能导致失控,发动机或电机过热,,,C,3（中）,5（好）,,,
146,A-B-A-009,B（单选题）,,无人机在（）天气现象中飞行，机身容易出现抖动和不稳定的飞行状态。,沙尘天气,高湿度天气,顺风飞行,轻雾天气,,,A,3（中）,5（好）,,,
147,A-B-A-009,B（单选题）,,（）会导致无人机的电池续航能力急剧下降。,低温天气,小雪天气,轻度雾霾天气,微风天气,,,A,3（中）,5（好）,,,
148,A-B-A-009,C（判断题）,,飞机积冰主要发生在含有过冷水滴的云层中。 ( ),正确,错误,,,,,A,3（中）,5（好）,,,
149,A-B-A-009,C（判断题）,,高空激流通常出现在对流层顶部或平流层底部，对飞行影响较小。 ( ),正确,错误,,,,,B,3（中）,5（好）,,,
150,A-B-A-009,G（多选题）,,低空风切变可能导致的飞行问题包括（）。,起飞和着陆困难,飞行轨迹偏离,飞机失控,燃油消耗增加,发动机失效,,ABCD,3（中）,5（好）,,,
151,A-B-A-009,G（多选题）,,飞机积冰的危害有（）。,改变飞机气动特性,增加飞行阻力,影响乘客舒适度,破坏飞机表面,导致飞行员视线受阻,,ABDE,3（中）,5（好）,,,
152,A-B-A-010,B（单选题）,,理想气体状态方程PV=nRT中的R代表（）。,气体的密度,气体常数,气体的压力,气体的体积,,,B,3（中）,5（好）,,,
153,A-B-A-010,B（单选题）,,大气的粘性主要是由于（ ）。,大气分子的不规则热运动和相互碰撞,大气中的杂质颗粒,地球引力对大气分子的作用,太阳辐射对大气的影响,,,A,3（中）,5（好）,,,
154,A-B-A-010,B（单选题）,,大气的低密度特性使得在高海拔地区（）。,声音传播速度更快,飞行器需要更大的升力才能飞行,气压变化对天气影响较小,更容易出现雷电现象,,,B,3（中）,5（好）,,,
155,A-B-A-010,B（单选题）,,理想气体状态方程中，当体积V保持不变时，压力P与温度T的关系是（）。,成正比,成反比,无关,先增加后减少,,,A,3（中）,5（好）,,,
156,A-B-A-010,C（判断题）,,大气在任何情况下都可以被看作是不可压缩流体。（）,正确,错误,,,,,B,3（中）,5（好）,,,
157,A-B-A-010,C（判断题）,,根据基本气态方程，当温度不变时，气体的压力和体积成反比，这一规律在所有大气环境下都严格成立。（）,正确,错误,,,,,B,3（中）,5（好）,,,
158,A-B-A-010,G（多选题）,,对于流体基本知识的理解，正确的是（ ）。,流体包括液体和气体,流体的流动可以分为层流和紊流,流体的流速越大，静压越大,流体在管道中流动时，管道截面积越小，流速越大（不可压缩流体理想情况）,流体的密度是其单位体积的质量，是一个常量,,ABD,3（中）,5（好）,,,
159,A-B-A-010,G（多选题）,,伯努利原理的应用实例有（）。,飞机机翼设计,风力发电机叶片设计,水翼船设计,高速列车头部形状设计,空调系统设计,,ABCD,3（中）,5（好）,,,
160,A-B-A-011,B（单选题）,,根据伯努利原理，流体速度增加时，（ ）会减小。,温度,密度,压强,粘性,,,C,3（中）,5（好）,,,
161,A-B-A-011,B（单选题）,,升力是如何产生的（）。,通过增加飞机的重量,通过减少飞机的阻力,通过机翼上下表面气流速度的差异,通过增加发动机推力,,,C,3（中）,5（好）,,,
162,A-B-A-011,B（单选题）,,飞行速度对升力的影响是（）。,与飞行速度成正比,与飞行速度的平方成正比,与飞行速度成反比,升力与飞行速度无关,,,B,3（中）,5（好）,,,
163,A-B-A-011,B（单选题）,,升力公式“L=1/2ρV²ClS中的Cl代表（）。,空气密度,飞行速度,机翼面积,升力系数,,,D,3（中）,5（好）,,,
164,A-B-A-011,C（判断题）,,飞机的升力主要来源于机翼上下表面的压力差。 ( ),正确,错误,,,,,A,2（易）,5（好）,,,
165,A-B-A-011,C（判断题）,,其他条件不变的情况下，增加飞机的速度可以增加升力。 ( ),正确,错误,,,,,A,3（中）,5（好）,,,
166,A-B-A-011,G（多选题）,,影响飞机升力的因素包括（）。,机翼面积,空气密度,飞行高度,攻角,机翼形状,,ABDE,3（中）,5（好）,,,
167,A-B-A-011,G（多选题）,,升力公式 L=1/2ρV²ClS 中的各符号含义为（）。,L 代表升力,ρ 代表空气阻力,V 代表飞行速度,Cl 代表升力系数,S 代表机翼面积,,ACDE,3（中）,5（好）,,,
168,A-B-A-012,B（单选题）,,多旋翼无人机在空中悬停主要依靠()力来平衡。,重力和电磁力,向心力和重力,重力和升力,升力和摩擦力,,,C,3（中）,5（好）,,,
169,A-B-A-012,B（单选题）,,多旋翼无人机通过改变（）部件的速度来实现上升和下降。,机身,起落架,螺旋桨,导航灯,,,C,3（中）,5（好）,,,
170,A-B-A-012,B（单选题）,,多旋翼无人机的方向控制主要依靠（）传感器来检测旋转运动。,陀螺仪校准,气压计,温度传感器,加速度计用于姿态感知,,,A,3（中）,5（好）,,,
171,A-B-A-012,B（单选题）,,多旋翼无人机在没有GPS信号的情况下，通常依靠（）技术来保持悬停位置。,光流传感器,红外传感器,激光雷达和摄像头,声波传感器,,,A,3（中）,5（好）,,,
172,A-B-A-012,C（判断题）,,多旋翼无人机主要依靠改变每个旋翼的转速来实现飞行姿态的控制。（）,正确,错误,,,,,A,3（中）,5（好）,,,
173,A-B-A-012,C（判断题）,,多旋翼无人机在悬停时，所有旋翼的转速是相同的，并且不会发生变化。（）,正确,错误,,,,,B,3（中）,5（好）,,,
174,A-B-A-012,G（多选题）,,四旋翼无人机的基本运动方式包括（）。,垂直上升、下降,前后翻滚,左右侧飞,旋转（偏航）,悬停,,ACDE,3（中）,5（好）,,,
175,A-B-A-012,G（多选题）,,多旋翼无人机在飞行过程中，实现向前飞行的方法是（ ）。,减小前方旋翼的转速,增大后方旋翼的转速,增大后方旋翼的扭矩,减小前方旋翼的扭矩,改变所有旋翼的桨距,,AB,3（中）,5（好）,,,
176,A-B-A-013,B（单选题）,,固定翼无人机的升力主要来源于机翼物理特性中的（）。,重量,形状,颜色,材质,,,B,3（中）,5（好）,,,
177,A-B-A-013,B（单选题）,,固定翼无人机的前进动力主要来自（）。,副翼的控制力,机翼产生的升力,发动机推力,尾翼控制力,,,C,3（中）,4（较好）,,,
178,A-B-A-013,B（单选题）,,在固定翼无人机飞行中，升降舵控制飞机的（）。,俯仰姿态,滚转姿态,偏航姿态,飞行速度,,,A,2（易）,5（好）,,,
179,A-B-A-013,B（单选题）,,固定翼无人机在飞行中，机翼的迎角与升力的关系是（）。,增加迎角增加升力,减少迎角减少升力,迎角不变，升力不变,迎角与升力无关,,,A,2（易）,5（好）,,,
180,A-B-A-013,C（判断题）,,固定翼无人机是依靠机翼上下表面的压力差产生升力来飞行的，只要机翼形状合适，就能一直保持飞行。（）,正确,错误,,,,,B,3（中）,5（好）,,,
181,A-B-A-013,C（判断题）,,平凸翼翼型固定翼无人机在水平飞行时，机翼上下表面的气流速度是相同的。（）,正确,错误,,,,,B,3（中）,5（好）,,,
182,A-B-A-013,G（多选题）,,固定翼无人机在飞行过程中，通过操纵（ ）可以改变飞行方向。,方向舵,升降舵,副翼,襟翼,扰流板,,AC,3（中）,5（好）,,,
183,A-B-A-013,G（多选题）,,影响固定翼无人机飞行稳定性的因素有（）。,机翼设计,机身颜色,飞控系统性能,外界风力干扰,发动机功率,,ACDE,3（中）,5（好）,,,
184,A-B-A-014,B（单选题）,,无人直升机的升力主要由（）产生。,机身,主旋翼,尾桨,发动机,,,B,3（中）,5（好）,,,
185,A-B-A-014,B（单选题）,,无人直升机的尾桨主要作用是（ ）。,提供额外升力,控制直升机的俯仰,平衡主旋翼产生的反扭矩,控制直升机的滚转,,,C,3（中）,5（好）,,,
186,A-B-A-014,B（单选题）,,在无人直升机飞行中，要使直升机上升，应该（ ）。,增大主旋翼的桨距,减小主旋翼的桨距,增大尾桨的桨距,减小尾桨的桨距,,,A,3（中）,5（好）,,,
187,A-B-A-014,B（单选题）,,无人直升机的前进、后退和左右移动主要通过（）实现。,改变旋翼的总距杆位置,改变自动倾斜器的周期变距杆位置,改变尾桨的螺距角,改变旋翼的转速,,,B,3（中）,5（好）,,,
188,A-B-A-014,C（判断题）,,无人直升机依靠旋翼产生升力来飞行。 ( ),正确,错误,,,,,A,3（中）,5（好）,,,
189,A-B-A-014,C（判断题）,,无人直升机可以实现垂直起降和悬停。 ( ),正确,错误,,,,,A,3（中）,5（好）,,,
190,A-B-A-014,G（多选题）,,无人直升机控制飞行姿态的方式包括（ ）。,改变主旋翼的桨距,调整主旋翼的转速,改变尾桨的桨距,调整尾桨的转速,移动无人机的重心位置,,ABCD,3（中）,5（好）,,,
191,A-B-A-014,G（多选题）,,无人直升机升力产生的条件包括（）。,旋翼转速,旋翼面积,空气密度,攻角,旋翼形状,,ABCE,3（中）,5（好）,,,
192,A-B-A-015,B（单选题）,,（）不是无人机通信的主要技术类型。,卫星通信,地面站通信,WiFi通信,5G通信,,,C,3（中）,5（好）,,,
193,A-B-A-015,B（单选题）,,无人机通信主要用于长距离、高速度的数据传输的类型是（）。,蓝牙通信,Wi-Fi通信,5G通信,光纤通信,,,C,3（中）,3（中）,,,
194,A-B-A-015,B（单选题）,,（）通信方式适用于短距离无人机操作。,Wi-Fi,卫星通信,光纤通信,5G通信,,,A,3（中）,5（好）,,,
195,A-B-A-015,B（单选题）,,无人机与遥控器之间的通信通常是通过（）进行的。,无线电波,电缆连接,蓝牙,红外线,,,A,3（中）,5（好）,,,
196,A-B-A-015,C（判断题）,,遥控器的频率范围决定了其控制距离。（）,正确,错误,,,,,A,2（易）,5（好）,,,
197,A-B-A-015,C（判断题）,,遥控器的天线长度不影响其控制效果。（）,正确,错误,,,,,B,2（易）,5（好）,,,
198,A-B-A-015,G（多选题）,,属于无人机通信系统的组成部分的是（）。,发射机,接收机,调制解调器,信号放大器,电子调速器,,ABCD,3（中）,5（好）,,,
199,A-B-A-015,G（多选题）,,影响无人机通信系统通信距离的因素有（ ）。,发射功率,工作频段,天线增益,环境干扰,信号编码方式,,ABCD,3（中）,5（好）,,,
200,A-B-A-016,B（单选题）,,在无人机长距离无线数据传输中，（）参数对于保持稳定的通信链路最为关键。,调制方式,发射功率,频率稳定性,数据编码方式,,,C,3（中）,5（好）,,,
201,A-B-A-016,B（单选题）,,（）可以实现远距离的数据传输的无线数据传输技术。,WiFi,Zigbee,LoRa,NFC,,,C,3（中）,5（好）,,,
202,A-B-A-016,B（单选题）,,无人机无线数据传输系统的抗干扰能力主要取决于（）。,发射功率,调制和编码技术,传输频率,传输带宽,,,B,3（中）,5（好）,,,
203,A-B-A-016,B（单选题）,,无线数据传输系统的传输速度通常用（）来衡量。,Mbps (Megabits per second),Hz (Hertz),dBm (Decibel-milliwatts),mW (Milliwatts),,,A,3（中）,5（好）,,,
204,A-B-A-016,C（判断题）,,无线数传系统的数据传输速率越高，其传输距离就越远。（）,正确,错误,,,,,B,3（中）,5（好）,,,
205,A-B-A-016,C（判断题）,,在无线数传系统中，只要信号强度足够，就不需要考虑信号干扰问题。（）,正确,错误,,,,,B,3（中）,5（好）,,,
206,A-B-A-016,G（多选题）,,无线数传系统的传输速率会受到（ ）因素的影响。,信号带宽,编码方式,调制方式,环境噪声,天线类型,,ABC,3（中）,5（好）,,,
207,A-B-A-016,G（多选题）,,属于无线数据传输系统基本参数的有（  ）,误码率,信噪比,信道带宽,数据帧格式,加密方式,,ABC,3（中）,5（好）,,,
208,A-B-A-017,B（单选题）,,（）不是无线图像传输系统的常用带宽。,20MHz,40MHz,60MHz,80MHz,,,C,3（中）,5（好）,,,
209,A-B-A-017,B（单选题）,,（）不是无线图像传输系统的常见分辨率。,VGA,HD,FHD,UHD,,,A,3（中）,5（好）,,,
210,A-B-A-017,B（单选题）,,无线图像传输系统的分辨率通常指的是（）。,. 图像传感器的像素数量,显示屏的显示质量,视频流的清晰度,数据传输速率,,,C,3（中）,5（好）,,,
211,A-B-A-017,B（单选题）,,无线图像传输系统的延迟通常指的是（）。,从摄像头拍摄到显示器显示所需的总时间,数据包在网络中的传输时间,图像压缩和解压缩所需的时间,从摄像头拍摄到存储介质写入所需的时间,,,A,3（中）,5（好）,,,
212,A-B-A-017,C（判断题）,,无线图传系统的图像分辨率越高，其传输所需的带宽就越小。（）,正确,错误,,,,,B,3（中）,5（好）,,,
213,A-B-A-017,C（判断题）,,无线图传系统的帧率越高，观看图像时就越流畅，但所需的数据传输速率也越高。（）,正确,错误,,,,,A,3（中）,5（好）,,,
214,A-B-A-017,G（多选题）,,是无线图传系统的基本参数的有（）。,图像分辨率,帧率,传输带宽,色彩模式,传输距离,,ABCE,3（中）,5（好）,,,
215,A-B-A-017,G（多选题）,,为了在有限带宽下优化无线图传系统的性能，可以采取的措施有（）。,降低图像分辨率,降低帧率,采用更高效的图像编码方式,优化传输协议,增加发射功率,,ABCD,3（中）,5（好）,,,
216,A-B-A-018,B（单选题）,,在GNSS导航系统中，"卫星"的作用是（）。,接收并处理用户的请求 ,向用户发送导航信息 ,接收并处理来自地面站的数据 ,提供精确的位置信息 ,,,D,3（中）,5（好）,,,
217,A-B-A-018,B（单选题）,,惯性导航系统（INS）不依赖（）确定位置。,外部信号,加速度计,陀螺仪,地图数据库,,,A,3（中）,5（好）,,,
218,A-B-A-018,B（单选题）,,无人机常用的导航方法是（）。,地面站导航,星基导航,卫星导航,惯性导航系统,,,C,3（中）,5（好）,,,
219,A-B-A-018,B（单选题）,,（）不属于无人机的导航参数。,高度,温度,速度,方向,,,B,3（中）,5（好）,,,
220,A-B-A-018,C（判断题）,,GPS（全球定位系统）是唯一的全球卫星导航系统，其他导航系统都有区域限制。（）,正确,错误,,,,,B,3（中）,5（好）,,,
221,A-B-A-018,C（判断题）,,北斗（全球定位系统）是唯一的全球卫星导航系统，其他导航系统都有区域限制。（）,正确,错误,,,,,B,3（中）,5（好）,,,
222,A-B-A-018,G（多选题）,,属于卫星导航系统优点的是（）。,全球覆盖,定位精度较高,实时性好,不受气象条件影响,系统简单，成本低,,ABC,3（中）,5（好）,,,
223,A-B-A-018,G（多选题）,,常见的单一导航系统包括（）。,GPS,北斗,地图导航,伽利略,地基无线电导航,,ABDE,3（中）,5（好）,,,
224,A-B-A-019,B（单选题）,,组合导航系统中常用的传感器不包括（）。,全球导航卫星系统（GNSS）,惯性测量单元（IMU）,激光雷达（LiDAR）,声纳,,,D,3（中）,5（好）,,,
225,A-B-A-019,B（单选题）,,组合导航系统中，如果GNSS信号丢失，系统会（）。,立即停止工作,切换到单一传感器模式,使用INS进行短期定位,发送警报,,,C,3（中）,5（好）,,,
226,A-B-A-019,B（单选题）,,组合导航系统通常是将（ ）组合在一起。,GPS 和惯性导航系统,地磁导航和视觉导航,无线电导航和卫星导航,激光导航和惯性导航系统,,,A,3（中）,5（好）,,,
227,A-B-A-019,B（单选题）,,在组合导航系统中，GNSS可以为惯性导航系统提供（ ）。,动力支持,初始对准和误差修正,信号干扰保护,备用通信通道,,,B,3（中）,5（好）,,,
228,A-B-A-019,C（判断题）,,组合导航系统通过融合多种导航技术来提高定位精度和可靠性。 ( ),正确,错误,,,,,A,3（中）,5（好）,,,
229,A-B-A-019,C（判断题）,,组合导航系统无法在室内环境下提供准确的位置信息。 ( ),正确,错误,,,,,B,3（中）,5（好）,,,
230,A-B-A-019,G（多选题）,,组合导航系统的优点包括（）。,提高定位精度,增强系统鲁棒性,扩展应用场景,降低系统成本,简化系统结构,,ABC,3（中）,5（好）,,,
231,A-B-A-019,G（多选题）,,在设计组合导航系统时，需要考虑的因素有（）。,各导航系统的性能特点,应用场景和任务需求,数据存储容量,系统的体积、重量和功耗,各导航系统的兼容性,,ABDE,3（中）,5（好）,,,
232,A-B-A-020,B（单选题）,,在无人机应用中，GNSS导航系统主要用于（ ）。,精确确定无人机的位置和飞行轨迹,检测无人机周围的障碍物,控制无人机的飞行姿态,调整无人机的动力输出,,,A,4（较难）,5（好）,,,
233,A-B-A-020,B（单选题）,,无人机在室内飞行时，会发挥主要作用的导航系统是（ ）。,视觉导航系统,全球导航卫星系统,远程无线电导航系统,惯性导航系统单独使用,,,A,3（中）,5（好）,,,
234,A-B-A-020,B（单选题）,,在无人机导航中，RTK（实时动态定位）技术的主要作用是（）。,提高图像分辨率,提供高精度定位,增加飞行速度,减少电池消耗,,,B,3（中）,5（好）,,,
235,A-B-A-020,B（单选题）,,为了提高无人机导航的精度和可靠性，常采用（ ）。,单一高精度导航系统,多种导航系统组合,降低导航系统的更新频率,增加导航系统的传感器数量,,,B,5（难）,5（好）,,,
236,A-B-A-020,C（判断题）,,所有无人机都必须配备高精度的卫星导航系统才能飞行。（）,正确,错误,,,,,B,3（中）,5（好）,,,
237,A-B-A-020,C（判断题）,,当无人机在室内飞行时，卫星导航系统完全无法工作，所以室内飞行的无人机不需要任何导航系统。（）,正确,错误,,,,,B,3（中）,5（好）,,,
238,A-B-A-020,G（多选题）,,（）导航系统常用于无人机。,GNSS,惯性导航系统（INS）,地形导航,地磁导航系统,激光雷达导航系统,,ABDE,3（中）,5（好）,,,
239,A-B-A-020,G（多选题）,,导航系统在无人机起飞阶段起到的作用包括（ ）。,确定起飞位置,规划起飞航线,检测起飞姿态是否水平,调整起飞推力方向,预估起飞所需的电量,,ABC,3（中）,5（好）,,,
240,A-B-A-021,B（单选题）,,在无人机测试前的装配过程中，必须采取的安全防护措施是（）。,确保所有螺丝紧固,穿戴防护眼镜,检查电池电量,关闭无人机电源,,,A,3（中）,5（好）,,,
241,A-B-A-021,B（单选题）,,在装配无人机螺旋桨时，为防止手部受伤，应该（ ）。,佩戴手套,加快装配速度,使用工具强行安装,先安装电机再装螺旋桨,,,A,3（中）,5（好）,,,
242,A-B-A-021,B（单选题）,,在组装无人机时，应避免在（）环境下进行。,干燥的房间,通风良好的室外,潮湿或多尘的地方,温度适宜的室内,,,C,3（中）,5（好）,,,
243,A-B-A-021,B（单选题）,,装配无人机的飞控系统时，为避免静电损坏电子元件，应该（ ）。,佩戴防静电手环,在潮湿环境下操作,用手触摸元件引脚来放电,增加操作现场的人员走动,,,A,2（易）,5（好）,,,
244,A-B-A-021,C（判断题）,,在进行无人机装配之前，确保所有工具都已检查无误，并放置在易于取用但不会妨碍工作的位置上，这是正确的做法（ ）。,正确,错误,,,,,A,3（中）,5（较好）,,,
245,A-B-A-021,C（判断题）,,装配无人机时，可以不穿戴任何个人防护装备（如护目镜、手套等），只要小心操作即可（ ）。,正确,错误,,,,,B,3（中）,5（较好）,,,
246,A-B-A-021,G（多选题）,,在无人机测试前的装配过程中，必须采取的安全防护措施包括（）。,确保装配区域整洁，无杂物干扰,装配人员必须佩戴专业的防护眼镜和手套,使用未经校验的工具和设备进行装配,严格遵循操作手册和安全规程,在装配区域周围设置明显的警示标识，防止他人误入,,ABDE,4（较难）,5（较好）,,,
247,A-B-A-021,G（多选题）,,无人机在测试前进行装配时，为了保障人员和设备的安全，必须采取的安全防护措施包括（）。,对所有装配零件进行逐一检查，确保其完好无损,装配过程中，禁止非专业人员进入装配区域,装配完成后，立即进行飞行测试，无需进行进一步的检查,装配人员需经过专业培训，熟悉安全操作流程,使用符合标准的电源线和连接线，避免电气事故,,ABDE,3（中）,5（较好）,,,
248,A-B-A-022,B（单选题）,,在无人机调试过程中，启动电机时，应该（ ）。,确保螺旋桨安装牢固且周围无人,用手握住螺旋桨检查动力,在人员密集区启动,不检查螺旋桨安装情况直接启动,,,A,3（中）,5（好）,,,
249,A-B-A-022,B（单选题）,,调试无人机飞行姿态时，为防止无人机失控伤人，应该（ ）。,在开阔、无人的场地进行调试,在室内狭窄空间调试,不设置飞行高度限制,减少对无人机状态的监控,,,A,3（中）,5（好）,,,
250,A-B-A-022,B（单选题）,,调试无人机通信系统时，为避免信号干扰，应该（ ）。,远离大型电子设备和金属障碍物,将无人机放置在金属盒内,使用多个通信频段同时调试,在强电磁辐射环境下进行,,,A,3（中）,5（好）,,,
251,A-B-A-022,B（单选题）,,在调试无人机的视觉系统时，为保护镜头，应该（ ）。,避免镜头直接暴露在强光下,用手指触摸镜头检查清晰度,让镜头接触尖锐物体,在沙尘环境下使用,,,A,3（中）,5（好）,,,
252,A-B-A-022,C（判断题）,,在无人机调试过程中，为了确保安全，操作人员无需穿戴任何防护装备（）。,正确,错误,,,,,B,3（中）,5（较好）,,,
253,A-B-A-022,C（判断题）,,调试无人机时，只需确保无人机本身的功能正常，无需检查其与其他设备的兼容性（）。,正确,错误,,,,,B,4（较难）,5（较好）,,,
254,A-B-A-022,G（多选题）,,在无人机测试的调试过程中，为确保人员与设备的安全，必须采取的安全防护措施包括（）。,调试前确保无人机所有部件已正确安装且紧固,调试时，操作人员应佩戴专业的防护装备，如防噪音耳塞、防护眼镜等,调试区域应设置明显的警示标识，防止非相关人员进入,使用未经校准的测试设备进行调试,调试前检查无人机电池电量及飞行控制系统的稳定性,,ABCE,3（中）,5（较好）,,,
255,A-B-A-022,G（多选题）,,无人机调试过程中，有助于提升安全性的做法包括（）。,在开阔且无障碍物的区域进行调试，避免碰撞,调试前，确保无人机与遥控器之间的通信畅通无阻,调试时，操作人员应远离无人机的起飞和降落路径,无需检查无人机的飞行日志和传感器数据，直接进行调试,调试过程中，应密切关注无人机的飞行状态，及时应对异常情况,,ABCE,4（较难）,5（较好）,,,
256,A-B-A-023,B（单选题）,,在无人机测试飞行过程中，为确保飞行安全，（）措施是必要的。,使用高清摄像头进行拍摄,在人口密集区域进行飞行测试,对飞行区域进行充分的空域申请和检查,提高无人机的飞行速度,,,C,3（中）,5（好）,,,
257,A-B-A-023,B（单选题）,,在无人机测试飞行过程中，（）的行为容易导致飞行器失控。,遵守飞行规则并保持与地面的距离,避开高风险区域并保持飞行高度,与他人分享飞行数据并相互监督,长时间高速飞行并穿越密集人群区域,,,D,3（中）,5（好）,,,
258,A-B-A-023,B（单选题）,,在无人机测试飞行中，（）步骤是必不可少的。,选择飞行场地,调整摄像头角度,清洁无人机机身,起飞前的检查,,,D,3（中）,5（好）,,,
259,A-B-A-023,B（单选题）,,无人机测试飞行中，（）做法是错误的。,未经许可就进行测试,确保通讯畅通,事先规划好飞行路线,选择合适的天气条件,,,A,3（中）,5（好）,,,
260,A-B-A-023,C（判断题）,,无人机测试飞行时，操作人员可以边操作无人机边查看手机或其他电子设备（）。,正确,错误,,,,,B,3（中）,5（较好）,,,
261,A-B-A-023,C（判断题）,,为了确保无人机测试飞行的安全，操作人员只需在飞行前对无人机进行检查，飞行过程中无需再进行任何监控（）。,正确,错误,,,,,B,3（中）,5（较好）,,,
262,A-B-A-023,G（多选题）,,在无人机测试飞行过程中，为了保障飞行安全，必要的安全防护措施包括（）。,在飞行前对无人机进行全面检查，确保其处于良好状态, 选择合适的飞行区域，避开人口密集区、高压线等危险区域,飞行过程中，操作人员应始终保持对无人机的视线控制,无需考虑天气条件，随时进行飞行测试,配备应急降落伞或紧急制动系统，以应对突发情况,,ABCE,3（中）,5（较好）,,,
263,A-B-A-023,G（多选题）,,无人机测试飞行时，为确保飞行安全及合规性，正确的做法包括（）。,飞行前了解并遵守当地无人机飞行的法律法规,飞行过程中，保持与无人机之间的通信畅通,飞行高度和速度应在无人机性能参数范围内,无需进行飞行计划申报，即可随意飞行,飞行结束后，及时记录飞行日志，分析飞行数据,,ABCE,4（较难）,5（较好）,,,
264,A-B-A-024,B（单选题）,,无人机飞行过程中，螺旋桨突然停止转动，这属于（ ）故障。,动力系统故障,飞控系统故障,通信系统故障,导航系统故障,,,A,3（中）,5（好）,,,
265,A-B-A-024,B（单选题）,,不是无人机常见的机械故障的是（）。,螺旋桨损坏,电机过热,GPS信号丢失,结构件断裂,,,C,3（中）,5（好）,,,
266,A-B-A-024,B（单选题）,,无人机的传感器故障可能会导致（）。,图像模糊,无法充电,飞行高度不稳定,自动返航失败,,,C,3（中）,5（好）,,,
267,A-B-A-024,B（单选题）,,无人机的通信故障可能会导致（）。,无法接收地面指令,飞行速度加快,摄像头分辨率下降,结构件松动,,,A,3（中）,5（好）,,,
268,A-B-A-024,C（判断题）,,无人机的通信故障通常只与遥控器的硬件问题有关（）。,正确,错误,,,,,B,3（中）,5（较好）,,,
269,A-B-A-024,C（判断题）,,一般情况下，无人机的环境适应性故障主要是由于恶劣天气条件导致的（）。,正确,错误,,,,,A,3（中）,5（较好）,,,
270,A-B-A-024,G（多选题）,,无人机在飞行过程中可能会遇到多种类型的故障，属于无人机发生的内部硬件或软件故障的是（）。, 电池电量不足导致突然降落,飞行控制系统出现软件错误,GPS信号弱或丢失导致定位不准,视频传输系统故障导致图像中断,强风影响飞行稳定性,,ABD,3（中）,5（较好）,,,
271,A-B-A-024,G（多选题）,,当无人机操作出现问题时，可能造成无人机无法正常起飞的直接原因是（）。,电机故障或螺旋桨损坏,操作员未正确校准指南针, 起飞重量超出无人机的最大承载能力,地面站与无人机之间的通信链路故障,飞行区域存在强烈的电磁干扰,,AC,4（较难）,5（较好）,,,
272,A-B-A-025,B（单选题）,,在无人机通信系统故障时，（）是无效的。,检查天线连接,重启通信模块,更换电池,检查周围环境是否有信号干扰,,,C,3（中）,5（好）,,,
273,A-B-A-025,B（单选题）,,无人机通信系统故障导致无法接收遥控指令，首先应该检查（ ）。,遥控器电池,无人机飞控板,通信模块固件,无人机电池,,,A,3（中）,5（好）,,,
274,A-B-A-025,B（单选题）,,无人机在飞行中失去视频传输，但遥控信号正常，是（）类型的通信故障。,视频链路故障,遥控链路故障,GNSS信号故障,数据链路故障,,,A,3（中）,5（好）,,,
275,A-B-A-025,B（单选题）,,无人机通信系统中，FHSS（跳频扩频）技术主要用于（）。,增加通信距离,减少通信干扰,提高视频质量,增强GPS信号,,,B,3（中）,5（好）,,,
276,A-B-A-025,C（判断题）,,无人机通信系统的故障仅发生在硬件出现问题时（）。,正确,错误,,,,,B,3（中）,5（较好）,,,
277,A-B-A-025,C（判断题）,,通过优化路径规划和避免已知的干扰源，可以有效降低无人机通信故障的发生率（）。,正确,错误,,,,,A,4（较难）,5（较好）,,,
278,A-B-A-025,G（多选题）,,正常情况下，引起无人机通信系统故障的因素包括（）。,信号干扰,硬件损坏,操作员失误,不良天气条件,软件错误,,ABDE,3（中）,5（较好）,,,
279,A-B-A-025,G（多选题）,,为了减少无人机通信系统故障的风险，可以采取的措施包括（）。,使用更强大的加密技术,安装备用的通信模块,增加飞行高度以避开障碍物,提升地面站的天线增益,减少无人机的任务载荷,,BCD,3（中）,5（较好）,,,
280,A-B-A-026,B（单选题）,,无人机 GNSS（全球导航卫星系统）无法定位，首先要检查（ ）。,GNSS 天线是否连接良好,飞控系统的导航算法,电池电量是否充足,周围的磁场环境,,,A,2（易）,5（好）,,,
281,A-B-A-026,B（单选题）,,无人机 GNSS 信号弱的常见原因是（ ）。,周围有高大建筑物遮挡,飞行速度过快,搭载设备过重,相机处于拍摄状态,,,A,3（中）,5（好）,,,
282,A-B-A-026,B（单选题）,,无人机 GNSS 定位出现较大偏差，可能是因为（ ）。,卫星信号多径效应,螺旋桨产生的电磁干扰,起落架未收起,视觉传感器故障,,,A,3（中）,5（好）,,,
283,A-B-A-026,B（单选题）,,在城市环境中，无人机GNSS故障的概率较高，原因是（）。,电磁干扰较多,空气湿度大,风速变化快,温度过高,,,A,3（中）,5（好）,,,
284,A-B-A-026,C（判断题）,,无人机GNSS出现故障时，无人机将完全无法确定自己的位置（）。,正确,错误,,,,,B,3（中）,5（较好）,,,
285,A-B-A-026,C（判断题）,,使用多频段GNSS接收器能够改善在城市峡谷等复杂环境中的定位准确性（）。,正确,错误,,,,,A,3（中）,5（较好）,,,
286,A-B-A-026,G（多选题）,,引起无人机GNSS（全球导航卫星系统）故障的原因包括（）。,卫星信号被遮挡,内部时钟误差,电力供应不稳定,GNSS接收器硬件故障,地面站软件版本过低,,ABD,3（中）,5（较好）,,,
287,A-B-A-026,G（多选题）,,为了预防无人机GNSS故障，能采取的措施是（）。,安装额外的视觉定位系统作为辅助,在开阔无遮挡区域操作无人机,提高无人机飞行速度,使用多星座GNSS接收器,减少无人机的有效载荷,,ABD,4（较难）,5（较好）,,,
288,A-B-A-027,B（单选题）,,无人机飞行中出现姿态摇摆不定的故障，可能是由于（ ）。,电机转速不平衡,电池电量不足,GNSS 信号丢失,通信链路中断,,,A,3（中）,5（好）,,,
289,A-B-A-027,B（单选题）,,无人机在空中突然仰头或低头，可能是（ ）出现问题。,俯仰通道控制,横滚通道控制,偏航通道控制,油门通道控制,,,A,3（中）,5（好）,,,
290,A-B-A-027,B（单选题）,,无人机飞行姿态出现高频振动，可能是（ ）。,电机不平衡或螺旋桨损坏,高度传感器故障,通信系统受到干扰,GNSS 系统不稳定,,,A,3（中）,5（好）,,,
291,A-B-A-027,B（单选题）,,为了防止飞行姿态故障，无人机操作员应该定期进行（）。,软件更新,硬件清洁和维护,飞行路线规划,飞行速度测试,,,B,3（中）,5（好）,,,
292,A-B-A-027,C（判断题）,,无人机飞行姿态故障不会影响其导航系统的准确性（）。,正确,错误,,,,,B,3（中）,5（较好）,,,
293,A-B-A-027,C（判断题）,,定期维护和检查无人机的传感器和飞行控制系统能够有效预防飞行姿态故障（）。,正确,错误,,,,,A,4（较难）,5（较好）,,,
294,A-B-A-027,G（多选题）,,可能引起无人机飞行姿态故障的原因有（）。,传感器数据失真,飞行控制器软件错误,外部电磁干扰,动力系统性能下降,气象条件不佳,,ABCD,3（中）,5（较好）,,,
295,A-B-A-027,G（多选题）,,为了解决无人机飞行姿态故障问题，可以采取的措施有（）。,更新飞行控制算法以提高稳定性,安装更高效的电池以增加飞行时间,增强抗电磁干扰能力,校准或更换有问题的传感器,减少无人机的有效载荷,,ACD,5（难）,5（较好）,,,
296,A-B-A-028,B（单选题）,,多旋翼无人机起飞时桨叶旋转但无法离地，可能是因为（ ）。,螺旋桨转速不够,飞控系统软件更新,通信系统繁忙,视觉系统未启动,,,A,3（中）,5（好）,,,
297,A-B-A-028,B（单选题）,,无人机起飞离地几秒钟后迅速下降，可能是（ ）。,电池电量过低，无法维持飞行高度,起飞场地有斜坡,飞控系统的高度锁定功能开启,螺旋桨长度过长,,,A,3（中）,5（好）,,,
298,A-B-A-028,B（单选题）,,固定翼无人机降落时偏出跑道，可能是因为（ ）。,降落时风向改变,起落架轮胎损坏,相机在降落时拍摄,飞控系统重启,,,A,3（中）,5（好）,,,
299,A-B-A-028,B（单选题）,,在寒冷环境下，无人机起飞困难的原因可能是（）。,电池性能下降导致电量不足,电机过热保护启动,GNSS信号不稳定,摄像头结露影响视线,,,A,3（中）,5（好）,,,
300,A-B-A-028,C（判断题）,,无人机起飞和降落时遇到强风，可能导致其偏离预定位置或造成姿态不稳定（）。,正确,错误,,,,,A,3（中）,5（较好）,,,
301,A-B-A-028,C（判断题）,,即使无人机的传感器和飞行控制系统工作正常，如果起降场地选择不当，也可能导致起飞和降落故障（）。,正确,错误,,,,,A,2（易）,5（较好）,,,
302,A-B-A-028,G（多选题）,,引起无人机起飞和降落故障的因素是（）。,起降场地不平整,飞行控制器软件错误,动力系统故障,气象条件不佳（如强风、大雨）,通信链路中断,,ABCD,3（中）,5（较好）,,,
303,A-B-A-028,G（多选题）,,为了解决无人机起飞和降落故障问题，可以采取的措施是（）。,在平坦且无障碍物的开阔区域进行起降,安装更高效的电池以增加飞行时间,更新飞行控制算法以提高稳定性和响应速度,使用自动起飞和降落功能, 提升无人机的有效载荷,,ACD,3（中）,5（较好）,,,
304,A-B-A-029,B（单选题）,,在进行无人机故障检测前，首先需要掌握的是（）。,无人机的品牌与价格,无人机的系统构造及各部件功能,无人机的外观颜色与设计,无人机的飞行速度与高度,,,B,3（中）,5（好）,,,
305,A-B-A-029,B（单选题）,,无人机常见的故障类型中，不包括（）。,电机故障，如转速不稳或停止转动,遥控器信号丢失，无法控制无人机,电池老化，影响续航时间,飞行区域天气变化,,,D,3（中）,5（好）,,,
306,A-B-A-029,B（单选题）,,在识别无人机故障时，应遵循的首要原则是（）。,立即更换故障部件,观察现象，分析原因，逐步排查,忽略小故障，继续飞行,直接咨询制造商获取解决方案,,,B,3（中）,5（好）,,,
307,A-B-A-029,B（单选题）,,常用于无人机故障诊断方法是（）。,盲目拆解无人机寻找问题,使用专业的故障诊断软件和工具,仅凭经验判断，不进行任何测试,忽略故障，继续飞行直到无法工作,,,B,3（中）,5（好）,,,
308,A-B-A-029,C（判断题）,,在无人机中应用机器学习算法能够增强故障预测的能力，使得故障可以在发生之前被检测到（）。,正确,错误,,,,,A,3（中）,5（较好）,,,
309,A-B-A-029,C（判断题）,,无人机故障检测系统仅依赖单一类型的传感器数据即可实现高精度故障诊断（）。,正确,错误,,,,,B,3（中）,5（较好）,,,
310,A-B-A-029,G（多选题）,,能对无人机故障进行检测的技术是（）。,基于模型的方法，如状态估计和残差生成,数据驱动的方法，如机器学习和模式识别,传感器融合技术，结合多种传感器数据提高准确性,定期手动检查无人机硬件,使用更高效的电池以延长飞行时间,,ABC,3（中）,5（较好）,,,
311,A-B-A-029,G（多选题）,,为了提高无人机故障检测的效率和准确性，可以采取的措施包括（）。,提升无人机的最大飞行速度,集成多类型传感器，增加数据冗余度, 应用实时数据分析算法进行在线监测,扩大无人机的有效载荷能力,实施严格的飞行前检查程序,,BCE,3（中）,5（较好）,,,
312,A-B-A-030,B（单选题）,,无人机在飞行过程中，（）不属于常见故障类型。,电机不转或转速异常,电池电量迅速下降,遥控器信号不稳定,飞行区域风力过大,,,D,3（中）,5（好）,,,
313,A-B-A-030,B（单选题）,,在无人机故障维修中，（）能有效诊断故障。,随意更换疑似故障部件,使用专业的故障诊断工具和系统,仅凭经验判断，不进行专业检测,忽略微小异常，等待故障自行解决,,,B,3（中）,5（好）,,,
314,A-B-A-030,B（单选题）,,进行无人机维修时，（）不属于必备的维修工具或材料。,精密螺丝刀和扳手,专用焊台和焊锡,备用电机和螺旋桨,智能手机和社交媒体应用,,,D,3（中）,5（好）,,,
315,A-B-A-030,B（单选题）,,关于无人机电池的维护与保养，做法是正确的是（）。,长期将电池充满电存放,定期检查电池电量，避免过充或过放,随意更换不同品牌、型号的电池,飞行后立即用冷水冲洗电池以降温,,,B,3（中）,5（好）,,,
316,A-B-A-030,C（判断题）,,无人机故障维修只需要关注硬件故障，软件故障可以忽略（）。,正确,错误,,,,,B,3（中）,5（较好）,,,
317,A-B-A-030,C（判断题）,,在进行无人机故障维修时，遵循制造商提供的维修手册和指南是非常重要的（）。,正确,错误,,,,,A,4（较难）,5（较好）,,,
318,A-B-A-030,G（多选题）,,无人机故障维修的基础知识包括（）。,故障类型识别,维修工具和设备,维修流程和步骤,飞行员培训,法规和安全标准,,ABCE,3（中）,5（较好）,,,
319,A-B-A-030,G（多选题）,,无人机故障维修中常用的维修方法包括（）。,更换故障部件,软件升级,传感器校准,电池更换,数据分析和诊断,,ABCE,3（中）,5（较好）,,,
320,A-B-B-001,B（单选题）,,机械图纸中，视图通常包括（）基本类型。,前视图、右视图、顶视图,正视图、侧视图、底视图,主视图、左视图、俯视图,内视图、外视图、剖视图,,,C,2（易）,5（好）,,,
321,A-B-B-001,B（单选题）,,在机械图纸中，表面粗糙度的标注通常使用（）符号。,三角形,圆形,矩形,椭圆形,,,A,3（中）,5（好）,,,
322,A-B-B-001,B（单选题）,,机械图纸中，尺寸标注的数字后面带有“±0.1”表示（）。,长度为0.1单位,长度误差范围为0.1单位,直径为0.1单位,直径误差范围为0.1单位,,,B,3（中）,5（好）,,,
323,A-B-B-001,B（单选题）,,机械图纸中，（）符号用来表示零件的中心线。,实线,点画线,双点画线,虚线,,,D,3（中）,5（好）,,,
324,A-B-B-001,C（判断题）,,机械图纸上的所有线条都代表实体结构（）。,正确,错误,,,,,B,3（中）,5（较好）,,,
325,A-B-B-001,C（判断题）,,机械图纸必须遵循统一的标准，以确保不同工程师之间的沟通无误（）。,正确,错误,,,,,A,3（中）,5（较好）,,,
326,A-B-B-001,G（多选题）,,机械图纸中，用于描述零件尺寸和公差的元素是（）。,尺寸线,剖面线,公差带图示,符号标注（如粗糙度符号）,色彩编码,,ACD,3（中）,5（较好）,,,
327,A-B-B-001,G（多选题）,,"在阅读机械图纸时,对于正确解读图纸至关重要信息包括（）。",标题栏中的项目信息,图纸的比例尺,视图的方向和位置,零件的颜色, 特殊处理说明（如热处理要求）,,ABCE,3（中）,5（较好）,,,
328,A-B-B-002,B（单选题）,,在识别无人机三视图时，（）视图通常用来展示物体的高度和宽度尺寸。,任何一个视图,左视图,俯视图,主视图,,,D,3（中）,5（好）,,,
329,A-B-B-002,B（单选题）,,无人机三视图中，（）视图可以提供物体深度的信息。,左视图,主视图,俯视图,任何一个视图,,,A,3（中）,5（好）,,,
330,A-B-B-002,B（单选题）,,在无人机三视图的识别中，（）视图通常用来展示物体的长度和宽度尺寸。,俯视图,主视图,左视图,任何一个视图,,,A,3（中）,5（好）,,,
331,A-B-B-002,B（单选题）,,三视图包括主视图、左视图和俯视图，其中主视图是从（）方向观察物体得到的视图。,物体的前面,物体的左面,物体的上面,物体的右面,,,A,3（中）,5（好）,,,
332,A-B-B-002,C（判断题）,,三视图包括主视图、俯视图和侧视图，这些视图是从三个正交方向投影得到的（）。,正确,错误,,,,,A,3（中）,5（较好）,,,
333,A-B-B-002,C（判断题）,,为了正确解读三视图，必须先理解其中一个视图，然后再将其与其他两个视图结合考虑（）。,正确,错误,,,,,A,3（中）,5（较好）,,,
334,A-B-B-002,G（多选题）,,识别机械图纸上的三视图时，可以帮助正确理解零件的形状和尺寸的方法包括（）。,查看标题栏以了解图纸比例,通过对比三个视图中的相同边长来确定零件的实际尺寸,根据剖面线的方向判断不同部分的位置关系,使用颜色区分不同材料或加工区域,分析各视图之间的投影关系,,ABCE,3（中）,5（较好）,,,
335,A-B-B-002,G（多选题）,,识别复杂组合体的三视图时，（ ）方法有助于分解和理解物体的结构。,形体分析法：将组合体分解为若干基本几何体，分别分析其视图,线面分析法：分析视图中的线条和平面，确定它们所代表的物体表面,对视图进行上色，通过颜色区分不同部分,制作简单的模型辅助理解，对照模型看三视图,对比相似物体的三视图，找出异同点来理解复杂组合体,,ABDE,3（中）,5（较好）,,,
336,A-B-B-003,B（单选题）,,在无人机机械装配图中，（）确定部件之间的装配顺序和相对位置。,仅依靠部件清单中的序号,通过观察部件的形状和大小,参考装配图中的指示箭头和标注,仅依赖装配图的标题说明,,,C,3（中）,5（好）,,,
337,A-B-B-003,B（单选题）,,在机械装配图中，用于传递运动和动力的部分是（）。,滚动轴承,轴承座,齿轮箱,皮带轮,,,C,3（中）,4（较好）,,,
338,A-B-B-003,B（单选题）,,在阅读无人机机械装配图时，（）是首先要做的。,查看图纸标题栏,分析各个视图,理解组件的功能,标注尺寸和公差,,,A,1（较易）,5（好）,,,
339,A-B-B-003,B（单选题）,,在无人机机械装配图中，（）提供了有关结构稳定性测试的结果。,主视图,结构分析图,加载测试报告,安全标准文件,,,B,2（易）,5（好）,,,
340,A-B-B-003,C（判断题）,,人机机械装配图中的明细栏只列出了零件的名称和数量，其他信息可以从零件图中获取。（）,正确,错误,,,,,B,1（较易）,5（好）,,,
341,A-B-B-003,C（判断题）,,无人机机械装配图中的尺寸公差标注只对加工零件有意义，对装配过程没有影响。（）,正确,错误,,,,,B,2（易）,5（好）,,,
342,A-B-B-003,G（多选题）,,在无人机机械装配图中，剖面线的作用包括（ ）。,区分不同的零件,表示零件的材料类型,显示零件的内部结构,体现零件的厚度变化,直接表达零件的尺寸,,AC,2（易）,5（好）,,,
343,A-B-B-003,G（多选题）,,无人机机械装配图中的技术要求通常有（ ）。,装配顺序,调试方法,质量检验标准,零件加工工艺,零件装配工艺,,ABC,2（易）,5（好）,,,
344,A-B-B-004,B（单选题）,,（）不是属于液压传动系统的组成部分。,油泵,油箱,电动机,液压缸,,,C,3（中）,5（好）,,,
345,A-B-B-004,B（单选题）,,制造工件所用的材料，必须具备基本性能有（）。,塑性、韧性、强度、硬度,导电性、磁性、可燃性、导热性,脆性、可燃性、导电性、抗腐蚀性,导电性、磁性、可燃性、导热性,,,A,3（中）,5（好）,,,
346,A-B-B-004,B（单选题）,,（）材料常用于无人机的桨叶制作。,木材,塑料,碳纤维,高强度工业塑料,,,D,2（易）,5（好）,,,
347,A-B-B-004,B（单选题）,,无人机机体通常使用（）材料以实现轻量化和高强度。,铝合金,碳纤维复合材料,不锈钢,木材,,,B,2（易）,5（好）,,,
348,A-B-B-004,C（判断题）,,在无人机机械系统中，金属部件之间的连接只要拧紧就不会出现松动问题。（）,正确,错误,,,,,B,2（易）,5（好）,,,
349,A-B-B-004,C（判断题）,,无人机的机械结构强度对于保障飞行安全至关重要。（）,正确,错误,,,,,A,2（易）,5（好）,,,
350,A-B-B-004,G（多选题）,,无人机机械传动方式主要包括（ ）。,齿轮传动,带传动,链传动,直驱（无传动部件，电机直接连接）,液压传动,,ABD,3（中）,5（好）,,,
351,A-B-B-004,G（多选题）,,人机机械技术在维护保养方面需要关注的内容包括（ ）。,机械部件的磨损情况检查,连接部位的松动检查,机械部件的清洁，防止灰尘和杂物影响性能,对关键机械部件进行定期润滑,故障预测与排除,,ABCD,2（易）,5（好）,,,
352,A-B-B-005,B（单选题）,,无人机的旋翼通常通过（）方式与电机连接。,焊接,卡扣固定,螺纹连接,磁力吸附,,,C,3（中）,5（好）,,,
353,A-B-B-005,B（单选题）,,无人机的机臂与机身连接通常采用（）类型的紧固件。,螺栓和螺母,焊接,胶水粘合,拉链,,,A,3（中）,5（好）,,,
354,A-B-B-005,B（单选题）,,无人机的电子设备（如飞控板）与结构件之间的连接通常采用（）方式。,机械固定,磁力吸附,粘接,焊接,,,A,2（易）,5（好）,,,
355,A-B-B-005,B（单选题）,,无人机的机械连接中，（）类型的连接最适合用于承受高扭矩。,焊接连接,螺栓连接,铆接连接,胶粘连接,,,B,2（易）,5（好）,,,
356,A-B-B-005,C（判断题）,,在高振动环境下飞行的无人机，其机械连接应该采用更具弹性的连接方式，以减少振动传递。（）,正确,错误,,,,,A,2（易）,5（好）,,,
357,A-B-B-005,C（判断题）,,对于一些对密封要求较高的无人机部件连接，如电池仓的连接，采用密封胶条配合适当的机械连接方式是一种合理的做法。（）,正确,错误,,,,,A,2（易）,5（好）,,,
358,A-B-B-005,G（多选题）,,在无人机机械连接中，当连接不同材质的部件时，需要考虑（ ）。, 两种材料的导电性差异，避免产生电化学腐蚀,材料的硬度差异，防止在连接过程中损坏较软的材料,材料的热传导性差异，对连接部位的温度分布的影响,材料的颜色差异，保证连接后的美观性,材料的可加工性差异，确保连接方式能够顺利实施,,ABCE,2（易）,5（好）,,,
359,A-B-B-005,G（多选题）,,对于无人机的折叠结构机械连接，除了保证连接强度外，还需要考虑（ ）。,折叠的便利性，连接结构不能阻碍折叠动作,折叠后的锁定功能，确保折叠状态的稳定性,多次折叠后的磨损情况，要保证连接部件的耐用性,折叠部位的防水性能，防止水分进入影响连接,连接结构的颜色与无人机整体外观的协调性，保证美观,,ABCD,2（易）,5（好）,,,
360,A-B-B-006,B（单选题）,,在无人机的机械传动系统中，（）材料不适合用于制作传动齿轮。,铝合金,不锈钢,尼龙,工程塑料,,,C,3（中）,5（好）,,,
361,A-B-B-006,B（单选题）,,无人机的传动系统中，为了减少齿轮传动的噪音和磨损，通常会在齿轮上添加（）。,润滑油,防锈漆,冷却液,绝缘层,,,A,3（中）,4（较好）,,,
362,A-B-B-006,B（单选题）,,无人机的传动系统中，链条传动相比于齿轮传动的主要优点是（）。,更大的承载能力,更好的适应性，可以用于长距离传动,更高的传动效率,更好的自润滑性能,,,B,3（中）,5（好）,,,
363,A-B-B-006,B（单选题）,,无人机在高速飞行时，为了保持传动系统的稳定性，（）措施是不必要的。,增加传动部件的数量以分散负载,使用高精度的传动部件,定期检查传动部件的磨损情况,保持传动部件的清洁和润滑,,,A,3（中）,5（好）,,,
364,A-B-B-006,C（判断题）,,无人机的机械传动系统越复杂，其动力传递效率越高。（）,正确,错误,,,,,B,2（易）,5（好）,,,
365,A-B-B-006,C（判断题）,,在无人机机械传动中，链条传动的精度比齿轮传动的精度高。（）,正确,错误,,,,,B,2（易）,5（好）,,,
366,A-B-B-006,G（多选题）,,无人机机械传动系统中的弹性元件（如弹性联轴器、弹性挡圈等）的主要作用包括（ ）。,缓冲和吸收振动，减少动力传递过程中的冲击,补偿安装误差，允许一定范围内的轴向、径向和角度偏差,防止传动部件之间的刚性碰撞，保护精密部件,调整传动系统的刚度，改变动力传递特性,增加传动系统的重量，以提高系统的稳定性,,ABC,3（中）,5（好）,,,
367,A-B-B-006,G（多选题）,,在无人机机械传动系统的故障诊断中，（）现象可能表明传动部件出现问题。,异常的振动和噪声，可能是由于部件磨损、不平衡或松动引起,动力传递中断或不稳定，如螺旋桨转速忽高忽低，可能是传动部件损坏或连接不良, 发热异常，可能是由于润滑不良、部件摩擦过大或过载,出现异味，可能是由于传动部件过热、润滑剂燃烧或部件损坏产生的气味,外观颜色稍微变深，就一定代表传动部件出现严重故障,,ABCD,3（中）,5（好）,,,
368,A-B-B-007,B（单选题）,,在无人机机械传动系统中，为了提高传动效率，常采用来连接两个轴的方式是（）。,带传动,链传动,齿轮传动,键传动,,,C,3（中）,5（好）,,,
369,A-B-B-007,B（单选题）,,在无人机机械传动系统中，为防止过载，通常会安装（）。,熔断器,制动器,弹簧,安全链,,,A,3（中）,4（较好）,,,
370,A-B-B-007,B（单选题）,,在大型无人机的机械传动系统中，（）的弹簧通常用于缓冲冲击。,螺旋弹簧,盘簧,气囊弹簧,膜片弹簧,,,B,3（中）,5（好）,,,
371,A-B-B-007,B（单选题）,,在大型无人机的机械传动系统中，（）的轴承最适合承受较大的径向负荷。,圆锥滚子轴承,深沟球轴承,角接触球轴承,推力轴承,,,A,3（中）,5（好）,,,
372,A-B-B-007,C（判断题）,,在无人机的机械传动部件中，增加润滑可以提高传动效率，但会增加重量。（）,正确,错误,,,,,A,2（易）,5（好）,,,
373,A-B-B-007,C（判断题）,,在设计无人机机械传动系统时，只要考虑动力传递的功能即可，不需要考虑散热问题。（）,正确,错误,,,,,B,1（较易）,4（较好）,,,
374,A-B-B-007,G（多选题）,,在无人机机械传动中，齿轮传动的优点包括（ ）。,传动效率高,传动过程中不会产生振动和噪声,结构紧凑，占用空间相对较小,可以承受较大的负载,能够精确控制传动比，实现转速和扭矩的精准调节,,ACDE,2（易）,5（好）,,,
375,A-B-B-007,G（多选题）,,在无人机机械传动系统的维护中，需要检查的内容包括（ ）。,传动部件的磨损情况，如齿轮的齿面、轴承的内外圈,传动部件的连接是否松动，如螺丝是否紧固,润滑情况，是否需要补充或更换润滑剂,传动部件的精度是否下降，如齿轮的啮合间隙是否变大,传动部件的颜色是否发生变化，颜色变化代表部件损坏,,ABCD,3（中）,5（好）,,,
376,A-B-B-008,B（单选题）,,碳纤维复合材料的主要特点不包括（）。,高强度,高韧性,轻质,耐腐蚀,,,B,3（中）,5（好）,,,
377,A-B-B-008,B（单选题）,,碳纤维复合材料与其他传统材料相比，最大的缺点是（）。,生产工艺复杂成本高,易燃易爆,易变形寿命短,化学稳定性差,,,A,3（中）,5（好）,,,
378,A-B-B-008,B（单选题）,,碳纤维复合材料在无人机领域的应用主要是因为其（）的特点。,低成本,易于加工,高比强度和比刚度,良好的导电性,,,C,2（易）,5（好）,,,
379,A-B-B-008,B（单选题）,,碳纤维复合材料的一个主要缺点是（）。,成本较高,不易加工,易受湿气影响,导热性能好,,,A,1（较易）,5（好）,,,
380,A-B-B-008,C（判断题）,,碳纤维复合材料是一种良好的导电材料，因为碳纤维本身具有导电性。（）,正确,错误,,,,,A,1（较易）,5（好）,,,
381,A-B-B-008,C（判断题）,,碳纤维复合材料的韧性和碳纤维的韧性一样好，在受到撞击时不会断裂。（）,正确,错误,,,,,B,2（易）,5（好）,,,
382,A-B-B-008,G（多选题）,,碳纤维复合材料的耐化学性能体现在（ ）。,对大多数有机溶剂具有良好的耐受性,在酸性环境下，比金属材料更耐腐蚀,对于一些强氧化性物质，能保持较好的稳定性,在碱性环境中的耐腐蚀性取决于基体材料的性质,在高温的盐溶液中，其耐腐蚀性与金属材料相同,,ABD,3（中）,5（好）,,,
383,A-B-B-008,G（多选题）,,碳纤维复合材料的环境适应性的描述，正确的是（ ）,在高湿度环境下，其性能可能会受到影响，如吸湿后强度下降,在沙尘环境中，其表面耐磨性能好，不会出现磨损,在紫外线长期照射下，可能会出现表面老化现象,在低温环境下，其韧性会增加，有利于承受冲击,在高温环境下，其性能保持相对稳定，但超过一定温度后性能会下降,,ACE,3（中）,5（好）,,,
384,A-B-B-009,B（单选题）,,木质材料通常具有（）显著的物理性质。,高导电性,高密度与低导热性,优良的透明性,较低的密度和良好的隔热性,,,D,3（中）,5（好）,,,
385,A-B-B-009,B（单选题）,,在力学性能方面，木质材料的一个显著优势是（）。,极高的抗压强度,较差的抗弯强度,优秀的抗拉强度与一定的韧性,极易破碎,,,C,3（中）,5（好）,,,
386,A-B-B-009,B（单选题）,,木质材料因（）常被用于提升产品的美观性。,鲜艳的颜色和光泽,独特的纹理和色泽,平滑的表面触感,强烈的反光效果,,,B,1（较易）,5（好）,,,
387,A-B-B-009,B（单选题）,,木质材料的吸湿性对其有影响的是（）。,吸水后强度显著增加,几乎不吸水，对性能无影响,吸水后易导致尺寸变化和性能下降,吸水性能取决于表面处理,,,C,3（中）,5（好）,,,
388,A-B-B-009,C（判断题）,,木质材料的吸湿性是因为木材会和水发生化学反应，吸收水分。（）,正确,错误,,,,,B,1（较易）,5（好）,,,
389,A-B-B-009,C（判断题）,,木材的细胞结构使其具有一定的吸声性能，可用于减少室内回声。（）,正确,错误,,,,,A ,2（易）,5（好）,,,
390,A-B-B-009,G（多选题）,,可以提高木质材料的耐久性方法有（）。,防腐处理，如用防腐剂浸渍木材,表面涂漆，形成保护膜，阻止水分和空气进入,干燥处理，将木材含水率控制在合适范围,增加木材的湿度，使其处于高湿度环境,碳化处理，改变木材的化学结构,,ABCE,2（易）,5（好）,,,
391,A-B-B-009,G（多选题）,,关于木材密度的描述，正确的有（）。,木材密度与木材的重量和体积有关，密度 = 质量 / 体积,密度大的木材通常强度较高，但不是绝对的,木材密度可以通过改变木材的含水率来调整,不同种类木材密度差异较大，可用于鉴别木材种类,木材密度只与木材细胞的大小有关，与细胞壁厚度无关,,ABD,3（中）,5（好）,,,
392,A-B-B-010,B（单选题）,,塑料在制造过程中通常需要添加的物质是（）。,稳定剂,颜料,填充剂,润滑剂,,,B,3（中）,5（好）,,,
393,A-B-B-010,B（单选题）,,塑料的主要缺点是（）。,易变形,不易降解,易老化,易燃易爆,,,B,3（中）,5（好）,,,
394,A-B-B-010,B（单选题）,,塑料相比金属材料的一大优势是（）。,更高的熔点,更强的抗拉强度,更轻的重量,更好的导电性,,,C,2（易）,5（好）,,,
395,A-B-B-010,B（单选题）,,塑料在无人机制造中最常见的应用是（）。,结构框架,电路连接器,电机,螺旋桨叶片,,,D,2（易）,5（好）,,,
396,A-B-B-010,C（判断题）,,注塑成型的无人机塑料零件，其尺寸精度完全由模具决定，与塑料材料本身特性无关。（）,正确,错误,,,,,B,2（易）,5（好）,,,
397,A-B-B-010,C（判断题）,,用于无人机螺旋桨的塑料材料，其硬度越高越好，这样能保证螺旋桨的效率。（）,正确,错误,,,,,B,2（易）,5（好）,,,
398,A-B-B-010,G（多选题）,,无人机的塑料螺旋桨需要具备（）特性。,较高的强度 和重量比，以保证在旋转时的稳定性和效率,良好的耐疲劳性，能够承受长时间的旋转应力,合适的柔韧性，减少因振动而断裂的风险, 较低的吸水性，防止因吸水导致性能下降,较高的热膨胀系数，能适应不同温度环境下的尺寸变化,,ABCD,2（易）,5（好）,,,
399,A-B-B-010,G（多选题）,,对于无人机的塑料连接部件（如螺丝、卡扣等），需要考虑的特性有（）。,足够的强度，确保连接的可靠性,良好的耐化学性，防止被化学物质腐蚀而损坏,合适的透明度，方便观察内部结构,与相连部件材料的兼容性，避免出现不相容问题,尺寸稳定性，在不同环境条件下能保持精确的尺寸，保障连接精度,,ABDE,2（易）,5（好）,,,
400,A-B-B-011,B（单选题）,,玻璃纤维材料因其（）广泛应用于高温环境。,良好的导电性,高耐热性,易燃性,高吸湿性,,,B,3（中）,5（好）,,,
401,A-B-B-011,B（单选题）,,玻璃纤维材料相比金属材料，在（）下更具优势。,强磁场环境,导电性能要求高的场合,腐蚀性介质环境,高压环境,,,C,2（易）,3（中）,,,
402,A-B-B-011,B（单选题）,,玻璃纤维材料常用于增强塑料等复合材料中，主要因（）。,绝缘性好,机械强度高,重量重,吸湿性高,,,B,3（中）,5（好）,,,
403,A-B-B-011,B（单选题）,,在电气工程中，玻璃纤维材料常被用作（）。,导电材料,绝缘材料,磁性材料,半导体材料,,,B,3（中）,5（好）,,,
404,A-B-B-011,C（判断题）,,玻璃纤维在紫外线长时间照射下不会发生性能变化。（）,正确,错误,,,,,B,3（中）,5（好）,,,
405,A-B-B-011,C（判断题）,,玻璃纤维在断裂前不会发生明显的变形，属于脆性材料。（）,正确,错误,,,,,A,2（易）,3（中）,,,
406,A-B-B-011,G（多选题）,,玻璃纤维在电气绝缘方面表现出色，这主要得益于它的（）特性。,低导电性，其电阻率很高,耐湿性好，即使在潮湿环境下也能保持绝缘性能,可以阻止电子的迁移，因为其内部结构紧密,耐高温，在一定高温范围内不会失去绝缘性能,化学稳定性高，在复杂化学环境中不会被腐蚀而影响绝缘性能,,ACDE,3（中）,5（好）,,,
407,A-B-B-011,G（多选题）,,玻璃纤维在复合材料中的应用广泛，主要是因为它能为复合材料带来（ ）。,增强的机械性能，提高复合材料的强度和模量,改善的耐疲劳性能，延长复合材料的使用寿命,更好的尺寸稳定性，减少复合材料在温度和湿度变化时的变形,增强的抗老化性能，降低复合材料受外界环境影响而老化的速度,增加的导热性能，使复合材料能够快速散热,,ABC,5（好）,5（好）,,,
408,A-B-B-012,B（单选题）,,使用螺丝刀时，（）握持方式是不正确的。,用手掌握住螺丝刀的手柄,用拇指和食指捏住螺丝刀的刀柄,用指尖轻触螺丝刀的刀柄,用整个手掌握住螺丝刀的手柄，手指环绕手柄,,,C,3（中）,5（好）,,,
409,A-B-B-012,B（单选题）,,当螺丝刀的刀头磨损或损坏时，（）做法是正确的。,更换新的螺丝刀,使用钳子强行拧动螺丝,用锉刀自行修磨刀头,继续使用，直到完全不能用为止,,,A,3（中）,5（好）,,,
410,A-B-B-012,B（单选题）,,使用螺丝刀拧紧螺丝时，（）力是不应该施加的。,侧向力,旋转力,轴向压力,轴向拉力,,,A,2（易）,5（好）,,,
411,A-B-B-012,B（单选题）,,当螺丝刀无法拧动紧固的螺丝时，（）做法是正确的。,使用合适的润滑油或松动剂，然后轻轻拧动,使用螺丝刀的刀头作为撬棍,使用螺丝刀的刀柄敲击螺丝,用更大的力气强行拧动,,,A,1（较易）,5（好）,,,
412,A-B-B-012,C（判断题）,,可以使用螺丝刀拆卸无人机螺旋桨上的螺丝来更换不同尺寸的螺旋桨，而无需考虑其他因素。 ( ),正确,错误,,,,,B,1（较易）,5（好）,,,
413,A-B-B-012,C（判断题）,,在调整无人机相机支架螺丝时，不需要对螺丝刀进行任何清洁处理，直接使用即可。 ( ),正确,错误,,,,,B,1（较易）,5（好）,,,
414,A-B-B-012,G（多选题）,,（）可能需要使用螺丝刀来维护无人机。,更换螺旋桨,清洁电机,安装飞行控制器,检查电池连接线,擦拭无人机表面,,AB,3（中）,5（好）,,,
415,A-B-B-012,G（多选题）,,在使用螺丝刀对无人机进行维修时，为了防止静电损坏电子元件，正确的做法是（ ）。,使用防静电螺丝刀,佩戴防静电手环,将无人机接地,用湿布擦拭螺丝刀,在防静电工作台上进行操作,,ABCE,3（中）,5（好）,,,
416,A-B-B-013,B（单选题）,,铝合金在常温下的塑性变形能力较差，因此主要用于制造（）。,压力容器,飞机零件,箱包外壳,建筑门窗,,,D,3（中）,5（好）,,,
417,A-B-B-013,B（单选题）,,适合用于制作厨房用具的铝合金是（）。,铝-镁合金,铝-铜合金,铝-硅合金,铝-锌合金,,,D,3（中）,4（较好）,,,
418,A-B-B-013,B（单选题）,,铝合金在无人机制造中的主要优点是（）。,高强度,重量大,硬度高,维护成本低,,,A,2（易）,5（好）,,,
419,A-B-B-013,B（单选题）,,铝合金在无人机制造中主要用于（）。,机身框架,发动机,电子设备,传感器,,,A,2（易）,5（好）,,,
420,A-B-B-013,C（判断题）,,铝合金的弹性模量比塑料高。 ( ),正确,错误,,,,,A,2（易）,5（好）,,,
421,A-B-B-013,C（判断题）,,无人机使用铝合金材料主要是因为其密度大，可以增加无人机的稳定性。 ( ),正确,错误,,,,,B,3（中）,4（较好）,,,
422,A-B-B-013,G（多选题）,,铝合金在无人机中应用的主要优势有（）。,轻质，能够减轻无人机整体重量,高强度，提供必要的结构支撑,良好的电导性，适合电路传输,良好的耐腐蚀性，适应多变环境,易于加工，制造成本低 ,,ABD,2（易）,5（好）,,,
423,A-B-B-013,G（多选题）,,铝合金的（）特性使其成为无人机外壳和机架的理想材料。,易于加工成型,较高的熔点，耐高温性能好,高抗拉强度,良好的抗氧化能力,良好的耐腐蚀性能 ,,ACD,3（中）,4（较好）,,,
424,A-B-B-014,B（单选题）,,无人机机体结构中，（）部件不直接参与飞行动力的产生。,电机,螺旋桨,电池,机架,,,D,3（中）,5（好）,,,
425,A-B-B-014,B（单选题）,,在多旋翼无人机中，用于保持无人机稳定的部件是（）。,电机,电池,遥控器,飞控系统,,,D,3（中）,4（较好）,,,
426,A-B-B-014,B（单选题）,,在无人机机体结构中，用于传输飞控系统指令的部件是（）。,电调,GPS模块,电机,遥控器,,,A,2（易）,5（好）,,,
427,A-B-B-014,B（单选题）,,无人机机体结构中，用于接收和发送无线信号的部件是（）。,无线图传模块,遥控器,飞控系统,电机,,,A,2（易）,5（好）,,,
428,A-B-B-014,C（判断题）,,无人机的机体结构通常由机身、机翼、动力系统、控制系统和传感器等部分组成。,正确,错误,,,,,A,3（中）,5（好）,,,
429,A-B-B-014,C（判断题）,,无人机的机体结构中，控制系统仅包括飞行控制器，不涉及其他飞行器的控制部件。,正确,错误,,,,,B,3（中）,4（较好）,,,
430,A-B-B-014,G（多选题）,,（）部分通常属于无人机的机体结构。,机架（框架、支撑结构）,电池,摄像头,动力系统（电机、推进器等）,飞行控制器,,AD,2（易）,5（好）,,,
431,A-B-B-014,G（多选题）,,（）是无人机机体结构中可能用到的材料。,铝合金,碳纤维,塑料,钛合金,玻璃纤维,,ABCD,2（易）,5（好）,,,
432,A-B-B-015,B（单选题）,,无人机动力系统中，电机的主要作用是（）。,提供无人机飞行所需的电力,控制无人机的飞行方向,将电能转化为机械能，驱动螺旋桨旋转,储存无人机所需的能量,,,C,3（中）,5（好）,,,
433,A-B-B-015,B（单选题）,,无人机电机的KV值指的是（）。,电机每伏电压提升带来的每分钟转速的增加量,电机的电压,电机的电流,电机的功率,,,A,2（易）,5（好）,,,
434,A-B-B-015,B（单选题）,,无人机电机的电调（电子调速器）的主要作用是（）。,调节电机的电压,储存电能,转换电能为机械能,根据控制信号调节电动机的转速,,,D,1（较易）,5（好）,,,
435,A-B-B-015,B（单选题）,,无人机电机的外壳内直径和高度通常（）表示。,以毫米为单位，前两位代表直径，后两位代表高度,以英寸为单位，前两位代表直径，后两位代表高度,以毫米为单位，前两位代表高度，后两位代表直径,以英寸为单位，前两位代表高度，后两位代表直径,,,A,2（易）,5（好）,,,
436,A-B-B-015,C（判断题）,,无人机电机的转子部分是负责旋转并驱动螺旋桨产生推力的关键部件。,正确,错误,,,,,A,3（中）,5（好）,,,
437,A-B-B-015,C（判断题）,,电调（ESC）是无人机电机机械结构的组成部分，它负责直接产生推力。,正确,错误,,,,,B,3（中）,4（较好）,,,
438,A-B-B-015,G（多选题）,,（）部件是无人机电机机械结构的常见组成部分。,电机壳体,电调（ESC）,电池,转子, 推进器,,ABDE,2（易）,5（好）,,,
439,A-B-B-015,G（多选题）,,在无人机的电机机械结构中，（）负责转动和产生推力。,电调（ESC）,转子,螺旋桨,定子,风扇,,BC,2（易）,5（好）,,,
440,A-B-B-016,B（单选题）,,无人机机械装配中，用于校准和调整设备精度的工具是（）。,长度规,角度尺,水平仪,坐标测量机,,,D,2（易）,5（好）,,,
441,A-B-B-016,B（单选题）,,在无人机机械装配中，（）用于测量角度和弧度的工具。,圆规,弧度尺,半圆规,角度尺,,,B,2（易）,5（好）,,,
442,A-B-B-016,B（单选题）,,在无人机的装配过程中为了高效及方便省力，（）工具被广泛用于拧紧螺丝和螺母。,手动扳手,气动扳手,电动扳手,焊枪,,,C,2（易）,5（好）,,,
443,A-B-B-016,B（单选题）,,无人机装配完成后，通常使用（）进行最终的质量检查。,三坐标测量机,微米螺旋测微仪,激光扫描仪,游标卡尺,,,A,2（易）,5（好）,,,
444,A-B-B-016,C（判断题）,,在无人机的装配过程中，使用游标卡尺可以精确测量零部件的外径、内径和深度。,正确,错误,,,,,A,3（中）,5（好）,,,
445,A-B-B-016,C（判断题）,,在无人机装配过程中，扭矩扳手用于测量螺栓的长度。,正确,错误,,,,,B,3（中）,4（较好）,,,
446,A-B-B-016,G（多选题）,,在无人机装配过程中，（）可以用来测量零部件的尺寸和精度。,游标卡尺,千分尺,扭矩扳手,测深仪,直尺,,ABD,2（易）,5（好）,,,
447,A-B-B-016,G（多选题）,,在无人机装配过程中，（）工具是常见的装配工具，用于组装和固定无人机各个零部件。,扭矩扳手,螺丝刀,钳子,手动钻孔机,扳手,,ABCD,2（易）,5（好）,,,
448,A-B-B-017,B（单选题）,,当使用扭力扳手拧紧螺栓或螺母时，应该（）。,快速、大力地拧紧,缓慢、轻柔地拧紧,慢慢用力，直到感觉到阻力,猛烈地用尽全力拧紧,,,C,3（中）,5（好）,,,
449,A-B-B-017,B（单选题）,,使用扭力扳手时，预设扭矩值是为（）。,为了确保螺栓或螺母不会过紧或过松,为了测量螺栓或螺母的大小,为了确定螺栓或螺母的材质,为了计算所需的力量,,,A,2（易）,5（好）,,,
450,A-B-B-017,B（单选题）,,在使用扭力扳手时，应该先调整到（）。,最小扭矩值,中间扭矩值,预期扭矩值,最大扭矩值,,,D,1（较易）,5（好）,,,
451,A-B-B-017,B（单选题）,,当扭力扳手发出“click”声时代表（）。,已达到预设扭矩值,需要继续施加力量,扭矩值过低,扭矩值过高,,,A,2（易）,5（好）,,,
452,A-B-B-017,C（判断题）,,在使用扭矩扳手时，应尽量用力快速施加，以确保扭矩值准确。,正确,错误,,,,,B,3（中）,5（好）,,,
453,A-B-B-017,C（判断题）,,使用扭矩扳手时，设置的扭矩值应该根据制造商的推荐值来调整。,正确,错误,,,,,A,2（易）,5（好）,,,
454,A-B-B-017,G（多选题）,,在使用扭矩扳手时操作正确的是（）。,使用前先调节扭矩扳手的设定值，以确保紧固力矩符合要求,用力过猛，不要等到扭矩扳手发出“咔哒”声才停止施力,使用扭矩扳手时，手应放在柄部中心位置,扭矩扳手只需进行单向操作，不可逆转,在施加扭矩时，保持扭矩扳手和被紧固物件之间的垂直状态,,ACE,1（较易）,5（好）,,,
455,A-B-B-017,G（多选题）,,在使用扭矩扳手进行无人机装配时，操作步骤正确的是（）。,在开始施加扭矩之前，确保螺纹清洁并涂抹润滑剂,扭矩扳手应该用作日常的常规工具进行每一次的紧固操作,扭矩设置应该根据制造商的推荐值调整,扭矩扳手用完后，应立即重置为零, 执行每次紧固前，检查扭矩扳手的准确性并进行校准,,ACD,2（易）,5（好）,,,
456,A-B-B-018,B（单选题）,,在使用万用表之前，首先应进行（）操作。,直接测量,插入电池,选择合适的量程档位,关机,,,C,3（中）,5（好）,,,
457,A-B-B-018,B（单选题）,,为了确保测量准确，使用万用表前应检查的项目有（）。,电池电量是否充足,直接插入被测电路,无需任何准备,仅选择量程档位,,,A,3（中）,5（好）,,,
458,A-B-B-018,B（单选题）,,使用万用表测量直流电压时，选择档位并连接测试笔说法正确的是（）。,选择交流电压档位，红笔接负极，黑笔接正极,选择直流电压档位，红笔接正极，黑笔接负极,选择电阻档位，测试笔随意连接,选择电流档位，串联接入电路,,,B,3（中）,5（好）,,,
459,A-B-B-018,B（单选题）,,使用万用表测量电阻时，应注意的事项是（）。,测量前无需断开电源,选择合适的电阻档位，测试笔直接接触电阻两端,选择电流档位，串联接入电路,选择电压档位，并联接入电路,,,B,3（中）,5（好）,,,
460,A-B-B-018,C（判断题）,,在使用万用表测量无人机电池电压时，应该先将万用表设置为电流（A）档，再连接电池两端的测试探针。,正确,错误,,,,,B,3（中）,5（好）,,,
461,A-B-B-018,C（判断题）,,使用万用表测量无人机电路中的电阻时，应确保电源已经关闭，以避免损坏万用表或电路。,正确,错误,,,,,A,2（易）,5（好）,,,
462,A-B-B-018,G（多选题）,,在使用万用表测量无人机电池电压时，操作正确的是（）。,应将万用表设置为直流电压（DCV）档,应将万用表设置为交流电压（ACV）档,将红色探针连接到电池的正极，黑色探针连接到负极,在测量时万用表需要接入电路，不能脱离电池进行测量,在测量之前，确认万用表的电池电压测量范围是否足够覆盖待测电池的电压,,ACE,1（较易）,5（好）,,,
463,A-B-B-018,G（多选题）,,在使用万用表测量无人机电路的电阻时，操作步骤是正确的为（）。,应确保电路没有通电,应将万用表设置为电流档（A）进行测量,测量前应断开电路中的电源，以避免损坏万用表,应将万用表设置为电阻档（Ω）进行测量,在测量电阻前，确认万用表的测量范围是否足够覆盖待测电阻的值,,ACD,2（易）,5（好）,,,
464,A-B-B-019,B（单选题）,,无人机的机械装配中，（）是最常用工具。,刷子,螺丝刀,锤子,热熔枪,,,B,3（中）,4（较好）,,,
465,A-B-B-019,B（单选题）,,在无人机机械装配中，（）是最常见的连接方式。,螺纹连接,焊接连接,胶水粘合,电磁吸力连接,,,A,3（中）,5（好）,,,
466,A-B-B-019,B（单选题）,,在装配多旋翼无人机时，为了确保电机的平衡和对角线上的电机转动方向相反，应采取的措施是（）。,安装电机后，依靠飞控软件调整,仅依靠电机的外观来安装,使用标记或颜色编码来区分电机,仅依靠电机的型号来安装,,,C,2（易）,5（好）,,,
467,A-B-B-019,B（单选题）,,在无人机机械装配中，正确选择螺丝长度的方法是（）。,螺丝长度不重要，只要能拧紧即可,选择长度适中的螺丝以确保紧固,选择尽可能短的螺丝以便于安装,选择尽可能长的螺丝以确保牢固,,,B,1（较易）,5（好）,,,
468,A-B-B-019,C（判断题）,,在无人机机械装配时，所有螺钉都应紧固到位，但要避免过度拧紧，以免损坏框架或电机固定座。,正确,错误,,,,,A,3（中）,5（好）,,,
469,A-B-B-019,C（判断题）,,在装配无人机时，电池和电调连接时无需特别注意电池的极性，随便连接即可。,正确,错误,,,,,B,2（易）,5（好）,,,
470,A-B-B-019,G（多选题）,,在进行无人机机械装配时，操作正确的是（）。,确保所有螺钉和螺母已经紧固到位,装配时不需要检查电池仓的连接,安装电机时应确保电机和螺旋桨的方向一致,可以直接用手拧紧所有螺丝，而不需要使用扭力扳手,在装配前，检查所有连接和零部件是否正确匹配并符合规范,,ACE,1（较易）,5（好）,,,
471,A-B-B-019,G（多选题）,,在无人机的机械装配过程中，步骤必需的是（）。,检查所有连接线是否牢固，并避免线缆被压住,使用适当的润滑剂来减少电机的摩擦,确保框架和机身的对接面清洁，无异物,将电池和电调连接时无需考虑极性问题,在安装和连接电子部件时，避免静电干扰,,ACB,2（易）,5（好）,,,
472,A-B-B-020,B（单选题）,,无人机装配场地应保持良好通风，其主要目的是（ ）。,降低室内温度，提高装配舒适度,防止装配人员缺氧,排除焊接、胶接等过程产生的有害气体,让零件干燥，便于装配,,,C,3（中）,5（好）,,,
473,A-B-B-020,B（单选题）,,无人机机械装配区域应保持（）的环境条件以确保安全。,杂乱无章以显示工作的繁忙,干燥且通风良好,高温高湿以测试设备耐受性,充满强烈化学气味以提高警觉性,,,B,3（中）,5（好）,,,
474,A-B-B-020,B（单选题）,,在装配有电池的无人机部件时，为避免短路起火，最重要的是（ ）。,快速完成装配，减少电池暴露时间,装配前确保双手干燥,使用绝缘工具操作,边装配边用风扇给电池降温,,,C,1（较易）,5（好）,,,
475,A-B-B-020,B（单选题）,,在无人机机械装配过程中，使用个人防护装备的主要目的是（）。,提高装配效率,保护操作人员免受伤害,降低生产成本,增加设备美观度,,,B,2（易）,5（好）,,,
476,A-B-B-020,C（判断题）,,在进行无人机机械装配时，操作人员应该佩戴安全防护眼镜和手套，以防止螺钉或其他小零件飞溅伤人。,正确,错误,,,,,A,3（中）,5（好）,,,
477,A-B-B-020,C（判断题）,,在进行无人机电机和螺旋桨的安装时，应确保电机没有通电，以避免意外启动造成伤害。,正确,错误,,,,,A,2（易）,5（好）,,,
478,A-B-B-020,G（多选题）,,无人机装配时，对于工具的正确处理方式包括（）。,使用后立即归位,随意放置,确保工具状态良好,定期检查工具,定期维护工具,,ACDE,3（中）,5（好）,,,
479,A-B-B-020,G（多选题）,,无人机机械装配场地的安全管理措施包括（ ）。,划分不同功能区域，如装配区、检测区、物料存放区,张贴明显的安全警示标识,配备急救箱（不考虑消防）,定期对场地设备进行维护保养,限制非装配人员进入,,ABDE,3（中）,5（好）,,,
480,A-B-C-001,B（单选题）,,（）是电阻的单位。,Ohm (欧姆),Volt (伏特),Ampere (安培),Watt (瓦特),,,A,3（中）,5（好）,,,
481,A-B-C-001,B（单选题）,,（）是在电子电路中用来控制电流的流动的元件。,Resistor (电阻器),Capacitor (电容器),Transistor (晶体管),Inductor (电感器),,,C,3（中）,4（较好）,,,
482,A-B-C-001,B（单选题）,,电容器的作用是（）。,储存电荷,控制电流的流动,改变电压,产生电能,,,A,2（易）,5（好）,,,
483,A-B-C-001,B（单选题）,,电子电路中的“导线”通常用来（）。,控制电流的方向,连接电路组件,产生电能,存储能量,,,B,2（易）,5（好）,,,
484,A-B-C-001,C（判断题）,,在无人机电子电路中，电流的单位是伏特（V）。,正确,错误,,,,,B,3（中）,5（好）,,,
485,A-B-C-001,C（判断题）,,无人机电路中的电阻可以通过欧姆定律（V = IR）来计算，其中V表示电压，I表示电流，R表示电阻。,正确,错误,,,,,A,3（中）,4（较好）,,,
486,A-B-C-001,G（多选题）,,关于电路中电流和电压的说法，正确的是（）。,电流是电子在电路中的流动，单位为安培（A） ,电压是电子的电位差，单位为伏特（V） , 电流的方向是正电荷流动的方向 ,电压是电子流动的速度,电流和电压在电路中是完全独立的，不会相互影响 ,,AB,2（易）,5（好）,,,
487,A-B-C-001,G（多选题）,,关于无人机电子电路的描述，正确的是（）。, 控制器（Flight Controller）负责处理飞行数据和控制信号 ,电池是无人机电路中提供电力的主要来源,电机是负责提供飞行动力的关键组件,GPS模块用于发送和接收通信信号 ,无人机电子电路仅用于电池充电管理 ,,AB,2（易）,5（好）,,,
488,A-B-C-002,B（单选题）,,交流电的频率赫兹通常是（）。,50Hz,60Hz,70Hz,80Hz,,,A,3（中）,5（好）,,,
489,A-B-C-002,B（单选题）,,（）描述了交流电的优点。,长距离传输时能量损失小,安全性高,使用方便,维护成本低,,,A,3（中）,4（较好）,,,
490,A-B-C-002,B（单选题）,,交流电的频率在不同国家和地区通常是（）。,50 Hz 或 60 Hz,100 Hz 或 120 Hz,200 Hz 或 240 Hz,固定为 50 Hz,,,A,2（易）,5（好）,,,
491,A-B-C-002,B（单选题）,,直流电和交流电的主要区别是（）。,直流电的电流方向不变，交流电的电流方向周期性改变,交流电的电流方向不变，直流电的电流方向周期性改变,直流电的电压不变，交流电的电压变化,交流电的频率高于直流电,,,A,2（易）,5（好）,,,
492,A-B-C-002,C（判断题）,,交流电（AC）的电流方向是周期性变化的，因此常用于输电和家庭电力供应。,正确,错误,,,,,A,3（中）,5（好）,,,
493,A-B-C-002,C（判断题）,,直流电（DC）是指电流方向始终不变的电流类型。,正确,错误,,,,,A,3（中）,4（较好）,,,
494,A-B-C-002,G（多选题）,,关于无人机电力系统中电流类型的描述，正确的是（）。, 交流电是通过电动机驱动无人机飞行的唯一电源 ,无人机的主电池通常为直流电源 ,直流电流的方向是恒定的 ,电池充电时是交流电流,交流电流的方向是恒定的 ,,BC,2（易）,5（好）,,,
495,A-B-C-002,G（多选题）,,（）中无人机可能使用交流电。,电机驱动系统,电池充电过程,电动刹车系统,电动伺服系统,动力电池,,CD,2（易）,5（好）,,,
496,A-B-C-003,B（单选题）,,在一段电路中，已知电流为2A，电压为6V，则电阻是（）。,3Ω,6Ω,9Ω,12Ω,,,A,2（易）,5（好）,,,
497,A-B-C-003,B（单选题）,,在一个电源上，已知电压为12V，电阻为4Ω，则电流是（）。,3A,4A,5A,6A,,,D,3（中）,5（好）,,,
498,A-B-C-003,B（单选题）,,如果电阻保持不变，电压增加，电流会（）。,增加,减少,不变,取决于具体情况,,,A,3（中）,5（好）,,,
499,A-B-C-003,B（单选题）,,电功率是指（）。,电流的大小,电压的大小,电流与电压的乘积,电流与时间的乘积,,,C,3（中）,5（好）,,,
500,A-B-C-003,C（判断题）,,电功率P与电压V和电流I的关系是线性的，即功率P与电流I的平方成正比。,正确,错误,,,,,A,2（易）,5（好）,,,
501,A-B-C-003,C（判断题）,,在无人机的电路中，如果电阻R保持不变，当电流I增加时，根据欧姆定律，电压V也会增加。,正确,错误,,,,,A,3（中）,5（好）,,,
502,A-B-C-003,G（多选题）,,关于欧姆定律的描述，正确的是（）。,欧姆定律表明电阻不变时，电流大小与电压大小成正比,当电阻不变时，电流和电压呈反比关系 ,欧姆定律适用于所有类型的电路 ,欧姆定律适用于直流电路和部分交流电路 ,欧姆定律只适用于金属导体,,AD,3（中）,5（好）,,,
503,A-B-C-003,G（多选题）,,无人机电功率的计算方式正确是（）。,考虑多个电机时，将每个电机的功率相加得到总电功率,电功率表示单位时间内消耗或产生的能量 ,无人机飞行时电功率可以为负值,仅依据电池的容量大小来计算,根据无人机飞行的速度和空气阻力来计算,,AB,3（中）,5（好）,,,
504,A-B-C-004,B（单选题）,,电气原理图中，连接线的交点如果没有特殊标记，则意味着(  )。,导线在此处连接,导线在此处断开,导线在此处有特殊要求,导线在此处有附加元件,,,A,3（中）,4（较好）,,,
505,A-B-C-004,B（单选题）,,在电气原理图中，“L1、L2、L3”一般表示(  )。,三相交流电的三个相序,三条不同颜色的导线,三个不同的电气元件,三个不同的电流等级,,,A,3（中）,5（好）,,,
506,A-B-C-004,B（单选题）,,在电气原理图中，电路的正极通常用（）符号表示。,+,-,~,*,,,A,2（易）,5（好）,,,
507,A-B-C-004,B（单选题）,,"在电气原理图中，导线的编号“W1, W2, W3”代表了(  )。",导线颜色,导线长度,导线截面面积,导线的连接顺序,,,D,2（易）,5（好）,,,
508,A-B-C-004,C（判断题）,,在无人机的电气原理图中，如果一个电阻并联于电源电路中，则它的电阻值会直接影响整个电路的总电流。,正确,错误,,,,,A,2（易）,5（好）,,,
509,A-B-C-004,C（判断题）,,在无人机电路的电气图中，二极管的符号通常是一个三角形指向一条线，表示电流只能单方向流动。,正确,错误,,,,,A,3（中）,5（好）,,,
510,A-B-C-004,G（多选题）,,在无人机电子电路中，（）元件可能会在控制电路中使用。,晶体管,微控制器,电感器,陀螺仪,热电偶,,BD,3（中）,5（好）,,,
511,A-B-C-004,G（多选题）,,（）通常可以在无人机电气图中找到。,电池,电机,传感器,蓝牙模块,液压系统,,AB,3（中）,5（好）,,,
512,A-B-C-005,B（单选题）,,气压高度计是利用（）原理来测量高度的仪器。,激光测距,雷达探测,气压变化,立体几何计算,,,C,3（中）,5（好）,,,
513,A-B-C-005,B（单选题）,,随着海拔高度的上升，大气压力（）变化，这是气压高度计工作的基础原理之一。,上升,下降,保持不变,无法确定,,,B,3（中）,3（中）,,,
514,A-B-C-005,B（单选题）,,气压高度计中，（）部件是感应大气静压力的敏感元件。,机械传动机构,真空膜盒,静压导管,指示部件,,,B,4（较难）,5（好）,,,
515,A-B-C-005,B（单选题）,,气压高度计在（）领域有着广泛的应用。,医学诊断,农业灌溉,航空飞行,建筑施工,,,C,3（中）,5（好）,,,
516,A-B-C-005,C（判断题）,,气压高度计的读数可以直接与海平面高度对应，但需要根据当前的温度、气压和天气条件进行修正才能准确计算。,正确,错误,,,,,A,3（中）,5（好）,,,
517,A-B-C-005,C（判断题）,,气压高度计通过测量大气压的变化来确定飞行器的高度，因此其读数会随环境气压的变化而波动。,正确,错误,,,,,A,3（中）,3（中）,,,
518,A-B-C-005,G（多选题）,,关于无人机气压高度计的描述，正确的是（）。,气压高度计使用大气压力来计算高度 ,气压高度计的精度受大气压力变化的影响较大 ,气压高度计不适用于高空飞行 ,气压高度计通常用于测量相对高度,气压高度计可以直接测量无人机的海拔高度 ,,ABD,4（较难）,5（好）,,,
519,A-B-C-005,G（多选题）,,（）因素会影响无人机气压高度计的精度。,大气压力变化,湿度,温度,风速,电池电量,,AC,3（中）,5（好）,,,
520,A-B-C-006,B（单选题）,,无人机惯性测量单元（IMU）主要用于测量（）参数。,电磁信号强度,气压变化,物体姿态、角速度和加速度,地面高度,,,C,3（中）,5（好）,,,
521,A-B-C-006,B（单选题）,,IMU通过（）主要组件来实现其功能。,磁力计和超声波传感器,陀螺仪和加速度计,激光雷达和摄像头,气压计和温度传感器,,,B,3（中）,5（好）,,,
522,A-B-C-006,B（单选题）,,在无人机应用中，IMU主要用于（）方面。,地图绘制与导航,视频拍摄与传输,姿态控制、导航和定位,环境温度监测,,,C,5（难）,5（好）,,,
523,A-B-C-006,B（单选题）,,IMU相比其他定位技术，其显著特点是（）。,依赖GPS信号,抗干扰能力强，不依赖外界信号,精度随时间累积误差大,无法进行姿态测量,,,B,3（中）,5（好）,,,
524,A-B-C-006,C（判断题）,,惯性测量单元（IMU）通过加速度计、陀螺仪和磁力计的组合来测量无人机的加速度、角速度和航向，但无法直接测量速度和位置。,正确,错误,,,,,A,3（中）,5（好）,,,
525,A-B-C-006,C（判断题）,,IMU在长时间使用过程中，由于传感器的累积误差（如零偏和噪声），需要定期进行校准，以避免飞行状态误差的显著增加。,正确,错误,,,,,A,3（中）,5（好）,,,
526,A-B-C-006,G（多选题）,,无人机惯性测量单元（IMU）主要用于（）。,测量无人机的加速度,测量无人机的磁场强度,测量无人机的角速度,提供航向、俯仰和滚转角度信息,地面温度测,,ACD,5（难）,5（好）,,,
527,A-B-C-006,G（多选题）,,无人机惯性测量单元（IMU）常见的传感器类型有（）。,加速度计,陀螺仪,磁力计,温度传感器,超声波传感器,,ABC,3（中）,5（好）,,,
528,A-B-C-007,B（单选题）,,无人机电气系统安装中，用于测量电阻的仪器是（）。,示波器,频率计数器,兆欧表,LCR测量表,,,D,3（中）,5（好）,,,
529,A-B-C-007,B（单选题）,,在无人机电气系统调试过程中，用于测试电机转向和转速的工具是（）。,伺服舵机测试仪,振动检测仪,遥控器,兆欧表,,,A,3（中）,5（好）,,,
530,A-B-C-007,B（单选题）,,无人机电气系统安装中，用于测量电流的仪器是（）。,兆欧表,万用表,示波器,LCR测量表,,,B,3（中）,5（好）,,,
531,A-B-C-007,B（单选题）,,无人机电气系统安装中，用于测量电路板或电线是否导通的工具是（）。,电压表,万用表,功率计,频率计,,,B,2（易）,5（好）,,,
532,A-B-C-007,C（判断题）,,电压表和电流表的接入方式不同：电压表通常串联在电路中，而电流表则应并联接入电路。,正确,错误,,,,,B,3（中）,5（好）,,,
533,A-B-C-007,C（判断题）,,在无人机电器系统的安装过程中，使用示波器可以实时观察电路中的电压波形，以便检查信号的质量和干扰情况。,正确,错误,,,,,A,3（中）,5（好）,,,
534,A-B-C-007,G（多选题）,,在无人机电气系统安装过程中，（）工具通常用于电气连接和维修。,电烙铁,剥线钳,电流表,扭力扳手,锯条,,ABD,3（中）,5（好）,,,
535,A-B-C-007,G（多选题）,,进行无人机电气系统调试时，必需的仪器仪表有（）。,万用表,示波器,电压表,电流钳,手动螺丝刀,,ABCD,2（易）,5（好）,,,
536,A-B-C-008,B（单选题）,,无人机电气系统一般包括（）三个部分。,电源、电缆、接插件,电缆、供电系统、用电设备,电池、电机、电调,电源、配电系统、用电设备,,,D,3（中）,4（较好）,,,
537,A-B-C-008,B（单选题）,,无人机电气系统中，电调（电子调速器）的主要功能是（）。,控制电机转速,存储飞行数据,测量电池电压,传输控制信号,,,A,3（中）,5（好）,,,
538,A-B-C-008,B（单选题）,,无人机电气系统中，（）部件不直接参与电能的传输。,电缆,电机,电池,电调,,,B,2（易）,5（好）,,,
539,A-B-C-008,B（单选题）,,无人机电气系统中，用电设备通常指的是（）设备。,电池和电机,电调和电缆,飞控系统和传感器,螺旋桨和机架,,,C,2（易）,5（好）,,,
540,A-B-C-008,C（判断题）,,无人机电器系统中的电缆通常使用铜线或铝线，而在高频信号传输中，更倾向于使用具有较低介电常数的材料来降低信号衰减。,正确,错误,,,,,A,3（中）,4（较好）,,,
541,A-B-C-008,C（判断题）,,在无人机电器系统中，使用镀金连接器可以提高电接触的可靠性，因为镀金层具有良好的导电性和抗腐蚀性。,正确,错误,,,,,A,3（中）,5（好）,,,
542,A-B-C-008,G（多选题）,,在无人机电气系统中，（）材料通常用于电气线路的绝缘处理。,聚氯乙烯（PVC）,聚四氟乙烯（PTFE）,聚氨酯（PU）,聚酯（PET）,铝塑复合材料,,ABC,2（易）,5（好）,,,
543,A-B-C-008,G（多选题）,,无人机电气系统中的连接器和电缆通常使用（）材料以确保轻便和高强度。,铝合金,铜合金,钛合金,不锈钢,低碳钢,,ABC,2（易）,5（好）,,,
544,A-B-C-009,B（单选题）,,在无人机电气安装过程中，对于重要的部件或线路，通常需要进行的保护措施是（）。,涂漆,隔离,屏蔽,封装,,,D,3（中）,4（较好）,,,
545,A-B-C-009,B（单选题）,,无人机电气安装时，保证电气系统的稳定性与安全性的做法是（）。,合理布局、选择合适的元器件并确保电气系统接地良好,尽可能多的使用电容和电感进行滤波处理,使用高功率电源供电,在无人区域进行试验,,,A,3（中）,5（好）,,,
546,A-B-C-009,B（单选题）,,在无人机电气安装过程中，（）对于确保系统的可靠性至关重要。,使用尽可能多的电缆连接,高质量的接线端子和插头,电缆的颜色编码,电缆的长度,,,B,2（易）,5（好）,,,
547,A-B-C-009,B（单选题）,,为了减少电磁干扰，无人机的电气布线应该（）。,尽可能密集地布置所有电缆,使用屏蔽电缆并合理布局,使用非屏蔽电缆,不需要特别注意,,,C,2（易）,5（好）,,,
548,A-B-C-009,C（判断题）,,在无人机电气安装过程中，所有电缆的布线必须避免与高温部件直接接触，同时应使用抗干扰性强的屏蔽电缆，以减少电磁干扰。,正确,错误,,,,,A,3（中）,4（较好）,,,
549,A-B-C-009,C（判断题）,,无人机电气系统安装时，电缆应使用标准接头和插头进行连接，且插头的接触部分不应暴露在外部环境中，以防止水分和灰尘侵入。,正确,错误,,,,,A,3（中）,5（好）,,,
550,A-B-C-009,G（多选题）,,在无人机电气安装工艺中，确保电气系统正常运行的关键要求有（）。,所有电气接头必须焊接并加以绝缘,电缆布线应尽量避免锐角弯曲,电气系统必须避免与机械运动部件相干涉,每个模块的电源线路要独立布设，以防互相干扰,使用低质量的电缆和接头,,BCD,2（易）,5（好）,,,
551,A-B-C-009,G（多选题）,,无人机电气安装工艺中，有助于提高电气系统的安全性和稳定性都要求有（）。,所有电缆和接头应进行防水处理,电气元件应远离热源和高温区域,电线的长度应尽量减少以降低电阻,安装电流和电压保护装置,使用过高功率的电源模块,,ABD,2（易）,5（好）,,,
552,A-B-C-010,B（单选题）,,在进行无人机电气安装时，（）措施是确保电源线路安全的关键步骤。,仅使用标准电源线并随意接线,仔细检查电源线绝缘层是否有破损,直接将电源线焊接到电路板上,忽略电源线布局，以方便安装为主,,,B,3（中）,5（好）,,,
553,A-B-C-010,B（单选题）,,在安装无人机的电池管理系统时，（）处理电池之间的连接。,直接用导线将电池串联起来,使用电池管理模块进行连接,使用电烙铁焊接电池,使用插头连接电池,,,B,3（中）,3（中）,,,
554,A-B-C-010,B（单选题）,,在无人机电气安装中，（）有助于防止电路短路。,使用过长的电缆并缠绕在一起,使用合适的线束管理技术,使用尽可能多的连接器,安装尽可能多的电子设备,,,B,3（中）,5（好）,,,
555,A-B-C-010,B（单选题）,,无人机电气系统中，对电缆进行标记是为了（）。,使外观更美观,方便未来的故障排除和维护,增加电缆的重量,减少电缆的灵活性,,,B,2（易）,5（好）,,,
556,A-B-C-010,C（判断题）,,无人机电气系统中的接地系统安装时，所有接地线应确保直接连接至机身金属部分，并避免使用塑料和非导电材料作为接地线。,正确,错误,,,,,A,3（中）,5（好）,,,
557,A-B-C-010,C（判断题）,,在无人机电气系统的安装过程中，为了提高系统的可靠性，所有的电气元件应当通过快速连接器进行安装，这样便于后期的检修和更换。,正确,错误,,,,,B,3（中）,3（中）,,,
558,A-B-C-010,G（多选题）,,在进行无人机电气安装时，可以确保电气系统的可靠性的方法有（）。,使用耐高温电缆,确保所有连接点可靠固定,配置独立电源为不同模块供电,在电气系统中使用接地保护,频繁更换电池,,ABCD,3（中）,5（好）,,,
559,A-B-C-010,G（多选题）,,无人机电气安装过程中，确保电气线路安全和正常运行的关键步骤有（）。,电线按最短路径布设,确保电缆线路避免与旋翼等运动部件接触,采用可插拔连接器以便快速更换,安装防水密封件以防水汽侵入,使用太阳能板供电,,BCD,2（易）,5（好）,,,
560,A-B-C-011,B（单选题）,,为了保证无人机电气系统的安全性，（）的步骤是必要的。,定期检查电线是否有磨损或损坏,在电池电量充足时进行飞行,使用非原装充电器为电池充电,将多台无人机的电源线连接在一起,,,A,3（中）,5（好）,,,
561,A-B-C-011,B（单选题）,,（）的行为可能会导致无人机电气系统的接触不良。,清洁无人机的电路板,更换电池时使用正确的工具,将无人机暴露在潮湿的环境中,将电源线连接到正确的插头,,,C,3（中）,5（好）,,,
562,A-B-C-011,B（单选题）,,无人机电气系统中使用绝缘胶带是为了（）。,仅为了美观,防止电线磨损和短路,增加系统的复杂性,减少信号干扰,,,B,3（中）,5（好）,,,
563,A-B-C-011,B（单选题）,,在无人机电气系统中安装保险丝或断路器的主要目的是（）。,增加系统的复杂性,提高传输距离,保护电路免受过载,减少信号干扰,,,C,3（中）,5（好）,,,
564,A-B-C-011,C（判断题）,,在无人机电气系统的安装过程中，为了防止电气短路，所有电缆应使用合适的电缆保护套管，且在安装过程中应避免电缆受拉或压迫。,正确,错误,,,,,A,3（中）,5（好）,,,
565,A-B-C-011,C（判断题）,,为了提高无人机电气系统的安全性，所有电气元件应当使用过载保护器，以防止电流过大引起设备损坏或火灾。,正确,错误,,,,,A,3（中）,5（好）,,,
566,A-B-C-011,G（多选题）,,无人机电气安装过程中，必要的安全防护方法有（）。,使用过载保护装置,采用电磁兼容（EMC）设计,配置电气防火屏障,安装电池过热监测系统,使用激光测距仪进行电气安装,,ABCD,3（中）,5（好）,,,
567,A-B-C-011,G（多选题）,,为了防止无人机电气系统的电气冲击，有效的防护方法有（）。,使用适配的保险丝和断路器,配置地面电源保护装置,加强电缆绝缘保护,定期进行电气设备清洁,使用无线充电系统,,ABC,3（中）,5（好）,,,
568,A-B-C-012,B（单选题）,,如果在无人机飞行中电池电量突然耗尽，（）应急措施是正确的。,立即关闭所有非关键系统以节省电力,尝试重启无人机的电气系统,立即进行紧急降落,继续飞行直到找到安全着陆点,,,C,3（中）,5（好）,,,
569,A-B-C-012,B（单选题）,,无人机在飞行中失去动力时，应采取的应急措施包括（）。,切换到备用电源,立即执行紧急程序，包括可能的紧急着陆,尝试重新启动电机,增加电机的供电电压,,,B,3（中）,5（好）,,,
570,A-B-C-012,B（单选题）,,如果在无人机电气系统维护中发现电调（电子调速器）过热，应（）。,继续使用，直到出现故障,使用水冷却电调,立即停止使用并检查散热系统,增加电压以提高散热效率,,,C,5（难）,5（好）,,,
571,A-B-C-012,B（单选题）,,发现无人机电机在启动时发出异常噪音，应采取的应急措施是（）。,继续飞行，噪音可能很快消失,停止电机，检查电机和螺旋桨,增加电机供电电压以克服噪音,减少电机供电电压以克服噪音,,,B,3（中）,5（好）,,,
572,A-B-C-012,C（判断题）,,若在无人机电气系统安装后，出现系统电压不稳定的问题，应首先检查所有电气接头的连接是否紧固，必要时进行重新连接，并避免直接接触高压电气部件。,正确,错误,,,,,A,3（中）,5（好）,,,
573,A-B-C-012,C（判断题）,,在无人机电气安装过程中，如果发现电池连接出现异常（如电池过热或电流异常），应立即断开电池电源并进行冷却处理，以避免电池发生危险。,正确,错误,,,,,A,3（中）,5（好）,,,
574,A-B-C-012,G（多选题）,,在无人机电气系统出现故障时，可以有效应对电气故障应急措施的有（）。,立即断开电池电源,激活备用电源系统,重启飞控系统,通过无线通信系统通知地面站,增加蓝牙连接,,ABCD,5（难）,5（好）,,,
575,A-B-C-012,G（多选题）,,在进行无人机电气安装时，针对短路风险，必要的应急措施有（）。,配置过电流保护装置,使用防水电缆,设置电池电压过低警告,定期检查电气接头和线缆连接,增加LED灯光效果,,ABD,3（中）,5（好）,,,
576,A-B-D-001,B（单选题）,,计算机终端设备通常由（）部分组成。,显示器、键盘、鼠标、处理器、接口连接设备,显示器、打印机、扫描仪、路由器,键盘、音响、麦克风、摄像头,处理器、内存、硬盘、显卡,,,A,3（中）,5（好）,,,
577,A-B-D-001,B（单选题）,,在计算机终端设备中，显示器的作用是（）。,存储数据,运算数据,输入数据,输出数据,,,D,3（中）,5（好）,,,
578,A-B-D-001,B（单选题）,,在计算机终端设备中，负责处理和控制数据的是（）。,中央处理器（CPU）,存储设备,输入设备,输出设备,,,A,3（中）,5（好）,,,
579,A-B-D-001,B（单选题）,,计算机终端设备中的存储设备是用来做（）。,存储数据和程序,处理数据,控制数据传输,输入和输出数据,,,A,3（中）,5（好）,,,
580,A-B-D-001,C（判断题）,,无人机的飞行日志可以通过计算机终端设备进行存储和分析。（）,正确,错误,,,,,A,3（中）,5（好）,,,
581,A-B-D-001,C（判断题）,,无人机飞行前的检查可以通过计算机终端设备进行。（）,正确,错误,,,,,A,3（中）,5（好）,,,
582,A-B-D-001,G（多选题）,,计算机终端设备的输出设备通常包含（）。,显示器,打印机,音箱,投影仪,绘图仪,,ABD,3（中）,5（好）,,,
583,A-B-D-001,G（多选题）,,计算机终端设备的输入设备通常包含（）。,键盘,鼠标,手写板（非触摸屏）,麦克风,摄像头,,ABDE,3（中）,5（好）,,,
584,A-B-D-002,B（单选题）,,计算机操作系统的主要功能不包括（）。,管理计算机硬件资源,提供用户界面,编写应用程序,管理文件和目录,,,A,3（中）,5（好）,,,
585,A-B-D-002,B（单选题）,,（）操作系统主要用于移动设备。,Android,Linux,Windows Server,Unix,,,A,3（中）,5（好）,,,
586,A-B-D-002,B（单选题）,,在操作系统中，负责内存管理的组件是（）。,文件系统,内核,驱动程序,用户界面,,,B,2（易）,5（好）,,,
587,A-B-D-002,B（单选题）,,（）选项是开源操作系统。,Windows,macOS,Linux,iOS,,,C,2（易）,5（好）,,,
588,A-B-D-002,C（判断题）,,在无人机操作系统中，实时操作系统（RTOS）通常被用于飞行控制系统，因为它能够确保任务按严格的时间要求完成，避免延迟对飞行安全造成影响。,正确,错误,,,,,A,3（中）,5（好）,,,
589,A-B-D-002,C（判断题）,,无人机使用的计算机操作系统必须具备高效的任务调度能力和强大的资源管理功能，以确保多任务并行处理，同时保持系统稳定性和低功耗。,正确,错误,,,,,A,3（中）,5（好）,,,
590,A-B-D-002,G（多选题）,,在无人机操作系统中，实时操作系统（RTOS）所必需的特性（）。,精确的任务调度,确保任务按时完成,支持多任务并行执行,高度的系统兼容性与灵活性,虚拟化支持,,ABC,2（易）,5（好）,,,
591,A-B-D-002,G（多选题）,,无人机操作系统需要具备（）功能来确保飞行控制系统的稳定性和安全性。,实时性保障,优先级调度,异常处理与容错机制,支持图形用户界面（GUI）,大规模数据存储与云服务支持,,ABC,2（易）,5（好）,,,
592,A-B-D-003,B（单选题）,,计算机网络中，保障无人机数据传输有序进行的协议是（ ）。,HTTP,TCP,IP,UDP,,,B,3（中）,5（好）,,,
593,A-B-D-003,B（单选题）,,实现多架无人机在同一区域内同时与计算机网络稳定连接，（）是最合适的网络拓扑结构。,总线型,星型,环型,树型,,,B,3（中）,5（好）,,,
594,A-B-D-003,B（单选题）,,在利用计算机网络远程操控无人机时，（）对于减少网络延迟最为关键。,高性能显卡,快速的 CPU,高带宽网络适配器,大容量内存,,,C,3（中）,5（好）,,,
595,A-B-D-003,B（单选题）,,计算机网络中（）协议主要用于无线局域网中的通信。,HTTP,FTP,TCP/IP,Wi-Fi,,,D,3（中）,5（好）,,,
596,A-B-D-003,C（判断题）,,无人机在计算机网络中的 IP 地址是固定不变的，设定后就不能更改。(),正确,错误,,,,,B ,3（中）,5（好）,,,
597,A-B-D-003,C（判断题）,,无人机的飞行数据可以通过计算机网络进行存储和分析。(),正确,错误,,,,,A,3（中）,5（好）,,,
598,A-B-D-003,G（多选题）,,影响无人机在计算机网络中数据传输质量的因素有（ ）。,网络带宽,信号干扰,传输协议,无人机的电池电量,网络设备的老化程度,,ABCE,3（中）,5（好）,,,
599,A-B-D-003,G（多选题）,,计算机网络为无人机提供的服务包括（ ）。,远程操控,数据传输,实时监控,软件升级,飞行路径规划,,ABCD,3（中）,5（好）,,,
600,A-B-D-004,B（单选题）,,为了防止计算机病毒传播，最有效的措施是（）。,不使用外部存储设备,定期更新杀毒软件的病毒库,断开计算机与网络的连接,只使用正版软件,,,B,3（中）,5（好）,,,
601,A-B-D-004,B（单选题）,,（）是DDoS攻击。,拒绝服务攻击,分布式拒绝服务攻击,数据驱动的拒绝服务攻击,集中式拒绝服务攻击,,,B,3（中）,5（好）,,,
602,A-B-D-004,B（单选题）,,为了保护计算机不受恶意软件的侵害，（）做法是最有效的。,定期清理计算机垃圾文件,从不下载未知来源的文件,安装和更新防病毒软件,仅使用计算机进行文字处理,,,C,2（易）,5（好）,,,
603,A-B-D-004,B（单选题）,,为了保护个人隐私，（）密码设置方法是不推荐的。,所有账户使用相同的密码,使用包含数字、字母和特殊字符的复杂密码,定期更换密码,使用密码管理器生成和存储密码,,,A,2（易）,5（好）,,,
604,A-B-D-004,C（判断题）,,安装一款正版杀毒软件后，计算机就绝对安全，不会受到任何病毒或恶意软件的攻击。,正确,错误,,,,,B,3（中）,5（好）,,,
605,A-B-D-004,C（判断题）,,只要不连接互联网，计算机就不需要进行安全防护。,正确,错误,,,,,B,3（中）,5（好）,,,
606,A-B-D-004,G（多选题）,,计算机安全防护的有效方法有（）。,安装杀毒软件和防火墙,定期更新操作系统和软件,定期清理磁盘空间,不随意打开可疑的电子邮件附件,对重要数据进行备份,,ABDE,3（中）,5（好）,,,
607,A-B-D-004,G（多选题）,,为了增强计算机账户的安全性，可采取（）等措施。,设置强密码,开启多因素认证,定期清理浏览器缓存,避免使用公共网络登录重要账户,安装杀毒软件和防火墙,,ABDE,3（中）,5（好）,,,
608,A-B-D-005,B（单选题）,,在无人机调试过程中，（）软件通常用于配置和调试飞控系统。,QGroundControl,Adobe Photoshop,Microsoft Excel,Google Earth,,,A,3（中）,5（好）,,,
609,A-B-D-005,B（单选题）,,（）不属于无人机调试软件的主要功能。,代码编写,测试执行,错误诊断,报告生成,,,A,3（中）,5（好）,,,
610,A-B-D-005,B（单选题）,,无人机调试软件中的“地面控制站（GCS）”主要用于（）功能。,调整无人机的外观设计,实时监控飞行状态并做参数调整,提供飞行时的电池电量,查看无人机拍摄的画面,,,B,2（易）,5（好）,,,
611,A-B-D-005,B（单选题）,,无人机调试软件中的“校准传感器”功能是为了（）。,提升无人机最大飞行速度,提升无人机的最大飞行高度,提升无人机的飞行稳定性,提升无人机的机动性,,,C,2（易）,5（好）,,,
612,A-B-D-005,C（判断题）,,无人机调试软件可以随意从任何非官方渠道下载，不会对无人机的调试产生安全风险。,正确,错误,,,,,B,2（易）,5（好）,,,
613,A-B-D-005,C（判断题）,,只要无人机能正常飞行，就不需要使用调试软件对其进行参数检查和更新。,正确,错误,,,,,B,2（易）,5（好）,,,
614,A-B-D-005,G（多选题）,,关于无人机调试软件的功能，正确的是（）。,飞行参数校准,固件升级,电池品牌识别（非电机测试）,飞行模式设置,传感器数据查看,,ABDE,3（中）,5（好）,,,
615,A-B-D-005,G（多选题）,,无人机调试软件的实时监控功能可以提供的信息有（）。,无人机的飞行高度,无人机的飞行速度,无人机的电池状态,无人机的GPS位置,无人机的图像传输,,ABCD,3（中）,5（好）,,,
616,A-B-D-006,B（单选题）,,（）软件通常用于无人机的飞行路径规划和模拟。,Adobe Photoshop,Mission Planner,Microsoft Word,Google Chrome,,,B,3（中）,5（好）,,,
617,A-B-D-006,B（单选题）,,用于无人机实时参数监控和调试的软件是（）。,MAVProxy,Excel,PowerPoint,AutoCAD,,,A,3（中）,5（好）,,,
618,A-B-D-006,B（单选题）,,（）软件可以用于无人机的仿真测试和开发环境。,Gazebo,Unreal Engine,Audacity,Blender,,,A,2（易）,5（好）,,,
619,A-B-D-006,B（单选题）,,无人机飞控软件开发中，常用的编程环境软件是（）。,VLC Media Player,iTunes,Visual Studio Code,Spotify,,,C,2（易）,5（好）,,,
620,A-B-D-006,C（判断题）,,大疆的 Assistant 2 调参软件仅适用于大疆的消费级无人机。,正确,错误,,,,,B,2（易）,5（好）,,,
621,A-B-D-006,C（判断题）,,Betaflight 调参软件只支持多旋翼无人机，不支持固定翼无人机。,正确,错误,,,,,B,2（易）,5（好）,,,
622,A-B-D-006,G（多选题）,,常见的无人机调参软件有（）。,MissionPlanner,Betaflight,特定品牌遥控器专属 APP（非 DJI Assistant 2 ）,APMPlanner2.0,QGC,,ABDE,2（易）,5（好）,,,
623,A-B-D-006,G（多选题）,,关于无人机调参软件功能的描述，正确的有（）。,MissionPlanner 可进行地图导航及任务规划,Betaflight 支持多种电机控制协议，如 DShot、Multishot、Oneshot 等，能提升动力响应灵敏度,DJI Assistant 2 仅具有固件升级功能（无 限飞数据升级）,APMPlanner2.0 可设置电机方向和遥控器映射等参数,QGC 可实现无人机的实时监控与远程控制,,ABDE,2（易）,5（好）,,,
624,A-B-D-007,B（单选题）,,主要用于文档的创建、编辑、排版和格式化，广泛应用于报告、论文、简历等文档的制作，（）是常用软件。,Excel,PowerPoint,Word,Access,,,C,2（易）,5（好）,,,
625,A-B-D-007,B（单选题）,,专门用于电子表格的创建、数据输入、处理、分析和可视化，支持复杂的数据计算和图表生成的软件是（）。,Word,Excel,PowerPoint,Outlook,,,B,2（易）,5（好）,,,
626,A-B-D-007,B（单选题）,,用于制作幻灯片、演示文稿和演示报告，支持文本、图片、音频和视频等多种元素的整合与展示的软件是（）。,Excel,Word,PowerPoint,Access,,,C,3（中）,5（好）,,,
627,A-B-D-007,B（单选题）,,用于数据的定义、存储、查询、更新和管理，支持数据的结构化存储和高效检索的系统软件是（）。,PowerPoint,Word,Access,Outlook,,,C,3（中）,5（好）,,,
628,A-B-D-007,C（判断题）,,常用办公软件仅包括文档处理软件和电子表格软件。,正确,错误,,,,,B,3（中）,5（好）,,,
629,A-B-D-007,C（判断题）,,Microsoft Access 是一款专注于数据分析和处理的大数据分析工具，而非用于创建数据库（）。,正确,错误,,,,,B,3（中）,5（好）,,,
630,A-B-D-007,G（多选题）,,属于常用办公软件种类的有（）。,文档处理软件，如 Microsoft Word、WPS Office 文字等,电子表格软件，例如 Microsoft Excel、Google Sheets 等,演示文稿软件，像 Microsoft PowerPoint、Google Slides 等,图像编辑软件，如 Adobe Photoshop、美图秀秀等,视频剪辑软件，如 Adobe Premiere Pro、剪映等,,ABC,3（中）,5（好）,,,
631,A-B-D-007,G（多选题）,,（）软件是常用的团队协作办公软件。,Microsoft Teams，与 Office 365 集成，支持视频会议、文档协作等功能,Slack，提供频道、私聊、文件共享等功能，方便团队成员沟通协作,Trello，通过看板模式管理任务和项目，操作简单直观,编程软件，如 Visual Studio Code、PyCharm 等，主要用于代码编写和开发,绘图软件，如 AutoCAD、Illustrator 等，用于绘制图形和设计,,ABC,3（中）,5（好）,,,
632,A-B-D-008,B（单选题）,,在Excel中，若要对数据进行筛选，以便只显示满足特定条件的行，应使用的功能是（）。,排序功能,条件格式,筛选器（在数据选项卡下）,查找和替换,,,C,3（中）,5（好）,,,
633,A-B-D-008,B（单选题）,,若要在Word中实现多人同时编辑文档，并实时查看他人的更改，应使用的功能是（）。,将文档保存为PDF格式,使用“共享”功能并邀请他人协作,将文档打印出来，然后分发给团队成员,插入选项卡下的“批注”功能（注：此选项与实时协作不直接相关）,,,B,2（易）,5（好）,,,
634,A-B-D-008,B（单选题）,,在PowerPoint中，若要添加一张新的幻灯片，应点击的按钮是（）。,“文件”选项卡下的“新建”,“开始”选项卡下的“新建幻灯片”,幻灯片浏览窗格中的“+”图标,右键点击现有幻灯片，选择“新建幻灯片”,,,B,1（较易）,5（好）,,,
635,A-B-D-008,B（单选题）,,在Excel中，若要对表格中的数据按某一列进行排序，应执行的操作是（）。,使用“开始”选项卡下的“条件格式”,点击该列标题，选择排序方式（升序或降序）,在“数据”选项卡下，选择“筛选”功能,插入新的列来手动排序,,,B,3（中）,5（好）,,,
636,A-B-D-008,C（判断题）,,在文字处理软件中，只能通过鼠标来进行文本的选中操作。,正确,错误,,,,,B,3（中）,5（好）,,,
637,A-B-D-008,C（判断题）,,在电子表格软件中，函数的参数是固定不变的，不能根据具体需求修改。,正确,错误,,,,,B,3（中）,5（好）,,,
638,A-B-D-008,G（多选题）,,关于文字处理软件操作方法正确的有（）。,文档排版时，可以通过段落格式设置来调整行距、缩进等。在 Microsoft Word 中，选择 “段落” 选项组，能够设置段前间距、段后间距、首行缩进等多种格式，使文档结构更加清晰,查找和替换功能不仅可以用于替换文字内容，还能用于替换格式。例如在 WPS 文字中，可以将文档中所有的宋体字替换为黑体字，同时还能设置字体大小、颜色等格式的替换,为文档添加页码有多种位置和格式选择。在 Word 中，可以在页面底部的 “插入页码” 选项中选择页码在页脚的居中、居左、居右位置，还可以设置页码的数字格式，如阿拉伯数字、罗马数字等,只能通过手动逐个修改的方式来统一文档中不同部分的格式,文字处理软件通常不支持插入除文字以外的其他对象,,ABC,3（中）,5（好）,,,
639,A-B-D-008,G（多选题）,,电子表格软件的操作方法中，正确的是（）。,数据排序可以按照多个关键字进行。在 Excel 中，选择 “数据” 菜单中的 “排序” 选项，除了可以按照某一列数据（如销售额）进行升序或降序排序外，还可以添加次要关键字（如产品名称），这样在主要关键字相同的情况下，会按照次要关键字进一步排序,利用数据透视表可以快速汇总和分析数据。在 WPS 表格中，选中数据区域后，通过插入数据透视表，能够将数据按照不同的维度（如部门、月份）进行汇总，还可以对汇总结果进行计算（如求和、平均值、计数等）,冻结窗格功能便于在滚动查看数据时，始终保持表头或关键列可见。例如在 Excel 中，如果表格列数和行数较多，当向下或向右滚动查看数据时，使用 “视图” 菜单中的 “冻结窗格” 功能，可以固定表头行或关键列，方便数据对比和查看,电子表格软件不支持函数嵌套，只能进行简单的数学运算,单元格的引用只有相对引用一种方式,,ABC,3（中）,5（好）,,,
640,A-B-E-001,B（单选题）,,用人单位违反劳动保护法的规定，对劳动者造成损害的，应当承担（）责任。,经济赔偿责任,行政责任,刑事责任,民事责任,,,D,3（中）,5（好）,,,
641,A-B-E-001,B（单选题）,,劳动保护的主要目的是（）。,增加工作时间,提高工作效率,保障员工健康和安全,减少企业利润,,,C,1（较易）,5（好）,,,
642,A-B-E-001,B（单选题）,,劳动保护措施包括（）。,工作环境、设备、培训等,工资、福利、假期等,工作时间、休息时间、加班费等,员工的个人喜好,,,A,2（易）,5（好）,,,
643,A-B-E-001,B（单选题）,,劳动保护对于经济发展有（）的作用。,阻碍经济发展,促进经济可持续发展,增加企业负担,减少就业机会,,,B,2（易）,5（好）,,,
644,A-B-E-001,C（判断题）,,劳动保护只涉及到劳动者在工作场所的人身安全，不包括心理健康。（）,正确,错误,,,,,B,3（中）,5（好）,,,
645,A-B-E-001,C（判断题）,,只要劳动者自己注意安全，用人单位就不需要提供劳动保护用品。（）,正确,错误,,,,,B,3（中）,5（好）,,,
646,A-B-E-001,G（多选题）,,属于劳动保护基本内容的有（）。,安全技术措施,工业卫生,工作时间和休假制度,女职工和未成年工特殊保护,劳动者个人理财规划,,ABCD,3（中）,5（好）,,,
647,A-B-E-001,G（多选题）,,劳动保护中的安全技术措施主要包括（）方面。,正确机械安全防护,错误电气安全,防火防爆安全,员工家庭安全保障,高处作业安全,,ABCE,3（中）,5（好）,,,
648,A-B-E-002,B（单选题）,,在安全生产工作中，必须坚持“谁主管、谁负责”的原则。“谁主管”是指（）。,女职工和未成年工特殊保护,各级党委及其领导成员,各级安全生产监督管理部门,各级企业事业单位的主要负责人,,,D,3（中）,5（好）,,,
649,A-B-E-002,B（单选题）,,安全生产的“四不放过”原则是（）。,事故原因未查清不放过、责任人未处理不放过、整改措施未落实不放过、有关人员未受到教育不放过,事故损失未赔偿不放过、责任人未处理不放过、整改措施未落实不放过、受害者未安抚不放过,事故原因未查清不放过、受害者未安抚不放过、整改措施未落实不放过、有关人员未受到教育不放过,事故原因未查清不放过、责任人未处理不放过、受害者未安抚不放过、有关人员未受到教育不放过,,,A,2（易）,5（好）,,,
650,A-B-E-002,B（单选题）,,安全生产的“三同时”原则指的是（）。,同时设计、同时施工、同时投产,同时计划、同时实施、同时总结,同时设计、同时施工、同时验收,同时设计、同时施工、同时投产使用,,,D,2（易）,5（好）,,,
651,A-B-E-002,B（单选题）,,安全生产"预防为主"原则的核心内容是（）。,强调事故后果的补偿,强调消除事故隐患并防范风险,强调事后追责和整改,强调生产效率高于安全,,,B,2（易）,5（好）,,,
652,A-B-E-002,C（判断题）,,在安全生产中，只要最终产品质量合格，稍微违反一点安全原则也是可以的。（）,正确,错误,,,,,B,3（中）,5（好）,,,
653,A-B-E-002,C（判断题）,,安全生产原则只适用于一线生产工人，管理人员不需要遵循。（）,正确,错误,,,,,B,3（中）,5（好）,,,
654,A-B-E-002,G（多选题）,,属于安全生产原则的有（）。,正确“管生产必须管安全” 原则,“三同时” 原则,“安全第一、预防为主、综合治理” 原则,“全员参与” 原则,“事故后处理优先” 原则,,ABCD,3（中）,5（好）,,,
655,A-B-E-002,G（多选题）,,安全生产 “三同时” 原则在实际应用中包括（）方面。,在工程项目初步设计阶段，就要对安全设施进行详细设计,安全设施的施工要与主体工程施工同步进行,安全设施的建设资金要纳入工程项目总预算,安全设施可以在主体工程投产后根据实际情况再安装,安全设施竣工验收要与主体工程竣工验收同时进行,,ABCE,3（中）,5（好）,,,
656,A-B-E-003,B（单选题）,,（）最适合用于防火墙建设。,木材,石膏板,钢筋混凝土,泡沫塑料,,,C,3（中）,5（好）,,,
657,A-B-E-003,B（单选题）,,（）是有效的消防安全措施之一。,定期进行消防演练,只在发生火灾时进行处理,让员工自行判断火灾危险,关闭所有电器设备即可避免火灾,,,A,3（中）,5（好）,,,
658,A-B-E-003,B（单选题）,,如果身上着火了，应该（）自救。,快速奔跑呼救,就地打滚将火苗压灭,用手拍打火焰,穿过浓烟区域寻找出口,,,B,2（易）,5（好）,,,
659,A-B-E-003,B（单选题）,,为确保无人机产线消防安全，车间内灭火器的最大保护距离不宜超过（  ）。,15 米,20 米,25 米,30 米,,,C,1（较易）,5（好）,,,
660,A-B-E-003,C（判断题）,,只要安装了火灾自动报警系统，就可以完全不用担心火灾发生了。（）,正确,错误,,,,,B,1（较易）,5（好）,,,
661,A-B-E-003,C（判断题）,,消防通道在没有火灾的时候可以临时堆放一些物品。（）,正确,错误,,,,,B,1（较易）,5（好）,,,
662,A-B-E-003,G（多选题）,,属于消防安全措施的有（）。,配置灭火器,安装消防栓系统,设置防火分隔,进行消防演练,自制木质焊接夹具,,ABCD,1（较易）,5（好）,,,
663,A-B-E-003,G（多选题）,,在预防电气火灾方面， 措施有（）。,定期检查电气线路,避免过载用电,选用合格的电气设备,有用电需求就拉接电线,安装剩余电流动作保护器（漏电保护器）,,ABCE,1（较易）,5（好）,,,
664,A-B-E-004,B（单选题）,,在重大事故应急救援体系中，（）组织的重要职责是尽可能、尽快地控制并消除事故，营救受害人员。,应急救援专家组,医疗救治,消防与抢险,洗消去污组织,,,C,1（较易）,5（好）,,,
665,A-B-E-004,B（单选题）,,根据《生产安全事故报告和调查处理条例》规定，事故发生后，（）应当立即向本单位负责人报告。,单位主要负责人,事故受害者,事故目击者,现场安全员,,,A,3（中）,5（好）,,,
666,A-B-E-004,B（单选题）,,地方各级人民政府应急管理部门的应急预案，应当报（）级别的人民政府备案。,市级,县级,省级,国家级,,,B,2（易）,5（好）,,,
667,A-B-E-004,B（单选题）,,生产经营单位的应急预案经评审或者论证后，由（）签署。,主要负责人,部门经理,安全总监,工会主席,,,A,1（较易）,5（好）,,,
668,A-B-E-004,C（判断题）,,小型企业由于人员和规模较小，不需要制定安全生产事故应急救援预案,正确,错误,,,,,B,3（中）,5（好）,,,
669,A-B-E-004,C（判断题）,,安全生产事故应急救援预案一旦制定就无需修改。,正确,错误,,,,,B,3（中）,5（好）,,,
670,A-B-E-004,G（多选题）,,属于安全生产事故应急救援预案内容的有（）。,应急救援的组织机构和职责,事故风险描述,应急响应程序,后期处置措施,企业财务报表分析,,ABCD,3（中）,5（好）,,,
671,A-B-E-004,G（多选题）,,安全生产事故应急救援演练的重要作用有（）。,检验应急救援预案的可行性,提高救援人员的应急反应能力,增强员工的安全意识和自救互救能力,减少企业的安全设施投入,促进企业各部门之间的协调配合,,ABCE,3（中）,5（好）,,,
672,A-B-E-005,B（单选题）,,（）不属于清洁能源。,太阳能,风能,石油,水能,,,C,3（中）,5（好）,,,
673,A-B-E-005,B（单选题）,,（）的行为不利于环境保护。,减少使用一次性塑料制品,积极参与植树造林活动,定期清理自家垃圾并分类投放,随意乱扔废弃物,,,D,3（中）,5（好）,,,
674,A-B-E-005,B（单选题）,,不属于工业污染控制的是（）。,安装净化装置,排放未经处理的废水,使用清洁能源,回收利用废弃物,,,B,2（易）,5（好）,,,
675,A-B-E-005,B（单选题）,,不符合节能减排的理念是（）。,分类投放垃圾,随意丢弃废电池,使用节能灯泡,骑自行车出行,,,B,1（较易）,5（好）,,,
676,A-B-E-005,C（判断题）,,个人在日常生活中的行为对环境保护影响不大，所以不需要特别注意。,正确,错误,,,,,B,1（较易）,5（好）,,,
677,A-B-E-005,C（判断题）,,只要企业安装了先进的污染处理设备，就可以随意排放污染物。,正确,错误,,,,,B,1（较易）,5（好）,,,
678,A-B-E-005,G（多选题）,,属于环境保护措施的有（）。,垃圾分类处理,植树造林 ,推广清洁能源,工业废水循环利用,过度开垦荒地用于农业生产,,ABCD,1（较易）,5（好）,,,
679,A-B-E-005,G（多选题）,,在减少大气污染方面，有效的措施包括（）。,提高机动车尾气排放标准,控制建筑工地扬尘,采用集中供暖，减少分散小锅炉,大量焚烧秸秆,发展公共交通，鼓励绿色出行,,ABCE,1（较易）,5（好）,,,
680,A-B-E-006,B（单选题）,,为了减少无人机的环境影响，（）措施不是有效的。,优化无人机的设计和飞行路径,采取更加环保的燃料和飞行技术,增加无人机的使用频率,提高无人机的能源效率,,,C,3（中）,5（好）,,,
681,A-B-E-006,B（单选题）,,无人机在飞行过程中可能对环境造成的负面影响之一是（）。,增加噪音污染,产生大量废气,改变空气成分,消耗大量水资源,,,A,1（较易）,5（好）,,,
682,A-B-E-006,B（单选题）,,电动无人机在野外飞行过程中对生态系统可能产生的影响是（）。,降低空气质量,扰乱野生动物栖息,减少植被覆盖,减少物种多样性,,,B,3（中）,5（好）,,,
683,A-B-E-006,B（单选题）,,为了减少无人机对环境的影响，（）措施是推荐的。,使用更加高效的能源系统,增加无人机的飞行高度以减少噪音,减少无人机的维护和检查,使用非环保材料制造无人机,,,A,3（中）,5（好）,,,
684,A-B-E-006,C（判断题）,,无人机体积小、重量轻，所以其飞行对环境没有任何影响,正确,错误,,,,,B,3（中）,5（好）,,,
685,A-B-E-006,C（判断题）,,只要无人机不在禁飞区域飞行，就不会对环境造成不良影响。,正确,错误,,,,,B,3（中）,5（好）,,,
686,A-B-E-006,G（多选题）,,属于无人机使用可能对环境造成的影响有（）。,干扰野生动物,破坏植被,产生噪音污染,视觉污染,改善空气质量,,ABCD,3（中）,5（好）,,,
687,A-B-E-006,G（多选题）,,为减少无人机对环境的影响，可以采取的保护措施有（）。,避开野生动物保护区和敏感生态区域飞行,控制飞行高度和速度，降低噪音,定期检查和维护无人机，防止意外坠落,增加无人机飞行频率,提高使用者的环保意识和操作规范,,ABCE,3（中）,5（好）,,,
688,A-B-F-001,B（单选题）,,根据《中华人民共和国劳动法》，企业应当依法为员工缴纳社会保险费，（）不属于社会保险范畴。,养老保险,医疗保险,健康保险,工伤保险,,,C,3（中）,5（好）,,,
689,A-B-F-001,B（单选题）,,劳动者有权在法定工作时间以外延长工作时间，但每日不得超过（）。,1小时,2小时,3小时,4小时,,,B,3（中）,5（好）,,,
690,A-B-F-001,B（单选题）,,用人单位应当按照国家规定为劳动者缴纳（）。,养老保险、医疗保险、失业保险、工伤保险和生育保险,商业保险,意外伤害险,旅游保险,,,A,2（易）,5（好）,,,
691,A-B-F-001,B（单选题）,,劳动者因工受伤应当获得（）。,医疗费用自理,工伤保险待遇,单位支付一次性补偿,社会救助,,,B,2（易）,5（好）,,,
692,A-B-F-001,C（判断题）,,劳动者不必缴纳工伤保险费和生育保险费。,正确,错误,,,,,A,3（中）,5（好）,,,
693,A-B-F-001,C（判断题）,,依据《劳动法》规定，劳动者在严重违反用人单位规章制度的情况下，用人单位可以解除劳动合同，但应提前三十日通知劳动者。,正确,错误,,,,,B,3（中）,5（好）,,,
694,A-B-F-001,G（多选题）,,劳动合同法的调整对象一般包括（）。,劳动关系,雇佣关系,劳务关系,上下层关系,契约关系,,AB,2（易）,5（好）,,,
695,A-B-F-001,G（多选题）,,劳动者依法享有的权利有（）。,平等就业和选择职业的权利,取得劳动报酬的权利,休息休假的权利,获得无人机飞行安全培训的权利（非法定劳动权利）,接受职业技能培训的权利,,ABCE,2（易）,5（好）,,,
696,A-B-F-002,B（单选题）,,根据劳动合同法，用人单位自（ ）起即与劳动者建立劳动关系。,用工之日,签订劳动合同之日,劳动者报到之日,试用期开始之日,,,A,3（中）,5（好）,,,
697,A-B-F-002,B（单选题）,,劳动合同期限三个月以上不满一年的，试用期不得超过（ ）。,一个月,二个月,三个月,六个月,,,A,3（中）,5（好）,,,
698,A-B-F-002,B（单选题）,,劳动者在试用期的工资不得低于本单位相同岗位最低档工资或者劳动合同约定工资的（ ），并不得低于用人单位所在地的最低工资标准。,0.8,0.7,0.6,0.5,,,A,3（中）,5（好）,,,
699,A-B-F-002,B（单选题）,,用人单位解除劳动合同，应当提前（ ）以书面形式通知劳动者本人或者额外支付劳动者一个月工资。,15 日,30 日,45 日,60 日,,,B,3（中）,5（好）,,,
700,A-B-F-002,C（判断题）,,无人机操作员与用人单位签订劳动合同时，应当明确约定工作岗位、工作内容、工作地点等信息，确保劳动合同内容的明确性和合法性（）。,正确,错误,,,,,A,3（中）,5（好）,,,
701,A-B-F-002,C（判断题）,,如果无人机操作员与用人单位之间的劳动合同期满后，未进行续签，且双方未明确约定是否继续劳动关系，则劳动合同终止，操作员应无权要求继续就业（）。,正确,错误,,,,,B,3（中）,5（好）,,,
702,A-B-F-002,G（多选题）,,用工单位对被派遣的劳动者应该承担的义务有（）。,连续用工的，实行正常的工资调整机制,执行国家劳动标准，提供相应的劳动条件和劳动保护,支付加班费、绩效奖金，提供与工作岗位相关的福利待遇,为被派遣劳动者购买无人机（无关义务）,告知被派遣劳动者的工作要求和劳动报酬,,ABCE,2（易）,5（好）,,,
703,A-B-F-002,G（多选题）,,关于非全日制用工的劳动者的工资支付规定正确的是（）。,用人单位应当按时足额支付非全日制劳动者的工资,用人单位支付非全日制劳动者的小时工资不得低于当地政府规定的小时最低工资标准,非全日制用工的工资支付可以按小时、日、周或十五日为单位结算,非全日制用工劳动报酬结算支付周期最长不得超过十五日,非全日制用工的劳动者可以不参加社会保险,,ABCD,2（易）,5（好）,,,
704,A-B-F-003,B（单选题）,,从业人员在安全生产中有权拒绝（）。,正常的工作安排,佩戴个人防护用品的要求,违章指挥,工作环境的改善建议,,,C,2（易）,5（好）,,,
705,A-B-F-003,B（单选题）,,生产经营单位发生生产安全事故后，应当立即采取的行动是（）。,隐藏不报,组织抢救,等待调查结果再处理,只上报不处理,,,B,2（易）,5（好）,,,
706,A-B-F-003,B（单选题）,,生产经营单位必须为从业人员提供符合（）的劳动保护用品。,国家标准或者行业标准,地方标准,企业自定标准,最低成本标准,,,A,2（易）,5（好）,,,
707,A-B-F-003,B（单选题）,,生产经营单位应当对从业人员进行安全生产教育和培训，培训内容不包括（）。,安全操作规程,应急救援知识,企业文化宣传,个人防护用品的使用,,,C,2（易）,5（好）,,,
708,A-B-F-003,C（判断题）,,生产经营单位使用被派遣劳动者的，可以与被派遣劳动者约定是否享有安全生产方面的权利、履行安全生产方面的义务。,正确,错误,,,,,A,3（中）,5（好）,,,
709,A-B-F-003,C（判断题）,,安全生产监督检查人员执行监督检查任务时，必须出示有效的行政执法证件；对涉及被检查单位的技术秘密和业务秘密，应当为其保密。,正确,错误,,,,,B,3（中）,5（好）,,,
710,A-B-F-003,G（多选题）,,根据《中华人民共和国安全生产法》，生产经营单位的主要负责人对本单位安全生产工作负有（ ）等职责。,建立健全并落实本单位全员安全生产责任制，加强安全生产标准化建设,组织制定并实施本单位安全生产规章制度和操作规程,组织制定并实施本单位关于无人机飞行安全的专项培训计划,保证本单位安全生产投入的有效实施,组织建立并落实针对无人机作业的安全风险分级管控制度和隐患排查治理双重预防工作机制，督促、检查本单位的安全生产工作，及时消除与无人机相关的生产安全事故隐患,,ABDE,2（易）,5（好）,,,
711,A-B-F-003,G（多选题）,,生产经营单位应当具备的安全生产条件所必需的资金投入，由（ ）予以保证，并对由于安全生产所必需的资金投入不足导致的后果承担责任。,生产经营单位的决策机构,主要负责人,个人经营的投资人,安全生产监督管理部门,生产经营单位的财务部门,,ABC,2（易）,5（好）,,,
712,A-B-F-004,B（单选题）,,环境保护坚持保护优先、（ ）、综合治理、公众参与、损害担责的原则。,防治结合,预防为主,源头控制,过程监管,,,B,2（易）,5（好）,,,
713,A-B-F-004,B（单选题）,,企业事业单位和其他生产经营者违反法律法规规定排放污染物，造成或者可能造成严重污染的，县级以上人民政府环境保护主管部门和其他负有环境保护监督管理职责的部门，可以（ ）。,责令其停产停业,对其进行罚款,查封、扣押造成污染物排放的设施、设备,对主要负责人进行行政拘留,,,C,2（易）,5（好）,,,
714,A-B-F-004,B（单选题）,,对保护和改善环境有显著成绩的单位和个人，由（ ）给予奖励。,环境保护部门,人民政府,社会公益组织,企业自身,,,B,2（易）,5（好）,,,
715,A-B-F-004,B（单选题）,,根据《中华人民共和国环境保护法》，因环境污染损害赔偿提起诉讼的时效期间为（）。,1年,2年,3年,4年,,,C,2（易）,5（好）,,,
716,A-B-F-004,C（判断题）,,省级以上人民政府应当加大保护和改善环境、防治污染和其他公害的财政投入，提高财政资金的使用效益。,正确,错误,,,,,B,3（中）,5（好）,,,
717,A-B-F-004,C（判断题）,,企业事业单位和其他生产经营者，在污染物排放符合法定要求的基础上，进一步减少污染物排放的，人民政府应当依法采取财政、税收、价格、政府采购等方面的政策和措施予以鼓励和支持。,正确,错误,,,,,A,3（中）,5（好）,,,
718,A-B-F-004,G（多选题）,,属于环境保护的基本原则的有（ ）。,保护优先、预防为主、综合治理,公众参与,损害担责,经济优先，兼顾环境,先污染后治理,,ABC,2（易）,5（好）,,,
719,A-B-F-004,G（多选题）,,排放污染物的企业事业单位和其他生产经营者，应当采取措施，防治在生产建设或者其他活动中产生的（ ）等对环境的污染和危害。,废气,废水,废渣,在无人机电池生产过程中产生的特定污染物,噪声、振动、光辐射、电磁辐射,,ABCE,2（易）,5（好）,,,
720,A-B-F-005,B（单选题）,,生产者应当对其生产的产品质量负责，产品质量应当符合的要求中不包括（ ）。,不存在危及人身、财产安全的不合理的危险,具备产品应当具备的使用性能,符合在产品或者其包装上注明采用的产品标准,产品包装必须精美,,,D,2（易）,5（好）,,,
721,A-B-F-005,B（单选题）,,销售者的产品质量义务不包括（ ）。,建立并执行进货检查验收制度,采取措施，保持销售产品的质量,对产品进行深加工，提高产品质量,不得销售国家明令淘汰并停止销售的产品,,,C,2（易）,5（好）,,,
722,A-B-F-005,B（单选题）,,因产品存在缺陷造成人身、他人财产损害的，（ ）应当承担赔偿责任。,生产者,销售者,生产者和销售者,使用者,,,C,2（易）,5（好）,,,
723,A-B-F-005,B（单选题）,,国家对产品质量实行以（ ）为主要方式的监督检查制度。,抽查,普查,自查,互查,,,A,2（易）,5（好）,,,
724,A-B-F-005,C（判断题）,,裸装的食品和其他根据产品的特点难以附加标识的裸装产品，可以不附加产品标识。,正确,错误,,,,,A,3（中）,5（好）,,,
725,A-B-F-005,C（判断题）,,因产品质量发生民事纠纷时，当事人只能通过协商或者调解解决。,正确,错误,,,,,B,3（中）,5（好）,,,
726,A-B-F-005,G（多选题）,,属于产品质量法中产品质量应当检验合格的要求有（ ）。,产品必须符合保障人体健康和人身、财产安全的国家标准、行业标准,产品应当具备其应有的使用性能,产品质量应当符合在产品或者其包装上注明采用的产品标准,产品质量应当符合以产品说明、实物样品等方式表明的质量状况,只要产品能够正常销售，就视为合格产品,,ABCD,2（易）,5（好）,,,
727,A-B-F-005,G（多选题）,,销售者的产品质量责任和义务包括（ ）。,销售者应当建立并执行进货检查验收制度，验明产品合格证明和其他标识,销售者应当采取措施，保持销售产品的质量,销售者不得销售国家明令淘汰并停止销售的产品和失效、变质的产品,销售者销售的产品的标识应当符合本法规定,销售者可以根据自己的意愿，修改产品的生产日期来延长产品销售周期,,ABCD,2（易）,5（好）,,,
728,A-B-F-006,B（单选题）,,民用航空器的适航管理由（ ）负责。,国务院民用航空主管部门,航空器制造企业,航空器使用者,地方航空管理部门,,,A,2（易）,5（好）,,,
729,A-B-F-006,B（单选题）,,民用航空器权利登记的主管部门是（ ）。,国务院民用航空主管部门,国家工商行政管理部门,国家知识产权局,中国民用航空局空中交通管理局,,,A,2（易）,5（好）,,,
730,A-B-F-006,B（单选题）,,民用航空器优先权适用（ ）的法律。,航空器国籍登记国,航空器制造国,航空器运营国,航空器失事国,,,A,2（易）,5（好）,,,
731,A-B-F-006,B（单选题）,,搜寻援救民用航空器的具体办法，由（ ）规定。,国务院民用航空主管部门,国务院,全国人民代表大会常务委员会,地方人民政府,,,B,3（中）,5（好）,,,
732,A-B-F-006,C（判断题）,,民用航空器的机长或者机组其他人员有受到酒类饮料、麻醉剂或者其他药物的影响，损及工作能力的情况，不得执行飞行任务。,正确,错误,,,,,A,3（中）,5（好）,,,
733,A-B-F-006,C（判断题）,,国内航空运输合同的当事人可以选择合同适用的法律，但是法律另有规定的除外。,正确,错误,,,,,B,3（中）,5（好）,,,
734,A-B-F-006,G（多选题）,,民用机场新建、扩建的公告发布前，在依法划定的民用机场范围内和按照国家规定划定的机场净空保护区域内存在的可能影响飞行安全的建筑物、构筑物、树木、灯光和其他障碍物体，应当在规定的期限内（ ）。,清除,迁移,改造,采取相应的安全措施,保持原状,,ABCD,2（易）,5（好）,,,
735,A-B-F-006,G（多选题）,,民用航空器抵押权设立后，未经抵押权人同意，抵押人不得将被抵押民用航空器（ ）。,转让,出租给用于无人机培训的机构,抵押给其他人,赠予,拆解用于无人机零部件制造,,AC,2（易）,5（好）,,,
736,A-B-F-007,B（单选题）,,从事通用航空飞行活动的单位、个人，根据飞行活动要求，需要划设临时飞行空域的，应当向有关飞行管制部门提出划设临时飞行空域的申请。受理申请的飞行管制部门应当自受理申请之日起（ ）个工作日内作出批准或者不予批准的决定。,7,10,15,30,,,A,3（中）,5（好）,,,
737,A-B-F-007,B（单选题）,,在临时飞行空域内进行通用航空飞行活动的，可以在申请划设临时飞行空域时一并提出（ ）小时以内的短期飞行计划申请，不再另行申请。,12,24,36,48,,,B,2（易）,5（好）,,,
738,A-B-F-007,B（单选题）,,通用航空飞行任务的飞行计划申请，应当在拟飞行前（ ）提出。,1 天,2 天,3 天,7 天,,,A,2（易）,5（好）,,,
739,A-B-F-007,B（单选题）,,组织实施通用航空飞行活动的单位、个人，应当在飞行活动结束后（ ）内，将飞行活动情况报送有关飞行管制部门。,10 分钟,30 分钟,1 小时,24 小时,,,D,2（易）,5（好）,,,
740,A-B-F-007,C（判断题）,,通用航空飞行活动在非管制空域内飞行无需向任何部门报告。,正确,错误,,,,,B,3（中）,5（好）,,,
741,A-B-F-007,C（判断题）,,通用航空飞行的航空器只要购买了保险就可以随意飞行。,正确,错误,,,,,B,3（中）,5（好）,,,
742,A-B-F-007,G（多选题）,,通用航空飞行中，飞行计划应包含（）等信息。,飞行任务性质,航空器型号,预计飞行高度,飞行人员家庭住址,飞行起止地点,,ABCE,2（易）,5（好）,,,
743,A-B-F-007,G（多选题）,,（）因素可能影响通用航空飞行的审批结果。,拟飞行空域的繁忙程度,飞行单位的安全记录 ,当地的政治经济形势 飞行员的发型,,申请飞行时段的气象预报,,ABCE,2（易）,5（好）,,,
744,A-B-F-008,B（单选题）,,民用航空安全管理应当坚持（ ）的工作方针。,安全第一、预防为主、综合治理,安全至上、预防为主、严格管理,安全优先、防治结合、综合治理,安全为本、防治结合、严格管理,,,A,2（易）,5（好）,,,
745,A-B-F-008,B（单选题）,,民航生产经营单位应当依法建立并实施（ ），以保障航空安全。,安全管理体系,质量控制体系,风险评估体系,应急救援体系,,,A,2（易）,5（好）,,,
746,A-B-F-008,B（单选题）,,民航生产经营单位应当至少（ ）对本单位安全管理体系的运行情况进行一次评估。,每月,每季度,每半年,每年,,,D,2（易）,5（好）,,,
747,A-B-F-008,B（单选题）,,民用航空安全信息包括民用航空（ ）等信息。,事故、事故征候、其他不安全事件,飞行计划、飞行高度、飞行速度,机场设施、航空器设备、空管设备,航空公司财务状况、员工培训情况、航班安排,,,A,2（易）,5（好）,,,
748,A-B-F-008,C（判断题）,,根据《民用航空安全管理规定》，民航生产经营单位主要负责人对本单位的安全管理工作全面负责。,正确,错误,,,,,A,3（中）,5（好）,,,
749,A-B-F-008,C（判断题）,,《民用航空安全管理规定》中，安全管理体系的建立和运行与人员培训没有关联。,正确,错误,,,,,B,3（中）,5（好）,,,
750,A-B-F-008,G（多选题）,,《民用航空安全管理规定》中，民航生产经营单位的安全培训内容应当包括（ ）。,国家有关安全生产的法律、法规和民用航空规章,安全管理知识和技能,针对无人机飞行事故的应急预案培训和演练,典型事故案例分析,无人机飞行空域管理知识,,ABCD,2（易）,5（好）,,,
751,A-B-F-008,G（多选题）,,按照规定，在安全信息管理方面，民航生产经营单位应当（ ）。,建立安全信息管理制度,收集、分析和利用安全信息,防止安全信息被篡改,定期向监管部门报送全部安全信息,及时处理安全信息反映的问题,,ABCE,2（易）,5（好）,,,
752,A-B-F-009,B（单选题）,,无人机飞行需遵守的主要法规是（）。,《中华人民共和国治安管理处罚法》,《中华人民共和国道路交通安全法》,《中华人民共和国民用航空法》及《通用航空飞行管制条例》,《中华人民共和国劳动法》,,,C,2（易）,5（好）,,,
753,A-B-F-009,B（单选题）,,根据《民用无人机驾驶员管理规定》，关于无人机实名登记的说法正确的是：（）。,所有无人机均需实名登记，无论起飞重量大小 ,起飞重量在250克的无人机无需实名登记 ,实名登记信息包括拥有者姓名、证件号码及无人机型号，但无需电子邮箱 ,未经实名登记的无人机不得飞行 ,,,D,3（中）,5（好）,,,
754,A-B-F-009,B（单选题）,,根据《民用无人机驾驶员管理规定》，民用无人机驾驶员在申请执照更新时，需在执照有效期届满前（  ）内提出申请。,一个月,两个月,三个月,六个月,,,C,3（中）,5（好）,,,
755,A-B-F-009,B（单选题）,,申请民用无人机驾驶员合格证，年龄应满（ ）周岁。,14,16,18,20,,,B,3（中）,5（好）,,,
756,A-B-F-009,C（判断题）,,视距内运行的无人机驾驶员无需取得任何资质。（ ）,正确,错误,,,,,B,2（易）,5（好）,,,
757,A-B-F-009,C（判断题）,,民用无人机驾驶员合格证仅在国内有效，不能在境外使用。（ ）,正确,错误,,,,,A,2（易）,5（好）,,,
758,A-B-F-009,G（多选题）,,《民用无人机驾驶员管理规定》中，对于无人机驾驶员培训有（ ）。,航空法规知识,无人机系统知识,气象知识,应急处置知识,无人机表演编排知识,,ABCD,3（中）,5（好）,,,
759,A-B-F-009,G（多选题）,,按照《民用无人机驾驶员管理规定》，在申请无人机驾驶员合格证时，可能需要提供（ ）。,身份证明文件,培训合格证明,健康证明（如视力等相关内容）,无人机设备的购买发票,飞行经历记录,,ABCE,3（中）,5（好）,,,
760,A-B-F-010,B（单选题）,,根据《轻小无人机运行规定（试行）》的要求，轻小无人机在城市区域飞行时，最大飞行高度不得超过多少米。（）,50米,100米,120米,150米,,,B,3（中）,5（好）,,,
761,A-B-F-010,B（单选题）,,根据《轻小无人机运行规定（试行）》的要求，轻小无人机飞行前必须进行准备是（）。,确认天气情况,进行起飞前检查和飞行计划备案,检查电池电量,检查机体外观,,,B,3（中）,5（好）,,,
762,A-B-F-010,B（单选题）,,轻小无人机（）用于商业拍摄。,无需申请,在获得相应许可后,视情况而定,不可以,,,B,2（易）,5（好）,,,
763,A-B-F-010,B（单选题）,,根据《轻小无人机运行规定（试行）》规定，轻小无人机在夜间飞行时，必须配备（  ）。,强光手电筒,定位指示灯,防撞警示灯,红外探照灯,,,C,2（易）,5（好）,,,
764,A-B-F-010,C（判断题）,,根据《轻小无人机运行规定（试行）》，所有轻小无人机都可以在任何高度飞行。,正确,错误,,,,,B,3（中）,5（好）,,,
765,A-B-F-010,C（判断题）,,《轻小无人机运行规定（试行）》规定，在人口密集区域只要操作人员认为安全就可以飞行。,正确,错误,,,,,B,3（中）,5（好）,,,
766,A-B-F-010,G（多选题）,,《轻小无人机运行规定（试行）》中，轻小无人机操作人员应当（ ）。,具备相应的操作技能,了解相关的法规知识,定期对无人机进行维护检查,为无人机购买保险,向监管部门报备每次飞行计划,,ABC,2（易）,5（好）,,,
767,A-B-F-010,G（多选题）,,依据《轻小无人机运行规定（试行）》，对于违反规定飞行的行为，可能会面临（ ）。,警告,罚款,暂扣无人机,没收违法所得,吊销操作人员资质,,ABC,2（易）,5（好）,,,
768,A-B-F-011,B（单选题）,,民用无人驾驶航空器实名登记号码共（ ）位。,10,11,12,13,,,B,2（易）,5（好）,,,
769,A-B-F-011,B（单选题）,,民用无人驾驶航空器登记信息发生变化时，拥有者应当在（ ）内向原登记部门申请变更。,12 小时,24 小时,48 小时,72 小时,,,C,2（易）,5（好）,,,
770,A-B-F-011,B（单选题）,,当民用无人驾驶航空器丢失或者被盗后，拥有者应当在（ ）内向原登记部门报告。,12 小时,24 小时,48 小时,72 小时,,,A,2（易）,5（好）,,,
771,A-B-F-011,B（单选题）,,对于违反民用无人驾驶航空器实名制登记管理规定的行为，由相关部门责令改正，可以处（ ）以下的罚款。,100 元,200 元,500 元,1000 元,,,B,2（易）,5（好）,,,
772,A-B-F-011,C（判断题）,,根据《民用无人驾驶航空器实名制登记管理规定》，所有民用无人驾驶航空器都不需要进行实名制登记。,正确,错误,,,,,B,3（中）,5（好）,,,
773,A-B-F-011,C（判断题）,,按照规定，购买二手民用无人驾驶航空器后，不需要重新登记，原登记信息依然有效。,正确,错误,,,,,B,3（中）,5（好）,,,
774,A-B-F-011,G（多选题）,,《民用无人驾驶航空器实名制登记管理规定》要求登记的信息包括（ ）。,航空器型号,航空器序列号,所有人姓名 / 单位名称,联系方式,飞行区域,,ABCD,2（易）,5（好）,,,
775,A-B-F-011,G（多选题）,,依据《民用无人驾驶航空器实名制登记管理规定》，未按照规定进行登记的单位或个人可能面临（ ）。,警告,罚款,暂扣航空器,责令限期改正,禁止购买新的航空器,,ABCD,2（易）,5（好）,,,
776,B-A-A-001,B（单选题）,,不属于四旋翼无人机的飞行平台是（）。,DJIMavicAir,ParrotAnafi,YuneecTyphoonH,Mission Planner,,,D,3（中）,5（好）,,,
777,B-A-A-001,B（单选题）,,无人机飞行平台中，针对长距离飞行任务，（）无人机具有较高的飞行效率。,固定翼无人机,无人直升机,多旋翼无人机,伞翼无人机,,,A,3（中）,5（好）,,,
778,B-A-A-001,B（单选题）,,以下（）无人机构型最适合在狭小空间内垂直起降和悬停。,固定翼,多旋翼,飞艇,倾转旋翼,,,B,3（中）,5（好）,,,
779,B-A-A-001,C（判断题）,,多旋翼无人机的续航时间通常比固定翼无人机更长（）。,正确,错误,,,,,B,3（中）,5（好）,,,
780,B-A-A-001,C（判断题）,,固定翼无人机和旋翼无人机的主要区别在于飞行方式的不同，固定翼无人机不能在空中悬停。（）,正确,错误,,,,,A,3（中）,5（好）,,,
781,B-A-A-001,G（多选题）,,会影响固定翼无人机的飞行性能的因素是（）。,机身重量,翼展长度,发动机功率,悬挂载荷,空气密度,,ABC,3（中）,5（好）,,,
782,B-A-A-001,G（多选题）,,关于常见无人机飞行平台的构型，（）描述是正确的。,固定翼无人机通常具有较高的巡航速度和航程,多旋翼无人机适合进行垂直起降和悬停操作,无人直升机具备高度的机动性和灵活性,无人飞艇主要依赖浮力进行飞行，载重量大,所有无人机构型都适用于高速、长距离飞行,,ABCD,3（中）,5（好）,,,
783,B-A-A-002,B（单选题）,,同等供电条件下续航时间长、飞行效率最高、载荷能力最大的是（）无人机。,无人直升机,多旋翼无人机,固定翼无人机,自转旋翼机,,,C,3（中）,5（好）,,,
784,B-A-A-002,B（单选题）,,同等供电条件下续航时间最短、载重能力最差，但可垂直起降、机械结构简单、易维护的是（）无人机。,无人直升机,多旋翼无人机,固定翼无人机,自转旋翼机,,,B,3（中）,5（好）,,,
785,B-A-A-002,B（单选题）,,具有高机动性、垂直起降，但机械结构复杂、维护成本高特点的无人机是（）。,无人直升机,多旋翼无人机,固定翼无人机,自转旋翼机,,,A,3（中）,5（好）,,,
786,B-A-A-002,C（判断题）,,直升机无人机的尾桨主要作用是提供垂直方向的升力，帮助直升机起飞。（）,正确,错误,,,,,B,3（中）,5（好）,,,
787,B-A-A-002,C（判断题）,,复合翼无人机结合了固定翼和多旋翼的优点，在任何飞行阶段，固定翼部分和多旋翼部分都同时工作。（）,正确,错误,,,,,B,3（中）,5（好）,,,
788,B-A-A-002,G（多选题）,,多旋翼无人机的特点包括（ ）。,结构简单，成本较低,能够垂直起降，操作灵活,可在空中悬停,飞行速度快,适合低空、低速飞行任务,,ABCE,3（中）,5（好）,,,
789,B-A-A-002,G（多选题）,,以下（）构型适合执行短距离、高精度的任务。,固定翼,多旋翼,单旋翼直升机,直升机,垂直起降固定翼,,BC,3（中）,5（好）,,,
790,B-A-A-003,B（单选题）,,在城市空间、各种救灾场景或者野外环境中进行精确悬停和垂直起降，（）无人机飞行平台构型最为合适。,固定翼无人机,多旋翼无人机,直升机,无人飞艇,,,B,3（中）,5（好）,,,
791,B-A-A-003,B（单选题）,,生活中多旋翼无人机通常最适用于（）应用场景。,长时间空中侦查,视距内空中摄影,超重载荷飞行,大面积长距离航测,,,B,1（易）,5（好）,,,
792,B-A-A-003,B（单选题）,,固定翼无人机最适合（）应用场景。,短途飞行,地形测绘,空中表演,气象观测,,,B,1（易）,5（好）,,,
793,B-A-A-003,C（判断题）,,固定翼无人机的飞行速度通常比多旋翼无人机要快。（）,正确,错误,,,,,A,3（中）,5（好）,,,
794,B-A-A-003,C（判断题）,,多旋翼无人机因其机动灵活、易于操作的特点，非常适合在城市环境中进行航拍和监测任务。,正确,错误,,,,,A,3（中）,5（好）,,,
795,B-A-A-003,G（多选题）,,关于常见无人机飞行平台构型的应用场景，（）描述是正确的。,固定翼无人机常被用于大面积、高效率的航拍和测绘任务,多旋翼无人机适合在城市环境中进行空中巡查和监控,无人直升机在军事侦察和战场监视方面发挥着重要作用,无人飞艇通常用于低空、长时间的农业喷洒作业,所有无人机构型都适用于复杂环境下的搜救任务,,ABC,3（中）,5（好）,,,
796,B-A-A-003,G（多选题）,,在（）应用场景中，无人直升机可能是合适的飞行平台。,森林火险监测与灭火支持,高速公路交通监控和事故勘查,大型活动现场的航拍和直播传输,偏远山区的地形测绘和地质勘查,城市高楼的窗户清洁和维护,,ABD,3（中）,5（好）,,,
797,B-A-A-004,B（单选题）,,在无人机飞行平台构型中，（）构型适用于需要快速响应和高机动性的应用。,固定翼无人机,多旋翼无人机,无人直升机,垂直起降固定翼无人机,,,B,3（中）,5（好）,,,
798,B-A-A-004,B（单选题）,,在无人机飞行平台构型的选型过程中，（）是首要考虑的因素。,无人机的外观设计,任务执行效率,无人机的品牌,无人机的重量,,,B,3（中）,5（好）,,,
799,B-A-A-004,B（单选题）,,在无人机飞行平台构型的选型中，（）是影响飞行性能的关键因素。,无人机的颜色,无人机的形状,无人机的动力系统,无人机的电池寿命,,,C,3（中）,5（好）,,,
800,B-A-A-004,C（判断题）,,旋翼机具有很好的垂直起降能力，但在长距离飞行时效率较低。（）,正确,错误,,,,,A,3（中）,5（好）,,,
801,B-A-A-004,C（判断题）,,在选择无人机飞行平台时，应首先根据任务需求确定所需的飞行性能和功能，再考虑构型的特点和优势。（）,正确,错误,,,,,A,3（中）,5（好）,,,
802,B-A-A-004,G（多选题）,,适合使用多旋翼无人机的应用场景是（）。,地形复杂的区域探测,极地环境下的科学考察,物流配送,农业植保,搜索救援,,ABCD,3（中）,5（好）,,,
803,B-A-A-004,G（多选题）,,在选型无人机飞行平台构型时，（）原则是必须考虑的。,任务需求明确性,平台稳定性与可靠性,经济成本与效益分析,平台外观美观程度,操作维护与培训便利性,,ABCE,3（中）,5（好）,,,
804,B-A-B-001,B（单选题）,,在起降时对场地要求最低的无人机布局结构是（）。,倾转旋翼,尾座式,垂直起降固定翼 ,常规固定翼,,,C,3（中）,5（好）,,,
805,B-A-B-001,B（单选题）,,在相同条件下，布局结构能飞得更远的无人机是（）。,固定翼,多旋翼,单旋翼直升机,倾转旋翼,,,A,3（中）,5（好）,,,
806,B-A-B-001,B（单选题）,,无人机布局结构中，（）布局的飞机在高速飞行性能优异，但低速性能不佳，影响起降能力。,常规布局,鸭式布局,无尾布局,后掠式布局,,,C,3（中）,5（好）,,,
807,B-A-B-001,C（判断题）,,X型布局的多旋翼无人机相比于传统的四旋翼无人机，具有更高的稳定性和更强的抗风能力。（）,正确,错误,,,,,A,3（中）,5（好）,,,
808,B-A-B-001,C（判断题）,,固定翼无人机的机翼布局对飞行性能没有影响，不同布局可以互换使用。（）,正确,错误,,,,,B,3（中）,5（好）,,,
809,B-A-B-001,G（多选题）,,无人机布局结构的不同会影响其性能表现，描述正确的是（）。,旋翼式无人机具有较好的垂直起降能力,固定翼无人机具有高速度和大航程的特点,无人直升机通常适用于低空侦察和悬停作业,多旋翼无人机在风大环境下稳定性更佳,扑翼式无人机在模拟鸟类飞行方面具有优势,,ABCE,3（中）,5（好）,,,
810,B-A-B-001,G（多选题）,,（）区分不同种类的无人机布局结构。,观察无人机的机翼数量和形状,分析无人机的起飞和降落方式,研究无人机的推进系统和动力来源,仅根据无人机的尺寸大小进行判断,考察无人机在执行任务时的灵活性,,ABCE,3（中）,5（好）,,,
811,B-A-B-002,B（单选题）,,倾转旋翼无人机通常采用（）布局结构。,固定翼加旋转翼,多旋翼布局,混合翼布局,飞翼布局,,,A,3（中）,5（好）,,,
812,B-A-B-002,B（单选题）,,高空长航时无人机通常采用（）尾翼布局来提高飞行效率。,V形尾翼,双立尾,单立尾,无尾布局,,,A,3（中）,5（好）,,,
813,B-A-B-002,B（单选题）,,无尾式布局的无人机与有尾式布局相比具有（）优点。,更高的飞行稳定性,更好的低速操控性,更轻的结构重量和更低的阻力,更大的载重能力,,,C,4（较难）,5（好）,,,
814,B-A-B-002,C（判断题）,,飞翼布局的固定翼无人机没有明显的机身和尾翼结构，整个飞机外形类似一个大机翼。（）,正确,错误,,,,,A,3（中）,5（好）,,,
815,B-A-B-002,C（判断题）,,多旋翼无人机的布局结构通常包括X型和+型两种。（）,正确,错误,,,,,A,3（中）,5（好）,,,
816,B-A-B-002,G（多选题）,,串列翼布局固定翼无人机的特点有（ ）。,前后机翼可分担不同飞行阶段的升力需求,能够在低空复杂气流环境下保持较好稳定性,设计灵活，前后机翼的翼型、面积、安装角等可按需调配,相较于单翼布局，相同翼展下可获得更大的升力面积,飞行速度慢，不适合长距离飞行任务,,ABCD,3（中）,5（好）,,,
817,B-A-B-002,G（多选题）,,属于常规布局固定翼无人机具操纵面的是（ ）。,升降舵,方向舵,副翼,水平安定面,扰流板,,ABC,2（易）,5（好）,,,
818,B-A-B-003,B（单选题）,,在农业领域中，进行大范围的作物监测和喷洒作业，（）无人机布局结构更为适用。,固定翼布局,共轴双旋翼布局,单旋翼带尾桨布局,八旋翼布局,,,A,3（中）,5（好）,,,
819,B-A-B-003,B（单选题）,,固定翼无人机通常用于（）的应用场景。,长距离监测,短距离快速移动,垂直起降,室内导航,,,A,3（中）,5（好）,,,
820,B-A-B-003,B（单选题）,,在多旋翼无人机中，（）布局结构最适合进行空中摄影和监视任务。,X型布局,H型布局,V型布局,Y型布局,,,B,3（中）,5（好）,,,
821,B-A-B-003,C（判断题）,,在城市中，当需要进行空中巡逻和交通监控时，采用垂直起降固定翼无人机是最合适的选择。,正确,错误,,,,,A,3（中）,5（好）,,,
822,B-A-B-003,C（判断题）,,在需要长时间、大范围进行地形测绘和地质勘查的情况下，固定翼无人机是最佳布局结构。（）,正确,错误,,,,,A,3（中）,5（好）,,,
823,B-A-B-003,G（多选题）,,不同无人机布局结构适用于不同的应用场景，（）描述是正确的。,旋翼式无人机常用于城市航拍和建筑检测,固定翼无人机适用于大面积地形的测绘和巡查,无人直升机常用于执行复杂环境下的侦察任务,扑翼式无人机主要用于快递配送和物流运输,多旋翼无人机适用于农业植保和精准施肥,,ABCE,3（中）,5（好）,,,
824,B-A-B-003,G（多选题）,,无人机的布局结构对其应用场景有（）影响。,旋翼式无人机的垂直起降能力使其适合在狭小空间作业,固定翼无人机的续航能力强，适合长时间监控和追踪,无人直升机在高海拔和稀薄空气环境下表现优越,扑翼式无人机因其仿生特性，常用于野生动物观察和保护,多旋翼无人机因其结构稳定，适合在恶劣气候条件下作业,,ABCD,3（中）,5（好）,,,
825,B-A-B-004,B（单选题）,,无人机布局结构适合于需要快速移动的任务的是（）。,固定翼,多旋翼,直升机,滑翔翼,,,A,3（中）,5（好）,,,
826,B-A-B-004,B（单选题）,,在选型无人机布局结构时，（）原则应优先考虑以确保飞行稳定性和安全性。,结构复杂度越低越好,适应多种飞行模式,最大化载荷能力,经过充分测试和验证,,,D,3（中）,5（好）,,,
827,B-A-B-004,B（单选题）,,在无人机布局结构选型中，正确的是（）。,所有无人机都应该选择最轻的材料以确保最大飞行时间,在保证飞行性能的前提下，选择成本较低且强度足够的材料,无人机的材料选择只取决于其是否符合任务需求,无人机的材料选择不应考虑其对飞行性能的影响,,,B,3（中）,5（好）,,,
828,B-A-B-004,C（判断题）,,在选择无人机布局结构时，应根据实际应用场景和环境条件来确定最佳的布局结构。（）,正确,错误,,,,,A,3（中）,5（好）,,,
829,B-A-B-004,C（判断题）,,无人机布局结构的选择主要取决于飞行任务的需求。（）,正确,错误,,,,,A,3（中）,5（好）,,,
830,B-A-B-004,G（多选题）,,在选型无人机布局结构时，需要考虑（）原则。,任务需求决定布局结构,飞行环境决定无人机尺寸和材质,成本控制与性能要求平衡,美观度与品牌影响力,操作简便性与维护成本考虑,,ABCE,5（难）,5（好）,,,
831,B-A-B-004,G（多选题）,,在进行无人机布局结构选型时，（）方法有助于做出合适的选择。,对市场上不同布局结构的无人机进行调研和对比,根据任务需求制定详细的技术规格要求,考虑无人机集成其他设备的可能性和兼容性,依赖个人经验或直觉进行选择,进行模拟飞行测试以验证布局结构的性能,,ABCE,3（中）,5（好）,,,
832,B-A-C-001,B（单选题）,,多旋翼无人机机身需要材料具备轻质且高强度的特性，（）材料最符合这一要求。,钛合金,碳纤维复合材料,不锈钢,铝合金,,,B,3（中）,5（好）,,,
833,B-A-C-001,B（单选题）,,无人机电池一般使用（）化学物质作为储能介质。,锂离子,镍氢,铅酸,氢氧化镍,,,A,3（中）,5（好）,,,
834,B-A-C-001,B（单选题）,,无人机机翼材料通常需要具备（）性能。,高强度,高强度和耐腐蚀性及低重量,耐热性和耐寒性,高强度和良好的导电性,,,B,3（中）,5（好）,,,
835,B-A-C-001,C（判断题）,,碳纤维材料因其轻质和高强度特性，常被用于无人机的机身和机翼结构。（）,正确,错误,,,,,A,3（中）,5（好）,,,
836,B-A-C-001,C（判断题）,,铝合金因其良好的导电性，常被用作无人机的电子元件。（）,正确,错误,,,,,B,3（中）,5（好）,,,
837,B-A-C-001,G（多选题）,,在无人机部件材料选择时，（）因素需要考虑其性能特点。,材料的强度和重,材料的抗腐蚀性能,材料的热稳定性和导电性,材料的美观度,材料的成本和生产工艺,,ABCE,3（中）,5（好）,,,
838,B-A-C-001,G（多选题）,,（）区分不同性能的无人机部件材料。,查阅材料的技术规格和性能指标,观察材料的外观和颜色,进行力学性能测试，如拉伸强度和硬度测试,进行化学稳定性测试，如耐腐蚀性测试,依赖销售人员的推荐和口头描述,,ABCD,3（中）,5（好）,,,
839,B-A-C-002,B（单选题）,,无人机的机身通常采用（）材料以保证足够的强度同时减轻重量。,塑料,碳纤维,不锈钢,铝合金,,,B,3（中）,5（好）,,,
840,B-A-C-002,B（单选题）,,在无人机部件中，（）材料常用于制造螺旋桨以提供高强度和耐翘曲。,碳纤维,PA6-CF（聚酰胺6-碳纤维复合材料）,铝合金,硅胶,,,B,3（中）,5（好）,,,
841,B-A-C-002,B（单选题）,,无人机的折叠机臂、收放式起落架的连接件通常采用（）材料。,碳纤维,玻璃纤维,金属合金,尼龙,,,C,3（中）,5（好）,,,
842,B-A-C-002,C（判断题）,,无人机的电机外壳通常采用碳纤维材料，因为碳纤维具有高强度、低密度的特性，能有效减轻电机重量，提高无人机的飞行性能。(),正确,错误,,,,,B,3（中）,5（好）,,,
843,B-A-C-002,C（判断题）,,无人机的电池外壳采用金属材料，因为金属材料能够很好地保护电池，防止电池受到外界撞击而损坏。(),正确,错误,,,,,B ,3（中）,5（好）,,,
844,B-A-C-002,G（多选题）,, （）材料常用于固定翼无人机的机翼制作  。,碳纤维复合材料,泡沫材料,木材,高分子复合材料,铝合金,,ABCD,3（中）,5（好）,,,
845,B-A-C-002,G（多选题）,,无人机的电机通常采用的材料有（）。,铜,铝合金,碳纤维,钢,泡沫,,ABD,3（中）,5（好）,,,
846,B-A-C-003,B（单选题）,,无人机电机机芯主要由（）材料制成。,铁,铜,玻璃,陶瓷,,,B,3（中）,5（好）,,,
847,B-A-C-003,B（单选题）,,在选择无人机电池时，应主要关注（）参数。,容量,体积小,重量轻,充放电次数,,,D,3（中）,5（好）,,,
848,B-A-C-003,B（单选题）,,在无人机材料选择中，（）因素不是主要的考量因素。,强度,重量,颜色,耐腐蚀性,,,C,3（中）,5（好）,,,
849,B-A-C-003,C（判断题）,,无人机电机中使用了大量的铜线，以提高其转速和效率。（）,正确,错误,,,,,A,3（中）,5（好）,,,
850,B-A-C-003,C（判断题）,,选择无人机机身材料时，应优先考虑材料的重量和强度，以确保无人机具有优秀的飞行性能。（）,正确,错误,,,,,A,3（中）,5（好）,,,
851,B-A-C-003,G（多选题）,,在选择无人机部件材料时，（）选型原则是需要遵循的。,优先考虑材料的轻量化特性,选择高强度且耐磨损的材料,忽略材料的抗疲劳性能,考虑材料的加工性和可制造性,优先选择成本低廉的材料,,ABD,3（中）,5（好）,,,
852,B-A-C-003,G（多选题）,,无人机部件材料的选型原则中，（）选项是正确的。,根据部件的功能和受力情况选择合适的材料,优先选择具有较好电磁屏蔽性能的材料,不考虑材料的环境适应性,材料的热稳定性应满足无人机的使用要求,选择易于维修和更换的材料,,ABDE,3（中）,5（好）,,,
853,B-A-C-004,B（单选题）,,在无人机制造中，常用于制作电机外壳的材料有（）。,铝合金,不锈钢,塑料,陶瓷,,,A,3（中）,5（好）,,,
854,B-A-C-004,B（单选题）,,在无人机制造中，常用于制作螺旋桨的材料是（）。,钛合金,碳纤维,不锈钢,高强度塑料,,,B,3（中）,5（好）,,,
855,B-A-C-004,B（单选题）,,在无人机结构设计中，经常被用于制作发动机部件材料是（）。,高温合金,塑料,碳纤维复合材料,陶瓷,,,A,3（中）,5（好）,,,
856,B-A-C-004,C（判断题）,,在无人机部件材料选型时，首先需要分析无人机的使用环境和功能需求，以确定所需的材料性能。（）,正确,错误,,,,,A,3（中）,5（好）,,,
857,B-A-C-004,C（判断题）,,无人机部件材料的选型过程中，需要综合考虑材料的成本、加工性能以及可持续性。（）,正确,错误,,,,,A,3（中）,5（好）,,,
858,B-A-C-004,G（多选题）,,在无人在无人机机架的设计和制造过程中，（）技术或工艺是常用的。,3D打印技术,铝合金铸造,碳纤维复合材料,电子元器件焊接,飞行控制系统编程,,ABC,3（中）,5（好）,,,
859,B-A-C-004,G（多选题）,,无人机部件材料选型方法中，必要的步骤是（）。,收集并分析不同材料的性能数据,评估材料的可靠性和耐久性,进行实际飞行测试以验证材料性能,直接选择市场上最常见的材料,综合考虑材料的成本效益和供应链稳定性,,ABCE,3（中）,5（好）,,,
860,B-A-D-001,B（单选题）,,固定桨螺旋桨选型时，最重要的考虑因素通常是（ ）。,颜色,材质,直径和螺距,品牌,,,C,3（中）,5（好）,,,
861,B-A-D-001,B（单选题）,,对于需要高推力的应用，一般应选择（ ）的螺旋桨。,直径大、螺距小,直径小、螺距大,直径大、螺距大,直径小、螺距小,,,C,3（中）,5（好）,,,
862,B-A-D-001,B（单选题）,,固定桨螺旋桨的材质会影响其性能，通常用于对强度要求较高场合的材质是（ ）。,塑料,碳纤维,木材,铝合金,,,B,3（中）,5（好）,,,
863,B-A-D-001,C（判断题）,,固定桨螺旋桨的直径越大，飞行器的续航时间一定越长。（）,正确,错误,,,,,B,3（中）,5（好）,,,
864,B-A-D-001,C（判断题）,,在选择固定桨螺旋桨时，只需要考虑电机的转速，不需要考虑扭矩。（）,正确,错误,,,,,B,3（中）,5（好）,,,
865,B-A-D-001,G（多选题）,,固定桨螺旋桨选型时需要考虑的因素有（ ）。,飞行器或设备的重量,电机的功率,飞行环境,遥控器的型号,桨叶的形状,,ABCE,3（中）,5（好）,,,
866,B-A-D-001,G（多选题）,,关于固定桨螺旋桨选型说法正确的是（ ）。,多旋翼飞行器通常需要多个相同规格的螺旋桨,大螺距螺旋桨适合高速飞行,桨叶数量越多，推力一定越大,不同形状的桨叶对效率有影响,螺旋桨的价格决定其性能,,ABD,3（中）,5（好）,,,
867,B-A-D-002,B（单选题）,,电机选型时，用于衡量电机输出能力的关键参数是（ ）。,电压,电流,功率,电阻,,,C,3（中）,5（好）,,,
868,B-A-D-002,B（单选题）,,对于需要频繁启停和快速响应的应用，应优先选择（ ）电机。,有刷直流,无刷直流,交流异步,步进,,,B,3（中）,5（好）,,,
869,B-A-D-002,B（单选题）,,电机的极对数会影响其（ ）。,外观尺寸,转速,颜色,价格,,,B,3（中）,5（好）,,,
870,B-A-D-002,C（判断题）,,电机的额定功率越大，其体积一定越大。（）,正确,错误,,,,,B,3（中）,5（好）,,,
871,B-A-D-002,C（判断题）,,选择电机时，只要电压匹配，其他参数可以不考虑。（）,正确,错误,,,,,B,3（中）,5（好）,,,
872,B-A-D-002,G（多选题）,,电机选型需要考虑的因素包括（ ）。,负载特性,工作电压范围,控制精度要求,安装空间,电机颜色,,ABCD,3（中）,5（好）,,,
873,B-A-D-002,G（多选题）,,关于电机选型说法正确的是（ ）。,直流电机具有良好的调速性能,交流电机通常比直流电机更适合高功率应用,步进电机可以精确控制角度和位置,无刷电机比有刷电机维护成本高,电机的防护等级不影响其使用场景,,ABC,3（中）,5（好）,,,
874,B-A-D-003,B（单选题）,,电子调速器的主要作用是（ ）。,调节电机电压,调节电机电流,调节电机转速,调节电机功率,,,C,3（中）,5（好）,,,
875,B-A-D-003,B（单选题）,,电子调速器的电流容量应（ ）电机的最大工作电流。,小于,等于,大于,无所谓,,,C,3（中）,5（好）,,,
876,B-A-D-003,B（单选题）,,具有更好的调速精度和响应速度的电子调速器通常采用（ ）控制方式。,PWM,模拟,数字,变频,,,C,3（中）,5（好）,,,
877,B-A-D-003,C（判断题）,,电子调速器的电压输入范围越窄，其性能越好。（）,正确,错误,,,,,B,3（中）,5（好）,,,
878,B-A-D-003,C（判断题）,,只要电子调速器的电流容量足够，就可以随意搭配任何电机。（）,正确,错误,,,,,B,3（中）,5（好）,,,
879,B-A-D-003,G（多选题）,,电子调速器选型时要考虑的因素有（ ）。,电机类型,电池电压,所带负载大小,通信协议,电子调速器的尺寸,,ABCE,3（中）,5（好）,,,
880,B-A-D-003,G（多选题）,,关于电子调速器选型正确的是（ ）。,多旋翼飞行器一般选择支持多通道的电子调速器,高功率电机需要大电流容量的电子调速器,电子调速器的重量对飞行器性能没有影响,有些电子调速器具有过热保护功能,电子调速器的品牌决定其质量,,ABD,3（中）,5（好）,,,
881,B-A-D-004,B（单选题）,,电池选型时，决定设备续航时间的主要参数是（ ）。,电池电压,电池容量,电池内阻,电池重量,,,B,3（中）,5（好）,,,
882,B-A-D-004,B（单选题）,,对于需要大电流放电的设备，应选择（ ）的电池。,高内阻,低内阻,高电压,低电压,,,B,3（中）,5（好）,,,
883,B-A-D-004,B（单选题）,,具有较高的能量密度，常用于无人机等设备的是（ ）电池。,铅酸电池,镍氢电池,锂离子电池,镍镉电池,,,C,3（中）,5（好）,,,
884,B-A-D-004,C（判断题）,,电池的电压越高，其容量一定越大。（）,正确,错误,,,,,B,3（中）,5（好）,,,
885,B-A-D-004,C（判断题）,,只要电池的容量满足要求，就可以不考虑电池的放电倍率。（）,正确,错误,,,,,B,3（中）,5（好）,,,
886,B-A-D-004,G（多选题）,,电池选型需要考虑的因素包括（ ）。,设备的工作电压要求,通信协议,续航时间要求,环境温度,设备的功率消耗,,ACDE,3（中）,5（好）,,,
887,B-A-D-004,G（多选题）,,关于电池选型说法正确的是（ ）。,不同类型的电池具有不同的充放电特性,低温环境下，电池的性能可能会下降,电池的循环寿命对长期使用成本有影响,大尺寸的电池一定比小尺寸电池容量大,电池的自放电率不影响使用,,ABC,3（中）,5（好）,,,
888,B-A-D-005,B（单选题）,,在为无人机选择电机和固定桨距螺旋桨时，以下（ ）因素不是主要考虑的因素。,电机的KV值,螺旋桨的直径和螺距,电池的容量,环境温度,,,D,3（中）,5（好）,,,
889,B-A-D-005,B（单选题）,,当电机扭矩较小，为保证飞行器正常飞行，应搭配（ ）的螺旋桨。,大直径大螺距,大直径小螺距,小直径大螺距,小直径小螺距,,,D,3（中）,5（好）,,,
890,B-A-D-005,B（单选题）,,低转速电机一般搭配（ ），以获得较大的推力。,小直径高转速螺旋桨,大直径低转速螺旋桨,小直径低转速螺旋桨,大直径高转速螺旋桨,,,B,3（中）,5（好）,,,
891,B-A-D-005,C（判断题）,,只要电机能带动螺旋桨转动，就说明配型合适。（）,正确,错误,,,,,B,3（中）,5（好）,,,
892,B-A-D-005,C（判断题）,,电机与螺旋桨配型时，不需要考虑两者的安装方式。（）,正确,错误,,,,,B,3（中）,5（好）,,,
893,B-A-D-005,G（多选题）,,关于电机与固定桨距螺旋桨配型，下列说法正确的是（ ）。,电机功率越大，可搭配的螺旋桨尺寸越大,螺旋桨螺距越大，对电机扭矩要求越低,桨叶数量增加会降低电机的负载,不同飞行任务对电机与螺旋桨的配型有不同要求,电机的极数与螺旋桨配型无关,,AD,3（中）,5（好）,,,
894,B-A-D-005,G（多选题）,,电机与固定桨距螺旋桨配型时需要考虑（ ）。,飞行器的预期飞行速度,电机的发热情况,螺旋桨的效率曲线,空气密度对螺旋桨的影响,电机的生产厂家,,ACD,3（中）,5（好）,,,
895,B-A-D-006,B（单选题）,,电池的输出电压应（ ）电子调速器的输入电压范围。,小于,等于,大于,在其范围内,,,D,2（较易）,5（好）,,,
896,B-A-D-006,B（单选题）,,当使用高倍率放电电池时，应选择（ ）的电子调速器。,低电流容量,高电流容量,低电压适应范围,高电压适应范围,,,B,3（中）,5（好）,,,
897,B-A-D-006,B（单选题）,,电子调速器的内阻与电池内阻匹配不佳时，可能导致（ ）。,电池寿命延长,电子调速器过热,电机转速不稳定,飞行器飞行高度增加,,,B,3（中）,5（好）,,,
898,B-A-D-006,C（判断题）,,只要电池的电压和电子调速器的输入电压一致，就可以随意搭配。（）,正确,错误,,,,,B,3（中）,5（好）,,,
899,B-A-D-006,C（判断题）,,电池的放电曲线对与电子调速器的配型没有影响。（）,正确,错误,,,,,B,3（中）,5（好）,,,
900,B-A-D-006,G（多选题）,,"电池与电子调速器配型时需要关注（ ）因素,以确保系统的安全性和性能。",电池的放电倍率,电池的容量（mAh）,电池的输出电压范围,电子调速器的响应时间,两者之间的连接方式,,ABCE,3（中）,5（好）,,,
901,B-A-D-006,G（多选题）,,关于电池与电子调速器配型，说法正确的是（ ）。,不同类型电池适合不同的电子调速器控制方式,电子调速器的功率应略大于电池的输出功率,电池容量越大，对电子调速器的性能要求越低,电子调速器的过流保护值应根据电池的最大放电电流设置,电池的重量会影响电子调速器的工作稳定性,,AD,3（中）,5（好）,,,
902,B-A-D-007,B（单选题）,,电子调速器的电流容量应（ ）电机的最大工作电流。,小于,等于,大于,远小于,,,C,3（中）,5（好）,,,
903,B-A-D-007,B（单选题）,,对于有刷电机，应选择（ ）的电子调速器。,支持无刷电机控制,支持有刷电机控制,高电压输入,低电流输出,,,B,3（中）,5（好）,,,
904,B-A-D-007,B（单选题）,,电子调速器的 PWM 频率对电机的（ ）有影响。,外观,重量,转速稳定性,价格,,,C,3（中）,5（好）,,,
905,B-A-D-007,C（判断题）,,电子调速器的电压输出范围只要覆盖电机的额定电压即可，无需考虑其他。（）,正确,错误,,,,,B,3（中）,5（好）,,,
906,B-A-D-007,C（判断题）,,电机的启动电流对电子调速器与电机的配型没有影响。（）,正确,错误,,,,,B,3（中）,5（好）,,,
907,B-A-D-007,G（多选题）,,电子调速器与电机配型时需要考虑（ ）因素。,电机的类型（有刷 / 无刷）,电机的额定转速,电子调速器的品牌,电机的堵转电流,电子调速器的体积,,ABD,3（中）,5（好）,,,
908,B-A-D-007,G（多选题）,,关于电子调速器与电机配型，说法正确的是（ ）。,电子调速器的控制算法会影响电机的运行效率,电机的磁极对数与电子调速器配型无关,电子调速器的反向电动势保护功能对电机起保护作用,不同的飞行模式需要不同的电子调速器与电机配型,电机的生产地会影响与电子调速器的配型,,ACD,3（中）,5（好）,,,
909,B-A-E-001,B（单选题）,,那种（）情况不会导致无人机失控。,飞控系统故障,电源故障,遥控器失灵,云台不工作,,,D,3（中）,5（好）,,,
910,B-A-E-001,B（单选题）,,无人机导航系统中，用于提供精准位置和航向信息的是（）。,角速度传感器,加速度传感器,全球定位系统（GPS）,陀螺仪,,,C,3（中）,5（好）,,,
911,B-A-E-001,B（单选题）,,在飞行控制系统中，负责计算控制指令并对无人机进行实时控制的是（）。,传感器,控制器,执行器,通信器,,,B,3（中）,5（好）,,,
912,B-A-E-001,C（判断题）,,所有无人机都使用相同的飞行控制与导航系统。（）,正确,错误,,,,,B,3（中）,5（好）,,,
913,B-A-E-001,C（判断题）,,惯性导航系统（INS）可以完全替代GPS，在无人机导航中不需要GPS。（）,正确,错误,,,,,B,3（中）,5（好）,,,
914,B-A-E-001,G（多选题）,,影响无人机飞行稳定性的是（）。,风速和风向,飞机重量分布,电池电量,操作员年龄,飞控系统性能,,ABCE,3（中）,5（好）,,,
915,B-A-E-001,G（多选题）,,常见的无人机飞行控制系统包括（）种类。,基于 PID 控制算法的传统飞行控制系统,带有姿态稳定功能的先进飞行控制系统,基于机器视觉的自主飞行控制系统,采用模拟信号传输的简易飞行控制系统,仅通过遥控器操作的简单飞行控制系统,,ABCE,3（中）,5（好）,,,
916,B-A-E-002,B（单选题）,,常见的无人机飞行控制系统主要包括姿态控制、航向控制、高度控制和（）。,稳定性控制,距离控制,气压控制,风速控制,,,A,3（中）,5（好）,,,
917,B-A-E-002,B（单选题）,,（）不属于无人机飞行控制系统的核心技术。,飞控算法,传感器数据融合,飞行器动力学模型,导航卫星系统,,,D,3（中）,5（好）,,,
918,B-A-E-002,B（单选题）,,无人机飞行控制系统中，用于实现飞行器姿态控制和导航的子系统是（）。,飞控计算机,飞行管理系统,导航子系统,制导子系统,,,D,3（中）,5（好）,,,
919,B-A-E-002,C（判断题）,,无人机飞行控制系统中的稳定性控制主要是通过保持飞机的姿态稳定来实现的。（）,正确,错误,,,,,A,3（中）,5（好）,,,
920,B-A-E-002,C（判断题）,,所有无人机的飞行控制系统都具备完全自主飞行的能力。（）,正确,错误,,,,,B,3（中）,5（好）,,,
921,B-A-E-002,G（多选题）,,常见的无人机导航系统的缺点包括（）。,易受天气影响,定位精度不高,成本较高,维护难度较大,无法实现自主飞行,,ABC,3（中）,5（好）,,,
922,B-A-E-002,G（多选题）,,无人机飞行控制系统的主要功能包括（）。,实现无人机的稳定飞行和姿态控制,自主规划飞行路径并进行导航,实时采集和处理飞行数据,远程控制无人机的起飞、降落和悬停,自动识别障碍物并实时避障,,ABD,3（中）,5（好）,,,
923,B-A-E-003,B（单选题）,,无人机飞行控制与导航系统的选型原则不包括（）。,系统的可靠性,系统的实时性,系统的普适性,系统的经济性,,,C,3（中）,5（好）,,,
924,B-A-E-003,B（单选题）,,在选择无人机飞行控制与导航系统时，（）不是主要的考量因素。,飞行器的类型和用途,飞行环境的特点,飞行器的尺寸和重量,预算和资金,,,D,3（中）,5（好）,,,
925,B-A-E-003,B（单选题）,,（）技术在无人机飞行控制与导航系统中不是经常使用的。,惯性测量单元（IMU）,全球定位系统（GPS）,电子指南针,声音导航,,,D,3（中）,5（好）,,,
926,B-A-E-003,C（判断题）,,无人机导航系统只能提供位置信息，不能提供飞行路径规划。（）,正确,错误,,,,,B,3（中）,5（好）,,,
927,B-A-E-003,C（判断题）,,在选择无人机飞行控制系统时，只需考虑无人机的尺寸和重量，其他因素可以忽略。（）,正确,错误,,,,,B,3（中）,5（好）,,,
928,B-A-E-003,G（多选题）,,在选择无人机飞行控制系统时，应考虑的因素有（）。,控制精度,可靠性,实用性,成本,易于操作,,ABCD,3（中）,5（好）,,,
929,B-A-E-003,G（多选题）,,（）因素可能影响无人机的飞行性能。,风速,温度,空气湿度,地面坡度,大气层厚度,,ABCE,3（中）,5（好）,,,
930,B-A-E-004,B（单选题）,,在地面站与飞行控制系统匹配中，（）方法最常用。,硬件匹配法,软件匹配法,混合匹配法,无匹配法,,,B,3（中）,5（好）,,,
931,B-A-E-004,B（单选题）,,地面站与飞行控制系统匹配时，（）方法可以确保数据传输的可靠性。,使用专用的数据通信线路,增加数据传输速率,提高数据编码效率,增加数据校验位,,,D,3（中）,5（好）,,,
932,B-A-E-004,B（单选题）,,在无人机系统中，地面站与飞行控制导航系统的匹配关键在（）。,数据链路的建立与维护,飞行器的飞行状态信息,地面站软件的稳定性,飞行控制器的性能,,,A,3（中）,5（好）,,,
933,B-A-E-004,C（判断题）,,在匹配地面站与飞行控制导航系统时，只需关注通信协议的兼容性，无需考虑其他因素。（）,正确,错误,,,,,B,3（中）,5（好）,,,
934,B-A-E-004,C（判断题）,,无人机地面站必须采用与飞行控制导航系统完全相同的通信协议，才能实现两者的有效匹配。（）,正确,错误,,,,,B,3（中）,5（好）,,,
935,B-A-E-004,G（多选题）,,地面站与飞行控制导航系统匹配时，需要考虑（）关键要素。,通信协议与接口的兼容性,数据传输的实时性和稳定性,控制指令的精确性和响应速度,地面站软件的操作界面和用户体验,飞行控制导航系统的硬件尺寸和重量,,ABCD,3（中）,5（好）,,,
936,B-A-E-004,G（多选题）,,在匹配地面站与飞行控制导航系统时，（）功能特性是重要的。,地面站能够实时监控飞行数据和状态,支持远程更改飞行计划和导航路径,具备故障诊断和自动修复功能,提供飞行数据的存储和分析功能,地面站具有多种控制模式和操作权限设置,,ABDE,3（中）,5（好）,,,
937,B-A-E-005,B（单选题）,,关于避障智能传感器系统的工作原理描述错误的是（）。,利用传感器感知障碍物的位置、形状和大小等信息,根据感知到的信息，通过控制器进行计算和决策,控制器输出控制信号，驱动执行机构避开障碍物,执行机构可以通过声音或振动来实现避障,,,D,3（中）,5（好）,,,
938,B-A-E-005,B（单选题）,,在避障智能传感器系统中，对于传感器的选择至关重要。不是选择传感器时通常考虑的因素（）。,测量范围,响应速度,分辨率,供电电压,,,D,3（中）,5（好）,,,
939,B-A-E-005,B（单选题）,,在无人机避障智能传感器系统中，传感器的灵敏度通常与下（）因素相关。,传感器尺寸,环境光线强度,被测物体的材质,传感器的分辨率和测量范围,,,D,3（中）,5（好）,,,
940,B-A-E-005,C（判断题）,,无人机避障智能传感器系统只能通过超声波传感器来检测障碍物。（）,正确,错误,,,,,B,3（中）,5（好）,,,
941,B-A-E-005,C（判断题）,,无人机避障智能传感器系统的精度越高，无人机的飞行安全性就越高。（）,正确,错误,,,,,A,3（中）,5（好）,,,
942,B-A-E-005,G（多选题）,,关于避障智能传感器系统的优点，说法正确的是（）。,可以实现实时、准确的障碍物检测,可以根据障碍物的性质选择合适的避障策略,可以提高机器人的灵活性和自主性,可以应用于各种环境下的机器人避障任务,可以适应多种复杂环境下的动态避障需求，如光照变化、雾天等环境下仍能保持一定的避障能力,,ABCE,3（中）,5（好）,,,
943,B-A-E-005,G（多选题）,,无人机避障智能传感器系统的关键参数包括（）。,最大探测距离,探测角度与范围,分辨率与精度,是否支持语音交互,工作电压与功耗,,ABCE,3（中）,5（好）,,,
944,B-A-E-006,B（单选题）,,无人机避障智能传感器系统的配型原则不包括（）。,敏感度高,稳定性好,功耗低,成本低,,,D,3（中）,5（好）,,,
945,B-A-E-006,B（单选题）,,可以用于无人机智能避障传感器系统的是（）。,温度传感器,压力传感器,红外线传感器,湿度传感器,,,C,3（中）,5（好）,,,
946,B-A-E-006,B（单选题）,,在无人机智能避障系统中，（）负责实现实际的避障动作。,传感器,数据处理单元,执行机构,用户界面,,,C,3（中）,5（好）,,,
947,B-A-E-006,C（判断题）,,在配型避障智能传感器系统时，只需要考虑传感器的性能即可。（）,正确,错误,,,,,B,3（中）,5（好）,,,
948,B-A-E-006,C（判断题）,,在为无人机选择避障智能传感器系统时，只需考虑传感器的精度和价格，无需考虑无人机的应用场景。（）,正确,错误,,,,,B,3（中）,5（好）,,,
949,B-A-E-006,G（多选题）,,在无人机避障智能传感器系统配型时，应遵循（）原则。,功能需求与性能指标相匹配,环境适应性与可靠性并重,经济性与实用性相结合,外观设计的新颖性,安全性与稳定性优先,,ABCE,3（中）,5（好）,,,
950,B-A-E-006,G（多选题）,,无人机避障智能传感器系统配型方法包括（）步骤。,分析无人机的任务需求和工作环境,对比不同传感器系统的性能参数和优缺点,选择合适的通信接口和数据传输方式,给传感器系统配备专属显示屏,根据实际飞行结果进行调整和优化,,ABCE,3（中）,5（好）,,,
951,B-A-E-007,B（单选题）,,避障系统中，用于衡量检测距离远近的关键参数是（ ）。,帧率,分辨率,探测范围,响应时间,,,C,3（中）,5（好）,,,
952,B-A-E-007,B（单选题）,,避障系统的分辨率主要影响（ ）。,最大探测距离,对障碍物细节的识别能力,系统功耗,数据传输速率,,,B,3（中）,5（好）,,,
953,B-A-E-007,B（单选题）,,不是避障系统响应时间的重要影响因素是（ ）。,传感器性能,算法复杂度,电源电压,处理器性能,,,C,3（中）,5（好）,,,
954,B-A-E-007,C（判断题）,,避障系统的探测范围越大，就一定能更精准地识别小型障碍物。（）,正确,错误,,,,,B,3（中）,5（好）,,,
955,B-A-E-007,C（判断题）,,避障系统的帧率和分辨率相互独立，没有关联。（）,正确,错误,,,,,B,3（中）,5（好）,,,
956,B-A-E-007,G（多选题）,,避障系统参数包含（ ）。,检测角度,数据处理能力,安装位置,抗干扰能力,外观尺寸,,ABD,4（较难）,5（好）,,,
957,B-A-E-007,G（多选题）,,关于避障系统参数，下列说法正确的是（ ）。,高帧率有利于捕捉快速移动的障碍物,探测范围越大，系统成本一定越低,抗干扰能力强可减少误报,数据处理能力不影响避障效果,检测角度与飞行器的飞行安全有关,,ACE,4（较难）,5（好）,,,
958,B-A-E-008,B（单选题）,,为小型室内飞行器选择避障系统时，优先考虑（ ）的系统。,探测范围大,体积小、重量轻,高分辨率,高帧率,,,B,3（中）,5（好）,,,
959,B-A-E-008,B（单选题）,,当飞行器飞行速度较快时，避障系统应具备（ ）。,更高的分辨率,更大的视场角（FOV）,更快的响应时间,更高的帧率,,,C,3（中）,5（好）,,,
960,B-A-E-008,B（单选题）,,避障系统与飞行器配型时，不需要考虑（ ）。,飞行器的飞行环境,飞行器的飞行姿态变化范围,飞行器的颜色,飞行器的动力系统,,,C,3（中）,5（好）,,,
961,B-A-E-008,C（判断题）,,只要避障系统的探测范围覆盖飞行器的飞行路径，就可以随意配型。（）,正确,错误,,,,,B,3（中）,5（好）,,,
962,B-A-E-008,C（判断题）,,飞行器的飞行高度对避障系统的配型没有影响。（）,正确,错误,,,,,B,3（中）,5（好）,,,
963,B-A-E-008,G（多选题）,,避障系统配型需要考虑的因素（ ）。,飞行器的用途,系统的兼容性,维护成本,操作人员的技术水平,天气条件,,ABC,3（中）,5（好）,,,
964,B-A-E-008,G（多选题）,,关于避障系统配型，说法正确的是（ ）。,不同类型的传感器适用于不同的飞行场景,配型时只需关注避障系统的参数，无需考虑飞行器整体,系统的稳定性对配型很重要,避障系统的价格是配型的首要考虑因素,通信接口的匹配影响避障系统与飞行器的连接,,ACE,3（中）,5（好）,,,
965,B-A-E-009,B（单选题）,,定高系统中，用于测量高度的关键参数是（ ）。,气压值,温度值,电流值,电压值,,,A,,,,,
966,B-A-E-009,B（单选题）,,定高系统的精度主要取决于（ ）。,电源稳定性,传感器的精度,系统的外观,飞行器的速度,,,B,,,,,
967,B-A-E-009,B（单选题）,,定高系统（高度保持系统）的关键参数是（ ）。,横滚角, 俯仰角,高度传感器读数,偏航角,,,C,,,,,
968,B-A-E-009,C（判断题）,,定高系统的精度越高，测量范围就一定越大。（）,正确,错误,,,,,B,,,,,
969,B-A-E-009,C（判断题）,,定高系统的更新频率与飞行器的飞行稳定性无关。（）,正确,错误,,,,,B,,,,,
970,B-A-E-009,G（多选题）,,定高系统参数包括（ ）。,高度传感器读数,设定高度值,控制增益（PID参数）,横滚角,生产厂家,,ABC,,,,,
971,B-A-E-009,G（多选题）,,关于定高系统参数，说法正确的是（ ）。,测量范围应满足飞行器的飞行高度需求,抗振动能力强可保证高度测量的准确性,校准方式不影响定高精度,高更新频率会增加系统功耗,定高系统的重量是重要参数,,ABD,,,,,
972,B-A-E-010,B（单选题）,,对于在复杂地形飞行的飞行器，定高系统应选择（ ）。,精度低但测量范围大的,精度高且适应复杂环境的,价格便宜但更新频率低的,体积大但稳定性好的,,,B,,,,,
973,B-A-E-010,B（单选题）,,定高系统与飞行器动力系统配型时，主要考虑（ ）。,动力系统的颜色,动力系统的推力变化对高度的影响,动力系统的品牌,动力系统的生产地,,,B,,,,,
974,B-A-E-010,B（单选题）,,定高系统配型时，不需要考虑（ ）。,高度传感器的精度,控制算法的参数设置,定高系统的品牌知名度,飞行器的飞行姿态控制精度,,,C,,,,,
975,B-A-E-010,C（判断题）,,只要定高系统的精度满足要求，就可以与任何飞行器配型。（）,正确,错误,,,,,B,,,,,
976,B-A-E-010,C（判断题）,,飞行器的飞行姿态对定高系统的配型没有影响。（）,正确,错误,,,,,B,,,,,
977,B-A-E-010,G（多选题）,,定高系统配型需要考虑（ ）。,飞行器的飞行环境温度,系统的可靠性,操作人员的操作习惯,控制算法的参数设置,高度传感器的精度,,ABCD,,,,,
978,B-A-E-010,G（多选题）,,关于定高系统配型，说法正确的是（ ）。,不同飞行环境对定高系统的要求不同,配型时要综合考虑系统成本和性能,定高系统的安装位置不影响其工作效果,飞行器的飞行速度不影响定高系统配型,与其他系统的兼容性很重要,,ABE,,,,,
979,B-A-F-001,B（单选题）,,在进行网络通信时，为了保证数据传输的正确性和可靠性，通常使用的通信协议是（）。,HTTP,FTP,TCP/IP,DNS,,,C,3（中）,5（好）,,,
980,B-A-F-001,B（单选题）,,在选择合适的通信协议时，（）不是主要的考虑因素。,网络环境,数据传输需求,安全性,成本,,,D,3（中）,5（好）,,,
981,B-A-F-001,B（单选题）,,当数据传输速率很高且对延迟敏感时，应优先选择的协议是（）。,TCP/IP,UDP,FTP,HTTP,,,B,3（中）,5（好）,,,
982,B-A-F-001,C（判断题）,,在无人机通信协议选型中，只需选择传输速度最快的协议，无需考虑其他因素。（）,正确,错误,,,,,B,3（中）,5（好）,,,
983,B-A-F-001,C（判断题）,,无人机通信协议的选择应完全遵循国际通用的标准协议，以确保兼容性和互通性。（）,正确,错误,,,,,B,3（中）,5（好）,,,
984,B-A-F-001,G（多选题）,,（）通信协议常用于无人机通信中。,Wi-Fi ,Bluetooth,ZigBee ,4G/5G移动通信,专用通信频段,,ADE,3（中）,5（好）,,,
985,B-A-F-001,G（多选题）,,在选择无人机通信协议时，（）因素需要考虑。,通信距离和带宽需求,数据传输的稳定性和可靠性,协议的兼容性和标准化程度,无人机的飞行时间,安全性与加密措施,,ABCE,3（中）,5（好）,,,
986,B-A-F-002,B（单选题）,,在选择无人机通道数时，（）因素不是主要考虑内容。,无人机的应用场景,无人机的体积和重量 ,无人机的飞行时长,操作者的飞行技能,,,C,3（中）,5（好）,,,
987,B-A-F-002,B（单选题）,,在无人机无线图传系统处理RGB图像时，（）说法是正确的。,每个像素点只能有一个通道,RGB图像有3个通道,每个像素点可以有多个通道,输入数据的通道数,,,B,3（中）,5（好）,,,
988,B-A-F-002,B（单选题）,,在无人机无线图传系统处理RGB图像时，（）说法是正确的。,每个像素点只能有一个通道,RGB图像有3个通道,每个像素点可以有多个通道,输入数据的通道数,,,B,,,,,
989,B-A-F-002,C（判断题）,,无人机通道数越多，控制功能就越丰富，因此应尽量选择通道数多的遥控器。（）,正确,错误,,,,,B,3（中）,5（好）,,,
990,B-A-F-002,C（判断题）,,在视频处理中，选择通道数越少，处理效率越高。（）,正确,错误,,,,,B,3（中）,5（好）,,,
991,B-A-F-002,G（多选题）,,在选择无人机的通道数时，（）因素是需要考虑的。,无人机的飞行稳定性和控制精度,无人机的应用场景和任务需求,遥控器的功能和操作复杂度,飞行控制系统的性能和计算能力,飞行时长,,ABCD,3（中）,5（好）,,,
992,B-A-F-002,G（多选题）,,在图像处理中，选择通道数的方法包括（）。,根据飞行时间选择通道数,根据处理任务的需求选择通道数,根据图像的分辨率选择通道数,根据通道之间的相关性选择通道数,根据特征提取和识别的需求选择通道数,,BCDE,3（中）,5（好）,,,
993,B-A-F-003,B（单选题）,,方法中可以帮助我们更好地控制距离的是（）。,目测法,身体感知法,使用测量工具,手势比划,,,C,3（中）,5（好）,,,
994,B-A-F-003,B（单选题）,,在进行无人机飞行前，（）不是考虑控制距离的重要因素。,无人机类型,任务需求,环境条件,飞行时间,,,D,3（中）,5（好）,,,
995,B-A-F-003,B（单选题）,,无人机选择控制距离的主要目的是（）,性能限制,方便控制,避免电机过热,安全性和稳定性,,,D,3（中）,5（好）,,,
996,B-A-F-003,C（判断题）,,选择无人机时，控制距离越长越好，因此应优先选择控制距离最远的无人机。（）,正确,错误,,,,,B,3（中）,5（好）,,,
997,B-A-F-003,C（判断题）,,在选择无人机控制距离时，只需考虑无人机的飞行距离，无需考虑控制信号的稳定性。（）,正确,错误,,,,,B,3（中）,5（好）,,,
998,B-A-F-003,G（多选题）,,会影响我们距离感知的因素是（）。,视线角度,颜色对比度,环境噪音,距离感是否敏锐,物体材质,,ABCD,3（中）,5（好）,,,
999,B-A-F-003,G（多选题）,,在选择无人机的控制距离时，一般需要考虑（）因素。,无人机的飞行性能和续航能力,通信协议和设备的性能,地面控制站的功能和范围,飞行环境和障碍物,无人机的飞行时间,,ABCD,3（中）,5（好）,,,
1000,B-A-F-004,B（单选题）,,在选择无人机通讯频率时，首先要注意的是（）。,无人机机型,预期传输距离,无线电管理法规,成本,,,C,3（中）,5（好）,,,
1001,B-A-F-004,B（单选题）,,在选择无人机通讯频率时，（）频段是通常不被推荐的。,2.4 GHz ISM频段,5.8 GHz ISM频段,900 MHz频段,30 MHz频段,,,D,3（中）,5（好）,,,
1002,B-A-F-004,B（单选题）,,无人机通讯频率的选择与（）无关。,无人机的飞行高度,无人机的飞行速度,无人机的载重量,无人机的飞行任务,,,C,3（中）,5（好）,,,
1003,B-A-F-004,C（判断题）,,当无人机周围存在大量金属障碍物时，选择高频通讯频率有利于穿透障碍物，保障通讯。（）,正确,错误,,,,,B,3（中）,5（好）,,,
1004,B-A-F-004,C（判断题）,,只要两个无人机使用的通讯频率不同，就不会出现信号干扰问题。（）,正确,错误,,,,,B,3（中）,5（好）,,,
1005,B-A-F-004,G（多选题）,,在选择通讯频率时， 需要考虑的因素有（）。,信号的传输距离,信号的穿透能力,信号的带宽,无人机性能,遥控器型号,,ABCE,3（中）,5（好）,,,
1006,B-A-F-004,G（多选题）,,（）频率通常用于无人机的通讯。,2.4 GHz,5 GHz,900 MHz,100 GHz,1000 GHz,,ABC,3（中）,5（好）,,,
1007,B-A-F-005,B（单选题）,,在选择无人机无线数据传输系统时，主要考虑的因素是（）。,功耗,品牌,抗干扰能力,成本,,,C,3（中）,5（好）,,,
1008,B-A-F-005,B（单选题）,,无人机无线数据传输技术可以提供最远的数据传输距离的是（）。,Wi-Fi,蓝牙,Zigbee,微波,,,D,3（中）,5（好）,,,
1009,B-A-F-005,B（单选题）,,无人机无线数据传输系统选型时，（）不是首要考虑的因素。,传输速率,通信距离,信号稳定性,功耗,,,C,3（中）,5（好）,,,
1010,B-A-F-005,C（判断题）,,在选择无线数据传输系统时，只需考虑传输速度，无需考虑传输距离和数据安全性。（）,正确,错误,,,,,B,3（中）,5（好）,,,
1011,B-A-F-005,C（判断题）,,无线数据传输系统的频率选择应根据可用频段和通信距离来确定。（）,正确,错误,,,,,A,3（中）,5（好）,,,
1012,B-A-F-005,G（多选题）,,在选择无线数据传输系统时，应考虑的因素有（）。,传输距离是否满足需求,数据传输速率,设备成本,系统的美观性,安全性,,ABCE,3（中）,5（好）,,,
1013,B-A-F-005,G（多选题）,,在无人机无线数据传输系统选型过程中，需要（）关键因素。,数据传输速率和带宽要求,传输距离和覆盖范围,抗干扰能力和稳定性,选择高功率的发射设备,兼容性和可扩展性,,ABCE,3（中）,5（好）,,,
1014,B-A-F-006,B（单选题）,,在选择无线图像传输系统时，以下（）因素不是主要考虑的因素。,传输距离,图像分辨率,环境温度,数据加密方式,,,C,3（中）,5（好）,,,
1015,B-A-F-006,B（单选题）,,在无人机无线图像传输系统中，（）因素会影响传输距离。,信号强度,遥控器电池电量,手机屏幕亮度,景象质量,,,A,3（中）,5（好）,,,
1016,B-A-F-006,B（单选题）,,为了保证高质量的视频传输，无线图像传输系统应优先选择（）频段。,2.4 GHz,5.8 GHz ,900 MHz,60 GHz,,,B,3（中）,5（好）,,,
1017,B-A-F-006,C（判断题）,,无线图像传输系统中的天线增益越高，信号覆盖范围越广。（）,正确,错误,,,,,A,3（中）,5（好）,,,
1018,B-A-F-006,C（判断题）,,无线图像传输系统中，使用更高的调制方式可以减少传输延迟。（）,正确,错误,,,,,B,3（中）,5（好）,,,
1019,B-A-F-006,G（多选题）,,在选择无人机无线图像传输系统时，（）因素需要考虑。,图像分辨率和传输质量,传输距离和覆盖范围,抗干扰能力和信号稳定性,是否支持 5G 网络,兼容性和易用性,,ABCE,3（中）,5（好）,,,
1020,B-A-F-006,G（多选题）,,无人机无线图像传输系统的选型方法通常涉及（）步骤。,明确无人机图像传输的具体需求和场景,调研市场上的无线图像传输技术和产品,对比不同系统的性能指标和价格,评估系统的品牌知名度,进行实地测试或模拟飞行验证系统性能,,ABCE,3（中）,5（好）,,,
1021,B-A-G-001,B（单选题）,,（）在短跑道上效果较好。,轮胎起飞系统,航空母舰滑跃起飞系统,滑跑起飞系统,跑道起飞系统,,,B,3（中）,5（好）,,,
1022,B-A-G-001,B（单选题）,,无人机采用手抛式起飞系统的特点是（）。,需要大型起飞场地,起飞准备过程复杂,便灵活，适用于小型无人机,需要专门的发射装置,,,C,3（中）,5（好）,,,
1023,B-A-G-001,B（单选题）,,无人机滑跑起飞的特点是（）。,需要跑道,不适合大型无人机,快速部署,无需助跑设施,,,A,3（中）,5（好）,,,
1024,B-A-G-001,C（判断题）,,抛式起飞系统适用于所有类型的无人机，无需特殊准备即可进行起飞。（）,正确,错误,,,,,B,3（中）,5（好）,,,
1025,B-A-G-001,C（判断题）,,滑跑式起飞系统需要较长的跑道，并且在起飞过程中无人机容易受到风向的影响。（）,正确,错误,,,,,A,3（中）,5（好）,,,
1026,B-A-G-001,G（多选题）,,关于起飞系统的描述正确的是（）。,起飞系统可以根据飞机类型和跑道条件进行选择,不同类型的飞机可能需要不同的起飞系统,飞机在起飞过程中必须克服重力，因此需要有足够的推力,起飞系统的设计应该考虑到飞机的性能、乘客舒适度和安全性,起飞系统可以完全替代飞机发动机的作用,,ABCD,2（易）,5（好）,,,
1027,B-A-G-001,G（多选题）,,手抛式无人机起飞系统通常适用于（）场景。,紧急救援任务，需要快速部署,侦察和监控任务，需要隐蔽操作,航拍和摄影任务，需要便携性,长途运输任务，需要持久续航,事打击任务，需要高精度打击,,ABC,3（中）,5（好）,,,
1028,B-A-G-002,B（单选题）,,常用于大型飞机的起落架是（）。,电动起落架,液压起落架,气动起落架,电磁起落架,,,B,3（中）,5（好）,,,
1029,B-A-G-002,B（单选题）,,适用于轻型或小型飞机的起落架是（）。,电动起落架,液压起落架,气动起落架,电磁起落架,,,A,3（中）,5（好）,,,
1030,B-A-G-002,B（单选题）,,在农业监测领域，通常使用的无人机起飞与回收技术是（）,弹射起飞,滑翔着陆,垂直起降,固定翼起飞,,,C,3（中）,5（好）,,,
1031,B-A-G-002,C（判断题）,,气动起落架通常只在轻型或小型飞机上使用。（）,正确,错误,,,,,B,3（中）,5（好）,,,
1032,B-A-G-002,C（判断题）,,手抛式起飞系统主要应用于大型、重型无人机的起飞场景。（）,正确,错误,,,,,B,3（中）,5（好）,,,
1033,B-A-G-002,G（多选题）,,关于无人机起飞系统的应用场景差异，（）说法是正确的。,弹射式起飞系统常用于需要迅速部署且场地受限的情况,手抛式起飞系统更适用于短距离侦查和快速响应任务,滑跑式起飞系统通常用于大型无人机执行长距离飞行任务,垂直起降系统适用于城市环境和复杂地形中的航拍与监测,火箭助推起飞系统主要用于大型货物运输任务,,ABCD,3（中）,5（好）,,,
1034,B-A-G-002,G（多选题）,,在不同应用场景下，无人机起飞系统的选择应考虑（）因素。,起飞和降落场地的条件,任务所需的航程和载荷能力,操作的简便性和响应速度,任务对色彩识别的需求,无人机的尺寸和重量,,ABCE,3（中）,5（好）,,,
1035,B-A-G-003,B（单选题）,,无人机采用伞降着陆系统时，其主要作用是（）。,缩短着陆距离,增加无人机着陆速度,降低着陆冲击力,提高无人机着陆精度,,,C,3（中）,5（好）,,,
1036,B-A-G-003,B（单选题）,,最适用于小型无人机着陆的系统的是（）。,跑道型着陆系统,任意着陆系统均可,滑跃式着陆系统,垂直着陆系统,,,D,3（中）,5（好）,,,
1037,B-A-G-003,B（单选题）,,在大风环境下，最不易采用何种着陆方式（）。,跑道型着陆系统,垂直着陆系统,滑跃式着陆系统,伞降着陆系统,,,D,3（中）,5（好）,,,
1038,B-A-G-003,C（判断题）,,伞降着陆系统适用于所有类型的无人机，且着陆过程无需操作员干预。（）,正确,错误,,,,,B,3（中）,5（好）,,,
1039,B-A-G-003,C（判断题）,,悬停型着陆系统只适用于直升机。（）,正确,错误,,,,,A,3（中）,5（好）,,,
1040,B-A-G-003,G（多选题）,,关于无人机不同着陆系统的特点，（）描述是准确的。,伞降着陆系统适合小型无人机进行快速回收,滑跑着陆系统需要较长的着陆跑道以确保安全,垂直着陆系统可以在狭小空间内完成着陆,网回收系统适用于高速飞行的无人机,网兜回收系统需要无人机在着陆时降低速度,,ABCE,3（中）,5（好）,,,
1041,B-A-G-003,G（多选题）,,无人机着陆系统的选择应考虑（）因素。,着陆场地的条件,无人机的尺寸和重量,陆过程中的安全性,任务执行后的时间要求,无人机的续航能力和电池电量,,ABCD,3（中）,5（好）,,,
1042,B-A-G-004,B（单选题）,,在山区进行无人机侦察任务时，（）着陆系统更为合适。,垂直着陆系统,伞降着陆系统,滑跑着陆系统 ,任意着陆系统均可,,,A,3（中）,5（好）,,,
1043,B-A-G-004,B（单选题）,,在（）应用场景中，无人机自动着陆控制系统的设计技术最为关键。,军事侦察,无人机电力检测,航天器回收,无人机农业监测,,,C,3（中）,5（好）,,,
1044,B-A-G-004,B（单选题）,,在野外复杂不平整地形条件下，（）类型的着陆系统更能保障无人机安全着陆。,垂直着陆系统,滑跑着陆系统,天钩回收系统,跑道型着陆系统,,,A,3（中）,5（好）,,,
1045,B-A-G-004,C（判断题）,,在城市狭窄空间内，无人机采用垂直起降着陆系统更加适合。（）,正确,错误,,,,,A,3（中）,5（好）,,,
1046,B-A-G-004,C（判断题）,,伞降着陆系统通常用于执行海上搜救任务的无人机。（）,正确,错误,,,,,B,3（中）,5（好）,,,
1047,B-A-G-004,G（多选题）,,在月球探测任务中，可能需要采用的着陆系统包括（）。,大气减速降落,避障跳跃降落,喷气减速降落,降落伞减速降落,避障探测与自主导航降落,,BCDE,3（中）,5（好）,,,
1048,B-A-G-004,G（多选题）,,根据应用场景的差异，（）着陆系统适用于无人机的不同任务需求。,伞降着陆系统适合小型无人机进行快速回收,滑跑着陆系统 - 适用于大型无人机在机场或开阔地带的起飞和着陆,垂直起降系统 - 适用于城市环境和复杂地形中的无人机作业,撞网回收系统 - 适用于高速飞行且需要精准着陆的无人机任务,网兜回收系统 - 适用于小型无人机的空中捕捉和回收,,ABCE,3（中）,5（好）,,,
1049,B-A-H-001,B（单选题）,,FPV系统的主要功能是（）。,控制无人机飞行,实时传输视频信号,检测环境参数,实现自主导航,,,B,3（中）,5（好）,,,
1050,B-A-H-001,B（单选题）,,在选择无人机FPV系统时，首要考虑的因素是（）。,摄像头品牌,图传系统的稳定性,电池续航能力, 飞行控制器的性能,,,B,3（中）,5（好）,,,
1051,B-A-H-001,B（单选题）,,在选择FPV系统的飞控时，（）功能是必须考虑的。,三轴陀螺仪,三轴加速度计,气压计,GPS模块,,,A,3（中）,5（好）,,,
1052,B-A-H-001,C（判断题）,,FPV系统中的无线传输距离只受电池容量的影响。（）,正确,错误,,,,,B,3（中）,5（好）,,,
1053,B-A-H-001,C（判断题）,,在选择无人机FPV系统时，只需考虑摄像头的分辨率，分辨率越高，FPV效果就越好。 （）,正确,错误,,,,,B,3（中）,5（好）,,,
1054,B-A-H-001,G（多选题）,,在选择无人机第一人称视角（FPV）系统时，应考虑（）关键因素。,图像传输距离与稳定性,摄像头分辨率与画质,飞行控制器的兼容性与性能,飞行环境及光照条件,飞行速度与高度范围,,ABCD,3（中）,5（好）,,,
1055,B-A-H-001,G（多选题）,,（）因素有助于优化无人机FPV系统的使用体验。,高清晰度显示屏幕,低延迟的图像传输技术,轻便且耐用的FPV眼镜或显示设备,智能飞行跟踪与自动校准功能,大容量电池以延长飞行时间,,ABCD,3（中）,5（好）,,,
1056,B-A-H-002,B（单选题）,,在选择无人机航拍系统时，（）因素对于拍摄质量至关重要。,无人机的最大飞行速度 ,无人机的最大载重能力,摄像头的像素和分辨率,无人机的续航能力,,,C,3（中）,5（好）,,,
1057,B-A-H-002,B（单选题）,,在进行长时间航拍任务时，（）因素对于无人机航拍系统最为重要。,无人机的飞行速度,无人机的续航能力,无人机的起降方式,摄像头的广角范围,,,B,3（中）,5（好）,,,
1058,B-A-H-002,B（单选题）,,在无人机航拍系统中，（）技术可以提高画面的稳定性和清晰度。,高速飞行技术,摄像机的防抖技术,无人机的自动跟踪功能,无人机的遥控操作技术,,,B,3（中）,5（好）,,,
1059,B-A-H-002,C（判断题）,,在选择无人航拍系统时，无人机的载重能力越大，就一定越适合搭载大型航拍设备。（）,正确,错误,,,,,B,3（中）,5（好）,,,
1060,B-A-H-002,C（判断题）,,在选择无人航拍系统时，飞行稳定性是确保高质量航拍画面的关键因素之一。（）,正确,错误,,,,,A,3（中）,5（好）,,,
1061,B-A-H-002,G（多选题）,,（）技术特性有助于提升无人机航拍系统的性能。,智能飞行控制系统,光学防抖技术,高清图像编码技术,遥控距离和信号稳定性,配备专业云台稳定器,,ABCD,3（中）,5（好）,,,
1062,B-A-H-002,G（多选题）,,在无人机航拍系统的选型过程中，（）做法是推荐的。,根据拍摄需求选择合适的无人机类型（如多旋翼、固定翼等）,对比不同品牌和型号的性价比,只考虑价格因素，选择最便宜的航拍系统,考虑航拍系统的扩展性和升级潜力,在购买前进行实际飞行测试以评估性能,,ABDE,3（中）,5（好）,,,
1063,B-A-H-003,B（单选题）,,无人机物流系统在执行任务时，（）确保货物的精确投放。,依赖飞行员的视觉判断,使用高精度定位系统和传感器,增加无人机的载重能力,提高无人机的飞行速度,,,B,3（中）,5（好）,,,
1064,B-A-H-003,B（单选题）,,在物流系统中，拣选设备的选型应重点考虑（）。,拣选效率,设备成本,软件系统的兼容性,设备的娱乐功能,,,A,3（中）,5（好）,,,
1065,B-A-H-003,B（单选题）,,（）是物流系统选型中重要的软实力指标。,系统集成能力,数据分析能力,设备管理能力,客户服务能力,,,B,3（中）,5（好）,,,
1066,B-A-H-003,C（判断题）,,在选择无人机物流系统的导航模块时，仅需要考虑精度因素，精度越高，系统性能就越好。（）,正确,错误,,,,,B,3（中）,5（好）,,,
1067,B-A-H-003,C（判断题）,,对于无人机物流系统的货物抓取装置，只要能够牢固抓取货物，就可以满足所有需求。（）,正确,错误,,,,,B,3（中）,5（好）,,,
1068,B-A-H-003,G（多选题）,,（）技术特性有助于提升无人机物流系统的效率和安全性。,高清摄像头与图像识别技术,先进的导航系统,自主避障与防撞技术,高性能电池与快速充电技术,具备机械臂抓取功能,,ABCD,3（中）,5（好）,,,
1069,B-A-H-003,G（多选题）,,无人机着陆系统可能具备（）特点。,自动识别着陆点,实时调整飞行姿态,固定翼和旋翼通用,设备的操作人员技能水平,配备降落伞等安全设备,,ABE,3（中）,5（好）,,,
1070,B-B-A-001,B（单选题）,,拆卸多旋翼无人机时，首先要进行的操作是（）。,拆除螺旋桨,断开电池连接,拆卸电机,移除外壳,,,B,3（中）,5（好）,,,
1071,B-B-A-001,B（单选题）,,在拆卸多旋翼无人机螺旋桨时，应该（）。,直接用手拧下,不管正反桨，拆卸方式相同,按照螺旋桨旋转方向的反方向旋转拧下,使用蛮力拆卸,,,C,3（中）,5（好）,,,
1072,B-B-A-001,B（单选题）,,拆卸多旋翼无人机的电机时，通常会用到（）工具。,电钻,扳手,螺丝刀,钳子,,,C,3（中）,5（好）,,,
1073,B-B-A-001,C（判断题）,,多旋翼无人机拆卸时，可随意顺序拆卸，对后续装配无影响。, 正确,错误,,,,,B,3（中）,5（好）,,,
1074,B-B-A-001,C（判断题）,,拆卸多旋翼无人机电子调速器（ESC）时，不用断开与电机的连接。, 正确,错误,,,,,B,4（较难）,5（好）,,,
1075,B-B-A-001,G（多选题）,,在拆卸多旋翼无人机时，以下步骤是必要的（）。,拆卸螺旋桨,拆卸电机,注意不要损坏内部线路,清理所有组件表面的灰尘,记录各组件的位置和连接方式,,ABCDE,3（中）,5（好）,,,
1076,B-B-A-001,G（多选题）,,在拆卸多旋翼无人机的过程中，以下做法是正确的（）。,做好部件标记，便于后续安装,随意放置拆卸下来的部件,边拆卸边检查部件是否有损坏,拆卸完成后，将所有部件随意堆放,使用合适的工具进行拆卸,,ACE,3（中）,5（好）,,,
1077,B-B-A-002,B（单选题）,,拆卸多旋翼无人机螺旋桨时，正确的操作是（）。,直接用大力拧下,按螺旋桨旋转方向反向轻轻拧下,用钳子夹下,用电钻钻下,,,B,3（中）,5（好）,,,
1078,B-B-A-002,B（单选题）,,拆卸多旋翼无人机电机前，必须先（）。,拆除螺旋桨,断开电池连接,取下外壳,校准电机,,,B,3（中）,5（好）,,,
1079,B-B-A-002,B（单选题）,,拆卸多旋翼无人机电子调速器（ESC）时， 下列操作错误的是（）。,先断开与电机的连接,做好线路标记,直接剪断线路,关闭电源,,,C,3（中）,5（好）,,,
1080,B-B-A-002,C（判断题）,,拆卸多旋翼无人机可以不按顺序，随意拆卸各部件（）。, 正确,错误,,,,,B,3（中）,5（好）,,,
1081,B-B-A-002,C（判断题）,,在拆卸多旋翼无人机的过程中，可以不戴防静电手环直接接触电路板（）。, 正确,错误,,,,,B,3（中）,5（好）,,,
1082,B-B-A-002,G（多选题）,,拆卸多旋翼无人机电池时，需要注意 （）。,先关闭无人机电源,小心操作避免短路,检查电池外观是否有损坏,随意放置拆卸后的电池,直接用力拔出电池插头,,ABC,3（中）,4（较好）,,,
1083,B-B-A-002,G（多选题）,,在拆卸多旋翼无人机时， （）工具可能会用到。,螺丝刀,扳手,电钻,镊子,剪刀,,AB,3（中）,5（好）,,,
1084,B-B-A-003,B（单选题）,,多旋翼无人机装配时，安装电机的下一步通常是（）。,安装螺旋桨,连接电子调速器（ESC）,安装电池,固定外壳,,,B,3（中）,5（好）,,,
1085,B-B-A-003,B（单选题）,,装配多旋翼无人机的螺旋桨时，正反桨安装错误会导致（）。,无人机无法起飞,螺旋桨寿命缩短,飞行时震动加剧,电机过热,,,C,3（中）,5（好）,,,
1086,B-B-A-003,B（单选题）,,多旋翼无人机装配完成后，首次通电前需要检查的是（）。,螺旋桨旋转方向,电池电量, 所有连接线是否牢固, 以上所有,,,D,3（中）,5（好）,,,
1087,B-B-A-003,C（判断题）,,多旋翼无人机装配时，电子设备的线路可以随意连接（）。, 正确,错误,,,,,B,3（中）,5（好）,,,
1088,B-B-A-003,C（判断题）,,装配多旋翼无人机外壳时，无需考虑内部线路走向（）。, 正确,错误,,,,,B,3（中）,5（好）,,,
1089,B-B-A-003,G（多选题）,,多旋翼无人机装配过程中，安装电池需要注意（）。,电池的正负极连接正确,电池固定牢固,电池安装位置不影响重心,随意选择电池安装位置,安装前检查电池外观,,ABCE,3（中）,5（好）,,,
1090,B-B-A-003,G（多选题）,,装配多旋翼无人机的电子调速器（ESC）时，需要（）。,将其固定在合适位置,正确连接电机和飞控,确保线路整齐不缠绕,随意设置参数,安装后进行调试,,ABCE,3（中）,5（好）,,,
1091,B-B-A-004,B（单选题）,,多旋翼无人机装配中，使用（）工具安装电机螺丝更合适。,普通螺丝刀,电动螺丝刀,扳手,钳子,,,A,3（中）,5（好）,,,
1092,B-B-A-004,B（单选题）,,装配多旋翼无人机螺旋桨时，为了确保安装牢固操作正确的是（）。,使用胶水粘贴,用力拧紧,使用专用垫片和螺母,多次旋转测试,,,C,3（中）,5（好）,,,
1093,B-B-A-004,B（单选题）,,多旋翼无人机装配完成后，调试飞控的第一步是（）。,校准指南针,校准陀螺仪,设置飞行模式,调整 PID 参数,,,B,3（中）,5（好）,,,
1094,B-B-A-004,C（判断题）,,装配多旋翼无人机时，所有部件都可以直接用手安装，无需工具（）。, 正确,错误,,,,,B,3（中）,5（好）,,,
1095,B-B-A-004,C（判断题）,,装配多旋翼无人机电子设备时，无需防静电措施（）。, 正确,错误,,,,,B,3（中）,5（好）,,,
1096,B-B-A-004,G（多选题）,,多旋翼无人机装配过程中， 有助于提高装配质量的操作是（）。,严格按照装配手册操作,使用高质量的零部件,装配完成后进行全面检查,随意调整装配顺序,边装配边测试,,ABCE,3（中）,5（好）,,,
1097,B-B-A-004,G（多选题）,,装配多旋翼无人机的外壳时，需要注意（）。,外壳安装牢固无松动,预留好线路出口,不损坏内部已安装的部件,随意选择外壳材质,安装后进行外观检查,,ABCE,3（中）,5（好）,,,
1098,B-B-A-005,B（单选题）,,拆卸固定翼无人机机翼时，首先要做的是（）。,拆除副翼,断开机翼与机身的连接部件,取下机翼上的舵机,拆除螺旋桨,,,B,3（中）,5（好）,,,
1099,B-B-A-005,B（单选题）,,固定翼无人机拆卸起落架时，通常需要使用的工具是（）。,螺丝刀,电钻,扳手,钳子,,,C,3（中）,5（好）,,,
1100,B-B-A-005,B（单选题）,,拆卸固定翼无人机发动机时， 错误的步骤是（）。,先关闭燃油阀门,拆除发动机与机身的固定螺丝,直接拔掉火花塞,断开发动机与螺旋桨的连接,,,C,3（中）,5（好）,,,
1101,B-B-A-005,C（判断题）,,固定翼无人机拆卸时，可以先拆卸重要部件，再拆卸次要部件。, 正确,错误,,,,,B,3（中）,5（好）,,,
1102,B-B-A-005,C（判断题）,,拆卸固定翼无人机的电子设备时，不用考虑顺序（）。, 正确,错误,,,,,B,3（中）,5（好）,,,
1103,B-B-A-005,G（多选题）,,拆卸固定翼无人机时，对于拆卸下来的零部件，应该（）。,分类存放,随意丢弃,做好标记,放在潮湿环境中,妥善保管,,ACE,3（中）,5（好）,,,
1104,B-B-A-005,G（多选题）,,拆卸固定翼无人机螺旋桨时，需要注意（）。,按正确方向拆卸,避免损伤螺旋桨,检查螺旋桨是否有裂纹,直接用力拔出,使用合适工具,,ABCE,3（中）,5（好）,,,
1105,B-B-A-006,B（单选题）,,拆卸固定翼无人机机翼上的舵机，正确的工具是（）。,大扳手,小螺丝刀,电钻,钳子,,,B,3（中）,5（好）,,,
1106,B-B-A-006,B（单选题）,,固定翼无人机拆卸发动机罩时，若有卡扣，应该（）。,直接用力掰开,用工具小心撬开,加热后再掰,剪断卡扣,,,B,3（中）,5（好）,,,
1107,B-B-A-006,B（单选题）,,拆卸固定翼无人机燃油箱时， 做法正确的是（）。,在明火附近操作,先排空燃油,直接拆卸,不做任何防护,,,B,3（中）,5（好）,,,
1108,B-B-A-006,C（判断题）,,拆卸固定翼无人机部件时，遇到螺丝拧不动可以用大力气强行拧（）。, 正确,错误,,,,,B,3（中）,5（好）,,,
1109,B-B-A-006,C（判断题）,,拆卸固定翼无人机电子设备线路时，可以随意拉扯（）。, 正确,错误,,,,,B,3（中）,5（好）,,,
1110,B-B-A-006,G（多选题）,,拆卸固定翼无人机的起落架，需要准备的工具是（）。,扳手,螺丝刀,千斤顶,电钻,锤子,,AB,3（中）,5（好）,,,
1111,B-B-A-006,G（多选题）,,拆卸固定翼无人机时，为防止部件损坏，应该（）。,使用合适工具,小心操作,避免粗暴用力,随意拆卸,不按顺序拆卸,,ABC,3（中）,5（好）,,,
1112,B-B-A-007,B（单选题）,,在固定翼无人机整机装配过程中， 首先应该进行的步骤是（）。,安装机翼,安装飞控,组装机翼, 检查所有零件是否齐全,,,D,3（中）,5（好）,,,
1113,B-B-A-007,B（单选题）,,在固定翼无人机装配过程中，下列步骤需要特别小心以避免损坏内部电路的是（）。,安装机翼,连接电子元件之间的连接线,安装螺旋桨,固定机身外壳,,,B,3（中）,5（好）,,,
1114,B-B-A-007,B（单选题）,,固定翼无人机装配完成后，调试发动机的第一步是（）。,检查燃油系统,启动发动机,调整发动机转速,检查火花塞,,,A,3（中）,5（好）,,,
1115,B-B-A-007,C（判断题）,,在固定翼无人机装配过程中，可以随意拔下各种连接线，不需要注意顺序。（）。, 正确,错误,,,,,B,3（中）,5（好）,,,
1116,B-B-A-007,C（判断题）,,固定翼无人机装配完成后，首次通电前需要检查电池电压。（）, 正确,错误,,,,,A,3（中）,5（好）,,,
1117,B-B-A-007,G（多选题）,,固定翼无人机装配过程中，安装电子设备需要注意（）。,正确连接线路,做好防静电措施,固定牢固,随意放置,安装后进行测试,,ABCE,3（中）,5（好）,,,
1118,B-B-A-007,G（多选题）,,装配固定翼无人机的发动机时，需要（）。,安装牢固,调整好发动机与螺旋桨的连接,检查燃油管路密封性,随意设置发动机参数,安装后进行调试,,ABCE,3（中）,4（较好）,,,
1119,B-B-A-008,B（单选题）,,固定翼无人机装配机翼与机身连接部件时，使用（）连接方式更牢固。,胶水粘贴,普通螺丝连接,高强度螺栓连接,橡皮筋捆绑,,,C,3（中）,5（好）,,,
1120,B-B-A-008,B（单选题）,,装配固定翼无人机起落架减震装置时，应该（）。,直接安装减震弹簧，无需检查,确保减震装置的行程与飞机重量匹配,使用最硬的减震材料以确保耐用性,尽量减少减震装置的行程以提高稳定性,,,B,3（中）,5（好）,,,
1121,B-B-A-008,B（单选题）,,固定翼无人机装配完成后，校准指南针时，周围环境应该（）。,有强磁场,无金属干扰,在室内,在山顶,,,B,3（中）,5（好）,,,
1122,B-B-A-008,C（判断题）,,装配固定翼无人机时，使用低质量的零部件不影响飞行性能（）。, 正确,错误,,,,,B,3（中）,5（好）,,,
1123,B-B-A-008,C（判断题）,,装配固定翼无人机发动机时，无需检查发动机内部部件（）。, 正确,错误,,,,,B,3（中）,5（好）,,,
1124,B-B-A-008,G（多选题）,,固定翼无人机装配过程中， （）操作可以提高装配精度。,使用专业测量工具,严格按照装配顺序,反复检查调整,随意装配,不参考装配手册,,ABC,3（中）,5（好）,,,
1125,B-B-A-008,G（多选题）,,装配固定翼无人机的电子设备时，需要（）。,选择合适的安装位置,整理好线路,安装屏蔽装置,随意连接,不做任何防护,,ABC,3（中）,5（好）,,,
1126,B-B-A-009,B（单选题）,,在调整多旋翼无人机的重心时，正确的做法是（）。,将重心尽量靠近电机安装位置,使重心位于几何中心上方,确保重心位于几何中心附近,将重心尽量靠近电池安装位置,,,C,3（中）,5（好）,,,
1127,B-B-A-009,B（单选题）,,当发现多旋翼无人机的重心偏移时，最合适的调整方法是（）。,调整螺旋桨的角度,移动电池或其他重物的位置,更换更轻的电机,增加或减少机臂长度,,,B,3（中）,5（好）,,,
1128,B-B-A-009,B（单选题）,,多旋翼无人机在挂载不同任务载荷时，重心调整原则是（）。,不考虑载荷重心,根据载荷重心重新调整整机重心,只调整载荷位置，不调整整机重心,随意调整,,,B,3（中）,5（好）,,,
1129,B-B-A-009,C（判断题）,,多旋翼无人机重心调整可以不考虑飞行姿态（）。, 正确,错误,,,,,B,3（中）,5（好）,,,
1130,B-B-A-009,C（判断题）,,如果多旋翼无人机的重心过高，可能会导致飞行器在起飞或降落时发生翻转。（）, 正确,错误,,,,,A,3（中）,5（好）,,,
1131,B-B-A-009,G（多选题）,,多旋翼无人机整机重心调整时，需要考虑 （）因素。,电池位置, 螺旋桨的尺寸,动力系统的布局,机身的结构设计,机身材质,,ACD,3（中）,5（好）,,,
1132,B-B-A-009,G（多选题）,, 以下措施可以帮助调整多旋翼无人机的重心（）。, 移动电池的位置,避免重心偏移过大,考虑飞行时的动态变化,使用不同重量的电机, 调整飞控参数,,ABC,3（中）,5（好）,,,
1133,B-B-A-010,B（单选题）,,多旋翼无人机重心靠前时，可通过 （）方法调整。,将电池向后移动,增加前部配重,减小后部螺旋桨尺寸,增大前部螺旋桨尺寸,,,A,3（中）,5（好）,,,
1134,B-B-A-010,B（单选题）,,多旋翼无人机重心调整时，测量重心的常用工具是（）。,电子秤,万用表,水平仪,激光测距仪,,,A,3（中）,5（好）,,,
1135,B-B-A-010,B（单选题）,,多旋翼无人机在更换较重的任务载荷后，为调整重心， 做法正确的是（）。,将电池向载荷方向移动,减少电池电量,增加螺旋桨数量,将电池向远离载荷方向移动,,,D,3（中）,5（好）,,,
1136,B-B-A-010,C（判断题）,,多旋翼无人机重心调整可以通过改变螺旋桨旋转方向来实现（）。, 正确,错误,,,,,B,3（中）,5（好）,,,
1137,B-B-A-010,C（判断题）,,多旋翼无人机重心调整时，直接在机身上随意添加配重即可（）。, 正确,错误,,,,,B,3（中）,5（好）,,,
1138,B-B-A-010,G（多选题）,,多旋翼无人机整机重心调整可以采用 （）方法。,调整电池位置,增减配重,改变任务载荷位置,更换不同重量的电机,调整螺旋桨角度,,ABCD,3（中）,5（好）,,,
1139,B-B-A-010,G（多选题）,,多旋翼无人机重心调整过程中， 操作正确的是（）。,每次调整幅度不宜过大,调整后进行飞行测试,参考飞行姿态数据调整,随意调整,不考虑其他部件影响,,ABC,3（中）,5（好）,,,
1140,B-B-A-011,B（单选题）,,多旋翼无人机整机重心配平的主要目的是（）。,提高飞行速度,增强飞行稳定性,增加续航时间,减小噪音,,,B,3（中）,5（好）,,,
1141,B-B-A-011,B（单选题）,,多旋翼无人机重心配平时，各轴方向的配重要求是（）。,前重后轻,左重右轻,均匀分布,随意分配,,,C,3（中）,5（好）,,,
1142,B-B-A-011,B（单选题）,,多旋翼无人机在进行重心配平时，不需要考虑（）。,机身颜色,电机重量,电池重量,任务载荷重量,,,A,3（中）,5（好）,,,
1143,B-B-A-011,C（判断题）,,多旋翼无人机重心配平只需要在地面进行，飞行中无需考虑（）。, 正确,错误,,,,,B,3（中）,5（好）,,,
1144,B-B-A-011,C（判断题）,,多旋翼无人机重心配平可以不考虑空气阻力（）。, 正确,错误,,,,,B,3（中）,5（好）,,,
1145,B-B-A-011,G（多选题）,,多旋翼无人机整机重心配平原则包括 （）。,保证各方向力矩平衡,使重心在合理范围内,避免重心集中在某一点,随意配平,不考虑飞行姿态,,ABC,3（中）,5（好）,,,
1146,B-B-A-011,G（多选题）,,多旋翼无人机重心配平需要考虑 （）方面。,部件重量分布,飞行姿态控制,任务需求,外观美观,成本控制,,ABC,3（中）,5（好）,,,
1147,B-B-A-012,B（单选题）,,多旋翼无人机重心配平中，常用的配重材料是（）。,铝合金,碳纤维,铅块,塑料,,,C,3（中）,5（好）,,,
1148,B-B-A-012,B（单选题）,,多旋翼无人机重心配平的第一步是（）。,测量整机重心位置,安装配重,调整电池位置,更换螺旋桨,,,A,3（中）,5（好）,,,
1149,B-B-A-012,B（单选题）,,多旋翼无人机在重心配平过程中，发现某一方向偏重，可通过 （）方法调整。,减少该方向配重,增加该方向配重,调整电机转速,改变螺旋桨旋转方向,,,A,3（中）,5（好）,,,
1150,B-B-A-012,C（判断题）,,多旋翼无人机重心配平可以通过改变电机的安装角度来实现（）。, 正确,错误,,,,,B,3（中）,5（好）,,,
1151,B-B-A-012,C（判断题）,,多旋翼无人机重心配平完成后，无需再次检查（）。, 正确,错误,,,,,B,3（中）,5（好）,,,
1152,B-B-A-012,G（多选题）,,多旋翼无人机整机重心配平可以采用 （）方式。,在不同位置添加配重,调整任务载荷分布,更换不同重量的电池,改变螺旋桨螺距,调整电机位置,,ABCE,3（中）,5（好）,,,
1153,B-B-A-012,G（多选题）,,多旋翼无人机重心配平过程中， 注意事项正确的是（）。,精确测量配重重量,确保配重固定牢固,逐步调整,随意选择配重材料,不考虑其他部件,,ABC,3（中）,5（好）,,,
1154,B-B-A-013,B（单选题）,,固定翼无人机整机重心调整时，重心位于（）位置较为合适。,机翼前缘,机翼后缘,机翼平均气动弦长的 25%-35% 处,机头,,,C,3（中）,5（好）,,,
1155,B-B-A-013,B（单选题）,,固定翼无人机重心调整对飞行性能的影响， 说法正确的是（）。,重心靠前，起飞容易,重心靠后，飞行更稳定,重心在合适范围，飞行性能最佳,重心不影响飞行性能,,,C,5（难）,5（好）,,,
1156,B-B-A-013,B（单选题）,,固定翼无人机在挂载不同武器时，重心调整原则是（）。,不调整重心,根据武器重心调整整机重心,只调整武器位置，不调整整机重心,随意调整,,,B,3（中）,5（好）,,,
1157,B-B-A-013,C（判断题）,,固定翼无人机重心调整可以不考虑燃油消耗对重心的影响（）。, 正确,错误,,,,,B,3（中）,5（好）,,,
1158,B-B-A-013,C（判断题）,,固定翼无人机重心调整只需要在出厂时进行，后续无需再调整（）。, 正确,错误,,,,,B,3（中）,5（好）,,,
1159,B-B-A-013,G（多选题）,,固定翼无人机整机重心调整时，需要考虑 （）因素。,机身结构,燃油重量,武器挂载,起落架位置,飞行高度,,ABC,4（较难）,5（好）,,,
1160,B-B-A-013,G（多选题）,, 关于固定翼无人机重心调整原则正确的是（）。,保证纵向平衡,避免横向重心偏移,考虑飞行时的动态变化,随意调整重心,重心越低越好,,ABC,3（中）,5（好）,,,
1161,B-B-A-014,B（单选题）,,固定翼无人机重心靠后时，可通过 （）方法调整。,在机头增加配重, 将电池向机尾移动,增加机翼面积, 减少机尾的重量,,,A,3（中）,5（好）,,,
1162,B-B-A-014,B（单选题）,,固定翼无人机重心调整时，测量重心的常用工具是（）。,游标卡尺,电子秤,重心测量仪（平衡架）,万用表,,,C,3（中）,5（好）,,,
1163,B-B-A-014,B（单选题）,,固定翼无人机在挂载较重武器后，为调整重心， 做法正确的是（）。,将燃油向武器方向转移,减少燃油量,增加武器挂载点配重,将燃油向远离武器方向转移,,,D,3（中）,5（好）,,,
1164,B-B-A-014,C（判断题）,,固定翼无人机在飞行过程中发现重心偏移，可直接在空中通过调整配重块位置来纠正重心。（  ）, 正确,错误,,,,,B,3（中）,5（好）,,,
1165,B-B-A-014,C（判断题）,,固定翼无人机更换较轻的螺旋桨后，不需要调整整机重心，因为螺旋桨重量对重心影响极小。（  ）, 正确,错误,,,,,B,3（中）,5（好）,,,
1166,B-B-A-014,G（多选题）,, 以下操作有助于准确调整固定翼无人机整机重心的是（）。,使用高精度电子秤测量各部件重量,在调整重心过程中，随意增减配重块,参考飞机设计图纸上的重心范围,调整完成后，直接进行复杂飞行测试,多次测量重心位置，取平均值确定最终重心,,ACE,3（中）,5（好）,,,
1167,B-B-A-014,G（多选题）,,固定翼无人机整机重心调整方法中，考虑到燃油消耗对重心的影响， 做法正确的是（）。,忽略燃油消耗，认为其对重心影响不大,在飞机满油和燃油剩余 10% 时分别测量重心并调整,根据燃油消耗曲线，预估不同飞行阶段的重心变化,只在飞机满油状态下调整重心,调整重心时，选择密度与燃油相近的材料作为配重,,BCE,3（中）,5（好）,,,
1168,B-B-A-015,B（单选题）,,固定翼无人机整机重心配平的主要目的是（）。,提高飞行速度,增强飞行稳定性,增加续航时间,降低噪音,,,B,2（较易）,5（好）,,,
1169,B-B-A-015,B（单选题）,,在进行固定翼无人机重心配平时，理想的重心位置应位于（）。,机翼前缘,机翼后缘,机翼平均气动弦长的 25%-35% 处,机头,,,C,2（较易）,5（好）,,,
1170,B-B-A-015,B（单选题）,,固定翼无人机在挂载不同任务载荷时，重心配平原则是（）。,不考虑载荷重心,根据载荷重心重新调整整机重心,只调整载荷位置，不调整整机重心,随意调整,,,B,2（较易）,5（好）,,,
1171,B-B-A-015,C（判断题）,,固定翼无人机重心配平只需要在地面进行，飞行中无需考虑。, 正确,错误,,,,,B,3（中）,5（好）,,,
1172,B-B-A-015,C（判断题）,,固定翼无人机重心配平可以不考虑燃油消耗对重心的影响。, 正确,错误,,,,,B,3（中）,5（好）,,,
1173,B-B-A-015,G（多选题）,,固定翼无人机整机重心配平原则包括（）。,保证各方向力矩平衡,使重心在合理范围内,避免重心集中在某一点,随意配平,不考虑飞行姿态,,ABC,3（中）,5（好）,,,
1174,B-B-A-015,G（多选题）,,固定翼无人机重心配平需要考虑（）方面。,部件重量分布,飞行姿态控制,任务需求,外观美观,成本控制,,ABC,3（中）,5（好）,,,
1175,B-B-A-016,B（单选题）,,固定翼无人机整机重心配平方法是（）。,通过增加或减少机翼面积,通过调整螺旋桨的螺距,通过移动电池或其他重物的位置, 通过改变机身的颜色,,,C,3（中）,5（好）,,,
1176,B-B-A-016,B（单选题）,,固定翼无人机重心配平的第一步是（）。,测量整机重心位置,安装配重,调整电池位置,更换螺旋桨,,,A,3（中）,5（好）,,,
1177,B-B-A-016,B（单选题）,,固定翼无人机在重心配平过程中，发现重心偏前，可通过（）方法调整。,将燃油向后转移,增加前部配重,减小后部螺旋桨尺寸,增大前部螺旋桨尺寸,,,A,3（中）,5（好）,,,
1178,B-B-A-016,C（判断题）,,固定翼无人机重心配平可以通过改变电机的安装角度来实现。, 正确,错误,,,,,B,3（中）,5（好）,,,
1179,B-B-A-016,C（判断题）,,固定翼无人机重心配平完成后，无需再次检查。, 正确,错误,,,,,B,3（中）,5（好）,,,
1180,B-B-A-016,G（多选题）,,固定翼无人机整机重心配平可以采用（）方式。,在不同位置添加配重,调整任务载荷分布,更换不同重量的电池,改变螺旋桨螺距,调整电机位置,,ABCE,3（中）,5（好）,,,
1181,B-B-A-016,G（多选题）,,固定翼无人机重心配平过程中，注意事项正确的是（）。,精确测量配重重量,确保配重固定牢固,逐步调整,随意选择配重材料,不考虑其他部件,,ABC,3（中）,5（好）,,,
1182,B-B-B-001,B（单选题）,,装配 FPV 系统时，安装摄像头的下一步通常是（）。,安装图传发射模块,连接电池,安装遥控器,调试系统,,,A,3（中）,5（好）,,,
1183,B-B-B-001,B（单选题）,,FPV 系统装配完成后，首次测试前需要检查的是（）。,摄像头角度,图传频率,天线连接,以上都是,,,D,3（中）,5（好）,,,
1184,B-B-B-001,B（单选题）,,在装配 FPV 系统的天线时，正确安装安装方法是（）。,随意安装,尽量远离其他电子设备,靠近摄像头,缩短天线长度,,,B,3（中）,5（好）,,,
1185,B-B-B-001,C（判断题）,,装配 FPV 系统可以不按照特定顺序，随意安装各部件。, 正确,错误,,,,,B,3（中）,5（好）,,,
1186,B-B-B-001,C（判断题）,,FPV 系统装配完成后，无需进行信号测试即可使用。, 正确,错误,,,,,B,3（中）,5（好）,,,
1187,B-B-B-001,G（多选题）,,装配 FPV 系统时，需要准备（）工具。,螺丝刀,电钻,万用表,热熔胶枪,钳子,,AE,3（中）,5（好）,,,
1188,B-B-B-001,G（多选题）,,FPV 系统装配过程中的注意事项是（）。,确保摄像头和图传模块的连接线牢固且屏蔽良好,使用高质量的天线以确保信号传输稳定,检查所有电子元件的工作电压是否匹配,在安装前对所有组件进行外观检查，确保无损坏,安装后进行防水处理,,ACBD,3（中）,5（好）,,,
1189,B-B-B-002,B（单选题）,,安装 FPV 摄像头时，使用（）固定方式更稳固。,胶带粘贴,螺丝固定,橡皮筋捆绑,胶水粘贴,,,B,3（中）,5（好）,,,
1190,B-B-B-002,B（单选题）,,调整 FPV 图传发射功率时，应依据（）。,当地法规和法律要求,电池的剩余电量,摄像头的分辨率设置,飞行器的最大飞行速度,,,A,3（中）,5（好）,,,
1191,B-B-B-002,B（单选题）,,FPV 系统装配中，校准摄像头的目的是（）。,调整画面亮度,确保图像清晰无畸变,改变拍摄角度,提高拍摄帧率,,,B,3（中）,5（好）,,,
1192,B-B-B-002,C（判断题）,,装配 FPV 系统时，所有部件都可以直接用手安装，无需工具。, 正确,错误,,,,,B,3（中）,5（好）,,,
1193,B-B-B-002,C（判断题）,,FPV 系统装配过程中，对图传设备的设置可以随意进行。, 正确,错误,,,,,B,3（中）,5（好）,,,
1194,B-B-B-002,G（多选题）,,FPV 系统装配方法中，正确连接线路的要点包括（）。,区分正负极,避免线路缠绕,使用合适的接头,随意布线,固定线路,,ABCE,3（中）,5（好）,,,
1195,B-B-B-002,G（多选题）,,装配 FPV 系统的天线时，需要考虑的因素有（）。,天线增益,天线方向,周围电子设备干扰,天线颜色,无人机外观,,ABC,3（中）,5（好）,,,
1196,B-B-B-003,B（单选题）,,装配航拍系统时，安装云台的第一步是（）。,将云台直接固定在无人机上, 检查所有组件是否齐全且无损坏,连接云台与飞行控制器,校准云台的三轴传感器,,,B,3（中）,5（好）,,,
1197,B-B-B-003,B（单选题）,,航拍系统装配完成后，进行飞行测试前需要检查的是（）。,相机存储卡,云台水平度,电池电量,以上都是,,,D,3（中）,5（好）,,,
1198,B-B-B-003,B（单选题）,,在装配航拍相机时，调整相机角度应在（）。,安装云台之前,"固定相机到云台之后，但在连接飞控之前
",连接飞控并完成基本设置之后,完成所有装配和初步飞行测试之后,,,C,3（中）,5（好）,,,
1199,B-B-B-003,C（判断题）,,航拍系统装配可以不考虑相机与云台的兼容性。, 正确,错误,,,,,B,3（中）,5（好）,,,
1200,B-B-B-003,C（判断题）,,装配航拍系统时，先安装相机再安装云台支架是正确顺序。, 正确,错误,,,,,B,2（较易）,5（好）,,,
1201,B-B-B-003,G（多选题）,,装配航拍系统时，需要准备的材料有（）。,相机,云台,图传模块,飞行控制器,遥控器和接收机,,ABCDE,3（中）,5（好）,,,
1202,B-B-B-003,G（多选题）,,航拍系统装配过程中，（）操作有助于提高拍摄稳定性。,正确安装云台减震装置,选择合适的相机安装位置,随意调整云台参数,固定好相机与云台连接,定期校准云台,,ABDE,3（中）,5（好）,,,
1203,B-B-B-004,B（单选题）,,安装航拍相机镜头时，下列做法正确的是（）。,直接拧上镜头,先清洁镜头和接口再安装,安装后用力晃动相机,随意旋转镜头,,,B,3（中）,5（好）,,,
1204,B-B-B-004,B（单选题）,,调整航拍云台的俯仰角度范围，应在（）。,云台设置界面,相机设置界面,遥控器设置,飞行中调整,,,A,3（中）,5（好）,,,
1205,B-B-B-004,B（单选题）,,航拍系统装配完成后，校准相机白平衡的目的是（）。,提高照片清晰度,使色彩还原更准确,增加拍摄距离,改变拍摄帧率,,,B,3（中）,5（好）,,,
1206,B-B-B-004,C（判断题）,,装配航拍系统时，使用低质量的存储卡不影响拍摄效果。, 正确,错误,,,,,B,3（中）,5（好）,,,
1207,B-B-B-004,C（判断题）,,航拍系统装配过程中，对云台的调试可以不进行。, 正确,错误,,,,,B,3（中）,5（好）,,,
1208,B-B-B-004,G（多选题）,,航拍系统装配方法中，调试云台的步骤包括（）。,校准水平,测试俯仰和横滚运动,设置运动速度,随意调整参数,检查云台与相机连接,,ABCE,3（中）,5（好）,,,
1209,B-B-B-004,G（多选题）,,安装航拍相机时，需要注意（）方面。,相机的朝向,相机的固定牢固程度,相机的防水处理,相机的品牌,相机的重量,,ABC,3（中）,5（好）,,,
1210,B-B-B-005,B（单选题）,,装配抓取系统时，安装机械爪的关键步骤是（）。,调整机械爪张合度,固定机械爪支架,连接控制线路,安装驱动电机,,,B,3（中）,5（好）,,,
1211,B-B-B-005,B（单选题）,,调整抓取系统的抓取力度，应通过调整（）。,机械爪材质,驱动电机功率,控制程序参数,机械爪形状,,,B,1（易）,5（好）,,,
1212,B-B-B-005,B（单选题）,,抓取系统装配完成后，进行抓取测试时，应先（）。,设置抓取目标,检查系统稳定性,调整机械爪位置,启动驱动电机,,,B,1（易）,5（好）,,,
1213,B-B-B-005,C（判断题）,,装配抓取系统时，机械爪的安装位置可以随意确定。, 正确,错误,,,,,B,3（中）,5（好）,,,
1214,B-B-B-005,C（判断题）,,抓取系统装配完成后，无需进行负载测试即可使用。, 正确,错误,,,,,B,3（中）,5（好）,,,
1215,B-B-B-005,G（多选题）,,装配抓取系统需要用到（）工具。,扳手,螺丝刀,电钻,示波器,万用表,,AB,4（较难）,5（好）,,,
1216,B-B-B-005,G（多选题）,,抓取系统装配过程中，（）操作有助于提高抓取精度。,精确调整机械爪位置,优化控制程序,选择合适的驱动电机,随意安装机械爪,定期维护系统,,ABCE,3（中）,5（好）,,,
1217,B-B-B-006,B（单选题）,,装配运载系统时，安装运载平台的第一步是（）。,固定平台支架,连接动力系统,安装货物固定装置,调试平台,,,A,3（中）,5（好）,,,
1218,B-B-B-006,B（单选题）,,调整运载系统的载重能力，可通过改变（）。,运载平台材质,动力系统功率,货物固定方式,运载平台形状,,,B,3（中）,5（好）,,,
1219,B-B-B-006,B（单选题）,,运载系统装配完成后，进行载重测试时，应逐渐（）。,增加载重量,提高运行速度,改变运行方向,调整动力系统,,,A,3（中）,5（好）,,,
1220,B-B-B-006,C（判断题）,,装配运载系统时，动力系统的安装可以不考虑与运载平台的匹配性。, 正确,错误,,,,,B,3（中）,5（好）,,,
1221,B-B-B-006,C（判断题）,,运载系统装配完成后，无需检查货物固定装置即可运载货物。, 正确,错误,,,,,B,3（中）,5（好）,,,
1222,B-B-B-006,G（多选题）,,装配运载系统需要准备（）材料。,运载平台,动力系统,货物固定装置,电池,遥控器,,ABC,3（中）,5（好）,,,
1223,B-B-B-006,G（多选题）,,运载系统装配过程中，（）操作有助于提高运载安全性。,确保动力系统稳定,优化货物固定方式,随意调整运载平台高度,定期检查系统,选择合适的运行路线,,ABDE,3（中）,5（好）,,,
1224,B-B-B-007,B（单选题）,,装配物流系统时，安装货物存储箱的下一步是（）。,连接运输轨道,安装识别装置,调试存储箱,固定存储箱,,,B,3（中）,5（好）,,,
1225,B-B-B-007,B（单选题）,,物流系统装配完成后，进行货物运输测试前需要检查的是（）。,运输轨道平整度,识别装置准确性,动力系统,以上都是,,,D,3（中）,5（好）,,,
1226,B-B-B-007,B（单选题）,,在装配物流系统的运输轨道时，轨道的连接应（）。,紧密无缝,留有一定间隙,随意连接,使用胶水粘贴,,,A,3（中）,5（好）,,,
1227,B-B-B-007,C（判断题）,,物流系统装配可以不按照设计图纸进行，随意安装各部件（）。, 正确,错误,,,,,B,3（中）,5（好）,,,
1228,B-B-B-007,C（判断题）,,物流系统装配完成后，无需进行空载测试即可运输货物（）。, 正确,错误,,,,,B,3（中）,5（好）,,,
1229,B-B-B-007,G（多选题）,,装配物流系统时，需要准备（）工具。,螺丝刀,扳手,电钻,水平仪,示波器,,ABCD,3（中）,5（好）,,,
1230,B-B-B-007,G（多选题）,,物流系统装配过程中，（）操作有助于提高运输效率。,优化运输轨道布局,确保识别装置准确,随意设置动力系统参数,定期维护系统,合理安排货物存储,,ABDE,3（中）,5（好）,,,
1231,B-B-B-008,B（单选题）,,装配投放系统时，安装投放机构的关键步骤是（）。,调整投放角度,固定投放机构支架,连接控制线路,安装驱动电机,,,B,3（中）,5（好）,,,
1232,B-B-B-008,B（单选题）,,调整投放系统的投放距离，应通过调整（）。,投放机构材质,驱动电机功率,控制程序参数,投放机构形状,,,C,1（易）,5（好）,,,
1233,B-B-B-008,B（单选题）,,投放系统装配完成后，进行投放测试时，应先（）。,设置投放目标,检查系统稳定性,调整投放机构位置,启动驱动电机,,,B,3（中）,5（好）,,,
1234,B-B-B-008,C（判断题）,,装配投放系统时，投放机构的安装位置可以随意确定。, 正确,错误,,,,,B,3（中）,5（好）,,,
1235,B-B-B-008,C（判断题）,,投放系统装配完成后，无需进行精度测试即可投放物品。, 正确,错误,,,,,B,3（中）,5（好）,,,
1236,B-B-B-008,G（多选题）,,装配投放系统需要用到（）工具。,扳手,螺丝刀,电钻,示波器,万用表,,AB,3（中）,5（好）,,,
1237,B-B-B-008,G（多选题）,,投放系统装配过程中，（）操作有助于提高投放精度。,精确调整投放机构位置,优化控制程序,选择合适的驱动电机,随意安装投放机构,定期维护系统,,ABCE,3（中）,5（好）,,,
1238,B-B-B-009,B（单选题）,,装配航测系统时，安装航测相机的第一步是（）。,固定相机支架,连接相机与数据传输线,调试相机,安装存储卡,,,A,3（中）,5（好）,,,
1239,B-B-B-009,B（单选题）,,航测系统装配完成后，进行飞行航测前需要检查的是（）。,相机参数设置,GPS 定位精度,数据存储设备,以上都是,,,D,3（中）,5（好）,,,
1240,B-B-B-009,B（单选题）,,在装配航测系统的 GPS 模块时，模块的安装位置应（）。,随意放置,尽量靠近相机,在无人机顶部开阔处,在无人机底部,,,C,1（易）,5（好）,,,
1241,B-B-B-009,C（判断题）,,航测系统装配可以不考虑相机与 GPS 模块的协同工作（）。, 正确,错误,,,,,B,3（中）,5（好）,,,
1242,B-B-B-009,C（判断题）,,装配航测系统时，先安装数据传输线再安装相机是正确顺序（）。, 正确,错误,,,,,B,3（中）,5（好）,,,
1243,B-B-B-009,G（多选题）,,装配航测系统时，需要准备的材料有（）。,航测相机,GPS 模块,数据传输线,存储卡,电池,,ABCD,3（中）,5（好）,,,
1244,B-B-B-009,G（多选题）,,航测系统装配过程中，（）操作有助于提高航测精度。,正确校准相机,确保 GPS 定位准确,随意调整数据传输速率,固定好相机与支架连接,定期维护系统,,ABDE,3（中）,5（好）,,,
1245,B-B-B-010,B（单选题）,,安装无人机五目镜头时，做法正确的是（）。,直接安装，无需对准,先清洁镜头和接口再安装,安装后用力晃动镜头,随意旋转镜头,,,B,3（中）,5（好）,,,
1246,B-B-B-010,B（单选题）,,调整五目镜头的拍摄角度，应在（）。,镜头设置界面,飞控设置界面,遥控器设置,飞行中调整,,,A,5（难）,5（好）,,,
1247,B-B-B-010,B（单选题）,,五目镜头装配完成后，校准镜头参数的目的是（）。,提高图像分辨率,确保所有镜头的焦距一致,使多个镜头之间的视差最小化,增强图像色彩饱和度,,,C,3（中）,5（好）,,,
1248,B-B-B-010,C（判断题）,,装配五目镜头时，使用低质量的镜头不影响拍摄效果（）。, 正确,错误,,,,,B,3（中）,5（好）,,,
1249,B-B-B-010,C（判断题）,,五目镜头装配过程中，对镜头的调试可以不进行（）。, 正确,错误,,,,,B,3（中）,5（好）,,,
1250,B-B-B-010,G（多选题）,,五目镜头装配方法中，正确安装镜头的要点包括（）。,对准安装位置,避免镜头污染,使用合适的固定件,随意安装,固定镜头,,ABCE,3（中）,5（好）,,,
1251,B-B-B-010,G（多选题）,,安装五目镜头时，需要注意（）方面。,镜头的朝向,镜头的固定牢固程度,镜头的防水处理,镜头的品牌,镜头的重量,,ABC,3（中）,5（好）,,,
1252,B-B-B-011,B（单选题）,,装配热红外成像系统时，安装热像仪的关键步骤是（）。,调整热像仪角度,固定热像仪支架,连接数据传输线,安装电池,,,B,3（中）,5（好）,,,
1253,B-B-B-011,B（单选题）,,调整热红外成像系统的测温精度，应通过调整（）。,热像仪材质,数据传输线,控制程序参数,热像仪形状,,,C,3（中）,5（好）,,,
1254,B-B-B-011,B（单选题）,,热红外成像系统装配完成后，进行测试时，应先（）。,设置测温范围,检查系统稳定性,调整热像仪位置,启动系统,,,B,3（中）,5（好）,,,
1255,B-B-B-011,C（判断题）,,装配热红外成像系统时，热像仪的安装位置可以随意确定。, 正确,错误,,,,,B,3（中）,5（好）,,,
1256,B-B-B-011,C（判断题）,,热红外成像系统装配完成后，无需进行校准即可使用。, 正确,错误,,,,,B,3（中）,5（好）,,,
1257,B-B-B-011,G（多选题）,,装配热红外成像系统需要用到（）工具。,扳手,螺丝刀,电钻,示波器,万用表,,AB,3（中）,5（好）,,,
1258,B-B-B-011,G（多选题）,,热红外成像系统装配过程中，（）操作有助于提高成像质量。,精确调整热像仪位置,优化控制程序,选择合适的数据传输线,随意安装热像仪,定期维护系统,,ABCE,3（中）,5（好）,,,
1259,B-B-B-012,B（单选题）,,装配植保系统时，安装药箱的下一步是（）。,连接喷雾管道,安装搅拌装置,调试药箱,固定药箱,,,A,3（中）,5（好）,,,
1260,B-B-B-012,B（单选题）,,植保系统装配完成后，进行喷雾测试前需要检查的是（）。,药箱密封性,喷雾泵压力,电池电量,以上都是,,,D,3（中）,5（好）,,,
1261,B-B-B-012,B（单选题）,,在装配植保系统的喷雾管道时，管道的连接应（）。,紧密不漏液,留有一定间隙,随意连接,使用胶水粘贴,,,A,3（中）,5（好）,,,
1262,B-B-B-012,C（判断题）,,植保系统装配可以不按照设计要求进行，随意安装各部件。, 正确,错误,,,,,B,3（中）,5（好）,,,
1263,B-B-B-012,C（判断题）,,植保系统装配完成后，无需进行空载喷雾测试即可作业。, 正确,错误,,,,,B,3（中）,5（好）,,,
1264,B-B-B-012,G（多选题）,,装配植保系统时，需要准备（）工具。,螺丝刀,扳手,电钻,水平仪,密封胶,,ABCE,3（中）,5（好）,,,
1265,B-B-B-012,G（多选题）,,植保系统装配过程中，（）操作有助于提高喷雾均匀性。,优化喷雾管道布局,确保喷雾泵稳定,随意设置搅拌装置参数,固定好药箱与管道连接,定期维护系统,,ABDE,3（中）,5（好）,,,
1266,B-B-B-013,B（单选题）,,安装植保喷洒系统的喷头时，以下做法正确的是（）。,直接安装，无需调整,先清洁喷头再安装,安装后用力晃动喷头,随意更换喷头,,,B,3（中）,5（好）,,,
1267,B-B-B-013,B（单选题）,,调整植保喷洒系统的喷洒流量，应通过调整（）。,无人机的飞行速度,喷洒泵的压力,摄像头的角度,喷头形状,,,B,1（易）,5（好）,,,
1268,B-B-B-013,B（单选题）,,植保喷洒系统装配完成后，进行流量测试时，应先（）。,设置喷洒模式,检查系统密封性,调整喷头位置,启动喷雾泵,,,B,1（易）,5（好）,,,
1269,B-B-B-013,C（判断题）,,装配植保喷洒系统时，喷头的安装位置可以随意确定（）。, 正确,错误,,,,,B,3（中）,5（好）,,,
1270,B-B-B-013,C（判断题）,,植保喷洒系统装配完成后，无需进行压力测试即可作业（）。, 正确,错误,,,,,B,3（中）,5（好）,,,
1271,B-B-B-013,G（多选题）,,植保喷洒系统装配方法中，正确连接喷雾管道的要点包括（）。,区分管道进出口,避免管道扭曲,使用合适的接头,随意布线,固定管道,,ABCE,3（中）,5（好）,,,
1272,B-B-B-013,G（多选题）,,安装植保喷洒系统的喷头时，需要注意（）方面。,喷头的朝向,喷头的固定牢固程度,喷头的防堵塞处理,喷头的品牌,喷头的重量,,ABC,3（中）,5（好）,,,
1273,B-B-B-014,B（单选题）,,装配植保播种系统时，安装播种器的关键步骤是（）。,调整播种器播量,固定播种器支架,连接传动装置,安装电机,,,B,3（中）,5（好）,,,
1274,B-B-B-014,B（单选题）,,调整植保播种系统的播种深度，应通过调整（）。,播种器材质,传动装置,控制程序参数,播种器形状,,,C,3（中）,5（好）,,,
1275,B-B-B-014,B（单选题）,,植保播种系统装配完成后，进行播种测试时，应先（）。,直接在田间进行大面积播种测试,检查所有组件是否齐全且无损坏,调整播种深度和间距,校准播种量,,,B,3（中）,5（好）,,,
1276,B-B-B-014,C（判断题）,,装配植保播种系统时，播种器的安装位置不会影响播种的均匀性。, 正确,错误,,,,,B,3（中）,5（好）,,,
1277,B-B-B-014,C（判断题）,,植保播种系统装配完成后，不需要进行播种量的校准即可投入使用。, 正确,错误,,,,,B,3（中）,5（好）,,,
1278,B-B-B-014,G（多选题）,,（）是装配植保播种系统时，正确安装传动装置的要点。,确保传动部件连接紧密,涂抹适量润滑油,随意安装，无需调整,检查传动部件的同心度,使用不合适的连接件,,ABD,3（中）,5（好）,,,
1279,B-B-B-014,G（多选题）,,装配植保播种系统时，选择播种器需要考虑（）因素。,播种作物种类,播种面积,播种精度要求,播种器的颜色,无人机的续航能力,,ABC,3（中）,5（好）,,,
1280,B-B-B-015,B（单选题）,,装配喊话系统时，安装扬声器的下一步通常是（）。,连接音频传输线,安装控制器,固定支架,调试系统,,,A,3（中）,5（好）,,,
1281,B-B-B-015,B（单选题）,,喊话系统装配完成后，首次测试前需要检查的是（）。,扬声器音量,控制器设置,音频线路连接,以上都是,,,D,3（中）,5（好）,,,
1282,B-B-B-015,B（单选题）,,在装配喊话系统的控制器时，应将其安装在（）。,无人机顶部,便于操作和散热的位置,无人机底部,随意位置,,,B,3（中）,5（好）,,,
1283,B-B-B-015,C（判断题）,,装配喊话系统可以不按照特定顺序，随意安装各部件。, 正确,错误,,,,,B,3（中）,5（好）,,,
1284,B-B-B-015,C（判断题）,,喊话系统装配完成后，无需进行声音测试即可使用。, 正确,错误,,,,,B,3（中）,5（好）,,,
1285,B-B-B-015,G（多选题）,,装配喊话系统时，需要准备（）工具。,螺丝刀,电钻,万用表,剥线钳,钳子,,AE,3（中）,5（好）,,,
1286,B-B-B-015,G（多选题）,,（）是喊话系统装配过程中的注意事项。,防止线路短路,保持部件干燥,随意设置控制器参数,正确连接音频线路,安装后进行防水处理,,ABD,3（中）,5（好）,,,
1287,B-B-B-016,B（单选题）,,安装喊话系统扬声器时，使用（）固定方式更稳固。,胶带粘贴,螺丝固定,橡皮筋捆绑,胶水粘贴,,,B,3（中）,5（好）,,,
1288,B-B-B-016,B（单选题）,,调整喊话系统的音量大小，应依据（）。,个人喜好,飞行环境噪音,电池电量,无人机型号,,,B,3（中）,5（好）,,,
1289,B-B-B-016,B（单选题）,,喊话系统装配中，校准音频输出的目的是（）。,调整声音清晰度,确保声音不失真,改变声音频率,提高声音响度,,,B,3（中）,5（好）,,,
1290,B-B-B-016,C（判断题）,,装配喊话系统时，所有部件都可以直接用手安装，无需工具。, 正确,错误,,,,,B,3（中）,5（好）,,,
1291,B-B-B-016,C（判断题）,,喊话系统装配过程中，对控制器的设置可以随意进行。, 正确,错误,,,,,B,3（中）,5（好）,,,
1292,B-B-B-016,G（多选题）,,喊话系统装配方法中，正确连接音频线路的要点包括（）。,区分正负极,避免线路缠绕,使用合适的接头,随意布线,固定线路,,ABCE,4（较难）,5（好）,,,
1293,B-B-B-016,G（多选题）,,装配喊话系统的扬声器时，需要考虑（）因素。,扬声器功率,扬声器朝向,周围电子设备干扰,扬声器颜色,无人机外观,,ABC,3（中）,5（好）,,,
1294,B-B-B-017,B（单选题）,,装配照明系统时，安装灯具的第一步是（）。,固定灯具支架,连接电源线路,调试灯具,安装灯罩,,,A,3（中）,5（好）,,,
1295,B-B-B-017,B（单选题）,,照明系统装配完成后，进行点亮测试前需要检查的是（）。,灯具亮度,电源电压,电池电量,以上都是,,,D,3（中）,5（好）,,,
1296,B-B-B-017,B（单选题）,,在装配照明系统的电源线路时，线路的连接应（）。,紧密牢固,留有一定间隙,随意连接,使用胶水粘贴,,,A,2（易）,5（好）,,,
1297,B-B-B-017,C（判断题）,,照明系统装配可以不考虑灯具与电源的兼容性。, 正确,错误,,,,,B,3（中）,5（好）,,,
1298,B-B-B-017,C（判断题）,,装配照明系统时，先安装灯罩再安装灯具是正确顺序。, 正确,错误,,,,,B,3（中）,5（好）,,,
1299,B-B-B-017,G（多选题）,,装配照明系统时，需要准备的材料有（）。,灯具,电源模块,控制器,连接线和接插件,散热装置,,ABCDE,3（中）,5（好）,,,
1300,B-B-B-017,G（多选题）,,照明系统装配过程中，（）操作有助于提高照明效果。,正确安装灯具位置,选择合适的灯具功率,随意调整电源参数,固定好灯具与支架连接,定期维护系统,,ABDE,3（中）,5（好）,,,
1301,B-B-B-018,B（单选题）,,安装照明灯具时，以下做法正确的是（）。,直接安装，无需检查,先清洁灯具再安装,安装后用力晃动灯具,随意更换灯具,,,B,2（易）,5（好）,,,
1302,B-B-B-018,B（单选题）,,调整照明系统的光照角度，应在（）。,灯具设置界面,遥控器设置,安装后手动调整,飞行中调整,,,C,3（中）,5（好）,,,
1303,B-B-B-018,B（单选题）,,照明系统装配完成后，校准灯具亮度的目的是（）。,提高照明范围,使光照均匀,增加照明时间,改变照明颜色,,,B,3（中）,5（好）,,,
1304,B-B-B-018,C（判断题）,,装配照明系统时，使用低质量的电线不影响照明效果。, 正确,错误,,,,,B,3（中）,5（好）,,,
1305,B-B-B-018,C（判断题）,,照明系统装配过程中，对灯具的调试可以不进行。, 正确,错误,,,,,B,3（中）,5（好）,,,
1306,B-B-B-018,G（多选题）,,照明系统装配方法中，调试灯具的步骤包括（）。,检查亮度,测试开关,设置光照模式,随意调整参数,检查灯具与电源连接,,ABCE,3（中）,5（好）,,,
1307,B-B-B-018,G（多选题）,,安装照明灯具时，需要注意的方面是（）。,灯具的朝向,灯具的固定牢固程度,灯具的防水处理,灯具的品牌,灯具的重量,,ABC,3（中）,5（好）,,,
1308,B-B-B-019,B（单选题）,,装配激光雷达系统时，安装雷达传感器的第一步是（）。,固定传感器支架,连接数据传输线,调试传感器,安装防护罩,,,A,3（中）,5（好）,,,
1309,B-B-B-019,B（单选题）,,激光雷达系统装配完成后，进行扫描测试前需要检查的是（）。,传感器角度,数据传输速率,电源稳定性,以上都是,,,D,3（中）,5（好）,,,
1310,B-B-B-019,B（单选题）,,在装配激光雷达系统的数据传输线时，应（）。,避免线路过长,随意布线,使用普通电线,无需固定,,,A,3（中）,5（好）,,,
1311,B-B-B-019,C（判断题）,,激光雷达系统装配可以不按照设计要求进行，随意安装各部件（）。, 正确,错误,,,,,B,3（中）,5（好）,,,
1312,B-B-B-019,C（判断题）,,激光雷达系统装配完成后，无需进行校准即可使用（）。, 正确,错误,,,,,B,3（中）,5（好）,,,
1313,B-B-B-019,G（多选题）,,装配激光雷达系统时，需要准备（）工具。,螺丝刀和扳手,万用表,水平仪,数据线和接插件,热风枪,,ABCD,3（中）,5（好）,,,
1314,B-B-B-019,G（多选题）,,激光雷达系统装配过程中，（）操作有助于提高扫描精度。,正确安装传感器,优化数据传输线路,随意设置传感器参数,固定好传感器与支架连接,定期维护系统,,ABDE,3（中）,5（好）,,,
1315,B-B-B-020,B（单选题）,,安装激光雷达传感器时，使用（）固定方式更稳固。,胶带粘贴,螺丝固定,橡皮筋捆绑,胶水粘贴,,,B,3（中）,5（好）,,,
1316,B-B-B-020,B（单选题）,,调整激光雷达系统的扫描范围，应通过调整（）。,传感器材质,数据传输线,控制程序参数,传感器形状,,,C,3（中）,5（好）,,,
1317,B-B-B-020,B（单选题）,,激光雷达系统装配完成后，进行校准测试时，应先（）。,设置扫描参数,检查系统稳定性,调整传感器位置,启动系统,,,B,3（中）,5（好）,,,
1318,B-B-B-020,C（判断题）,,装配激光雷达系统时，传感器的安装位置可以随意确定（）。, 正确,错误,,,,,B,3（中）,5（好）,,,
1319,B-B-B-020,C（判断题）,,激光雷达系统装配完成后，无需进行性能测试即可使用（）。, 正确,错误,,,,,B,3（中）,5（好）,,,
1320,B-B-B-020,G（多选题）,,激光雷达系统装配方法中，正确连接数据传输线的要点包括（）。,区分接口类型,避免线路干扰,使用合适的接头,随意布线,固定线路,,ABCE,3（中）,5（好）,,,
1321,B-B-B-020,G（多选题）,,装配激光雷达系统的传感器时，需要考虑（）因素。,传感器精度,传感器朝向,周围电子设备干扰,传感器颜色,无人机外观,,ABC,3（中）,5（好）,,,
1322,B-B-C-001,B（单选题）,,编制零部件报告单时，首先应记录的是（）。,零部件名称,零部件价格,零部件生产厂家,零部件使用说明,,,A,3（中）,5（好）,,,
1323,B-B-C-001,B（单选题）,,在记录零部件的技术参数时，（）不需要记录。,尺寸规格,重量,外观颜色,性能指标,,,C,3（中）,5（好）,,,
1324,B-B-C-001,B（单选题）,,零部件报告单中，备注栏主要填写（）。,零部件的安装步骤,零部件的采购渠道,零部件的特殊要求或注意事项,零部件的库存数量,,,C,1（较易）,5（好）,,,
1325,B-B-C-001,C（判断题）,,编制零部件报告单时，可以随意省略部分信息（）。, 正确,错误,,,,,B,3（中）,5（好）,,,
1326,B-B-C-001,C（判断题）,,零部件报告单不需要进行审核（）。, 正确,错误,,,,,B,3（中）,5（好）,,,
1327,B-B-C-001,G（多选题）,,编制零部件报告单需要收集（）信息。,零部件型号,零部件生产日期,零部件采购成本,零部件供应商,零部件使用频率,,ABCD,3（中）,5（好）,,,
1328,B-B-C-001,G（多选题）,,关于零部件报告单编制正确的是（）。,内容准确完整,格式规范统一,可随意修改,及时更新,无需备份,,ABD,3（中）,5（好）,,,
1329,B-B-C-002,B（单选题）,,编制子系统报告单时，系统功能描述应（）。,简洁明了,详细复杂,随意编写,无需描述,,,A,3（中）,5（好）,,,
1330,B-B-C-002,B（单选题）,,在记录子系统的测试结果时，（）是必须记录的。,测试时间,测试人员姓名,测试中出现的问题及解决方法,测试地点,,,C,1（较易）,5（好）,,,
1331,B-B-C-002,B（单选题）,,子系统报告单中，维护建议部分应根据（）。,个人经验,系统使用频率,系统运行状况,随意填写,,,C,1（较易）,5（好）,,,
1332,B-B-C-002,C（判断题）,,编制子系统报告单时，数据可以随意编造（）。, 正确,错误,,,,,B,3（中）,5（好）,,,
1333,B-B-C-002,C（判断题）,,子系统报告单只需编制一次，无需更新（）。, 正确,错误,,,,,B,3（中）,5（好）,,,
1334,B-B-C-002,G（多选题）,,编制子系统报告单需要收集（）信息。,子系统组成部件,子系统工作原理,子系统故障记录,子系统维修历史,子系统生产厂家,,ABCD,4（较难）,5（好）,,,
1335,B-B-C-002,G（多选题）,,关于子系统报告单编制正确的是（）。,语言通俗易懂,数据真实可靠,重点突出,无需分类,定期整理,,ABCE,3（中）,5（好）,,,
1336,B-B-C-003,B（单选题）,,编制整机报告单时，整机性能参数不包括（）。,飞行速度,续航时间,外观颜色,载重能力,,,C,3（中）,5（好）,,,
1337,B-B-C-003,B（单选题）,,在记录整机的装配过程时，应（）。,详细记录每一步骤,只记录关键步骤,随意记录,无需记录,,,A,3（中）,5（好）,,,
1338,B-B-C-003,B（单选题）,,整机报告单中，质量评估部分主要依据（）。,零部件质量,装配工艺,测试结果,以上都是,,,D,1（易）,5（好）,,,
1339,B-B-C-003,C（判断题）,,编制整机报告单时，报告格式可以随意确定（）。, 正确,错误,,,,,B,3（中）,5（好）,,,
1340,B-B-C-003,C（判断题）,,整机报告单不需要存档（）。, 正确,错误,,,,,B,3（中）,5（好）,,,
1341,B-B-C-003,G（多选题）,,编制整机报告单需要收集（）信息。,整机型号,装配人员,飞行测试数据,客户反馈,市场价格,,ABCD,3（中）,5（好）,,,
1342,B-B-C-003,G（多选题）,,关于整机报告单编制正确的是（）。,内容全面,条理清晰,数据准确,格式统一,无需审核,,ABCD,5（难）,5（好）,,,
1343,B-B-C-004,B（单选题）,,编制任务载荷系统报告单时，任务载荷的功能描述应（）。,简单概括,详细准确,随意编写,无需描述,,,B,1（易）,5（好）,,,
1344,B-B-C-004,B（单选题）,,在记录任务载荷系统的调试过程时，应重点记录（）。,调试时间,调试人员,调试中出现的问题及解决方法,调试地点,,,C,4（较难）,5（好）,,,
1345,B-B-C-004,B（单选题）,,任务载荷系统报告单中，使用注意事项部分应根据（）。,任务类型,个人喜好,系统成本,随意填写,,,A,3（中）,5（好）,,,
1346,B-B-C-004,C（判断题）,,编制任务载荷系统报告单时，信息可以随意删减（）。, 正确,错误,,,,,B,3（中）,5（好）,,,
1347,B-B-C-004,C（判断题）,,任务载荷系统报告单不需要定期更新（）。, 正确,错误,,,,,B,3（中）,5（好）,,,
1348,B-B-C-004,G（多选题）,,编制任务载荷系统报告单需要收集（）信息。,任务载荷型号,安装位置,性能指标,维护记录,采购合同,,ABCD,3（中）,5（好）,,,
1349,B-B-C-004,G（多选题）,,关于任务载荷系统报告单编制正确的是（）。,重点突出,内容详实,数据可靠,格式规范,无需备份,,ABCD,3（中）,5（好）,,,
1350,B-C-A-001,B（单选题）,,视距内飞行时，与障碍物保持的安全距离至少为（）米。,5,10,15,20,,,B,3（中）,5（好）,,,
1351,B-C-A-001,B（单选题）,,在人群密集区域进行视距内飞行，高度应限制在（）。,50 米,100 米,150 米,200 米,,,A,3（中）,4（较好）,,,
1352,B-C-A-001,B（单选题）,,视距内飞行时，遇到强风天气应（）。,继续飞行，提高速度,降低飞行高度,立即降落,改变飞行方向,,,C,3（中）,5（好）,,,
1353,B-C-A-001,C（判断题）,,视距内飞行时，无需关注周围的电磁干扰情况（）。, 正确,错误,,,,,B,3（中）,5（好）,,,
1354,B-C-A-001,C（判断题）,,在视距内飞行，只要能看到无人机，就可以随意飞行（）。, 正确,错误,,,,,B,3（中）,5（好）,,,
1355,B-C-A-001,G（多选题）,,视距内飞行前，需要检查（）方面。,无人机的电池电量,遥控器和接收机的连接状态,摄像头的工作状态,天气条件,飞行区域的法规限制,,ABDE,3（中）,5（好）,,,
1356,B-C-A-001,G（多选题）,,视距内飞行时，以下行为是危险的有（）。,在高压线附近飞行,在水面上方飞行,飞行中突然改变航向,超出视距范围飞行,不进行飞行前检查,,ADE,3（中）,5（好）,,,
1357,B-C-A-002,B（单选题）,,视距内飞行时，想要让无人机快速上升，应如何操作遥控器（）。,快速向上推动油门摇杆,缓慢向上推动油门摇杆,快速向左推动方向摇杆,快速向右推动方向摇杆,,,A,3（中）,5（好）,,,
1358,B-C-A-002,B（单选题）,,无人机在视距内飞行时出现漂移，应优先调整（）。,相机的角度, GPS模块的位置,遥控器的天线方向,水平校准和IMU传感器,,,D,3（中）,5（好）,,,
1359,B-C-A-002,B（单选题）,,在视距内飞行中，进行转弯操作时，需要同时调整（）。,油门和方向,油门和俯仰,方向和俯仰,俯仰和横滚,,,A,3（中）,5（好）,,,
1360,B-C-A-002,C（判断题）,,视距内飞行时，遥控器的操作指令可以随意发送，无人机都能准确响应（）。, 正确,错误,,,,,B,3（中）,5（好）,,,
1361,B-C-A-002,C（判断题）,,在视距内飞行，只要熟悉遥控器按键，无需练习就能熟练操控无人机（）。, 正确,错误,,,,,B,3（中）,5（好）,,,
1362,B-C-A-002,G（多选题）,,视距内飞行操控无人机时，（）操作技巧是正确的。,平稳操作遥控器摇杆,快速频繁切换飞行模式,根据飞行姿态及时调整,操作前了解无人机性能,随意调整飞行速度,,ACD,3（中）,5（好）,,,
1363,B-C-A-002,G（多选题）,,影响视距内飞行操控精度的因素有（）。,无人机的重量,遥控器的信号强度,飞行环境的风速,操作人员的经验,无人机的颜色,,ABCD,3（中）,5（好）,,,
1364,B-C-A-003,B（单选题）,,在无人机控制中，比例（P）的主要作用是（）。,消除系统误差,对偏差进行快速响应,预测偏差变化趋势,稳定系统输出,,,B,3（中）,5（好）,,,
1365,B-C-A-003,B（单选题）,,比例（P）参数越大，对无人机控制的影响是（）。,控制响应更迟缓,控制响应更快但可能导致超调和振荡,控制精度降低,系统稳定性增强,,,B,3（中）,5（好）,,,
1366,B-C-A-003,B（单选题）,,当无人机的实际位置与目标位置偏差较大时，比例（P）控制会（）。,缓慢调整以减小偏差,迅速调整以减小偏差，但可能导致超调,保持控制量不变,逐渐增加偏差,,,B,3（中）,5（好）,,,
1367,B-C-A-003,C（判断题）,,比例（P）控制可以完全消除系统的稳态误差。, 正确,错误,,,,,B,3（中）,5（好）,,,
1368,B-C-A-003,C（判断题）,,比例（P）参数只影响无人机的飞行速度，不影响飞行姿态。, 正确,错误,,,,,B,3（中）,5（好）,,,
1369,B-C-A-003,G（多选题）,,关于比例（P）在无人机控制中的作用，说法正确的是（）。,能够快速纠正偏差,与积分、微分共同作用,比例系数越大越好,可根据飞行任务调整,只在起飞阶段起作用,,ABD,3（中）,5（好）,,,
1370,B-C-A-003,G（多选题）,,比例（P）控制在无人机（）飞行操作中发挥重要作用。,起飞,悬停,降落,巡航,倒飞,,ABCD,3（中）,5（好）,,,
1371,B-C-A-004,B（单选题）,,积分（I）在无人机控制中的主要目的是（）。,快速响应偏差,消除稳态误差,抑制干扰,调整飞行速度,,,B,3（中）,5（好）,,,
1372,B-C-A-004,B（单选题）,,积分（I）参数过大，会导致无人机（）。,响应迟缓,快速响应,积分饱和，控制不稳定,无明显影响,,,C,3（中）,5（好）,,,
1373,B-C-A-004,B（单选题）,,当无人机长时间处于某个偏差状态时，积分（I）控制会（）。,不断累加偏差,忽略偏差,减小偏差,反向计算偏差,,,A,5（难）,5（好）,,,
1374,B-C-A-004,C（判断题）,,积分（I）控制对无人机的瞬间偏差响应最敏感。, 正确,错误,,,,,B,5（难）,5（好）,,,
1375,B-C-A-004,C（判断题）,,在无人机控制中，积分（I）参数可以随意设置，不影响飞行性能。, 正确,错误,,,,,B,3（中）,5（好）,,,
1376,B-C-A-004,G（多选题）,,积分（I）控制在无人机控制中，（）说法是正确的。,与比例控制协同工作,能消除累计误差,积分时间越长越好,根据飞行环境调整,只在降落时使用,,ABD,3（中）,5（好）,,,
1377,B-C-A-004,G（多选题）,,（）情况需要重点考虑积分（I）控制在无人机中的应用。,长时间保持特定高度,精确的航线飞行,快速转弯,起飞加速,定点悬停,,ABE,3（中）,5（好）,,,
1378,B-C-A-005,B（单选题）,,微分（D）在无人机控制中的作用是（）。,对偏差进行快速响应,消除稳态误差,根据偏差变化率调整控制量,调整飞行姿态,,,C,3（中）,5（好）,,,
1379,B-C-A-005,B（单选题）,,微分（D）参数增大，无人机的控制会（）。,更稳定，抑制快速变化,变得不稳定,响应变慢,无影响,,,A,3（中）,5（好）,,,
1380,B-C-A-005,B（单选题）,,当无人机飞行姿态变化过快时，微分（D）控制会（）。,输出较大控制量抑制变化,输出较小控制量,保持控制量不变,反向输出控制量,,,A,3（中）,5（好）,,,
1381,B-C-A-005,C（判断题）,,微分（D）控制主要关注无人机当前的偏差大小。, 正确,错误,,,,,B,3（中）,5（好）,,,
1382,B-C-A-005,C（判断题）,,在无人机平稳飞行时，微分（D）控制不起作用。, 正确,错误,,,,,B,1（易）,5（好）,,,
1383,B-C-A-005,G（多选题）,,关于微分（D）在无人机控制中的特点，说法正确的是（）。,对变化趋势敏感,可增强系统稳定性,微分系数越大越好,与比例、积分配合,只在飞行故障时起作用,,ABD,3（中）,5（好）,,,
1384,B-C-A-005,G（多选题）,,微分（D）控制在无人机（）飞行场景中效果明显。,快速机动飞行,躲避障碍物,起飞阶段,降落阶段,悬停微调,,AB,3（中）,5（好）,,,
1385,B-C-A-006,B（单选题）,,调整比例（P）参数时，应遵循的原则是（）。,越大越好,越小越好,根据系统响应和稳定性逐步调整,随意调整,,,C,3（中）,5（好）,,,
1386,B-C-A-006,B（单选题）,,当无人机响应迟缓，比例（P）参数应如何调整（）。,增大,减小,保持不变,先减小再增大,,,A,3（中）,5（好）,,,
1387,B-C-A-006,B（单选题）,,在调整比例（P）参数时，需要重点关注（）。,无人机的颜色,飞行场地,系统的超调量和响应时间,操作人员心情,,,C,3（中）,5（好）,,,
1388,B-C-A-006,C（判断题）,,比例（P）参数调整后，无需测试就可确定效果。, 正确,错误,,,,,B,3（中）,5（好）,,,
1389,B-C-A-006,C（判断题）,,调整比例（P）参数不会影响无人机的飞行安全性。, 正确,错误,,,,,B,3（中）,3（中）,,,
1390,B-C-A-006,G（多选题）,,调整比例（P）参数时，需要考虑（）因素。,无人机的负载,飞行高度,风速,遥控器电量,飞行任务,,ABCE,3（中）,5（好）,,,
1391,B-C-A-006,G（多选题）,,（）属于合理的比例（P）调整原则。,先小幅度调整观察效果,参考经验值,一次调整到位,根据飞行姿态反馈调整,不考虑其他参数,,ABD,3（中）,5（好）,,,
1392,B-C-A-007,B（单选题）,,积分（I）参数调整的关键原则是（）。,尽量增大以消除稳态误差,逐步增加直到系统稳定,避免过大以防止系统振荡,完全忽略，因为其影响较小,,,C,3（中）,5（好）,,,
1393,B-C-A-007,B（单选题）,,当无人机出现积分饱和现象，积分（I）参数应（）。,增大,减小,保持不变,先增大再减小,,,B,3（中）,5（好）,,,
1394,B-C-A-007,B（单选题）,,在调整积分（I）参数时，需要结合（）。,比例（P）参数,微分（D）参数,系统的稳态误差, 以上所有选项,,,D,3（中）,5（好）,,,
1395,B-C-A-007,C（判断题）,,积分（I）参数调整只需要考虑当前偏差大小。, 正确,错误,,,,,B,3（中）,5（好）,,,
1396,B-C-A-007,C（判断题）,,积分（I）参数调整不会影响无人机的能耗。, 正确,错误,,,,,B,3（中）,5（好）,,,
1397,B-C-A-007,G（多选题）,,调整积分（I）参数时，（）做法是正确的。,根据飞行任务需求调整,参考无人机说明书,一次性大幅度调整,结合比例和微分参数,不考虑飞行环境,,ABD,3（中）,5（好）,,,
1398,B-C-A-007,G（多选题）,,积分（I）参数调整需要考虑（）因素。,系统的响应时间,误差的积累速度,无人机的续航能力,操作人员的技能,飞行的稳定性,,ABE,3（中）,5（好）,,,
1399,B-C-A-008,B（单选题）,,调整微分（D）参数的主要目的是（）。,提高响应速度,抑制系统的快速变化,消除稳态误差,增大飞行速度,,,B,3（中）,5（好）,,,
1400,B-C-A-008,B（单选题）,,当无人机飞行姿态变化过于剧烈，微分（D）参数应（）。,增大,减小,保持不变,先减小再增大,,,A,2（较易）,5（好）,,,
1401,B-C-A-008,B（单选题）,,微分（D）参数调整应避免（）。,参数过小导致无法抑制变化,过大导致系统响应过于迟缓,过大导致高频噪声放大,不参考其他参数,,,C,3（中）,5（好）,,,
1402,B-C-A-008,C（判断题）,,微分（D）参数调整只在无人机高速飞行时起作用。, 正确,错误,,,,,B,3（中）,5（好）,,,
1403,B-C-A-008,C（判断题）,,微分（D）参数调整不会影响无人机的操控手感。, 正确,错误,,,,,B,3（中）,5（好）,,,
1404,B-C-A-008,G（多选题）,,调整微分（D）参数时，需要考虑（）方面。,无人机的飞行模式,传感器噪声,飞行环境的稳定性,比例和积分参数,操作人员的喜好,,ABCD,3（中）,5（好）,,,
1405,B-C-A-008,G（多选题）,,关于微分（D）参数调整正确的是（）。,根据飞行姿态调整,结合系统响应特性,参考经验值,随意调整,不考虑其他因素,,ABC,3（中）,5（好）,,,
1406,B-C-A-009,B（单选题）,,调整比例（P）参数的常用方法是（）。,直接在遥控器上调整,通过飞控软件调整,更换硬件设备,改变无人机外形,,,B,3（中）,5（好）,,,
1407,B-C-A-009,B（单选题）,,在调整比例（P）参数时，每次调整的幅度应该（）。,越大越好,越小越好,适中，根据实际情况逐步调整,随意,,,C,3（中）,5（好）,,,
1408,B-C-A-009,B（单选题）,,调整比例（P）参数后，验证调整效果的方法是（）。,观察无人机外观,进行飞行测试,检查电池电量,调整其他参数,,,B,3（中）,5（好）,,,
1409,B-C-A-009,C（判断题）,,比例（P）参数调整可以在无人机飞行中实时进行。, 正确,错误,,,,,B,3（中）,5（好）,,,
1410,B-C-A-009,C（判断题）,,调整比例（P）参数不需要备份原始参数。, 正确,错误,,,,,B,3（中）,5（好）,,,
1411,B-C-A-009,G（多选题）,,调整比例（P）参数的步骤包括（）。,备份原始参数,设置调整幅度,直接进行大幅度调整,飞行测试验证,不参考任何数据,,ABD,3（中）,5（好）,,,
1412,B-C-A-009,G（多选题）,,（）工具可以用于调整比例（P）参数。,飞控调试软件,万用表,示波器,遥控器设置界面,频谱分析仪,,AD,3（中）,5（好）,,,
1413,B-C-A-010,B（单选题）,,积分（I）参数调整通常在（）。,飞行中直接操作,飞控系统设置中,更换电池时,改变飞行场地时,,,B,3（中）,5（好）,,,
1414,B-C-A-010,B（单选题）,,如果无人机积分控制效果不佳，调整积分（I）参数的做法是（）。,重新校准传感器,直接改变参数值,先分析原因，再根据情况调整,更换积分算法,,,C,3（中）,5（好）,,,
1415,B-C-A-010,B（单选题）,,调整积分（I）参数后，为确保效果，需要（）。,观察系统的稳态误差是否消除,检查系统是否出现振荡现象,结合比例（P）和微分（D）参数进行综合调试,以上所有选项,,,D,3（中）,5（好）,,,
1416,B-C-A-010,C（判断题）,,积分（I）参数调整可以随意进行，无需考虑其他因素。, 正确,错误,,,,,B,3（中）,5（好）,,,
1417,B-C-A-010,C（判断题）,,积分（I）参数调整后，不需要关注无人机的能耗变化。, 正确,错误,,,,,B,3（中）,5（好）,,,
1418,B-C-A-010,G（多选题）,,积分（I）参数调整过程中，需要注意（）方面。,记录调整前后数据,调整后进行数据分析,快速多次调整,参考其他无人机的参数,结合实际飞行情况,,ABE,3（中）,5（好）,,,
1419,B-C-A-010,G（多选题）,,调整积分（I）参数可以采用（）方式。,逐步增加积分时间,一次性大幅度减小积分系数,根据误差变化调整,随机改变参数,参考经验公式,,ACE,3（中）,5（好）,,,
1420,B-C-A-011,B（单选题）,,调整微分（D）参数时，主要依据是（）。,操作人员的感觉,无人机的飞行速度,传感器测量的偏差变化率,电池电量,,,C,3（中）,5（好）,,,
1421,B-C-A-011,B（单选题）,,当无人机飞行姿态不稳定，调整微分（D）参数的第一步是（）。,增大参数,减小参数,分析姿态不稳定的原因,更换微分算法,,,C,3（中）,5（好）,,,
1422,B-C-A-011,B（单选题）,,微分（D）参数调整完成后，验证效果的关键是（）。,观察飞行姿态是否平稳,检查参数是否正确,测试飞行速度,调整其他参数,,,A,3（中）,5（好）,,,
1423,B-C-A-011,C（判断题）,,微分（D）参数调整可以不考虑传感器的精度。, 正确,错误,,,,,B,3（中）,5（好）,,,
1424,B-C-A-011,C（判断题）,,微分（D）参数调整后，无人机的飞行性能会立即提升。, 正确,错误,,,,,B,3（中）,5（好）,,,
1425,B-C-A-011,G（多选题）,,调整微分（D）参数时，需要考虑（）因素。,传感器噪声水平,飞行环境的动态变化,比例和积分参数设置,无人机的品牌,操作人员的经验,,ABC,3（中）,5（好）,,,
1426,B-C-A-011,G（多选题）,,关于微分（D）参数调整方法正确的是（）。,根据飞行姿态变化趋势调整,参考历史飞行数据,随意尝试不同参数,结合比例和积分参数协同调整,不考虑其他因素,,ABD,3（中）,5（好）,,,
1427,B-C-A-012,B（单选题）,,提高无人机定位精度，首先应检查（）。,电池电量,GPS 天线安装位置,遥控器设置,飞行模式,,,B,3（中）,5（好）,,,
1428,B-C-A-012,B（单选题）,,如果无人机定位出现漂移，可采取的调整方法是（）。,更换螺旋桨,重新校准 GPS,增大飞行速度,调整飞行姿态,,,B,3（中）,5（好）,,,
1429,B-C-A-012,B（单选题）,,在调整无人机定位精度时，需要关注（）。,GPS模块的安装位置,GPS信号强度和卫星数量,磁罗盘的校准情况,飞控系统的固件版本,,,B,3（中）,5（好）,,,
1430,B-C-A-012,C（判断题）,,定位精度调整只需要校准一次，无需再次检查。, 正确,错误,,,,,B,3（中）,5（好）,,,
1431,B-C-A-012,C（判断题）,,调整定位精度不会影响无人机的飞行稳定性。, 正确,错误,,,,,B,3（中）,5（好）,,,
1432,B-C-A-012,G（多选题）,,调整无人机定位精度的方法包括（）。,更换高精度 GPS 模块,优化 GPS 算法,校准指南针,调整飞行速度,增加配重,,ABC,3（中）,5（好）,,,
1433,B-C-A-012,G（多选题）,,在调整定位精度时，需要考虑（）因素。,卫星信号强度,周围建筑物遮挡,天气状况,无人机的负载,操作人员的技能,,ABCD,2（易）,5（好）,,,
1434,B-C-A-013,B（单选题）,,调整无人机波特率时，通常在（）设备中进行操作。,遥控器,无人机电机,飞控系统,螺旋桨,,,C,3（中）,5（好）,,,
1435,B-C-A-013,B（单选题）,,如果无人机与地面站通信出现数据丢失，合理调整波特率的做法是（）。,随意调高波特率,随意调低波特率,根据通信距离和环境适当调整,保持波特率不变,,,C,3（中）,5（好）,,,
1436,B-C-A-013,B（单选题）,,在调整波特率前，需要重点了解的是（）。,无人机的颜色,无人机的生产日期,通信设备支持的波特率范围,电池容量,,,C,3（中）,5（好）,,,
1437,B-C-A-013,C（判断题）,,波特率越高，无人机通信越稳定，所以应尽量调高。, 正确,错误,,,,,B,3（中）,5（好）,,,
1438,B-C-A-013,C（判断题）,,调整波特率不会影响无人机与其他设备的兼容性。, 正确,错误,,,,,B,3（中）,5（好）,,,
1439,B-C-A-013,G（多选题）,,调整无人机波特率时，（）因素需要考虑。,通信距离,信号干扰程度,无人机型号,操作人员喜好,设备成本,,ABC,3（中）,5（好）,,,
1440,B-C-A-013,G（多选题）,,关于波特率调整方法，说法正确的是（）。,需要专业软件配合,可在无人机飞行中随时调整,调整后需进行通信测试,不同品牌无人机调整方式相同,调整前备份原有设置,,ACE,3（中）,5（好）,,,
1441,B-C-A-014,B（单选题）,,要调整无人机的解锁条件，一般在（）。,无人机外壳,飞控设置界面,电池管理系统,螺旋桨叶片,,,B,3（中）,5（好）,,,
1442,B-C-A-014,B（单选题）,,为提高无人机使用安全性，（）解锁条件调整较为合理。,降低 GPS 定位精度要求,增加额外的密码验证,缩短自检时间,取消姿态稳定检测,,,B,3（中）,5（好）,,,
1443,B-C-A-014,B（单选题）,,在调整解锁条件时，错误的做法是（）。,仔细阅读说明书,参考实际使用场景,随意更改参数,备份原始设置,,,C,3（中）,5（好）,,,
1444,B-C-A-014,C（判断题）,,解锁条件调整后，无需进行测试即可正常使用。, 正确,错误,,,,,B,3（中）,5（好）,,,
1445,B-C-A-014,C（判断题）,,将解锁条件设置得过于简单不会带来安全风险。, 正确,错误,,,,,B,3（中）,5（好）,,,
1446,B-C-A-014,G（多选题）,,调整无人机解锁条件时，可考虑（）方面。,飞行环境,使用目的,操作人员技能水平,天气状况,无人机价格,,ABCD,1（易）,5（好）,,,
1447,B-C-A-014,G（多选题）,,（）属于合理的解锁条件调整。,增加起飞前的设备检查步骤,根据时间限制解锁,随意放宽姿态要求,根据地理位置限制解锁,取消所有解锁条件,,ABD,3（中）,5（好）,,,
1448,B-C-A-015,B（单选题）,,调整电源报警电压，主要是为了（）。,改变无人机飞行速度,保护电池和设备,提高信号强度,调整飞行姿态,,,B,3（中）,5（好）,,,
1449,B-C-A-015,B（单选题）,,当发现无人机电池消耗过快，且经常过早报警，合理的调整措施是（）。,提高报警电压值,降低报警电压值,更换电池品牌,调整电机功率,,,B,3（中）,5（好）,,,
1450,B-C-A-015,B（单选题）,,在调整电源报警电压时，通常使用（）。,万用表,示波器,飞控软件,遥控器,,,C,2（较易）,5（好）,,,
1451,B-C-A-015,C（判断题）,,电源报警电压只能调高，不能调低。, 正确,错误,,,,,B,3（中）,5（好）,,,
1452,B-C-A-015,C（判断题）,,电源报警电压调整后，对电池寿命没有影响。, 正确,错误,,,,,B,3（中）,5（好）,,,
1453,B-C-A-015,G（多选题）,,调整电源报警电压需要考虑（）因素。,电池类型,飞行时长,负载大小,天气温度,操作人员习惯,,ABCD,3（中）,5（好）,,,
1454,B-C-A-015,G（多选题）,,关于电源报警电压调整正确的是（）。,调整后需监控电池使用情况,可随意调整无需参考,根据电池老化程度调整,调整后不影响飞行性能,过低报警电压可能导致设备损坏,,ACE,3（中）,5（好）,,,
1455,B-C-A-016,B（单选题）,,调试无人机姿态控制参数时，首先要关注的是（）。,飞行速度,电池电量,姿态传感器数据,GPS 信号,,,C,3（中）,5（好）,,,
1456,B-C-A-016,B（单选题）,,如果无人机飞行时出现剧烈晃动，（）姿态控制参数调整可能有效。,增大 PID 参数中的 P 值,减小 PID 参数中的 I 值,增大 PID 参数中的 D 值,随意改变参数,,,C,3（中）,5（好）,,,
1457,B-C-A-016,B（单选题）,,姿态控制参数调试完成后，必须进行（）。,外观检查,重量测量,飞行测试,设备清洁,,,C,3（中）,5（好）,,,
1458,B-C-A-016,C（判断题）,,姿态控制参数可以随意调整，不会影响飞行安全。, 正确,错误,,,,,B,3（中）,5（好）,,,
1459,B-C-A-016,C（判断题）,,姿态控制参数调试只需在地面进行，无需飞行测试。, 正确,错误,,,,,B,3（中）,5（好）,,,
1460,B-C-A-016,G（多选题）,,调试无人机姿态控制参数时，需要用到（）工具。,飞行模拟器,示波器,万用表,数据分析软件,频谱分析仪,,AD,3（中）,5（好）,,,
1461,B-C-A-016,G（多选题）,,影响姿态控制参数调试的因素有（）。,无人机载重,飞行高度,风速,螺旋桨材质,操作人员心情,,ABC,3（中）,5（好）,,,
1462,B-C-A-017,B（单选题）,,调试自动驾驶模式参数时，设置航线点的关键依据是（）。,无人机颜色,任务需求,电池电量,操作人员喜好,,,B,3（中）,5（好）,,,
1463,B-C-A-017,B（单选题）,,如果自动驾驶时无人机偏离航线，应优先检查（）。,电池电量,GPS 信号,自动驾驶模式参数中的速度设置,姿态控制参数,,,B,3（中）,5（好）,,,
1464,B-C-A-017,B（单选题）,,自动驾驶模式参数中，关于高度保持参数的调整，说法正确的是（）。,随意设置高度值,根据飞行区域障碍物高度调整,越高越好,越低越好,,,B,3（中）,5（好）,,,
1465,B-C-A-017,C（判断题）,,自动驾驶模式参数设置完成后，无需再次检查。, 正确,错误,,,,,B,3（中）,5（好）,,,
1466,B-C-A-017,C（判断题）,,自动驾驶模式参数可以在飞行中随意更改。, 正确,错误,,,,,B,3（中）,5（好）,,,
1467,B-C-A-017,G（多选题）,,调试自动驾驶模式参数需要考虑（）因素。,飞行任务,天气状况,地理环境,设备成本,操作人员经验,,ABC,3（中）,5（好）,,,
1468,B-C-A-017,G（多选题）,,（）属于自动驾驶模式参数调试内容。,设置飞行速度,调整转弯半径,设置返航高度,改变无人机外观,校准摄像头,,ABC,3（中）,5（好）,,,
1469,B-C-A-018,B（单选题）,,GNSS 导航模式参数中，影响定位精度的关键参数是（）。,波特率,卫星搜索时间,信号强度阈值,解锁条件,,,C,3（中）,5（好）,,,
1470,B-C-A-018,B（单选题）,,如果无人机在 GNSS 导航模式下定位出现漂移，应优先检查（）。,姿态控制参数,电池电量,GNSS 导航模式参数中的定位更新频率,自动驾驶模式参数,,,C,3（中）,5（好）,,,
1471,B-C-A-018,B（单选题）,,在调试 GNSS 导航模式参数时，获取准确位置信息的前提是（）。,良好的卫星信号,高速飞行,频繁调整参数,使用旧地图,,,A,3（中）,5（好）,,,
1472,B-C-A-018,C（判断题）,,GNSS 导航模式参数设置后，不受环境影响。, 正确,错误,,,,,B,4（较难）,5（好）,,,
1473,B-C-A-018,C（判断题）,,GNSS 导航模式参数只能在专业机构调整。, 正确,错误,,,,,B,5（难）,5（好）,,,
1474,B-C-A-018,G（多选题）,,调试 GNSS 导航模式参数时，需要注意（）方面。,周围电磁干扰,卫星分布情况,地图更新情况,无人机重量,操作人员技能,,ABC,5（难）,5（好）,,,
1475,B-C-A-018,G（多选题）,,（）操作有助于优化 GNSS 导航模式参数。,选择合适的定位算法,增加信号放大器,定期校准,随意更改参数,更换不同品牌的 GNSS 模块,,AC,3（中）,5（好）,,,
1476,B-C-A-019,B（单选题）,,调试气压计校准参数时，需要在（）环境下进行。,强磁场环境,高空飞行中,稳定的地面环境,水中,,,C,3（中）,5（好）,,,
1477,B-C-A-019,B（单选题）,,如果无人机显示的高度与实际高度不符，可能需要调整气压计校准参数中的（）。,温度补偿系数,波特率,解锁条件,GPS 定位参数,,,A,3（中）,5（好）,,,
1478,B-C-A-019,B（单选题）,,气压计校准参数调试完成后，验证校准效果的方法是（）。,观察无人机外观,检查电池电量,进行不同高度的飞行测试,调整姿态控制参数,,,C,3（中）,5（好）,,,
1479,B-C-A-019,C（判断题）,,气压计校准参数可以随意调整，不会影响高度测量。, 正确,错误,,,,,B,3（中）,5（好）,,,
1480,B-C-A-019,C（判断题）,,气压计校准参数只需校准一次，无需再次校准。, 正确,错误,,,,,B,3（中）,5（好）,,,
1481,B-C-A-019,G（多选题）,,调试气压计校准参数需要考虑（）因素。,大气压强变化,温度变化,飞行速度,周围湿度,无人机品牌,,AB,3（中）,5（好）,,,
1482,B-C-A-019,G（多选题）,,关于气压计校准参数调试正确的是（）。,使用标准高度计辅助校准,根据不同海拔区域调整,调整后立即进行飞行表演,在恶劣天气下校准,定期检查校准效果,,ABE,3（中）,5（好）,,,
1483,B-C-A-020,B（单选题）,,进行磁罗盘校准参数调试时，（）做法是错误的。,远离金属物体,在开阔场地进行,保持无人机静止,在强磁场区域操作,,,D,3（中）,5（好）,,,
1484,B-C-A-020,B（单选题）,,如果无人机飞行时航向指示异常，可能需要调整磁罗盘校准参数中的（）。,灵敏度,波特率,电源报警电压,自动驾驶模式参数,,,A,3（中）,5（好）,,,
1485,B-C-A-020,B（单选题）,,磁罗盘校准参数调试的关键步骤是（）。,随意旋转无人机,精确测量磁场强度,快速调整参数,记录校准数据,,,B,3（中）,5（好）,,,
1486,B-C-A-020,C（判断题）,,磁罗盘校准参数调试不影响无人机的飞行方向控制。, 正确,错误,,,,,B,3（中）,5（好）,,,
1487,B-C-A-020,C（判断题）,,磁罗盘校准参数可以在飞行中随时调整。, 正确,错误,,,,,B,3（中）,5（好）,,,
1488,B-C-A-020,G（多选题）,,调试磁罗盘校准参数时，需要注意（）方面。,周围是否有干扰源,校准时间,无人机姿态,操作人员心情,电池剩余电量,,AC,3（中）,5（好）,,,
1489,B-C-A-020,G（多选题）,,（）操作有助于准确调试磁罗盘校准参数。,使用专业校准工具,多次校准取平均值,随意改变校准方法,在不同地点校准,快速完成校准,,ABD,3（中）,5（好）,,,
1490,B-C-A-020,C（判断题）,,在超视距通讯链路调试中，天线的高度对通讯效果没有影响。（）,正确,错误,,,,,B,3（中）,5（好）,,,
1491,B-C-A-020,G（多选题）,,超视距通讯链路调试中，（）设备是必需的。,发射机,接收机,天线,频谱分析仪,气压计,,ABC,3（中）,5（好）,,,
1492,B-C-A-020,G（多选题）,,超视距通讯链路调试完成后， （）测试是必要的。,实地测试,模拟测试,干扰测试,距离测试,功率测试,,ABCD,3（中）,5（好）,,,
1493,B-C-B-003,B（单选题）,,着陆系统联调最注重的原则是（ ）。,稳定性,安全性,便捷性,高效性,,,B,3（中）,5（好）,,,
1494,B-C-B-003,B（单选题）,,着陆系统联调需考虑的核心因素不包括（ ）。,飞行器性能,着陆场地条件,操作人员心情,气象条件,,,C,3（中）,5（好）,,,
1495,B-C-B-003,B（单选题）,,对着陆系统联调影响最大的环境因素（ ）。,噪音,大气压强,光照强度,跑道坡度,,,D,3（中）,5（好）,,,
1496,B-C-B-003,G（多选题）,,属于着陆系统联调原则的是（ ）。,可靠性原则,可重复性原则,经济性原则,可维护性原则,美观性原则,,ACD,3（中）,5（好）,,,
1497,B-C-B-003,G（多选题）,,影响着陆系统联调的重要因素有（ ）。,导航精度,通讯稳定性,设备老化程度,周围建筑物分布,地磁场强度,,ABC,3（中）,5（好）,,,
1498,B-C-B-003,C（判断题）,,着陆系统联调时，飞行器的重量对其没有影响。（ ）,正确,错误,,,,,B,3（中）,5（好）,,,
1499,B-C-B-003,C（判断题）,,着陆系统联调的经济性原则比安全性原则更重要。（ ）,正确,错误,,,,,B,3（中）,5（好）,,,
1500,B-C-B-004,B（单选题）,,起落架滑跑着陆系统联调最先要做的是（ ）。,安装调试软件,检查硬件连接,模拟飞行测试,校准传感器,,,B,3（中）,5（好）,,,
1501,B-C-B-004,B（单选题）,,联调中主要通过（ ）来检测起落架的结构强度。,应力测试,速度测试,温度测试,密封性测试,,,A,3（中）,5（好）,,,
1502,B-C-B-004,B（单选题）,,调整起落架滑跑着陆系统的关键参数是（ ）。,着陆姿态,轮胎气压,减震器刚度,刹车灵敏度,,,A,3（中）,5（好）,,,
1503,B-C-B-004,G（多选题）,,起落架滑跑着陆系统联调方法有（ ）。,静态性能测试,动态响应测试,故障模拟测试,外观完整性检查,人为操作测试,,ABC,3（中）,5（好）,,,
1504,B-C-B-004,G（多选题）,,联调过程中需要重点关注的方面是（ ）。,起落架收放可靠性,刹车系统有效性,轮胎磨损情况,系统兼容性,环境适应性,,ABCD,3（中）,5（好）,,,
1505,B-C-B-004,C（判断题）,,起落架滑跑着陆系统联调不需要考虑温度对设备的影响。（ ）,正确,错误,,,,,B,3（中）,5（好）,,,
1506,B-C-B-004,C（判断题）,,模拟飞行测试是起落架滑跑着陆系统联调的必要步骤。（ ）,正确,错误,,,,,A,3（中）,5（好）,,,
1507,B-C-C-001,B（单选题）,,FPV 系统联调中，确保图像流畅传输的关键是（ ）。,传输带宽,发射功率,天线增益,电池容量,,,A,3（中）,5（好）,,,
1508,B-C-C-001,B（单选题）,,校准 FPV 系统摄像头视野范围主要依据是（ ）。,飞行任务需求,飞行器大小,拍摄目标距离,操作人员习惯,,,A,5（难）,5（好）,,,
1509,B-C-C-001,B（单选题）,,FPV 系统联调时信号中断的常见原因是（ ）。,信号干扰,软件故障,设备老化,电量不足,,,A,3（中）,5（好）,,,
1510,B-C-C-001,G（多选题）,,FPV 系统联调工作内容包括（ ）。,图像色彩校正,信号强度优化,控制延迟测试,系统防水性能检查,设备外观清洁,,ABC,3（中）,5（好）,,,
1511,B-C-C-001,G（多选题）,,提高 FPV 系统联调质量的措施有（ ）。,选用高质量传输设备,优化天线安装位置,定期维护设备,增加操作人员数量,升级飞行器硬件,,ABC,3（中）,5（好）,,,
1512,B-C-C-001,C（判断题）,,FPV 系统联调时，只需要关注信号传输，不用在意图像质量。（ ）,正确,错误,,,,,B,3（中）,5（好）,,,
1513,B-C-C-001,C（判断题）,,FPV 系统摄像头的校准对飞行操作至关重要。（ ）,正确,错误,,,,,A,3（中）,5（好）,,,
1514,B-C-C-002,B（单选题）,,航拍系统云台联调的关键目标是（ ）。,保证拍摄画面清晰,提高云台旋转速度,确保云台载重能力,稳定拍摄画面,,,D,3（中）,5（好）,,,
1515,B-C-C-002,B（单选题）,,调整云台垂直稳定性主要依靠（ ）。,调整平衡配重,校准角度传感器,更换电机型号,优化控制算法,,,B,3（中）,5（好）,,,
1516,B-C-C-002,B（单选题）,,联调中检测云台锁定精度使用的仪器是（ ）。,电子水平仪,加速度传感器,陀螺仪,万用表,,,A,3（中）,5（好）,,,
1517,B-C-C-002,G（多选题）,,航拍系统云台联调内容包含（ ）。,云台转动角度精度调试,云台载重能力测试,云台与飞行器连接牢固性检查,云台外观设计评估,云台控制软件升级,,ABCE,3（中）,5（好）,,,
1518,B-C-C-002,G（多选题）,,影响航拍系统云台联调效果的因素有（ ）。,云台电机的扭矩,安装方式的合理性,飞行过程中的振动,相机的分辨率,拍摄环境的亮度,,ABC,3（中）,5（好）,,,
1519,B-C-C-002,C（判断题）,,航拍系统云台联调只涉及硬件调试，与软件无关。（ ）,正确,错误,,,,,B,3（中）,5（好）,,,
1520,B-C-C-002,C（判断题）,,云台的载重能力会影响拍摄画面的稳定性。（ ）,正确,错误,,,,,A,3（中）,5（好）,,,
1521,B-C-C-003,B（单选题）,,航拍系统相机进行色彩校准主要依据（ ）。,标准色卡,随机色彩样本,人眼观察,拍摄目标颜色,,,A,3（中）,5（好）,,,
1522,B-C-C-003,B（单选题）,,检查航拍相机存储兼容性时，重点查看（ ）。,存储容量,存储格式,存储速度,存储品牌,,,B,3（中）,5（好）,,,
1523,B-C-C-003,B（单选题）,,为保证航拍画面清晰，关键要校准相机的（ ）。,焦距,快门声音,镜头材质,电池续航,,,A,4（较难）,5（好）,,,
1524,B-C-C-003,G（多选题）,,航拍系统相机联调时，对图像质量有影响的调整项目是（ ）。,对比度调整,饱和度调整,锐度调整,相机重量调整,文件命名调整,,ABC,3（中）,5（好）,,,
1525,B-C-C-003,G（多选题）,,优化航拍系统相机联调的前期准备工作包括（ ）。,收集相机技术资料,准备测试场地,购买新的相机,了解飞行任务需求,培训操作人员,,ABD,3（中）,5（好）,,,
1526,B-C-C-003,C（判断题）,,航拍系统相机联调时无需考虑相机的连拍性能。（ ）,正确,错误,,,,,B,3（中）,5（好）,,,
1527,B-C-C-003,C（判断题）,,校准相机的曝光补偿对拍摄夜景画面很重要。（ ）,正确,错误,,,,,A,4（较难）,4（较好）,,,
1528,B-C-C-004,B（单选题）,,抓取系统联调中，测试抓取动作准确性的常用方法是（ ）。,使用标准物体进行多次抓取测试,目测检查机械臂的运动轨迹,测量电机电流的变化,检查传感器的输出信号,,,A,3（中）,5（好）,,,
1529,B-C-C-004,B（单选题）,,调整抓取系统的抓取力度，通常通过改变（ ）。,控制电压,机械结构,抓取速度,操作人员手法,,,A,3（中）,5（好）,,,
1530,B-C-C-004,B（单选题）,,抓取系统联调时，检测抓取系统可靠性的关键指标是（ ）。,抓取成功率,抓取速度,电机功率消耗,传感器响应时间,,,A,3（中）,5（好）,,,
1531,B-C-C-004,G（多选题）,,抓取系统联调的环境模拟测试包含（ ）。,高温环境测试,潮湿环境测试,强风环境测试,复杂地形测试,人群密集环境测试,,ABCD,3（中）,5（好）,,,
1532,B-C-C-004,G（多选题）,,优化抓取系统联调效果的策略有（ ）。,定期维护抓取设备,优化控制算法,更换操作人员,增加抓取工具,采用高精度传感器,,ABE,3（中）,5（好）,,,
1533,B-C-C-004,C（判断题）,,抓取系统联调时，机械结构的润滑对抓取效果无影响。（ ）,正确,错误,,,,,B,3（中）,5（好）,,,
1534,B-C-C-004,C（判断题）,,抓取系统的通讯稳定性不影响抓取动作的执行。（ ）,正确,错误,,,,,B,3（中）,5（好）,,,
1535,B-C-C-005,B（单选题）,,运载系统联调时，检查货物固定是否牢固的主要方法是（ ）。,摇晃测试,重量测试,速度测试,高度测试,,,A,3（中）,5（好）,,,
1536,B-C-C-005,B（单选题）,,调整运载系统的动力分配，主要依据（ ）。,运载重量,运载距离,运行路况,运载时间,,,A,3（中）,5（好）,,,
1537,B-C-C-005,B（单选题）,,运载系统联调中，确保系统安全运行的关键是（ ）。,制动系统可靠性,外观完整性,通讯信号强度,运行成本控制,,,A,3（中）,5（好）,,,
1538,B-C-C-005,G（多选题）,,运载系统联调的性能测试项目有（ ）。,载重能力测试,爬坡能力测试,转弯半径测试,噪音测试,加速性能测试,,ABCE,3（中）,5（好）,,,
1539,B-C-C-005,G（多选题）,,提升运载系统联调效率的方法包括（ ）。,制定详细测试计划,使用专业检测设备,增加测试人员数量,简化联调流程,随机进行测试,,ABD,3（中）,5（好）,,,
1540,B-C-C-005,C（判断题）,,运载系统联调时，只要动力足够，无需考虑能耗问题。（ ）,正确,错误,,,,,B,3（中）,5（好）,,,
1541,B-C-C-005,C（判断题）,,运载系统的控制系统联调对整体运行影响不大。（ ）,正确,错误,,,,,B,3（中）,5（好）,,,
1542,B-C-C-006,B（单选题）,,抛投系统联调时，确定抛投力度的关键因素是（ ）。,抛投目标距离,抛投物形状,飞行器姿态,天气状况,,,A,3（中）,5（好）,,,
1543,B-C-C-006,B（单选题）,,调整抛投系统的抛投角度，主要通过（ ）。,改变机械结构,修改控制程序,更换抛投装置,人工手动调节,,,B,3（中）,5（好）,,,
1544,B-C-C-006,B（单选题）,,抛投系统联调中，检查抛投一致性的手段是（ ）。,多次抛投测量偏差,观察单次抛投效果,调整抛投参数,更换抛投物,,,A,3（中）,5（好）,,,
1545,B-C-C-006,G（多选题）,,抛投系统联调的准备工作包含（ ）。,检查抛投装置完整性,测试通讯线路,校准传感器,准备抛投物,清洁飞行器,,ABCD,3（中）,5（好）,,,
1546,B-C-C-006,G（多选题）,,影响抛投系统联调精度的因素有（ ）。,风速,飞行器稳定性,操作人员经验,抛投装置材质,抛投物重量,,ABCE,3（中）,5（好）,,,
1547,B-C-C-006,C（判断题）,,抛投系统联调时，抛投物的重心位置对抛投效果无影响。（ ）,正确,错误,,,,,B,3（中）,5（好）,,,
1548,B-C-C-006,C（判断题）,,优化抛投系统的控制算法能提高抛投精度。（ ）,正确,错误,,,,,A,3（中）,5（好）,,,
1549,B-C-C-007,B（单选题）,,航测系统联调时，校准航线规划准确性的依据是（ ）。,地理信息数据,飞行器性能,操作人员经验,天气条件,,,A,3（中）,5（好）,,,
1550,B-C-C-007,B（单选题）,,检查航测系统数据传输稳定性，主要关注（ ）。,传输速率,传输距离,数据格式,传输协议,,,A,3（中）,5（好）,,,
1551,B-C-C-007,B（单选题）,,航测系统联调中，保证图像拼接质量的关键是（ ）。,拍摄重叠度,相机像素,飞行高度,图像分辨率,,,A,3（中）,5（好）,,,
1552,B-C-C-007,G（多选题）,,航测系统联调的地面准备工作有（ ）。,基站设置,设备充电,飞行区域勘察,操作人员培训,飞行器外观检查,,ABCD,3（中）,5（好）,,,
1553,B-C-C-007,G（多选题）,,提升航测系统联调效果的措施有（ ）。,采用高精度定位设备,优化飞行参数,增加数据存储设备,定期维护航测设备,更换飞行器型号,,ABD,3（中）,5（好）,,,
1554,B-C-C-007,C（判断题）,,航测系统联调时，飞行速度对航测数据质量无影响。（ ）,正确,错误,,,,,B,3（中）,5（好）,,,
1555,B-C-C-007,C（判断题）,,航测系统的数据处理软件联调很重要。（ ）,正确,错误,,,,,A,3（中）,5（好）,,,
1556,B-C-C-008,B（单选题）,,遥感系统联调时，校准传感器灵敏度的主要依据是（ ）。,目标地物特征,遥感平台高度,天气状况,操作人员指令,,,A,3（中）,5（好）,,,
1557,B-C-C-008,B（单选题）,,检查遥感系统数据解译准确性，关键在于（ ）。,解译算法,数据传输速度,传感器分辨率,遥感平台稳定性,,,A,3（中）,5（好）,,,
1558,B-C-C-008,B（单选题）,,遥感系统联调中，确保数据完整性的要点是（ ）。,数据备份策略,数据存储格式,数据采集频率,数据传输可靠性,,,D,3（中）,5（好）,,,
1559,B-C-C-008,G（多选题）,,遥感系统联调的技术指标测试包括（ ）。,辐射定标精度,几何校正精度,空间分辨率,时间分辨率,数据压缩比,,ABCD,3（中）,5（好）,,,
1560,B-C-C-008,G（多选题）,,优化遥感系统联调的技术手段有（ ）。,更新传感器固件,升级数据处理软件,调整遥感平台姿态,更换操作人员,增加数据传输线路,,AB,3（中）,5（好）,,,
1561,B-C-C-008,C（判断题）,,遥感系统联调时，传感器的安装位置对数据质量无影响。（ ）,正确,错误,,,,,B,3（中）,5（好）,,,
1562,B-C-C-008,C（判断题）,,遥感系统的数据传输加密对数据安全很关键。（ ）,正确,错误,,,,,A,3（中）,5（好）,,,
1563,B-C-C-009,B（单选题）,,植保喷洒系统联调时，确定喷洒量的主要依据是（ ）。,农作物种类,田地面积,农药浓度,天气情况,,,A,3（中）,5（好）,,,
1564,B-C-C-009,B（单选题）,,调整植保喷洒系统的喷洒压力，主要通过（ ）。,调节泵的转速,更换喷头,改变管道直径,调整农药配方,,,A,1（易）,5（好）,,,
1565,B-C-C-009,B（单选题）,,植保喷洒系统联调中，检查喷洒均匀性的常用方法是（ ）。,放置测试板,观察实际喷洒效果,计算喷洒总量,询问操作人员,,,A,3（中）,5（好）,,,
1566,B-C-C-009,G（多选题）,,植保喷洒系统联调的安全检查项目有（ ）。,农药泄漏检测,电气安全检测,喷洒设备固定检查,操作人员防护装备检查,飞行器外观检查,,ABCD,3（中）,5（好）,,,
1567,B-C-C-009,G（多选题）,,提升植保喷洒系统联调质量的措施有（ ）。,定期校准喷洒设备,优化飞行路径,增加农药种类,使用高精度流量传感器,培训操作人员,,ABDE,3（中）,5（好）,,,
1568,B-C-C-009,C（判断题）,,植保喷洒系统联调时，飞行高度对喷洒效果无影响。（ ）,正确,错误,,,,,B,3（中）,5（好）,,,
1569,B-C-C-009,C（判断题）,,植保喷洒系统的喷头选择对喷洒质量很重要。（ ）,正确,错误,,,,,A,3（中）,5（好）,,,
1570,B-C-C-010,B（单选题）,,植保播种系统联调时，确定播种量的关键因素是（ ）。,种子类型,田地肥力,播种深度,播种时间,,,A,3（中）,5（好）,,,
1571,B-C-C-010,B（单选题）,,调整植保播种系统的播种深度，主要依靠（ ）。,改变机械结构,调整电机转速,更换播种装置,修改控制程序,,,A,3（中）,5（好）,,,
1572,B-C-C-010,B（单选题）,,植保播种系统联调中，检查播种均匀性的有效方式是（ ）。,抽样检查,观察播种轨迹,测量播种总量,询问操作人员,,,A,3（中）,5（好）,,,
1573,B-C-C-010,G（多选题）,,植保播种系统联调的前期准备工作有（ ）。,种子筛选,设备清洁,调试播种设备,规划播种区域,检查飞行器性能,,ACDE,3（中）,5（好）,,,
1574,B-C-C-010,G（多选题）,,优化植保播种系统联调效果的策略包括（ ）。,定期维护播种设备,改进种子处理工艺,增加操作人员数量,采用高精度定位系统,调整播种时间,,AD,3（中）,5（好）,,,
1575,B-C-C-010,C（判断题）,,植保播种系统联调时，播种速度对播种效果无影响。（ ）,正确,错误,,,,,B,3（中）,5（好）,,,
1576,B-C-C-010,C（判断题）,,植保播种系统的排种器性能对播种质量很关键。（ ）,正确,错误,,,,,A,3（中）,5（好）,,,
1577,B-C-C-011,B（单选题）,,照明系统联调时，调节灯光亮度主要通过（ ）。,改变电源电压,更换灯泡,调节控制开关,调整灯罩角度,,,A,3（中）,5（好）,,,
1578,B-C-C-011,B（单选题）,,检查照明系统的光照均匀度，常用工具是（ ）。,照度计,亮度计,分光光度计,色温仪,,,A,3（中）,5（好）,,,
1579,B-C-C-011,B（单选题）,,照明系统联调中，确保灯光稳定的关键是（ ）。,电源稳定性,灯泡质量,灯罩材质,安装位置,,,A,3（中）,5（好）,,,
1580,B-C-C-011,G（多选题）,,照明系统联调的准备工作包含（ ）。,检查灯具外观,测试电源线路,准备调试工具,确定安装位置,购买新灯具,,ABC,3（中）,5（好）,,,
1581,B-C-C-011,G（多选题）,,优化照明系统联调效果的措施有（ ）。,定期清洁灯具,选择优质灯泡,增加照明数量,调整安装角度,更换安装人员,,ABD,3（中）,5（好）,,,
1582,B-C-C-011,C（判断题）,,照明系统联调时，灯具的散热对其性能无影响。（ ）,正确,错误,,,,,B,3（中）,5（好）,,,
1583,B-C-C-011,C（判断题）,,照明系统的控制方式联调对灯光使用便利性很重要。（ ）,正确,错误,,,,,A,3（中）,5（好）,,,
1584,B-C-C-012,B（单选题）,,喊话系统联调时，测试声音清晰度主要通过（ ）。,语音识别软件,人耳听辨,声音频谱分析仪,音量测试仪,,,B,3（中）,5（好）,,,
1585,B-C-C-012,B（单选题）,,调整喊话系统的音量大小，主要通过（ ）。,调节功率放大器,更换扬声器,改变麦克风位置,修改控制程序,,,A,3（中）,5（好）,,,
1586,B-C-C-012,B（单选题）,,喊话系统联调中，确保声音传输稳定的要点是（ ）。,信号抗干扰能力,麦克风灵敏度,扬声器功率,电源电量,,,A,3（中）,5（好）,,,
1587,B-C-C-012,G（多选题）,,喊话系统联调的功能测试项目有（ ）。,声音传播距离,声音失真度,声音切换功能,系统防水性能,设备外观,,ABC,3（中）,5（好）,,,
1588,B-C-C-012,G（多选题）,,提升喊话系统联调质量的策略包括（ ）。,定期维护设备,优化音频处理算法,更换操作人员,增加喊话内容,采用降噪技术,,ABE,3（中）,5（好）,,,
1589,B-C-C-012,C（判断题）,,喊话系统联调时，麦克风的指向性对声音采集效果无影响。（ ）,正确,错误,,,,,B,3（中）,5（好）,,,
1590,B-C-C-012,C（判断题）,,喊话系统的扬声器安装位置对声音传播效果很关键。（ ）,正确,错误,,,,,A,3（中）,5（好）,,,
1591,B-C-C-013,B（单选题）,,雷达系统联调时，校准雷达测距精度的主要依据是（ ）。,标准目标距离,雷达发射功率,环境温度,天线角度,,,A,3（中）,5（好）,,,
1592,B-C-C-013,B（单选题）,,检查雷达系统的目标识别能力，关键在于（ ）。,信号处理算法,雷达工作频率,天线增益,回波强度,,,A,3（中）,5（好）,,,
1593,B-C-C-013,B（单选题）,,雷达系统联调中，确保雷达稳定工作的关键是（ ）。,电源稳定性,信号传输线路,散热系统,雷达外壳材质,,,A,3（中）,5（好）,,,
1594,B-C-C-013,G（多选题）,,雷达系统联调的性能测试包括（ ）。,探测距离测试,方位分辨率测试,仰角分辨率测试,雷达重量测试,功耗测试,,ABCE,3（中）,5（好）,,,
1595,B-C-C-013,G（多选题）,,优化雷达系统联调的技术手段有（ ）。,更新雷达固件,升级信号处理软件,调整天线位置,更换操作人员,增加数据存储容量,,ABC,3（中）,5（好）,,,
1596,B-C-C-013,C（判断题）,,雷达系统联调时，环境湿度对雷达性能无影响。（ ）,正确,错误,,,,,B,3（中）,5（好）,,,
1597,B-C-C-013,C（判断题）,,雷达系统的数据处理速度对目标跟踪很重要。（ ）,正确,错误,,,,,A,3（中）,5（好）,,,
1598,B-C-C-014,B（单选题）,,巡线系统调试时，确定巡线路径准确性的依据是（ ）。,预设地图数据,飞行器速度,操作人员指令,天气状况,,,A,3（中）,5（好）,,,
1599,B-C-C-014,B（单选题）,,检查巡线系统的图像采集清晰度，主要关注（ ）。,相机分辨率,传输线路,光照条件,飞行器稳定性,,,A,3（中）,5（好）,,,
1600,B-C-C-014,B（单选题）,,巡线系统调试中，确保系统稳定运行的关键是（ ）。,通讯稳定性,相机重量,飞行器颜色,电池续航,,,A,3（中）,5（好）,,,
1601,B-C-C-014,G（多选题）,,巡线系统调试的准备工作有（ ）。,检查飞行器状态,校准定位设备,测试通讯链路,规划巡线路径,更换飞行器型号,,ABCD,3（中）,5（好）,,,
1602,B-C-C-014,G（多选题）,,提升巡线系统调试效果的措施有（ ）。,采用高清相机,优化飞行参数,增加数据存储设备,定期维护巡线设备,更换操作人员,,ABD,3（中）,5（好）,,,
1603,B-C-C-014,C（判断题）,,巡线系统调试时，飞行器的飞行高度对巡线效果无影响。（ ）,正确,错误,,,,,B,3（中）,5（好）,,,
1604,B-C-C-014,C（判断题）,,巡线系统的数据传输加密对数据安全很关键。（ ）,正确,错误,,,,,A,3（中）,5（好）,,,
1605,B-C-C-015,B（单选题）,,搜救系统调试时，测试信号搜索灵敏度的主要方法是（ ）。,使用标准信号源,改变搜索频率,调整天线方向,人耳监听,,,A,3（中）,5（好）,,,
1606,B-C-C-015,B（单选题）,,调整搜救系统的定位精度，主要依靠（ ）。,校准定位算法,更换传感器,改变发射功率,调整搜索范围,,,A,3（中）,5（好）,,,
1607,B-C-C-015,B（单选题）,,搜救系统调试中，确保系统有效工作的关键是（ ）。,信号处理能力,设备外观,操作人员数量,电源品牌,,,A,3（中）,5（好）,,,
1608,B-C-C-015,G（多选题）,,搜救系统调试的功能测试项目有（ ）。,目标搜索能力,定位准确性,信号传输距离,设备防水性,系统响应时间,,ABCE,3（中）,5（好）,,,
1609,B-C-C-015,G（多选题）,,优化搜救系统调试效果的策略包括（ ）。,定期维护设备,更新搜索算法,增加操作人员,采用高精度传感器,调整搜索时间,,ABD,3（中）,5（好）,,,
1610,B-C-C-015,C（判断题）,,搜救系统调试时，环境噪音对信号接收效果无影响。（ ）,正确,错误,,,,,B,3（中）,5（好）,,,
1611,B-C-C-015,C（判断题）,,搜救系统的天线性能对信号搜索很关键。（ ）,正确,错误,,,,,A,3（中）,5（好）,,,
1612,B-C-C-016,B（单选题）,,安防系统调试时，检测摄像头监控范围主要通过（ ）。,实地测量,图像分析软件,人眼观察,计算摄像头参数,,,A,3（中）,5（好）,,,
1613,B-C-C-016,B（单选题）,,调整安防系统的报警灵敏度，主要通过（ ）。,修改控制程序,更换传感器,增加报警设备,改变摄像头位置,,,A,3（中）,5（好）,,,
1614,B-C-C-016,B（单选题）,,安防系统调试中，确保系统安全可靠的关键是（ ）。,数据加密技术,设备外观,操作人员培训,电源供应,,,A,3（中）,5（好）,,,
1615,B-C-C-016,G（多选题）,,安防系统调试的安全检查项目有（ ）。,设备接地检查,电气安全检测,数据存储安全性,操作人员权限管理,飞行器外观检查,,ABCD,3（中）,5（好）,,,
1616,B-C-C-016,G（多选题）,,提升安防系统调试质量的措施有（ ）。,定期校准摄像头,优化报警算法,增加监控区域,使用高清摄像头,培训操作人员,,ABDE,3（中）,5（好）,,,
1617,B-C-C-016,C（判断题）,,安防系统调试时，摄像头的安装角度对监控效果无影响。（ ）,正确,错误,,,,,B,3（中）,5（好）,,,
1618,B-C-C-016,C（判断题）,,安防系统的数据存储安全性对系统运行很重要。（ ）,正确,错误,,,,,A,3（中）,5（好）,,,
1619,B-D-A-001,B（单选题）,,超视距飞行时，保障飞行安全的关键设备是（ ）。, GPS模块, 数据链路,自动返航系统, 避障传感器,,,B,3（中）,5（好）,,,
1620,B-D-A-001,B（单选题）,,超视距飞行前，必须检查的项目是（ ）。,飞行器外观,通讯链路稳定性,操作人员心情,飞行场地美观度,,,B,3（中）,5（好）,,,
1621,B-D-A-001,B（单选题）,,超视距飞行中，应对信号中断的首要措施是（ ）。,启动返航程序,提高飞行速度,降低飞行高度,更换通讯频率,,,A,2（较易）,5（好）,,,
1622,B-D-A-001,G（多选题）,,超视距飞行的安全保障措施有（ ）。,设置安全返航点,实时监控飞行数据,配备备用电源,增加飞行器重量,选择合适飞行时段,,ABCE,3（中）,5（好）,,,
1623,B-D-A-001,G（多选题）,,影响超视距飞行安全的因素有（ ）。,天气状况,电磁干扰,飞行器性能,操作人员技术,飞行场地面积,,ABCD,3（中）,5（好）,,,
1624,B-D-A-001,C（判断题）,,超视距飞行时，不需要考虑与其他飞行器的避障问题。（ ）,正确,错误,,,,,B,3（中）,5（好）,,,
1625,B-D-A-001,C（判断题）,,超视距飞行前的设备检查对飞行安全至关重要。（ ）,正确,错误,,,,,A,3（中）,5（好）,,,
1626,B-D-A-002,B（单选题）,,超视距飞行操控中，调整飞行姿态的主要依据是（ ）。,飞行仪表数据,地面人员指令,飞行器外观,飞行时间,,,A,3（中）,5（好）,,,
1627,B-D-A-002,B（单选题）,,超视距飞行时，控制飞行速度的关键操作是（ ）。,调节动力系统,改变飞行方向,调整飞行高度,更换操控设备,,,A,3（中）,5（好）,,,
1628,B-D-A-002,B（单选题）,,超视距飞行操控中，确保精准降落的要点是（ ）。,精确的定位和导航,快速的降落速度,平稳的飞行姿态,良好的天气条件,,,A,3（中）,5（好）,,,
1629,B-D-A-002,G（多选题）,,超视距飞行操控的技能训练内容包括（ ）。,模拟飞行练习,应急情况处理,设备故障排查,飞行器组装,飞行计划制定,,ABE,3（中）,5（好）,,,
1630,B-D-A-002,G（多选题）,,提升超视距飞行操控能力的方法有（ ）。,参加专业培训,使用先进操控设备,增加飞行次数,更换操作人员,学习飞行理论,,ABCE,3（中）,5（好）,,,
1631,B-D-A-002,C（判断题）,,超视距飞行操控时，不需要关注飞行器的电量消耗。（ ）,正确,错误,,,,,B,3（中）,5（好）,,,
1632,B-D-A-002,C（判断题）,,超视距飞行的飞行计划制定对操控很重要。（ ）,正确,错误,,,,,A,3（中）,5（好）,,,
1633,B-D-A-003,B（单选题）,,测试整机布局结构的强度，主要采用（ ）。,压力测试,重量测试,速度测试,温度测试,,,A,3（中）,5（好）,,,
1634,B-D-A-003,B（单选题）,,检查整机布局结构的稳定性，关键在于（ ）。,重心位置,部件数量,外观设计,制造材料,,,A,3（中）,5（好）,,,
1635,B-D-A-003,B（单选题）,,整机布局结构性能测试中，确保结构可靠性的要点是（ ）。,连接部位的牢固性,部件的颜色,操作人员的经验,测试场地的大小,,,A,3（中）,5（好）,,,
1636,B-D-A-003,G（多选题）,,整机布局结构性能的测试项目有（ ）。,振动测试,冲击测试,防水性能测试,噪音测试,美观度测试,,ABCD,3（中）,5（好）,,,
1637,B-D-A-003,G（多选题）,,优化整机布局结构性能测试的措施有（ ）。,使用专业测试设备,制定详细测试计划,增加测试人员,选择合适测试环境,更换测试设备品牌,,ABD,3（中）,5（好）,,,
1638,B-D-A-003,C（判断题）,,整机布局结构性能测试时，结构的对称性对性能无影响。（ ）,正确,错误,,,,,B,3（中）,5（好）,,,
1639,B-D-A-003,C（判断题）,,整机布局结构的连接方式对其性能很关键。（ ）,正确,错误,,,,,A,3（中）,5（好）,,,
1640,B-D-A-004,B（单选题）,,测试整机飞行性能中的续航能力，主要记录（ ）。,飞行时间,飞行高度,飞行速度,飞行方向,,,A,3（中）,5（好）,,,
1641,B-D-A-004,B（单选题）,,检查整机飞行性能的机动性，关键在于（ ）。,转弯半径,起飞距离,降落时间,飞行姿态,,,A,3（中）,5（好）,,,
1642,B-D-A-004,B（单选题）,,整机飞行性能测试中，确保飞行稳定的关键是（ ）。,飞行控制系统,发动机功率,机翼形状,机身重量,,,A,3（中）,5（好）,,,
1643,B-D-A-004,G（多选题）,,整机飞行性能的测试内容包括（ ）。,爬升率测试,巡航速度测试,抗风能力测试,设备兼容性测试,飞行噪音测试,,ABCE,3（中）,5（好）,,,
1644,B-D-A-004,G（多选题）,,提升整机飞行性能测试准确性的方法有（ ）。,多次重复测试,使用高精度测量仪器,优化测试流程,增加测试人员,更换飞行器型号,,ABC,3（中）,5（好）,,,
1645,B-D-A-004,C（判断题）,,整机飞行性能测试时，飞行环境对测试结果无影响。（ ）,正确,错误,,,,,B,3（中）,5（好）,,,
1646,B-D-A-004,C（判断题）,,整机飞行性能的动力系统性能对飞行很重要。（ ）,正确,错误,,,,,A,3（中）,5（好）,,,
1647,B-D-A-005,B（单选题）,,测试整机环境适应性能中的高温适应性，主要监测（ ）。,设备运行状态,飞行器颜色,操作人员感受,测试场地温度,,,A,3（中）,5（好）,,,
1648,B-D-A-005,B（单选题）,,检查整机环境适应性能的防水能力，关键在于（ ）。,密封性能,外壳材质,设备重量,排水系统,,,A,3（中）,5（好）,,,
1649,B-D-A-005,B（单选题）,,整机环境适应性能测试中，确保设备正常工作的要点是（ ）。,防护措施有效性,设备外观,操作人员培训,测试时间,,,A,3（中）,5（好）,,,
1650,B-D-A-005,G（多选题）,,整机环境适应性能的测试项目有（ ）。,低温测试,沙尘测试,盐雾测试,电磁干扰测试,美观度测试,,ABCD,3（中）,5（好）,,,
1651,B-D-A-005,G（多选题）,,优化整机环境适应性能测试的策略包括（ ）。,制定全面测试方案,使用专业环境模拟设备,增加测试次数,更换测试人员,调整测试顺序,,ABC,3（中）,5（好）,,,
1652,B-D-A-005,C（判断题）,,整机环境适应性能测试时，设备的安装方式对测试结果无影响。（ ）,正确,错误,,,,,B,3（中）,5（好）,,,
1653,B-D-A-005,C（判断题）,,整机环境适应性能的防护设计对设备运行很关键。（ ）,正确,错误,,,,,A,3（中）,5（好）,,,
1654,B-D-B-001,B（单选题）,,视距内飞行测试中，用于检测飞行稳定性的主要设备是（ ）。,陀螺仪,加速度计,高度计,气压计,,,A,3（中）,5（好）,,,
1655,B-D-B-001,B（单选题）,,超视距作业飞行测试时，不是判定通讯正常的关键指标是（ ）。,信号强度大于设定阈值,误码率低于一定标准,数据传输速率稳定,电源充足,,,D,3（中）,5（好）,,,
1656,B-D-B-001,B（单选题）,,进行视距内或超视距作业飞行测试前，对飞行场地的关键要求是（ ）。,空旷无障碍物,地面平坦,远离居民区,有明显地标,,,A,3（中）,5（好）,,,
1657,B-D-B-001,G（多选题）,,视距内或超视距作业飞行测试的项目包含（ ）。,续航时间测试,飞行速度测试,抗干扰能力测试,外观完整性检查,飞行姿态调整测试,,ABCE,3（中）,5（好）,,,
1658,B-D-B-001,G（多选题）,,影响视距内或超视距作业飞行测试结果的因素有（ ）。,天气状况,飞行器老化程度,操作人员技能水平,测试设备精度,测试当天的日期,,ABCD,3（中）,5（好）,,,
1659,B-D-B-001,C（判断题）,,视距内飞行测试无需关注通讯情况，只有超视距才需要。（ ）,正确,错误,,,,,B,3（中）,5（好）,,,
1660,B-D-B-001,C（判断题）,,超视距作业飞行测试时，飞行器的定位精度对测试结果影响不大。（ ）,正确,错误,,,,,B,3（中）,5（好）,,,
1661,B-D-B-002,B（单选题）,,整机功能测试流程的第一步通常是（ ）。,硬件连接检查,软件初始化,功能模块测试,性能指标测试,,,A,3（中）,5（好）,,,
1662,B-D-B-002,B（单选题）,,在整机功能测试中，检测动力系统输出功率使用的工具是（ ）。,功率分析仪,万用表,示波器,频率计,,,A,3（中）,5（好）,,,
1663,B-D-B-002,B（单选题）,,整机功能测试方法中，用于验证各系统协同工作的是（ ）。,模拟飞行测试,负载测试,压力测试,综合性能测试,,,A,3（中）,5（好）,,,
1664,B-D-B-002,G（多选题）,,整机功能测试的项目涵盖（ ）。,动力系统功能测试,飞控系统功能测试,通信导航系统功能测试,外观材质检测,任务载荷系统功能测试,,ABCE,3（中）,5（好）,,,
1665,B-D-B-002,G（多选题）,,优化整机功能测试流程的措施有（ ）。,制定详细测试计划,采用自动化测试工具,增加测试人员数量,定期维护测试设备,随机选择测试顺序,,ABD,3（中）,5（好）,,,
1666,B-D-B-002,C（判断题）,,整机功能测试时，只要各功能模块单独测试通过，就无需进行综合测试。（ ）,正确,错误,,,,,B,3（中）,5（好）,,,
1667,B-D-B-002,C（判断题）,,整机功能测试的环境条件对测试结果没有影响。（ ）,正确,错误,,,,,B,3（中）,5（好）,,,
1668,B-D-B-003,B（单选题）,,任务载荷系统功能测试流程中，首先要确认的是（ ）。,任务载荷安装正确,测试软件安装与配置,测试目标和要求,测试设备准备就绪,,,C,3（中）,5（好）,,,
1669,B-D-B-003,B（单选题）,,检测航拍任务载荷系统的图像分辨率使用的工具是（ ）。,图像分析软件,放大镜,投影仪,光谱仪,,,A,3（中）,5（好）,,,
1670,B-D-B-003,B（单选题）,,任务载荷系统功能测试方法中，不会用于验证其可靠性的是（ ）。,长时间连续工作测试,高温环境测试,振动测试,高电压测试,,,D,3（中）,5（好）,,,
1671,B-D-B-003,G（多选题）,,任务载荷系统功能测试的内容包括（ ）。,功能完整性测试,性能指标测试,兼容性测试,安全性测试,外观设计评估,,ABCD,3（中）,5（好）,,,
1672,B-D-B-003,G（多选题）,,提升任务载荷系统功能测试质量的策略有（ ）。,建立标准测试流程,选用高精度测试设备,加强测试人员培训,频繁更换测试设备,随意调整测试参数,,ABC,3（中）,5（好）,,,
1673,B-D-B-003,C（判断题）,,任务载荷系统功能测试只需要关注主要功能，次要功能可忽略。（ ）,正确,错误,,,,,B,3（中）,5（好）,,,
1674,B-D-B-003,C（判断题）,,任务载荷系统功能测试时，其与整机的连接稳定性对测试结果影响不大。（ ）,正确,错误,,,,,B,3（中）,5（好）,,,
1675,B-D-B-004,B（单选题）,,整机与任务载荷系统联机功能测试流程的起始步骤是（ ）。,检查联机硬件连接,加载联机测试软件,确认任务载荷参数,制定测试计划,,,A,3（中）,5（好）,,,
1676,B-D-B-004,B（单选题）,,在联机功能测试中，验证数据交互准确性的方法是（ ）。,对比发送与接收数据,检查数据传输线路,重启设备,更换数据格式,,,A,3（中）,5（好）,,,
1677,B-D-B-004,B（单选题）,,整机与任务载荷系统联机功能测试方法中，模拟实际作业场景的是（ ）。,模拟飞行与任务执行测试,静态性能测试,空载测试,极限条件测试,,,A,3（中）,5（好）,,,
1678,B-D-B-004,G（多选题）,,整机与任务载荷系统联机功能测试的项目包含（ ）。,数据传输测试,协同工作测试,故障模拟测试,外观一致性检查,任务完成精度测试,,ABCE,3（中）,5（好）,,,
1679,B-D-B-004,G（多选题）,,优化整机与任务载荷系统联机功能测试流程的要点有（ ）。,明确测试步骤和标准,合理安排测试顺序,及时记录测试数据,随意增加测试环节,频繁更换测试人员,,ABC,3（中）,5（好）,,,
1680,B-D-B-004,C（判断题）,,整机与任务载荷系统联机功能测试时，只要任务载荷单独测试正常，联机测试就一定能通过。（ ）,正确,错误,,,,,B,3（中）,5（好）,,,
1681,B-D-B-004,C（判断题）,,联机功能测试中，环境因素不会对联机效果产生影响。（ ）,正确,错误,,,,,B,3（中）,5（好）,,,
1682,B-D-C-001,B（单选题）,,零部件与子系统测试报告单中，必须包含的基本信息是（ ）。,零部件型号,测试人员姓名,测试天气,测试设备品牌,,,A,3（中）,5（好）,,,
1683,B-D-C-001,B（单选题）,,在记录测试数据时，应采用的原则是（ ）。,准确、完整、清晰,简洁、美观,随意记录,只记录关键数据,,,A,3（中）,5（好）,,,
1684,B-D-C-001,B（单选题）,,零部件与子系统测试报告单的结论部分应（ ）。,明确说明是否合格,列出所有测试数据,分析测试过程,提出改进建议,,,A,3（中）,5（好）,,,
1685,B-D-C-001,G（多选题）,,零部件与子系统测试报告单的内容通常包括（ ）。,测试目的,测试环境,测试结果,是否符合无人机行业标准,审批意见,,ABCE,3（中）,5（好）,,,
1686,B-D-C-001,G（多选题）,,规范零部件与子系统测试报告单编制的好处有（ ）。,便于数据管理和分析,提高测试效率,保证测试质量,方便后续维护和追溯,增加测试成本,,ABD,3（中）,5（好）,,,
1687,B-D-C-001,C（判断题）,,零部件与子系统测试报告单可以随意涂改。（ ）,正确,错误,,,,,B,3（中）,5（好）,,,
1688,B-D-C-001,C（判断题）,,测试报告单中无需记录测试过程中出现的异常情况。（ ）,正确,错误,,,,,B,3（中）,5（好）,,,
1689,B-D-C-002,B（单选题）,,整机与任务载荷性能功能测试报告单中，性能指标部分应（ ）。,详细列出各项性能参数及测试结果,只写最终结论,列举测试方法,描述测试环境,,,A,3（中）,5（好）,,,
1690,B-D-C-002,B（单选题）,,在编制测试报告单时，对测试照片或图表的要求是（ ）。,清晰、标注明确,色彩鲜艳,随意放置,无需标注,,,A,3（中）,5（好）,,,
1691,B-D-C-002,B（单选题）,,整机与任务载荷性能功能测试报告单的审核人主要职责是（ ）。,检查报告内容准确性和完整性,修改报告格式,增加测试数据,决定是否重新测试,,,A,3（中）,5（好）,,,
1692,B-D-C-002,G（多选题）,,整机与任务载荷性能功能测试报告单应包含（ ）。,项目概述,测试依据,测试数据汇总,风险评估,测试人员签名,,ABCE,4（较难）,5（好）,,,
1693,B-D-C-002,G（多选题）,,提高整机与任务载荷性能功能测试报告单质量的方法有（ ）。,建立报告模板,组织报告审核会议,随意编写内容,加强报告填写培训,频繁更换报告格式,,ABD,3（中）,5（好）,,,
1694,B-D-C-002,C（判断题）,,整机与任务载荷性能功能测试报告单可以不写测试目的。（ ）,正确,错误,,,,,B,3（中）,5（好）,,,
1695,B-D-C-002,C（判断题）,,报告中的测试数据可以四舍五入简化记录。（ ）,正确,错误,,,,,B,3（中）,5（好）,,,
1696,B-E-A-001,B（单选题）,,整机故障检修的首要原则是（ ）。,安全第一,快速修复,最小成本,不扩大故障,,,A,3（中）,5（好）,,,
1697,B-E-A-001,B（单选题）,,在故障检修时，遵循先易后难原则是指（ ）。,先检查简单部件，后检查复杂部件,先更换便宜部件，后更换昂贵部件,先解决软件问题，后解决硬件问题,先处理外观问题，后处理内部问题,,,A,3（中）,5（好）,,,
1698,B-E-A-001,B（单选题）,,整机故障检修中，保证检修质量的关键原则是（ ）。,严格按照操作手册进行检查,使用原厂配件,多次测试,详细记录,,,A,3（中）,5（好）,,,
1699,B-E-A-001,G（多选题）,,整机故障检修原则包括（ ）。,准确判断故障,及时修复,避免二次故障,数据备份,成本控制,,ABCE,3（中）,5（好）,,,
1700,B-E-A-001,G（多选题）,,在整机故障检修中遵循正确原则的好处有（ ）。,提高检修效率,降低维修成本,保障设备安全,增加设备使用寿命,提升操作人员技能,,ABCD,3（中）,5（好）,,,
1701,B-E-A-001,C（判断题）,,整机故障检修时，可以不考虑成本，只要能修好就行。（ ）,正确,错误,,,,,B,3（中）,5（好）,,,
1702,B-E-A-001,C（判断题）,,故障检修时，为了快速修复，可以跳过一些检查步骤。（ ）,正确,错误,,,,,B,3（中）,5（好）,,,
1703,B-E-A-002,B（单选题）,,整机故障检修流程的第一步是（ ）。,故障现象调查,故障原因分析,制定检修方案,实施检修,,,A,3（中）,5（好）,,,
1704,B-E-A-002,B（单选题）,,在故障原因分析中，不会用到的方法是（ ）。,排除法,对比法,替换法,进一法,,,D,3（中）,5（好）,,,
1705,B-E-A-002,B（单选题）,,完成检修后，必须进行的步骤是（ ）。,测试验证,清理现场,填写检修记录,通知用户,,,A,3（中）,5（好）,,,
1706,B-E-A-002,G（多选题）,,整机故障检修流程的环节包含（ ）。,故障诊断,零部件更换,系统调试,验收交付,设备清洁,,ABCD,3（中）,5（好）,,,
1707,B-E-A-002,G（多选题）,,优化整机故障检修流程的措施有（ ）。,建立故障案例库,定期培训检修人员,随意更改流程,使用先进检测设备,简化记录要求,,ABD,3（中）,5（好）,,,
1708,B-E-A-002,C（判断题）,,整机故障检修流程中，故障诊断环节可以省略。（ ）,正确,错误,,,,,B,3（中）,5（好）,,,
1709,B-E-A-002,C（判断题）,,检修完成后，无需进行测试验证，只要感觉修好了就行。（ ）,正确,错误,,,,,B,3（中）,5（好）,,,
1710,B-E-A-003,B（单选题）,,检测动力系统是否缺油，常用的方法是（ ）。,查看油位标尺,闻气味,观察动力输出,听声音,,,A,3（中）,5（好）,,,
1711,B-E-A-003,B（单选题）,,判断动力系统电机是否短路，使用的工具是（ ）。,万用表,示波器,兆欧表,频率计,,,A,3（中）,5（好）,,,
1712,B-E-A-003,B（单选题）,,检测动力系统皮带是否松弛，有效的方法是（ ）。,用手按压测试张紧度,观察皮带外观,测量皮带长度,听皮带运转声音,,,A,3（中）,5（好）,,,
1713,B-E-A-003,G（多选题）,,动力系统故障的检测方法有（ ）。,外观检查,性能测试,振动检测,颜色识别检测（与动力系统无关）,压力检测,,ABCE,3（中）,5（好）,,,
1714,B-E-A-003,G（多选题）,,提高动力系统故障检测准确性的措施有（ ）。,使用专业检测工具,定期校准检测设备,培训检测人员,随意猜测故障原因,参考设备手册,,ABCE,3（中）,5（好）,,,
1715,B-E-A-003,C（判断题）,,动力系统故障检测时，只需要关注主要部件，次要部件可忽略。（ ）,正确,错误,,,,,B,3（中）,5（好）,,,
1716,B-E-A-003,C（判断题）,,检测动力系统故障时，不需要考虑环境因素。（ ）,正确,错误,,,,,B,3（中）,5（好）,,,
1717,B-E-A-004,B（单选题）,,动力系统出现异常噪音，初步分析中不可能出现的是（ ）。,部件磨损,润滑不良,安装松动,电源过放,,,D,3（中）,5（好）,,,
1718,B-E-A-004,B（单选题）,,通过分析动力系统的运行数据来诊断故障，主要关注不是（ ）。,功率变化,电流波动,转速异常,气压高低,,,D,3（中）,5（好）,,,
1719,B-E-A-004,B（单选题）,,动力系统故障分析诊断中，使用故障树分析法的目的是（ ）。,系统地找出故障原因,计算维修成本,确定维修时间,评估设备寿命,,,A,3（中）,5（好）,,,
1720,B-E-A-004,G（多选题）,,动力系统故障的分析诊断方法有（ ）。,经验判断法,仪器检测分析法,对比分析法,代码调试法（不适用于动力系统故障诊断）,专家会诊法,,ABCE,3（中）,5（好）,,,
1721,B-E-A-004,G（多选题）,,在动力系统故障分析诊断中，收集故障信息的途径有（ ）。,操作人员描述,设备运行日志,检测数据,设备外观,周围环境,,ABC,3（中）,5（好）,,,
1722,B-E-A-004,C（判断题）,,动力系统故障分析诊断时，只根据一次检测结果就能确定故障原因。（ ）,正确,错误,,,,,B,3（中）,5（好）,,,
1723,B-E-A-004,C（判断题）,,分析动力系统故障时，不需要考虑设备的使用历史。（ ）,正确,错误,,,,,B,3（中）,5（好）,,,
1724,B-E-A-005,B（单选题）,,动力系统某部件磨损严重，通常的维修方法是（ ）。,更换部件,修复磨损部位,调整部件间隙,添加润滑剂,,,A,3（中）,5（好）,,,
1725,B-E-A-005,B（单选题）,,动力系统电路故障，维修时首先要做的是（ ）。,切断电源,检查线路连接,更换损坏元件,测试电路,,,A,3（中）,5（好）,,,
1726,B-E-A-005,B（单选题）,,维修动力系统后，进行性能测试的主要目的是（ ）。,验证维修效果,检查设备外观,调整设备参数,确定设备寿命,,,A,3（中）,5（好）,,,
1727,B-E-A-005,G（多选题）,,动力系统故障的维修方法包括（ ）。,机械维修,电气维修,软件升级,系统调试,设备更换,,ABDE,3（中）,5（好）,,,
1728,B-E-A-005,G（多选题）,,保证动力系统故障维修质量的要点有（ ）。,使用合格配件,遵循维修工艺,做好维修记录,随意选择维修工具,忽略维修后的测试,,ABC,3（中）,5（好）,,,
1729,B-E-A-005,C（判断题）,,动力系统故障维修时，可以使用非原厂配件替代。（ ）,正确,错误,,,,,B,3（中）,5（好）,,,
1730,B-E-A-005,C（判断题）,,维修动力系统后，无需进行全面测试，只要能启动就行。（ ）,正确,错误,,,,,B,3（中）,5（好）,,,
1731,B-E-A-006,B（单选题）,,检测飞控系统传感器是否正常工作，常用的工具是（ ）。,传感器检测仪,万用表,示波器,频谱仪,,,A,3（中）,5（好）,,,
1732,B-E-A-006,B（单选题）,,判断飞控系统软件是否存在漏洞，采用的方法是（ ）。,软件测试工具,观察飞行姿态,对比正常数据,重启系统,,,A,3（中）,5（好）,,,
1733,B-E-A-006,B（单选题）,,检测飞控系统通信线路是否畅通，使用的手段是（ ）。,发送测试信号,检查线路外观,测量线路电阻,更换通信模块,,,A,3（中）,5（好）,,,
1734,B-E-A-006,G（多选题）,,飞控系统故障的检测方法有（ ）。,功能测试,数据监测,模拟故障注入,硬件拆解检查,软件代码审查,,ABC,3（中）,5（好）,,,
1735,B-E-A-006,G（多选题）,,提高飞控系统故障检测效率的措施有（ ）。,制定检测流程,使用自动化检测设备,培训检测人员,随意检测,参考故障案例,,ABCE,3（中）,5（好）,,,
1736,B-E-A-006,C（判断题）,,飞控系统故障检测时，只需要检测硬件，软件无需检测。（ ）,正确,错误,,,,,B,3（中）,5（好）,,,
1737,B-E-A-006,C（判断题）,,检测飞控系统故障时，不需要对检测工具进行校准。（ ）,正确,错误,,,,,B,3（中）,5（好）,,,
1738,B-E-A-007,B（单选题）,,飞控系统出现航线偏离故障，分析时首先应排查（ ）。,定位模块数据异常,控制算法错误,执行机构故障,云台故障,,,A,3（中）,5（好）,,,
1739,B-E-A-007,B（单选题）,,通过对比飞控系统正常与故障状态下的信号特征来诊断故障，属于（ ）。,对比分析法,频谱分析法,故障树分析法,经验判断法,,,A,3（中）,5（好）,,,
1740,B-E-A-007,B（单选题）,,当飞控系统出现不明原因故障时，采用专家会诊法的主要目的是（ ）。,借助多领域专业知识确定故障根源,缩短诊断时间,降低诊断成本,提高诊断趣味性,,,A,3（中）,5（好）,,,
1741,B-E-A-007,G（多选题）,,飞控系统故障分析诊断过程中，需重点关注的因素有（ ）。,故障发生的频率,故障出现的环境条件,飞控系统的历史故障记录,操作人员的操作习惯,设备的外观,,ABC,3（中）,5（好）,,,
1742,B-E-A-007,G（多选题）,,飞控系统故障的分析诊断方法还包括（ ）。,逻辑推理法,模型仿真法,数据挖掘法,抽样检测法,模糊诊断法,,ABE,3（中）,5（好）,,,
1743,B-E-A-007,C（判断题）,,飞控系统故障分析时，只要硬件检测正常，就可排除软件问题。（ ）,正确,错误,,,,,B,3（中）,5（好）,,,
1744,B-E-A-007,C（判断题）,,分析飞控系统故障时，无需考虑电磁干扰对系统的影响。（ ）,正确,错误,,,,,B,3（中）,5（好）,,,
1745,B-E-A-008,B（单选题）,,飞控系统软件出现错误代码，通常的维修步骤是（ ）。,根据错误提示查找问题并修复代码,直接重装软件,升级软件版本,更换硬件,,,A,3（中）,5（好）,,,
1746,B-E-A-008,B（单选题）,,飞控系统传感器故障，若确定是传感器损坏，应（ ）。,更换同型号传感器,维修传感器内部电路,调整传感器安装位置,重新校准传感器,,,A,3（中）,5（好）,,,
1747,B-E-A-008,B（单选题）,,维修飞控系统后，进行试飞测试的关键目的是（ ）。,验证飞行姿态控制是否恢复正常,检查飞行器外观,测试飞行速度,确定续航时间,,,A,3（中）,5（好）,,,
1748,B-E-A-008,G（多选题）,,飞控系统故障的维修方法有（ ）。,硬件替换维修,软件修复与升级,系统参数重新调校,整体更换飞控系统,优化飞行环境,,ABC,3（中）,5（好）,,,
1749,B-E-A-008,G（多选题）,,保障飞控系统故障维修效果的要点有（ ）。,维修后全面测试,详细记录维修过程,使用合适的维修工具,随意选择维修方案,忽略维修后的检查,,ABC,3（中）,5（好）,,,
1750,B-E-A-008,C（判断题）,,飞控系统故障维修时，可自行修改软件底层代码来解决问题。（ ）,正确,错误,,,,,B,3（中）,5（好）,,,
1751,B-E-A-008,C（判断题）,,维修飞控系统硬件后，不需要重新校准相关参数。（ ）,正确,错误,,,,,B,3（中）,5（好）,,,
1752,B-E-A-009,B（单选题）,,检测通信导航系统信号强度，常用的设备是（ ）。,信号强度测试仪,示波器,频谱分析仪,万用表,,,A,3（中）,5（好）,,,
1753,B-E-A-009,B（单选题）,,判断通信导航系统时钟是否准确，采用的方式是（ ）。,与标准时钟源比对,观察导航定位精度,测试通信数据传输,检查设备指示灯,,,A,3（中）,5（好）,,,
1754,B-E-A-009,B（单选题）,,检测通信导航系统天线是否正常工作，有效的手段是（ ）。,检查天线外观及连接，进行信号收发测试,更换天线,增加天线增益,调整天线位置,,,A,3（中）,5（好）,,,
1755,B-E-A-009,G（多选题）,,通信导航系统故障的检测方法包含（ ）。,功能测试,信号质量分析,数据完整性校验,硬件性能检测,软件兼容性检查,,ABCD,3（中）,5（好）,,,
1756,B-E-A-009,G（多选题）,,提高通信导航系统故障检测准确性的措施有（ ）。,定期更新检测设备的固件,采用多种检测方法交叉验证,随意选择检测时间,参考设备技术手册,培训检测人员,,ABDE,3（中）,5（好）,,,
1757,B-E-A-009,C（判断题）,,通信导航系统故障检测时，只需要检测信号传输，无需关注定位功能。（ ）,正确,错误,,,,,B,3（中）,5（好）,,,
1758,B-E-A-009,C（判断题）,,检测通信导航系统故障时，不需要考虑设备的安装位置对检测结果的影响。（ ）,正确,错误,,,,,B,3（中）,5（好）,,,
1759,B-E-A-010,B（单选题）,,通信导航系统出现信号中断故障，可能的原因不应该是（ ）。,信号干扰,设备硬件损坏,软件异常,云台不工作,,,D,3（中）,5（好）,,,
1760,B-E-A-010,B（单选题）,,通过分析通信导航系统的信号频谱来诊断故障，属于（ ）。,频谱分析法,对比分析法,逻辑推理法,经验判断法,,,A,3（中）,5（好）,,,
1761,B-E-A-010,B（单选题）,,在通信导航系统故障分析中，建立故障模型的作用是（ ）。,直观展示故障原因及影响,计算维修成本,确定维修人员,评估设备剩余寿命,,,A,3（中）,5（好）,,,
1762,B-E-A-010,G（多选题）,,通信导航系统故障的分析诊断方法有（ ）。,故障树分析法,专家评估法,状态监测法,数据分析法,试错法,,ABCD,3（中）,5（好）,,,
1763,B-E-A-010,G（多选题）,,通信导航系统故障分析诊断时，收集故障信息的渠道有（ ）。,设备自检报告,飞行日志,地面监控数据,设备外观,操作人员反馈,,ABCE,3（中）,5（好）,,,
1764,B-E-A-010,C（判断题）,,通信导航系统故障分析诊断时，一次检测就能确定所有故障原因。（ ）,正确,错误,,,,,B,3（中）,5（好）,,,
1765,B-E-A-010,C（判断题）,,分析通信导航系统故障时，不需要考虑周边通信设施的影响。（ ）,正确,错误,,,,,B,3（中）,5（好）,,,
1766,B-E-A-011,B（单选题）,,通信导航系统硬件电路板上某元件损坏，维修时应（ ）。,更换损坏元件,修复电路板线路,直接更换电路板,调整元件参数,,,A,3（中）,5（好）,,,
1767,B-E-A-011,B（单选题）,,通信导航系统软件出现漏洞导致故障，通常的维修措施是（ ）。,安装软件补丁,卸载软件,重新安装软件,升级硬件,,,A,3（中）,5（好）,,,
1768,B-E-A-011,B（单选题）,,维修通信导航系统后，进行功能测试的重点是（ ）。,验证通信与导航功能是否恢复正常,检查设备外观,测试设备功耗,确定设备重量,,,A,3（中）,5（好）,,,
1769,B-E-A-011,G（多选题）,,通信导航系统故障的维修方法包括（ ）。,硬件维修,软件修复,系统优化,整体更换设备,设备清洁,,ABC,3（中）,5（好）,,,
1770,B-E-A-011,G（多选题）,,保证通信导航系统故障维修质量的要点有（ ）。,使用合格的维修配件,遵循维修操作规程,做好维修后的测试,随意选择维修工具,忽略维修记录,,ABC,3（中）,5（好）,,,
1771,B-E-A-011,C（判断题）,,通信导航系统故障维修时，可以使用不同品牌的兼容配件。（ ）,正确,错误,,,,,B,3（中）,5（好）,,,
1772,B-E-A-011,C（判断题）,,维修通信导航系统后，只需简单测试即可投入使用。（ ）,正确,错误,,,,,B,3（中）,5（好）,,,
1773,B-E-A-012,B（单选题）,,检测起飞着陆系统刹车性能，常用的设备是（ ）。,刹车力测试仪,转速表,温度计,压力计,,,A,3（中）,5（好）,,,
1774,B-E-A-012,B（单选题）,,判断起飞着陆系统起落架收放是否正常，采用的方式是（ ）。,进行收放操作测试并观察,检查起落架外观,测量起落架长度,听起落架工作声音,,,A,3（中）,5（好）,,,
1775,B-E-A-012,B（单选题）,,检测起飞着陆系统轮胎气压是否正常，有效的工具是（ ）。,胎压表,卡尺,天平,硬度计,,,A,3（中）,5（好）,,,
1776,B-E-A-012,G（多选题）,,起飞着陆系统故障的检测方法有（ ）。,外观检查,性能测试,动作协调性检查,材料成分分析,电气系统检测,,ABCE,3（中）,5（好）,,,
1777,B-E-A-012,G（多选题）,,提高起飞着陆系统故障检测效率的措施有（ ）。,制定详细的检测流程,采用自动化检测设备,培训检测人员,随意检测,参考类似故障案例,,ABCE,3（中）,5（好）,,,
1778,B-E-A-012,C（判断题）,,起飞着陆系统故障检测时，只需要检测关键部件，非关键部件可忽略。（ ）,正确,错误,,,,,B,3（中）,5（好）,,,
1779,B-E-A-012,C（判断题）,,检测起飞着陆系统故障时，不需要考虑跑道状况对检测结果的影响。（ ）,正确,错误,,,,,B,3（中）,5（好）,,,
1780,B-E-A-013,B（单选题）,,起飞着陆系统出现起落架无法放下故障，可能的原因不应该是（ ）。,液压系统故障,电气控制故障,机械卡滞,机翼受损,,,D,3（中）,5（好）,,,
1781,B-E-A-013,B（单选题）,,通过对比起飞着陆系统正常与故障状态下的动作参数来诊断故障，属于（ ）。,对比分析法,故障树分析法,逻辑推理法,经验判断法,,,A,3（中）,5（好）,,,
1782,B-E-A-013,B（单选题）,,在起飞着陆系统故障分析中，利用故障树分析法的关键目的是（ ）。,找出故障的根本原因及可能的故障路径,确定维修费用,选择维修人员,评估系统剩余寿命,,,A,3（中）,5（好）,,,
1783,B-E-A-013,G（多选题）,,起飞着陆系统故障的分析诊断方法包含（ ）。,经验判断法,仪器检测分析法,统计分析法,网络信号分析法（与起飞着陆系统故障诊断无关）,模拟分析法,,ABCE,3（中）,5（好）,,,
1784,B-E-A-013,G（多选题）,,起飞着陆系统故障分析诊断时，收集故障信息的途径有（ ）。,飞行记录,地勤人员反馈,设备检测数据,设备外观,天气状况,,ABC,3（中）,5（好）,,,
1785,B-E-A-013,C（判断题）,,起飞着陆系统故障分析诊断时，一次检测就能确定故障原因。（ ）,正确,错误,,,,,B,3（中）,5（好）,,,
1786,B-E-A-013,C（判断题）,,分析起飞着陆系统故障时，不需要考虑飞机的使用年限。（ ）,正确,错误,,,,,B,3（中）,5（好）,,,
1787,B-E-A-014,B（单选题）,,起飞着陆系统刹车盘磨损严重，通常的维修方法是（ ）。,更换刹车盘,修复刹车盘表面,调整刹车压力,添加刹车油,,,A,3（中）,5（好）,,,
1788,B-E-A-014,B（单选题）,,起飞着陆系统起落架液压管路泄漏，维修时首先要做的是（ ）。,找到泄漏点并修复或更换管路,补充液压油,检查液压泵,测试液压系统压力,,,A,3（中）,5（好）,,,
1789,B-E-A-014,B（单选题）,,维修起飞着陆系统后，进行地面滑行测试的主要目的是（ ）。,验证起飞着陆系统性能是否恢复正常,检查飞机外观,测试飞机速度,确定飞机重量,,,A,3（中）,5（好）,,,
1790,B-E-A-014,G（多选题）,,起飞着陆系统故障的维修方法包括（ ）。,机械维修,液压系统维修,电气系统维修,软件程序升级（不属于常规起飞着陆系统维修）,设备更换,,ABCE,3（中）,5（好）,,,
1791,B-E-A-014,G（多选题）,,保证起飞着陆系统故障维修质量的要点有（ ）。,使用符合标准的维修配件,遵循维修工艺规范,做好维修后的测试,随意选择维修工具,忽略维修记录,,ABC,3（中）,5（好）,,,
1792,B-E-A-014,C（判断题）,,起飞着陆系统故障维修时，可以使用自制的非标准配件。（ ）,正确,错误,,,,,B,3（中）,5（好）,,,
1793,B-E-A-014,C（判断题）,,维修起飞着陆系统后，无需进行全面测试，只要能完成一次起降就行。（ ）,正确,错误,,,,,B,3（中）,5（好）,,,
1794,B-E-A-015,B（单选题）,,动力系统发动机活塞损坏，维修时应（ ）。,直接更换新的活塞,检查并修复相关部件，如气缸壁和连杆,对损坏的活塞进行修复,以上所有选项,,,D,3（中）,5（好）,,,
1795,B-E-A-015,B（单选题）,,动力系统传动链条磨损，通常的维修措施是（ ）。,更换链条,修复磨损部位,调整链条张紧度,添加润滑油,,,A,3（中）,5（好）,,,
1796,B-E-A-015,B（单选题）,,维修动力系统故障零部件后，进行性能测试的关键指标是（ ）。,零部件的可靠性和耐久性,零部件的外观,零部件的重量,零部件的颜色,,,A,3（中）,5（好）,,,
1797,B-E-A-015,G（多选题）,,动力系统故障零部件的维修方法有（ ）。,修复,更换,翻新,调整,优化,,ABCD,3（中）,5（好）,,,
1798,B-E-A-015,G（多选题）,,保障动力系统故障零部件维修效果的要点有（ ）。,选择合适的维修工艺,使用专业的维修工具,做好维修后的质量检测,随意维修,忽略维修记录,,ABC,3（中）,5（好）,,,
1799,B-E-A-015,C（判断题）,,动力系统故障零部件维修时，可使用不同规格的替代零部件。（ ）,正确,错误,,,,,B,3（中）,5（好）,,,
1800,B-E-A-015,C（判断题）,,维修动力系统故障零部件后，不需要进行磨合测试。（ ）,正确,错误,,,,,B,3（中）,5（好）,,,
1801,B-E-A-016,B（单选题）,,飞控系统电路板上某电阻损坏，维修时应（ ）。,更换同阻值电阻,修复电阻,调整电阻参数,忽略电阻,,,A,3（中）,5（好）,,,
1802,B-E-A-016,B（单选题）,,飞控系统电机电刷磨损，通常的维修方式是（ ）。,更换电刷,修复电刷,调整电机转速,添加润滑油,,,A,3（中）,5（好）,,,
1803,B-E-A-016,B（单选题）,,维修飞控系统故障零部件后，进行功能测试的重点是（ ）。,验证零部件是否恢复正常功能,检查零部件外观,测试零部件重量,确定零部件价格,,,A,3（中）,5（好）,,,
1804,B-E-A-016,G（多选题）,,飞控系统故障零部件的维修方法包括（ ）。,焊接修复,零件替换,参数校准,整体更换组件,表面处理,,ABC,3（中）,5（好）,,,
1805,B-E-A-016,G（多选题）,,保证飞控系统故障零部件维修质量的要点有（ ）。,使用优质的维修材料,遵循严格的维修流程,做好维修后的性能检测,随意维修,忽略维修记录,,ABC,3（中）,5（好）,,,
1806,B-E-A-016,C（判断题）,,飞控系统故障零部件维修时，可自行改变零部件的安装位置。（ ）,正确,错误,,,,,B,3（中）,5（好）,,,
1807,B-E-A-016,C（判断题）,,维修飞控系统故障零部件后，不需要进行兼容性测试。（ ）,正确,错误,,,,,B,3（中）,5（好）,,,
1808,B-E-A-017,B（单选题）,,通信导航系统天线振子损坏，维修时应（ ）。,更换振子,修复振子,调整天线角度,增加天线增益,,,A,3（中）,5（好）,,,
1809,B-E-A-017,B（单选题）,,通信导航系统滤波器故障，通常的维修措施是（ ）。,更换滤波器,修复滤波器,调整滤波参数,忽略滤波器,,,A,3（中）,5（好）,,,
1810,B-E-A-017,B（单选题）,,维修通信导航系统故障零部件后，进行信号测试的关键目的是（ ）。,验证零部件对信号的处理能力是否恢复正常,检查零部件外观,测试零部件功耗,确定零部件尺寸,,,A,1（易）,4（较好）,,,
1811,B-E-A-017,G（多选题）,,通信导航系统故障零部件的维修方法有（ ）。,零部件更换,电路修复,软件更新,系统优化,外观清洁,,ABC,3（中）,5（好）,,,
1812,B-E-A-017,G（多选题）,,保障通信导航系统故障零部件维修效果的要点有（ ）。,使用合格的维修配件,采用正确的维修技术,做好维修后的信号检测,随意维修,忽略维修记录,,ABC,3（中）,5（好）,,,
1813,B-E-A-017,C（判断题）,,通信导航系统故障零部件维修时，可使用不同型号的替代零部件。（ ）,正确,错误,,,,,B,3（中）,5（好）,,,
1814,B-E-A-017,C（判断题）,,维修通信导航系统故障零部件后，不需要进行环境适应性测试。（ ）,正确,错误,,,,,B,3（中）,5（好）,,,
1815,B-E-A-018,B（单选题）,,起飞着陆系统起落架缓冲器故障，维修时应（ ）。,更换缓冲器,修复缓冲器内部结构,调整缓冲器压力,添加缓冲介质,,,A,3（中）,5（好）,,,
1816,B-E-A-018,B（单选题）,,起飞着陆系统刹车皮磨损，通常的维修方式是（ ）。,更换刹车皮,修复刹车皮表面,调整刹车间隙,添加刹车油,,,A,3（中）,5（好）,,,
1817,B-E-A-018,B（单选题）,,维修起飞着陆系统故障零部件后，进行疲劳测试的主要目的是（ ）。,验证零部件在反复使用下的可靠性,检查零部件外观,测试零部件重量,确定零部件价格,,,A,3（中）,5（好）,,,
1818,B-E-A-018,G（多选题）,,起飞着陆系统故障零部件的维修方法还包括（ ）。,热处理强化,局部更换,整体翻新,功能优化,色彩调整,,ABC,3（中）,5（好）,,,
1819,B-E-A-018,G（多选题）,,保障起飞着陆系统故障零部件维修质量的要点还有（ ）。,进行维修前的全面检测,做好维修过程中的质量控制,对维修人员进行资质审查,随意选择维修工艺,忽略维修后的复查,,ABC,3（中）,5（好）,,,
1820,B-E-A-018,C（判断题）,,起飞着陆系统故障零部件维修时，可随意改变零部件的材料。（ ）,正确,错误,,,,,B,3（中）,5（好）,,,
1821,B-E-A-018,C（判断题）,,维修起飞着陆系统故障零部件后，不需要进行防锈处理。（ ）,正确,错误,,,,,B,3（中）,5（好）,,,
1822,B-E-B-001,B（单选题）,,零部件与整机故障检测报告单中，故障现象描述应（ ）。,详细、准确、客观,简洁概括,使用专业术语,随意表述,,,A,3（中）,5（好）,,,
1823,B-E-B-001,B（单选题）,,在编制故障检测报告单时，检测数据应（ ）。,完整记录并标注单位,只记录关键数据,四舍五入简化记录,随意记录,,,A,3（中）,5（好）,,,
1824,B-E-B-001,B（单选题）,,零部件与整机故障检测报告单的审核人职责主要是（ ）。,确保报告内容准确、完整、合规,修改报告格式,增加检测数据,决定是否重新检测,,,A,3（中）,5（好）,,,
1825,B-E-B-001,G（多选题）,,零部件与整机故障检测报告单的内容通常包含（ ）。,检测目的,检测环境,检测工具,检测人员的籍贯信息（无关内容）,改进建议,,ABCE,3（中）,5（好）,,,
1826,B-E-B-001,G（多选题）,,规范零部件与整机故障检测报告单编制的好处有（ ）。,便于故障分析与追溯,提高检测效率,保证检测质量,方便数据管理,增加检测成本,,ABCD,3（中）,5（好）,,,
1827,B-E-B-001,C（判断题）,,零部件与整机故障检测报告单可以不写检测依据。（ ）,正确,错误,,,,,B,3（中）,5（好）,,,
1828,B-E-B-001,C（判断题）,,报告中的检测数据可以随意涂改。（ ）,正确,错误,,,,,B,3（中）,5（好）,,,
1829,B-E-B-002,B（单选题）,,零部件与整机故障维修报告单中，维修措施部分应（ ）。,详细说明维修步骤和使用的方法,只写更换的零部件,描述维修人员,阐述维修费用,,,A,3（中）,5（好）,,,
1830,B-E-B-002,B（单选题）,,在编制故障维修报告单时，维修后的测试结果应（ ）。,准确记录并与维修前对比,简单描述,只记录合格情况,忽略不写,,,A,3（中）,5（好）,,,
1831,B-E-B-002,B（单选题）,,零部件与整机故障维修报告单的批准人主要负责（ ）。,审核维修工作的有效性和报告的准确性,修改报告内容,决定维修人员的奖惩,确定维修时间,,,A,3（中）,5（好）,,,
1832,B-E-B-002,G（多选题）,,零部件与整机故障维修报告单的内容包括（ ）。,故障描述,维修过程,维修成本,验收意见,维修人员的兴趣爱好（无关内容）,,ABCE,3（中）,5（好）,,,
1833,B-E-B-002,G（多选题）,,提高零部件与整机故障维修报告单质量的方法有（ ）。,建立标准模板,组织审核会议,随意编写内容,加强报告填写培训,频繁更换报告格式,,ABD,3（中）,5（好）,,,
1834,B-E-B-002,C（判断题）,,零部件与整机故障维修报告单可以不写维修后的注意事项。（ ）,正确,错误,,,,,B,3（中）,5（好）,,,
1835,B-E-B-002,C（判断题）,,报告中的维修成本可以估算大致金额。（ ）,正确,错误,,,,,B,3（中）,5（好）,,,
1836,B-F-A-001,B（单选题）,,制定无人机续航时间性能升级方案时，首先应考虑的因素是（ ）。,电池容量和效率,无人机的飞行姿态,无人机的外观设计,操作人员的技能,,,A,3（中）,5（好）,,,
1837,B-F-A-001,B（单选题）,,通过优化无人机的动力系统来提升续航时间，关键在于（ ）。,提高动力系统效率,增加动力系统重量,改变动力系统布局,更换动力系统品牌,,,A,3（中）,5（好）,,,
1838,B-F-A-001,B（单选题）,,在制定无人机续航时间性能升级方案时，进行模拟分析的主要目的是（ ）。,评估方案的可行性和效果,计算升级成本,确定升级时间,选择升级人员,,,A,3（中）,5（好）,,,
1839,B-F-A-001,G（多选题）,,无人机续航时间性能升级方案的制定方法包括（ ）。,分析现有系统性能,研究新技术应用,参考同类产品经验,随意确定方案,忽略用户需求,,ABC,3（中）,5（好）,,,
1840,B-F-A-001,G（多选题）,,制定无人机续航时间性能升级方案时，需考虑的因素有（ ）。,无人机的任务需求,飞行环境条件,成本预算,法律法规限制,无人机的颜色,,ABCD,3（中）,5（好）,,,
1841,B-F-A-001,C（判断题）,,制定无人机续航时间性能升级方案时，不需要考虑无人机的负载情况。（ ）,正确,错误,,,,,B,3（中）,5（好）,,,
1842,B-F-A-001,C（判断题）,,在制定方案过程中，不需要对升级方案进行风险评估。（ ）,正确,错误,,,,,B,3（中）,5（好）,,,
1843,B-F-A-002,B（单选题）,,无人机续航时间性能升级方案实施的第一步是（ ）。,准备升级所需的设备和材料,对无人机进行拆解,进行升级操作,进行升级后测试,,,A,3（中）,5（好）,,,
1844,B-F-A-002,B（单选题）,,在升级无人机电池系统时，关键操作是（ ）。,正确安装新电池并进行调试,随意更换电池,增加电池数量,改变电池摆放位置,,,A,3（中）,5（好）,,,
1845,B-F-A-002,B（单选题）,,无人机续航时间性能升级方案实施后，进行飞行测试的重点是（ ）。,验证续航时间是否提升,检查无人机外观,测试无人机速度,确定无人机载重,,,A,3（中）,5（好）,,,
1846,B-F-A-002,G（多选题）,,无人机续航时间性能升级方案的实施步骤包含（ ）。,制定详细实施计划,严格按照方案进行升级操作,对升级过程进行监控,随意调整实施步骤,忽略升级后的评估,,ABC,3（中）,5（好）,,,
1847,B-F-A-002,G（多选题）,,保障无人机续航时间性能升级方案有效实施的要点有（ ）。,对实施人员进行培训,使用合格的升级配件,做好实施过程中的记录,随意选择实施时间,忽略实施前的准备,,ABC,3（中）,5（好）,,,
1848,B-F-A-002,C（判断题）,,无人机续航时间性能升级方案实施时，不需要遵循安全操作规程。（ ）,正确,错误,,,,,B,3（中）,5（好）,,,
1849,B-F-A-002,C（判断题）,,升级方案实施后，只需简单测试即可投入使用。（ ）,正确,错误,,,,,B,3（中）,5（好）,,,
1850,B-F-A-003,B（单选题）,,制定无人机载重比性能升级方案时，核心是（ ）。,优化无人机的结构设计和动力匹配,增加无人机的尺寸,改变无人机的涂装,提高操作人员的工资,,,A,3（中）,5（好）,,,
1851,B-F-A-003,B（单选题）,,通过改进无人机的材料来提升载重比，主要考虑材料的（ ）。,强度和重量,颜色和外观,价格和供应,硬度和韧性,,,A,3（中）,5（好）,,,
1852,B-F-A-003,B（单选题）,,在制定无人机载重比性能升级方案时，进行载重模拟测试的目的是（ ）。,验证方案对载重比提升的效果,计算升级成本,确定升级难度,选择升级工具,,,A,3（中）,5（好）,,,
1853,B-F-A-003,G（多选题）,,无人机载重比性能升级方案的制定方法有（ ）。,理论计算分析,实际测试验证,参考行业标准,随意制定方案,忽略无人机的原有性能,,ABC,3（中）,5（好）,,,
1854,B-F-A-003,G（多选题）,,制定无人机载重比性能升级方案时，需要考虑的因素包括（ ）。,无人机的用途,飞行稳定性,成本效益,法律法规要求,无人机的品牌,,ABCD,3（中）,5（好）,,,
1855,B-F-A-003,C（判断题）,,制定无人机载重比性能升级方案时，不需要考虑无人机的飞行安全。（ ）,正确,错误,,,,,B,3（中）,5（好）,,,
1856,B-F-A-003,C（判断题）,,在制定方案时，不需要与相关部门沟通协调。（ ）,正确,错误,,,,,B,3（中）,5（好）,,,
1857,B-F-A-004,B（单选题）,,无人机载重比性能升级方案实施时，首先要（ ）。,对无人机进行全面检查,直接更换零部件,进行升级操作,进行载重测试,,,A,3（中）,4（较好）,,,
1858,B-F-A-004,B（单选题）,,在升级无人机结构部件时，关键是（ ）。,确保新部件的安装精度和可靠性,随意安装部件,增加部件数量,改变部件颜色,,,A,3（中）,5（好）,,,
1859,B-F-A-004,B（单选题）,,无人机载重比性能升级方案实施后，进行载重测试的目的是（ ）。,检验载重比是否达到预期提升,检查无人机外观,测试无人机速度,确定无人机续航,,,A,3（中）,5（好）,,,
1860,B-F-A-004,G（多选题）,,无人机载重比性能升级方案的实施步骤有（ ）。,按照设计方案进行改装,对升级后的无人机进行调试,进行多次载重测试,随意更改实施步骤,忽略实施后的评估,,ABC,3（中）,5（好）,,,
1861,B-F-A-004,G（多选题）,,保证无人机载重比性能升级方案顺利实施的要点有（ ）。,制定合理的实施计划,配备专业的实施人员,使用合适的工具和设备,随意选择实施地点,忽略实施过程中的质量控制,,ABC,3（中）,5（好）,,,
1862,B-F-A-004,C（判断题）,,无人机载重比性能升级方案实施时，不需要进行质量检验。（ ）,正确,错误,,,,,B,3（中）,5（好）,,,
1863,B-F-A-004,C（判断题）,,升级方案实施后，无需进行飞行安全测试。（ ）,正确,错误,,,,,B,3（中）,5（好）,,,
1864,B-F-A-005,B（单选题）,,制定无人机飞行高度性能升级方案时，主要考虑改进（ ）。,动力系统和飞控系统,无人机的起落架,无人机的通信系统,无人机的任务载荷,,,A,3（中）,4（较好）,,,
1865,B-F-A-005,B（单选题）,,通过优化飞控算法来提升飞行高度，关键在于（ ）。,调整飞行姿态控制和升力调节算法,随意修改算法,增加算法复杂度,减少算法参数,,,A,3（中）,5（好）,,,
1866,B-F-A-005,B（单选题）,,在制定无人机飞行高度性能升级方案时，进行风洞试验的目的是（ ）。,研究无人机在不同高度的空气动力学性能,计算升级成本,确定升级时间,选择升级材料,,,A,3（中）,5（好）,,,
1867,B-F-A-005,G（多选题）,,无人机飞行高度性能升级方案的制定方法包含（ ）。,空气动力学分析,飞行性能模拟,参考类似案例,随意确定方案,忽略飞行环境,,ABC,3（中）,5（好）,,,
1868,B-F-A-005,G（多选题）,,制定无人机飞行高度性能升级方案时，需考虑的因素有（ ）。,大气环境条件,无人机的结构强度,电磁干扰,成本预算,无人机的颜色,,ABCD,3（中）,5（好）,,,
1869,B-F-A-005,C（判断题）,,制定无人机飞行高度性能升级方案时，不需要考虑无人机的续航能力。（ ）,正确,错误,,,,,B,3（中）,5（好）,,,
1870,B-F-A-005,C（判断题）,,在制定方案过程中，不需要对升级方案进行验证。（ ）,正确,错误,,,,,B,3（中）,5（好）,,,
1871,B-F-A-006,B（单选题）,,无人机飞行高度性能升级方案实施的首要步骤是（ ）。,准备相关技术资料和工具,拆除原有部件,安装新部件,进行飞行测试,,,A,3（中）,5（好）,,,
1872,B-F-A-006,B（单选题）,,在升级无人机动力系统时，关键操作是（ ）。,确保新动力系统与无人机的兼容性和稳定性,随意更换动力系统,增加动力系统功率,改变动力系统安装位置,,,A,1（易）,5（好）,,,
1873,B-F-A-006,B（单选题）,,无人机飞行高度性能升级方案实施后，进行飞行高度测试的要点是（ ）。,按照标准测试流程进行多组测试,随意选择测试高度,只进行一次测试,忽略测试环境,,,A,3（中）,5（好）,,,
1874,B-F-A-006,G（多选题）,,无人机飞行高度性能升级方案的实施步骤包括（ ）。,严格按照方案进行系统升级,对升级后的无人机进行校准和调试,进行飞行高度性能评估,随意调整实施步骤,忽略实施前的准备,,ABC,3（中）,5（好）,,,
1875,B-F-A-006,G（多选题）,,保障无人机飞行高度性能升级方案有效实施的要点有（ ）。,对实施人员进行技术交底,使用质量合格的升级部件,做好实施过程中的记录,随意选择实施时间,忽略实施后的检查,,ABC,3（中）,5（好）,,,
1876,B-F-A-006,C（判断题）,,无人机飞行高度性能升级方案实施时，不需要进行安全风险评估。（ ）,正确,错误,,,,,B,3（中）,5（好）,,,
1877,B-F-A-006,C（判断题）,,升级方案实施后，只需简单检查即可投入使用。（ ）,正确,错误,,,,,B,3（中）,5（好）,,,
1878,B-F-A-007,B（单选题）,,制定无人机飞行速度性能升级方案时，关键在于提升（ ）。,动力系统输出功率和降低空气阻力,无人机的重量,无人机的尺寸,无人机的通信质量,,,A,3（中）,5（好）,,,
1879,B-F-A-007,B（单选题）,,通过改进无人机的机翼设计来提升飞行速度，主要关注机翼的（ ）。,形状和表面光洁度,颜色和材质,厚度和宽度,长度和弧度,,,A,3（中）,5（好）,,,
1880,B-F-A-007,B（单选题）,,在制定无人机飞行速度性能升级方案时，进行数值模拟的目的是（ ）。,预测方案实施后的飞行速度提升效果,计算升级成本,确定升级难度,选择升级工具,,,A,3（中）,5（好）,,,
1881,B-F-A-007,G（多选题）,,无人机飞行速度性能升级方案的制定方法有（ ）。,理论研究与分析,实际飞行测试,借鉴先进技术,随意制定方案,忽略无人机的原有性能,,ABC,3（中）,5（好）,,,
1882,B-F-A-007,G（多选题）,,制定无人机飞行速度性能升级方案时，需要考虑的因素包括（ ）。,飞行安全,法律法规限制,成本效益,飞行稳定性,无人机的品牌,,ABCD,3（中）,5（好）,,,
1883,B-F-A-007,C（判断题）,,制定无人机飞行速度性能升级方案时，不需要考虑无人机的操控性能。（ ）,正确,错误,,,,,B,3（中）,5（好）,,,
1884,B-F-A-007,C（判断题）,,在制定方案时，不需要与操作人员沟通需求。（ ）,正确,错误,,,,,B,2（易）,4（较好）,,,
1885,B-F-A-008,B（单选题）,,无人机飞行速度性能升级方案实施时，首先要做的是（ ）。,对无人机进行全面评估,拆除原有部件,安装新部件,进行飞行测试,,,A,3（中）,5（好）,,,
1886,B-F-A-008,B（单选题）,,在升级无人机动力系统部件时，关键是（ ）。,确保新部件的安装质量和性能匹配,随意安装部件,增加部件数量,改变部件颜色,,,A,3（中）,5（好）,,,
1887,B-F-A-008,B（单选题）,,无人机飞行速度性能升级方案实施后，进行飞行速度测试的目的是（ ）。,验证飞行速度是否达到预期提升,检查无人机外观,测试无人机高度,确定无人机载重,,,A,3（中）,5（好）,,,
1888,B-F-A-008,G（多选题）,,无人机飞行速度性能升级方案的实施步骤包含（ ）。,按照方案进行部件更换和系统优化,对升级后的无人机进行全面调试,进行多次飞行速度测试,随意更改实施步骤,忽略实施后的评估,,ABC,3（中）,5（好）,,,
1889,B-F-A-008,G（多选题）,,保证无人机飞行速度性能升级方案顺利实施的要点有（ ）。,制定详细的实施计划,配备专业的技术人员,使用合适的测试设备,随意选择实施地点,忽略实施过程中的质量控制,,ABC,3（中）,5（好）,,,
1890,B-F-A-008,C（判断题）,,无人机飞行速度性能升级方案实施时，不需要进行质量检测。（ ）,正确,错误,,,,,B,3（中）,5（好）,,,
1891,B-F-A-008,C（判断题）,,升级方案实施后，无需进行飞行安全测试。（ ）,正确,错误,,,,,B,3（中）,4（较好）,,,
1892,B-F-A-009,B（单选题）,,制定无人机飞行距离性能升级方案时，首要考虑的因素是（ ）。,动力系统效率和能耗,无人机外观设计,飞行操控方式,任务载荷重量,,,A,3（中）,5（好）,,,
1893,B-F-A-009,B（单选题）,,通过优化无人机的气动外形提升飞行距离，关键在于（ ）。,降低空气阻力系数,增大机翼面积,改变机身颜色,增加起落架高度,,,A,3（中）,5（好）,,,
1894,B-F-A-009,B（单选题）,,在制定方案时，进行飞行距离模拟计算的目的是（ ）。,预估方案实施后的飞行距离提升效果,计算升级成本,确定升级时间,选择升级设备,,,A,3（中）,5（好）,,,
1895,B-F-A-009,G（多选题）,,无人机飞行距离性能升级方案的制定方法有（ ）。,分析现有飞行数据,研究新型动力技术,参考同类产品升级经验,随意确定方案,忽略电池性能,,ABC,3（中）,5（好）,,,
1896,B-F-A-009,G（多选题）,,制定方案时，需考虑的因素有（ ）。,飞行环境气候条件,无人机的续航能力,法律法规对飞行距离的限制,成本预算,操作人员的喜好,,ABCD,3（中）,5（好）,,,
1897,B-F-A-009,C（判断题）,,制定无人机飞行距离性能升级方案时，不需要考虑无人机的通信距离。（ ）,正确,错误,,,,,B,3（中）,5（好）,,,
1898,B-F-A-009,C（判断题）,,在制定方案过程中，不需要对不同升级路径进行对比分析。（ ）,正确,错误,,,,,B,3（中）,4（较好）,,,
1899,B-F-A-010,B（单选题）,,无人机飞行距离性能升级方案实施的第一步是（ ）。,准备升级所需的技术资料和工具,拆解无人机,安装新部件,进行飞行测试,,,A,3（中）,5（好）,,,
1900,B-F-A-010,B（单选题）,,在升级动力系统时，关键操作是（ ）。,确保新动力系统与无人机的适配性和稳定性,随意更换动力系统,增加动力系统重量,改变动力系统安装角度,,,A,3（中）,5（好）,,,
1901,B-F-A-010,B（单选题）,,方案实施后，进行飞行距离测试的要点是（ ）。,按照标准流程在多种环境下进行多组测试,随意选择测试地点和次数,只进行一次长距离测试,忽略测试前的准备工作,,,A,3（中）,5（好）,,,
1902,B-F-A-010,G（多选题）,,无人机飞行距离性能升级方案的实施步骤包含（ ）。,严格按照方案进行系统升级,对升级后的无人机进行全面调试,进行多次飞行距离测试,随意调整实施步骤,忽略实施前的规划,,ABC,3（中）,5（好）,,,
1903,B-F-A-010,G（多选题）,,保障方案有效实施的要点有（ ）。,对实施人员进行技术培训,使用质量合格的升级配件,做好实施过程中的记录,随意选择实施时间,忽略实施后的评估,,ABC,3（中）,5（好）,,,
1904,B-F-A-010,C（判断题）,,无人机飞行距离性能升级方案实施时，不需要进行安全检查。（ ）,正确,错误,,,,,B,3（中）,5（好）,,,
1905,B-F-A-010,C（判断题）,,升级方案实施后，只需简单测试即可投入使用。（ ）,正确,错误,,,,,B,3（中）,5（好）,,,
1906,B-F-A-011,B（单选题）,,在制定无人机动力性能升级方案时，首先应进行的步骤是（ ）。,更换更高功率的电机, 增加电池容量,进行详细的系统评估和需求分析,动力系统的噪音,,,C,3（中）,5（好）,,,
1907,B-F-A-011,B（单选题）,,在提升无人机的动力性能时，增加电池容量的主要目的是（ ）。,提高飞行速度,延长飞行时间,改善飞行稳定性,增加散热设备重量,,,C,3（中）,5（好）,,,
1908,B-F-A-011,B（单选题）,,在制定方案时，进行动力性能模拟分析的目的是（ ）。,评估方案对动力性能提升的可行性和效果,计算升级成本,确定升级难度,选择升级工具,,,A,3（中）,5（好）,,,
1909,B-F-A-011,G（多选题）,,无人机动力性能升级方案的制定方法有（ ）。,理论计算与分析,实际动力测试,借鉴先进动力技术,随意制定方案,忽略无人机的整体结构,,ABC,3（中）,5（好）,,,
1910,B-F-A-011,G（多选题）,,制定方案时，需要考虑的因素包括（ ）。,无人机的用途和任务需求,动力系统的兼容性,成本效益,法律法规要求,无人机的品牌,,ABCD,3（中）,5（好）,,,
1911,B-F-A-011,C（判断题）,,制定无人机动力性能升级方案时，不需要考虑动力系统的维护难度。（ ）,正确,错误,,,,,B,3（中）,5（好）,,,
1912,B-F-A-011,C（判断题）,,在制定方案时，不需要与动力系统供应商沟通。（ ）,正确,错误,,,,,B,3（中）,5（好）,,,
1913,B-F-A-012,B（单选题）,,无人机动力性能性能升级方案实施时，首先要（ ）。,对无人机和动力系统进行全面检测,直接更换动力系统部件,进行升级操作,进行动力性能测试,,,A,3（中）,5（好）,,,
1914,B-F-A-012,B（单选题）,,在升级动力系统部件时，关键是（ ）。,确保新部件的安装精度和性能匹配,随意安装部件,增加部件数量,改变部件颜色,,,A,3（中）,4（较好）,,,
1915,B-F-A-012,B（单选题）,,方案实施后，进行动力性能测试的目的是（ ）。,验证动力性能是否达到预期提升,检查无人机外观,测试无人机飞行速度,确定无人机载重,,,A,3（中）,5（好）,,,
1916,B-F-A-012,G（多选题）,,无人机动力性能性能升级方案的实施步骤有（ ）。,按照设计方案进行动力系统改装,对升级后的动力系统进行调试,进行多次动力性能测试,随意更改实施步骤,忽略实施后的评估,,ABC,3（中）,5（好）,,,
1917,B-F-A-012,G（多选题）,,保证方案顺利实施的要点有（ ）。,制定详细的实施计划,配备专业的技术人员,使用合适的工具和设备,随意选择实施地点,忽略实施过程中的质量控制,,ABC,3（中）,5（好）,,,
1918,B-F-A-012,C（判断题）,,无人机动力性能性能升级方案实施时，不需要进行质量控制。（ ）,正确,错误,,,,,B,3（中）,5（好）,,,
1919,B-F-A-012,C（判断题）,,升级方案实施后，无需进行飞行安全测试。（ ）,正确,错误,,,,,B,3（中）,5（好）,,,
1920,B-F-B-001,B（单选题）,,无人机布局结构中，对稳定性影响最大的是（ ）。,机翼与机身的连接方式和布局,起落架的材质,无人机的涂装,任务载荷的类型,,,A,3（中）,5（好）,,,
1921,B-F-B-001,B（单选题）,,合理的布局结构能增强无人机稳定性，主要是因为（ ）。,优化了重心分布和空气动力学性能,增加了无人机的重量,改变了无人机的飞行速度,提高了动力系统效率,,,A,3（中）,5（好）,,,
1922,B-F-B-001,B（单选题）,,当无人机布局结构发生变化时，稳定性的变化趋势主要取决于（ ）。,结构变化对重心和惯性矩的影响,结构变化的大小,结构变化的位置,结构变化的时间,,,A,3（中）,5（好）,,,
1923,B-F-B-001,G（多选题）,,影响布局结构与稳定性关系的因素有（ ）。,无人机的飞行姿态,布局结构的对称性,部件的安装位置,空气密度,操作人员的技术,,ABC,3（中）,5（好）,,,
1924,B-F-B-001,G（多选题）,,优化布局结构提升稳定性的方法有（ ）。,调整机翼的展弦比,合理安排设备的安装位置,增加机身的长度,改变起落架的高度,使用轻质高强度材料,,AB,3（中）,5（好）,,,
1925,B-F-B-001,C（判断题）,,无人机布局结构对稳定性的影响可以忽略不计。（ ）,正确,错误,,,,,B,3（中）,5（好）,,,
1926,B-F-B-001,C（判断题）,,布局结构的微小变化不会对无人机稳定性产生影响。（ ）,正确,错误,,,,,B,3（中）,5（好）,,,
1927,B-F-B-002,B（单选题）,,在无人机部件中，硬度对稳定性影响较大的是（ ）。,机翼的蒙皮,起落架,电池,通信天线,,,B,3（中）,5（好）,,,
1928,B-F-B-002,B（单选题）,,当无人机部件硬度增加时，其稳定性的变化是（ ）。,在一定程度上增强，可抵抗更大外力变形,降低，因为材料变脆,不变，硬度与稳定性无关,先增强后降低,,,A,3（中）,5（好）,,,
1929,B-F-B-002,B（单选题）,,判断硬度是否满足稳定性要求的关键指标是（ ）。,部件在受力时的变形程度,硬度的具体数值,硬度的测量方法,硬度的变化速率,,,A,3（中）,5（好）,,,
1930,B-F-B-002,G（多选题）,,影响硬度与稳定性关系的因素有（ ）。,部件的材料特性,所受外力的类型和大小,无人机的飞行环境温度,硬度的均匀性,无人机的品牌,,ABCD,3（中）,5（好）,,,
1931,B-F-B-002,G（多选题）,,通过调整硬度提升稳定性的措施有（ ）。,对部件进行热处理,选择合适硬度的材料,表面硬化处理,随意改变硬度,忽略材料的其他性能,,ABC,3（中）,5（好）,,,
1932,B-F-B-002,C（判断题）,,硬度越高，无人机部件的稳定性就一定越好。（ ）,正确,错误,,,,,B,3（中）,5（好）,,,
1933,B-F-B-002,C（判断题）,,硬度对无人机的飞行稳定性没有任何影响。（ ）,正确,错误,,,,,B,3（中）,5（好）,,,
1934,B-F-B-003,B（单选题）,,无人机结构的刚度主要影响其（ ）。,抵抗变形的能力，进而影响稳定性,动力性能,通信质量,续航能力,,,A,3（中）,5（好）,,,
1935,B-F-B-003,B（单选题）,,增加无人机结构刚度可以提升稳定性，主要原理是（ ）。,减少结构在受力时的变形量,增大结构的重量,改变结构的形状,提高结构的硬度,,,A,5（难）,5（好）,,,
1936,B-F-B-003,B（单选题）,,在评估刚度与稳定性关系时，关键要考虑（ ）。,结构所承受的载荷类型和大小,刚度的测量单位,刚度的变化频率,结构的颜色,,,A,3（中）,5（好）,,,
1937,B-F-B-003,G（多选题）,,影响刚度与稳定性关系的因素有（ ）。,结构的几何形状,材料的弹性模量,连接方式的强度,无人机的飞行速度,操作人员的操作习惯,,ABC,3（中）,5（好）,,,
1938,B-F-B-003,G（多选题）,,优化刚度提升稳定性的方法有（ ）。,合理设计结构的截面形状,增加加强筋,选择高弹性模量的材料,随意改变结构,忽略结构的重量,,ABC,3（中）,5（好）,,,
1939,B-F-B-003,C（判断题）,,刚度与无人机的稳定性之间没有必然联系。（ ）,正确,错误,,,,,B,3（中）,5（好）,,,
1940,B-F-B-003,C（判断题）,,只要增加刚度，无人机的稳定性就会无限制提升。（ ）,正确,错误,,,,,B,3（中）,5（好）,,,
1941,B-F-B-004,B（单选题）,,调整无人机布局结构时，首先要进行的是（ ）。,分析现有布局结构的优缺点,直接拆除部件,安装新部件,进行飞行测试,,,A,3（中）,5（好）,,,
1942,B-F-B-004,B（单选题）,,为优化无人机的稳定性调整布局结构，关键在于（ ）。,合理调整重心位置和部件布局,随意改变部件位置,增加部件数量,改变部件颜色,,,A,3（中）,5（好）,,,
1943,B-F-B-004,B（单选题）,,在调整布局结构后，必须进行的操作是（ ）。,进行结构强度和稳定性分析,立即进行飞行测试,忽略调整后的检查,增加无人机的载重,,,A,3（中）,5（好）,,,
1944,B-F-B-004,G（多选题）,,布局结构的调整方法有（ ）。,重新设计部件的连接方式,优化机翼和机身的布局比例,改变起落架的安装位置,随意切割结构部件,忽略空气动力学要求,,ABC,3（中）,5（好）,,,
1945,B-F-B-004,G（多选题）,,保障布局结构调整效果的要点有（ ）。,制定详细的调整计划,使用专业的设计软件,对调整后的结构进行测试,随意选择调整方案,忽略调整过程中的安全,,ABC,3（中）,5（好）,,,
1946,B-F-B-004,C（判断题）,,布局结构调整可以随意进行，不需要考虑后果。（ ）,正确,错误,,,,,B,3（中）,5（好）,,,
1947,B-F-B-004,C（判断题）,,调整布局结构后，不需要进行飞行试验验证。（ ）,正确,错误,,,,,B,3（中）,5（好）,,,
1948,B-F-B-005,B（单选题）,,调整无人机部件硬度时，常用的方法是（ ）。,热处理工艺（如淬火、回火等）,改变部件的形状,增加部件的重量,改变部件的颜色,,,A,3（中）,5（好）,,,
1949,B-F-B-005,B（单选题）,,通过选择不同材料来调整硬度，关键在于（ ）。,了解材料的硬度特性和适用场景,随意选择材料,选择价格最高的材料,选择重量最轻的材料,,,A,3（中）,5（好）,,,
1950,B-F-B-005,B（单选题）,,在调整硬度后，需要进行的检测是（ ）。,硬度测试和材料性能检测,外观检查,重量测量,颜色检测,,,A,3（中）,5（好）,,,
1951,B-F-B-005,G（多选题）,,硬度的调整方法还包括（ ）。,表面渗碳、渗氮处理,冷加工变形,添加硬度增强剂,随意改变硬度调整工艺,忽略材料的原始硬度,,ABC,3（中）,5（好）,,,
1952,B-F-B-005,G（多选题）,,保障硬度调整质量的要点有（ ）。,严格控制调整工艺参数,选择合适的调整设备,做好调整后的质量检测,随意调整硬度,忽略调整过程中的安全,,ABC,3（中）,5（好）,,,
1953,B-F-B-005,C（判断题）,,硬度调整可以不按照工艺要求进行。（ ）,正确,错误,,,,,B,3（中）,5（好）,,,
1954,B-F-B-005,C（判断题）,,调整硬度后，不需要对部件的其他性能进行评估。（ ）,正确,错误,,,,,B,3（中）,5（好）,,,
1955,B-F-B-006,B（单选题）,,调整无人机结构刚度的有效方法是（ ）。,改变结构的截面形状和尺寸,随意拆除结构部件,增加结构的重量,改变结构的颜色,,,A,3（中）,5（好）,,,
1956,B-F-B-006,B（单选题）,,通过增加加强筋提升结构刚度，关键在于（ ）。,合理设计加强筋的布局和尺寸,随意安装加强筋,增加加强筋的重量,改变加强筋的颜色,,,A,3（中）,5（好）,,,
1957,B-F-B-006,B（单选题）,,在调整刚度后，需要进行的测试是（ ）。,结构刚度测试和稳定性测试,外观测试,重量测试,导电性测试,,,A,3（中）,5（好）,,,
1958,B-F-B-006,G（多选题）,,刚度的调整方法有（ ）。,选择高弹性模量的材料,优化结构的连接方式,增加结构的壁厚,随意改变结构设计,忽略结构的使用环境,,ABC,3（中）,5（好）,,,
1959,B-F-B-006,G（多选题）,,保障刚度调整效果的要点有（ ）。,进行详细的结构分析和计算,使用质量合格的材料和部件,做好调整后的性能检测,随意调整刚度,忽略调整过程中的安全,,ABC,3（中）,5（好）,,,
1960,B-F-B-006,C（判断题）,,刚度调整可以不考虑结构的重量和成本。（ ）,正确,错误,,,,,B,3（中）,5（好）,,,
1961,B-F-B-006,C（判断题）,,调整刚度后，不需要对无人机的整体性能进行评估。（ ）,正确,错误,,,,,B,3（中）,5（好）,,,
1962,B-F-B-007,B（单选题）,,无人机重心位置靠前，会导致（ ）。,机头容易下沉，影响飞行姿态稳定性,机尾容易下沉,飞行速度加快,续航能力增强,,,A,3（中）,5（好）,,,
1963,B-F-B-007,B（单选题）,,为保证无人机飞行稳定性，重心位置应（ ）。,处于设计的合理范围内,随意设置,尽量靠前,尽量靠后,,,A,3（中）,5（好）,,,
1964,B-F-B-007,B（单选题）,,当无人机重心位置发生变化时，影响飞行稳定性的主要因素是（ ）。,重心变化导致的力矩改变,重心变化的方向,重心变化的大小,重心变化的时间,,,A,3（中）,5（好）,,,
1965,B-F-B-007,G（多选题）,,影响重心位置与飞行稳定性关系的因素有（ ）。,无人机的载重分布,部件的安装位置,飞行姿态的调整,空气密度,操作人员的心情,,ABC,3（中）,5（好）,,,
1966,B-F-B-007,G（多选题）,,通过调整重心位置提升飞行稳定性的措施有（ ）。,合理安排设备和载荷的放置位置,调整机翼的安装角度,改变起落架的高度,随意移动重心,忽略重心对其他性能的影响,,AB,3（中）,5（好）,,,
1967,B-F-B-007,C（判断题）,,重心位置对无人机飞行稳定性没有影响。（ ）,正确,错误,,,,,B,3（中）,5（好）,,,
1968,B-F-B-007,C（判断题）,,只要重心在无人机内部，就不会影响飞行稳定性。（ ）,正确,错误,,,,,B,3（中）,5（好）,,,
1969,B-F-B-008,B（单选题）,,无人机重心位置靠后，对飞行机动性的影响是（ ）。,俯仰机动性增强，滚转和偏航机动性可能受影响,所有机动性都减弱,所有机动性都增强,对机动性无影响,,,A,3（中）,5（好）,,,
1970,B-F-B-008,B（单选题）,,在追求高机动性飞行时，无人机重心应（ ）。,适当靠后，但需保证飞行稳定性,尽量靠前,处于机身中心,随意设置,,,A,3（中）,5（好）,,,
1971,B-F-B-008,B（单选题）,,当无人机重心位置发生较大变化时，飞行机动性首先受影响的是（ ）。,姿态改变的响应速度,飞行速度,续航时间,飞行高度,,,A,3（中）,5（好）,,,
1972,B-F-B-008,G（多选题）,,影响重心位置与飞行机动性关系的因素有（ ）。,无人机的机翼形状,动力系统的推力方向,飞行控制系统的性能,任务载荷的重量和分布,操作人员的技术水平,,ABCD,3（中）,5（好）,,,
1973,B-F-B-008,G（多选题）,,在分析重心位置与飞行机动性时，需考虑的方面有（ ）。,不同飞行阶段的重心变化需求,空气动力学特性,无人机的结构强度,成本因素,法律法规,,ABC,3（中）,5（好）,,,
1974,B-F-B-008,C（判断题）,,重心位置对无人机的飞行机动性影响很小，可以忽略不计。（ ）,正确,错误,,,,,B,3（中）,5（好）,,,
1975,B-F-B-008,C（判断题）,,无论重心位置如何变化，无人机的飞行机动性都能保持稳定。（ ）,正确,错误,,,,,B,3（中）,5（好）,,,
1976,B-F-B-009,B（单选题）,,调整无人机重心位置时，最直接的方法是（ ）。,改变设备或载荷的安装位置,更换更轻的材料,调整动力系统的功率,改变飞行控制系统参数,,,A,3（中）,5（好）,,,
1977,B-F-B-009,B（单选题）,,当需要将无人机重心向前调整时，可行的操作是（ ）。,将部分设备向前移动或在机头增加配重,将部分设备向后移动,拆除机尾部分部件,增加机翼面积,,,A,3（中）,5（好）,,,
1978,B-F-B-009,B（单选题）,,在调整重心位置后，必须进行的工作是（ ）。,重新进行重心测量和飞行性能评估,立即进行飞行测试,忽略调整后的检查,增加无人机的载重,,,A,3（中）,5（好）,,,
1979,B-F-B-009,G（多选题）,,重心位置的调整方法还包括（ ）。,改变电池的放置位置,使用可移动的配重块,优化机翼的安装角度,随意拆除部件,忽略重心调整的精度,,AB,3（中）,5（好）,,,
1980,B-F-B-009,G（多选题）,,保障重心位置调整效果的要点有（ ）。,制定详细的调整计划,使用高精度的测量工具,对调整后的无人机进行全面测试,随意选择调整方案,忽略调整过程中的安全,,ABC,3（中）,5（好）,,,
1981,B-F-B-009,C（判断题）,,重心位置调整可以随意进行，不需要考虑对无人机其他性能的影响。（ ）,正确,错误,,,,,B,3（中）,5（好）,,,
1982,B-F-B-009,C（判断题）,,调整重心位置后，不需要重新校准飞行控制系统。（ ）,正确,错误,,,,,B,,,,,
1983,B-F-B-010,B（单选题）,,无人机重心位置配平的目的是（ ）。,使无人机在飞行过程中保持稳定的姿态和平衡,提高飞行速度,增加续航时间,增强动力性能,,,A,,,,,
1984,B-F-B-010,B（单选题）,,在进行重心位置配平时，常用的计算依据是（ ）。,无人机各部件的重量和位置分布,无人机的外观形状,飞行环境的温度和湿度,操作人员的指令,,,A,,,,,
1985,B-F-B-010,B（单选题）,,当无人机重心位置配平出现偏差时，会导致（ ）。,飞行姿态不稳定，操控困难,飞行高度无法保持,动力系统故障,通信导航系统失效,,,A,,,,,
1986,B-F-B-010,G（多选题）,,重心位置的配平方法有（ ）。,计算配平重量和位置并添加配重,调整设备的布局,改变机翼的形状,随意配平,忽略配平后的测试,,AB,,,,,
1987,B-F-B-010,G（多选题）,,保障重心位置配平质量的要点有（ ）。,精确测量各部件的重量和重心,使用专业的配平软件,对配平后的无人机进行严格的测试,随意选择配平方案,忽略配平过程中的安全,,ABC,,,,,
1988,B-F-B-010,C（判断题）,,重心位置配平可以不按照科学方法进行，凭经验即可。（ ）,正确,错误,,,,,B,,,,,
1989,B-F-B-010,C（判断题）,,配平后不需要再次检查重心位置是否符合要求。（ ）,正确,错误,,,,,B,,,,,
1990,B-F-B-011,B（单选题）,,优化飞行控制与导航系统安装位置时，首要考虑的因素是（ ）。,减少系统受到的振动和干扰，保证信号传输稳定,安装的便利性,系统的外观美观,安装成本,,,A,,,,,
1991,B-F-B-011,B（单选题）,,为提高飞行控制与导航系统的性能，安装位置应（ ）。,靠近飞机重心且远离干扰源,随意选择,尽量靠近机头,尽量靠近机尾,,,A,,,,,
1992,B-F-B-011,B（单选题）,,在优化安装位置后，需要进行的测试是（ ）。,系统性能测试和飞行稳定性测试,外观测试,重量测试,导电性测试,,,A,,,,,
1993,B-F-B-011,G（多选题）,,飞行控制与导航系统安装位置优化方法有（ ）。,进行电磁兼容性分析后选择合适位置,参考同类产品的安装经验,考虑无人机的结构特点,随意安装,忽略系统之间的信号交互,,ABC,,,,,
1994,B-F-B-011,G（多选题）,,保障安装位置优化效果的要点有（ ）。,制定详细的安装计划,使用合适的固定和防护措施,对安装后的系统进行全面调试,随意选择安装位置,忽略安装过程中的安全,,ABC,,,,,
1995,B-F-B-011,C（判断题）,,飞行控制与导航系统的安装位置对其性能影响不大，可以随意安装。（ ）,正确,错误,,,,,B,,,,,
1996,B-F-B-011,C（判断题）,,优化安装位置后，不需要对整个飞行控制系统进行重新校准。（ ）,正确,错误,,,,,B,,,,,
,,,,,,,,,,,,,,,,
,,,,,,,,,,,,,,,,
,,,,,,,,,,,,,,,,
,,,,,,,,,,,,,,,,
,,,,,,,,,,,,,,,,
,,,,,,,,,,,,,,,,
,,,,,,,,,,,,,,,,
,,,,,,,,,,,,,,,,
,,,,,,,,,,,,,,,,
,,,,,,,,,,,,,,,,
,,,,,,,,,,,,,,,,
,,,,,,,,,,,,,,,,
,,,,,,,,,,,,,,,,
,,,,,,,,,,,,,,,,
,,,,,,,,,,,,,,,,
,,,,,,,,,,,,,,,,
,,,,,,,,,,,,,,,,
,,,,,,,,,,,,,,,,
,,,,,,,,,,,,,,,,
,,,,,,,,,,,,,,,,
,,,,,,,,,,,,,,,,
,,,,,,,,,,,,,,,,
,,,,,,,,,,,,,,,,
,,,,,,,,,,,,,,,,
,,,,,,,,,,,,,,,,
,,,,,,,,,,,,,,,,
,,,,,,,,,,,,,,,,
,,,,,,,,,,,,,,,,
,,,,,,,,,,,,,,,,
,,,,,,,,,,,,,,,,
,,,,,,,,,,,,,,,,
,,,,,,,,,,,,,,,,
,,,,,,,,,,,,,,,,
,,,,,,,,,,,,,,,,
,,,,,,,,,,,,,,,,
,,,,,,,,,,,,,,,,
,,,,,,,,,,,,,,,,
,,,,,,,,,,,,,,,,
,,,,,,,,,,,,,,,,
,,,,,,,,,,,,,,,,
,,,,,,,,,,,,,,,,
,,,,,,,,,,,,,,,,
,,,,,,,,,,,,,,,,
,,,,,,,,,,,,,,,,
,,,,,,,,,,,,,,,,
,,,,,,,,,,,,,,,,
,,,,,,,,,,,,,,,,
,,,,,,,,,,,,,,,,
,,,,,,,,,,,,,,,,
,,,,,,,,,,,,,,,,
,,,,,,,,,,,,,,,,
,,,,,,,,,,,,,,,,
,,,,,,,,,,,,,,,,
,,,,,,,,,,,,,,,,
,,,,,,,,,,,,,,,,
,,,,,,,,,,,,,,,,
,,,,,,,,,,,,,,,,
,,,,,,,,,,,,,,,,
,,,,,,,,,,,,,,,,
,,,,,,,,,,,,,,,,
,,,,,,,,,,,,,,,,
,,,,,,,,,,,,,,,,
,,,,,,,,,,,,,,,,
,,,,,,,,,,,,,,,,
,,,,,,,,,,,,,,,,
,,,,,,,,,,,,,,,,
,,,,,,,,,,,,,,,,
,,,,,,,,,,,,,,,,
,,,,,,,,,,,,,,,,
,,,,,,,,,,,,,,,,
,,,,,,,,,,,,,,,,
,,,,,,,,,,,,,,,,
,,,,,,,,,,,,,,,,
,,,,,,,,,,,,,,,,
,,,,,,,,,,,,,,,,
,,,,,,,,,,,,,,,,
,,,,,,,,,,,,,,,,
,,,,,,,,,,,,,,,,
,,,,,,,,,,,,,,,,
,,,,,,,,,,,,,,,,
,,,,,,,,,,,,,,,,
,,,,,,,,,,,,,,,,
,,,,,,,,,,,,,,,,
,,,,,,,,,,,,,,,,
,,,,,,,,,,,,,,,,
,,,,,,,,,,,,,,,,
,,,,,,,,,,,,,,,,
,,,,,,,,,,,,,,,,
,,,,,,,,,,,,,,,,
,,,,,,,,,,,,,,,,
,,,,,,,,,,,,,,,,
,,,,,,,,,,,,,,,,
,,,,,,,,,,,,,,,,
,,,,,,,,,,,,,,,,
,,,,,,,,,,,,,,,,
,,,,,,,,,,,,,,,,
,,,,,,,,,,,,,,,,
,,,,,,,,,,,,,,,,
,,,,,,,,,,,,,,,,
,,,,,,,,,,,,,,,,
,,,,,,,,,,,,,,,,
,,,,,,,,,,,,,,,,
,,,,,,,,,,,,,,,,
,,,,,,,,,,,,,,,,
,,,,,,,,,,,,,,,,
,,,,,,,,,,,,,,,,
,,,,,,,,,,,,,,,,
,,,,,,,,,,,,,,,,
,,,,,,,,,,,,,,,,
,,,,,,,,,,,,,,,,
,,,,,,,,,,,,,,,,
,,,,,,,,,,,,,,,,
,,,,,,,,,,,,,,,,
,,,,,,,,,,,,,,,,
,,,,,,,,,,,,,,,,
,,,,,,,,,,,,,,,,
,,,,,,,,,,,,,,,,
,,,,,,,,,,,,,,,,
,,,,,,,,,,,,,,,,
,,,,,,,,,,,,,,,,
,,,,,,,,,,,,,,,,
,,,,,,,,,,,,,,,,
,,,,,,,,,,,,,,,,
,,,,,,,,,,,,,,,,
,,,,,,,,,,,,,,,,
,,,,,,,,,,,,,,,,
,,,,,,,,,,,,,,,,
,,,,,,,,,,,,,,,,
,,,,,,,,,,,,,,,,
,,,,,,,,,,,,,,,,
,,,,,,,,,,,,,,,,
,,,,,,,,,,,,,,,,
,,,,,,,,,,,,,,,,
,,,,,,,,,,,,,,,,
,,,,,,,,,,,,,,,,
,,,,,,,,,,,,,,,,
,,,,,,,,,,,,,,,,
,,,,,,,,,,,,,,,,
,,,,,,,,,,,,,,,,
,,,,,,,,,,,,,,,,
,,,,,,,,,,,,,,,,
,,,,,,,,,,,,,,,,
,,,,,,,,,,,,,,,,
,,,,,,,,,,,,,,,,
,,,,,,,,,,,,,,,,
,,,,,,,,,,,,,,,,
,,,,,,,,,,,,,,,,
,,,,,,,,,,,,,,,,
,,,,,,,,,,,,,,,,
,,,,,,,,,,,,,,,,
,,,,,,,,,,,,,,,,
,,,,,,,,,,,,,,,,
,,,,,,,,,,,,,,,,
,,,,,,,,,,,,,,,,
,,,,,,,,,,,,,,,,
,,,,,,,,,,,,,,,,
,,,,,,,,,,,,,,,,
,,,,,,,,,,,,,,,,
,,,,,,,,,,,,,,,,
,,,,,,,,,,,,,,,,
,,,,,,,,,,,,,,,,
,,,,,,,,,,,,,,,,
,,,,,,,,,,,,,,,,
,,,,,,,,,,,,,,,,
,,,,,,,,,,,,,,,,
,,,,,,,,,,,,,,,,
,,,,,,,,,,,,,,,,
,,,,,,,,,,,,,,,,
,,,,,,,,,,,,,,,,
,,,,,,,,,,,,,,,,
,,,,,,,,,,,,,,,,
,,,,,,,,,,,,,,,,
,,,,,,,,,,,,,,,,
,,,,,,,,,,,,,,,,
,,,,,,,,,,,,,,,,
,,,,,,,,,,,,,,,,
,,,,,,,,,,,,,,,,
,,,,,,,,,,,,,,,,
,,,,,,,,,,,,,,,,
,,,,,,,,,,,,,,,,
,,,,,,,,,,,,,,,,
,,,,,,,,,,,,,,,,
,,,,,,,,,,,,,,,,
,,,,,,,,,,,,,,,,
,,,,,,,,,,,,,,,,
,,,,,,,,,,,,,,,,
,,,,,,,,,,,,,,,,
,,,,,,,,,,,,,,,,
,,,,,,,,,,,,,,,,
,,,,,,,,,,,,,,,,
,,,,,,,,,,,,,,,,
,,,,,,,,,,,,,,,,
,,,,,,,,,,,,,,,,
,,,,,,,,,,,,,,,,
,,,,,,,,,,,,,,,,
,,,,,,,,,,,,,,,,
,,,,,,,,,,,,,,,,
,,,,,,,,,,,,,,,,
,,,,,,,,,,,,,,,,
,,,,,,,,,,,,,,,,
,,,,,,,,,,,,,,,,
,,,,,,,,,,,,,,,,
,,,,,,,,,,,,,,,,
,,,,,,,,,,,,,,,,
,,,,,,,,,,,,,,,,
,,,,,,,,,,,,,,,,
,,,,,,,,,,,,,,,,
,,,,,,,,,,,,,,,,
,,,,,,,,,,,,,,,,
,,,,,,,,,,,,,,,,
,,,,,,,,,,,,,,,,
,,,,,,,,,,,,,,,,
,,,,,,,,,,,,,,,,
,,,,,,,,,,,,,,,,
,,,,,,,,,,,,,,,,
,,,,,,,,,,,,,,,,
,,,,,,,,,,,,,,,,
,,,,,,,,,,,,,,,,
,,,,,,,,,,,,,,,,
,,,,,,,,,,,,,,,,
,,,,,,,,,,,,,,,,
,,,,,,,,,,,,,,,,
,,,,,,,,,,,,,,,,
,,,,,,,,,,,,,,,,
,,,,,,,,,,,,,,,,
,,,,,,,,,,,,,,,,
,,,,,,,,,,,,,,,,
,,,,,,,,,,,,,,,,
,,,,,,,,,,,,,,,,
,,,,,,,,,,,,,,,,
,,,,,,,,,,,,,,,,
,,,,,,,,,,,,,,,,
,,,,,,,,,,,,,,,,
,,,,,,,,,,,,,,,,
,,,,,,,,,,,,,,,,
,,,,,,,,,,,,,,,,
,,,,,,,,,,,,,,,,
,,,,,,,,,,,,,,,,
,,,,,,,,,,,,,,,,
,,,,,,,,,,,,,,,,
,,,,,,,,,,,,,,,,
,,,,,,,,,,,,,,,,
,,,,,,,,,,,,,,,,
,,,,,,,,,,,,,,,,
,,,,,,,,,,,,,,,,
,,,,,,,,,,,,,,,,
,,,,,,,,,,,,,,,,
,,,,,,,,,,,,,,,,
,,,,,,,,,,,,,,,,
,,,,,,,,,,,,,,,,
,,,,,,,,,,,,,,,,
,,,,,,,,,,,,,,,,
,,,,,,,,,,,,,,,,
,,,,,,,,,,,,,,,,
,,,,,,,,,,,,,,,,
,,,,,,,,,,,,,,,,
,,,,,,,,,,,,,,,,
,,,,,,,,,,,,,,,,
,,,,,,,,,,,,,,,,
,,,,,,,,,,,,,,,,
,,,,,,,,,,,,,,,,
,,,,,,,,,,,,,,,,
,,,,,,,,,,,,,,,,
,,,,,,,,,,,,,,,,
,,,,,,,,,,,,,,,,
,,,,,,,,,,,,,,,,
,,,,,,,,,,,,,,,,
,,,,,,,,,,,,,,,,
,,,,,,,,,,,,,,,,
,,,,,,,,,,,,,,,,
,,,,,,,,,,,,,,,,
,,,,,,,,,,,,,,,,
,,,,,,,,,,,,,,,,
,,,,,,,,,,,,,,,,
,,,,,,,,,,,,,,,,
,,,,,,,,,,,,,,,,
,,,,,,,,,,,,,,,,
,,,,,,,,,,,,,,,,
,,,,,,,,,,,,,,,,
,,,,,,,,,,,,,,,,
,,,,,,,,,,,,,,,,
,,,,,,,,,,,,,,,,
,,,,,,,,,,,,,,,,
,,,,,,,,,,,,,,,,
,,,,,,,,,,,,,,,,
,,,,,,,,,,,,,,,,
,,,,,,,,,,,,,,,,
,,,,,,,,,,,,,,,,
,,,,,,,,,,,,,,,,
,,,,,,,,,,,,,,,,
,,,,,,,,,,,,,,,,
,,,,,,,,,,,,,,,,
,,,,,,,,,,,,,,,,
,,,,,,,,,,,,,,,,
,,,,,,,,,,,,,,,,
,,,,,,,,,,,,,,,,
,,,,,,,,,,,,,,,,
,,,,,,,,,,,,,,,,
,,,,,,,,,,,,,,,,
,,,,,,,,,,,,,,,,
,,,,,,,,,,,,,,,,
,,,,,,,,,,,,,,,,
,,,,,,,,,,,,,,,,
,,,,,,,,,,,,,,,,
,,,,,,,,,,,,,,,,
,,,,,,,,,,,,,,,,
,,,,,,,,,,,,,,,,
,,,,,,,,,,,,,,,,
,,,,,,,,,,,,,,,,
,,,,,,,,,,,,,,,,
,,,,,,,,,,,,,,,,
,,,,,,,,,,,,,,,,
,,,,,,,,,,,,,,,,
,,,,,,,,,,,,,,,,
,,,,,,,,,,,,,,,,
,,,,,,,,,,,,,,,,
,,,,,,,,,,,,,,,,
,,,,,,,,,,,,,,,,
,,,,,,,,,,,,,,,,
,,,,,,,,,,,,,,,,
,,,,,,,,,,,,,,,,
,,,,,,,,,,,,,,,,
,,,,,,,,,,,,,,,,
,,,,,,,,,,,,,,,,
,,,,,,,,,,,,,,,,
,,,,,,,,,,,,,,,,
,,,,,,,,,,,,,,,,
,,,,,,,,,,,,,,,,
,,,,,,,,,,,,,,,,
,,,,,,,,,,,,,,,,
,,,,,,,,,,,,,,,,
,,,,,,,,,,,,,,,,
,,,,,,,,,,,,,,,,
,,,,,,,,,,,,,,,,
,,,,,,,,,,,,,,,,
,,,,,,,,,,,,,,,,
,,,,,,,,,,,,,,,,
,,,,,,,,,,,,,,,,
,,,,,,,,,,,,,,,,
,,,,,,,,,,,,,,,,
,,,,,,,,,,,,,,,,
,,,,,,,,,,,,,,,,
,,,,,,,,,,,,,,,,
,,,,,,,,,,,,,,,,
,,,,,,,,,,,,,,,,
,,,,,,,,,,,,,,,,
,,,,,,,,,,,,,,,,
,,,,,,,,,,,,,,,,
,,,,,,,,,,,,,,,,
,,,,,,,,,,,,,,,,
,,,,,,,,,,,,,,,,
,,,,,,,,,,,,,,,,
,,,,,,,,,,,,,,,,
,,,,,,,,,,,,,,,,
,,,,,,,,,,,,,,,,
,,,,,,,,,,,,,,,,
,,,,,,,,,,,,,,,,
,,,,,,,,,,,,,,,,
,,,,,,,,,,,,,,,,
,,,,,,,,,,,,,,,,
,,,,,,,,,,,,,,,,
,,,,,,,,,,,,,,,,
,,,,,,,,,,,,,,,,
,,,,,,,,,,,,,,,,
,,,,,,,,,,,,,,,,
,,,,,,,,,,,,,,,,
,,,,,,,,,,,,,,,,
,,,,,,,,,,,,,,,,
,,,,,,,,,,,,,,,,
,,,,,,,,,,,,,,,,
,,,,,,,,,,,,,,,,
,,,,,,,,,,,,,,,,
,,,,,,,,,,,,,,,,
,,,,,,,,,,,,,,,,
,,,,,,,,,,,,,,,,
,,,,,,,,,,,,,,,,
,,,,,,,,,,,,,,,,
,,,,,,,,,,,,,,,,
,,,,,,,,,,,,,,,,
,,,,,,,,,,,,,,,,
,,,,,,,,,,,,,,,,
,,,,,,,,,,,,,,,,
,,,,,,,,,,,,,,,,
,,,,,,,,,,,,,,,,
,,,,,,,,,,,,,,,,
,,,,,,,,,,,,,,,,
,,,,,,,,,,,,,,,,
,,,,,,,,,,,,,,,,
,,,,,,,,,,,,,,,,
,,,,,,,,,,,,,,,,
,,,,,,,,,,,,,,,,
,,,,,,,,,,,,,,,,
,,,,,,,,,,,,,,,,
,,,,,,,,,,,,,,,,
,,,,,,,,,,,,,,,,
,,,,,,,,,,,,,,,,
,,,,,,,,,,,,,,,,
,,,,,,,,,,,,,,,,
,,,,,,,,,,,,,,,,
,,,,,,,,,,,,,,,,
,,,,,,,,,,,,,,,,
,,,,,,,,,,,,,,,,
,,,,,,,,,,,,,,,,
,,,,,,,,,,,,,,,,
,,,,,,,,,,,,,,,,
,,,,,,,,,,,,,,,,
,,,,,,,,,,,,,,,,
,,,,,,,,,,,,,,,,
,,,,,,,,,,,,,,,,
,,,,,,,,,,,,,,,,
,,,,,,,,,,,,,,,,
,,,,,,,,,,,,,,,,
,,,,,,,,,,,,,,,,
,,,,,,,,,,,,,,,,
,,,,,,,,,,,,,,,,
,,,,,,,,,,,,,,,,
,,,,,,,,,,,,,,,,
,,,,,,,,,,,,,,,,
,,,,,,,,,,,,,,,,
,,,,,,,,,,,,,,,,
,,,,,,,,,,,,,,,,
,,,,,,,,,,,,,,,,
,,,,,,,,,,,,,,,,
,,,,,,,,,,,,,,,,
,,,,,,,,,,,,,,,,
,,,,,,,,,,,,,,,,
,,,,,,,,,,,,,,,,
,,,,,,,,,,,,,,,,
,,,,,,,,,,,,,,,,
,,,,,,,,,,,,,,,,
,,,,,,,,,,,,,,,,
,,,,,,,,,,,,,,,,
,,,,,,,,,,,,,,,,
,,,,,,,,,,,,,,,,
,,,,,,,,,,,,,,,,
,,,,,,,,,,,,,,,,
,,,,,,,,,,,,,,,,
,,,,,,,,,,,,,,,,
,,,,,,,,,,,,,,,,
,,,,,,,,,,,,,,,,
,,,,,,,,,,,,,,,,
,,,,,,,,,,,,,,,,
,,,,,,,,,,,,,,,,
,,,,,,,,,,,,,,,,
,,,,,,,,,,,,,,,,
,,,,,,,,,,,,,,,,
,,,,,,,,,,,,,,,,
,,,,,,,,,,,,,,,,
,,,,,,,,,,,,,,,,
,,,,,,,,,,,,,,,,
,,,,,,,,,,,,,,,,
,,,,,,,,,,,,,,,,
,,,,,,,,,,,,,,,,
,,,,,,,,,,,,,,,,
,,,,,,,,,,,,,,,,
,,,,,,,,,,,,,,,,
,,,,,,,,,,,,,,,,
,,,,,,,,,,,,,,,,
,,,,,,,,,,,,,,,,
,,,,,,,,,,,,,,,,
,,,,,,,,,,,,,,,,
,,,,,,,,,,,,,,,,
,,,,,,,,,,,,,,,,
,,,,,,,,,,,,,,,,
,,,,,,,,,,,,,,,,
,,,,,,,,,,,,,,,,
,,,,,,,,,,,,,,,,
,,,,,,,,,,,,,,,,
,,,,,,,,,,,,,,,,
,,,,,,,,,,,,,,,,
,,,,,,,,,,,,,,,,
,,,,,,,,,,,,,,,,
,,,,,,,,,,,,,,,,
,,,,,,,,,,,,,,,,
,,,,,,,,,,,,,,,,
,,,,,,,,,,,,,,,,
,,,,,,,,,,,,,,,,
,,,,,,,,,,,,,,,,
,,,,,,,,,,,,,,,,
,,,,,,,,,,,,,,,,
,,,,,,,,,,,,,,,,
,,,,,,,,,,,,,,,,
,,,,,,,,,,,,,,,,
,,,,,,,,,,,,,,,,
,,,,,,,,,,,,,,,,
,,,,,,,,,,,,,,,,
,,,,,,,,,,,,,,,,
,,,,,,,,,,,,,,,,
,,,,,,,,,,,,,,,,
,,,,,,,,,,,,,,,,
,,,,,,,,,,,,,,,,
,,,,,,,,,,,,,,,,
,,,,,,,,,,,,,,,,
,,,,,,,,,,,,,,,,
,,,,,,,,,,,,,,,,
,,,,,,,,,,,,,,,,
,,,,,,,,,,,,,,,,
,,,,,,,,,,,,,,,,
,,,,,,,,,,,,,,,,
,,,,,,,,,,,,,,,,
,,,,,,,,,,,,,,,,
,,,,,,,,,,,,,,,,
,,,,,,,,,,,,,,,,
,,,,,,,,,,,,,,,,
,,,,,,,,,,,,,,,,
,,,,,,,,,,,,,,,,
,,,,,,,,,,,,,,,,
,,,,,,,,,,,,,,,,
,,,,,,,,,,,,,,,,
,,,,,,,,,,,,,,,,
,,,,,,,,,,,,,,,,
,,,,,,,,,,,,,,,,
,,,,,,,,,,,,,,,,
,,,,,,,,,,,,,,,,
,,,,,,,,,,,,,,,,
,,,,,,,,,,,,,,,,
,,,,,,,,,,,,,,,,
,,,,,,,,,,,,,,,,
,,,,,,,,,,,,,,,,
,,,,,,,,,,,,,,,,
,,,,,,,,,,,,,,,,
,,,,,,,,,,,,,,,,
,,,,,,,,,,,,,,,,
,,,,,,,,,,,,,,,,
,,,,,,,,,,,,,,,,
,,,,,,,,,,,,,,,,
,,,,,,,,,,,,,,,,
,,,,,,,,,,,,,,,,
,,,,,,,,,,,,,,,,
,,,,,,,,,,,,,,,,
,,,,,,,,,,,,,,,,
,,,,,,,,,,,,,,,,
,,,,,,,,,,,,,,,,
,,,,,,,,,,,,,,,,
,,,,,,,,,,,,,,,,
,,,,,,,,,,,,,,,,
,,,,,,,,,,,,,,,,
,,,,,,,,,,,,,,,,
,,,,,,,,,,,,,,,,
,,,,,,,,,,,,,,,,
,,,,,,,,,,,,,,,,
,,,,,,,,,,,,,,,,
,,,,,,,,,,,,,,,,
,,,,,,,,,,,,,,,,
,,,,,,,,,,,,,,,,
,,,,,,,,,,,,,,,,
,,,,,,,,,,,,,,,,
,,,,,,,,,,,,,,,,
,,,,,,,,,,,,,,,,
,,,,,,,,,,,,,,,,
,,,,,,,,,,,,,,,,
,,,,,,,,,,,,,,,,
,,,,,,,,,,,,,,,,
,,,,,,,,,,,,,,,,
,,,,,,,,,,,,,,,,
,,,,,,,,,,,,,,,,
,,,,,,,,,,,,,,,,
,,,,,,,,,,,,,,,,
,,,,,,,,,,,,,,,,
,,,,,,,,,,,,,,,,
,,,,,,,,,,,,,,,,
,,,,,,,,,,,,,,,,
,,,,,,,,,,,,,,,,
,,,,,,,,,,,,,,,,
,,,,,,,,,,,,,,,,
,,,,,,,,,,,,,,,,
,,,,,,,,,,,,,,,,
,,,,,,,,,,,,,,,,
,,,,,,,,,,,,,,,,
,,,,,,,,,,,,,,,,
,,,,,,,,,,,,,,,,
,,,,,,,,,,,,,,,,
,,,,,,,,,,,,,,,,
,,,,,,,,,,,,,,,,
,,,,,,,,,,,,,,,,
,,,,,,,,,,,,,,,,
,,,,,,,,,,,,,,,,
,,,,,,,,,,,,,,,,
,,,,,,,,,,,,,,,,
,,,,,,,,,,,,,,,,
,,,,,,,,,,,,,,,,
,,,,,,,,,,,,,,,,
,,,,,,,,,,,,,,,,
,,,,,,,,,,,,,,,,
,,,,,,,,,,,,,,,,
,,,,,,,,,,,,,,,,
,,,,,,,,,,,,,,,,
,,,,,,,,,,,,,,,,
,,,,,,,,,,,,,,,,
,,,,,,,,,,,,,,,,
,,,,,,,,,,,,,,,,
,,,,,,,,,,,,,,,,
,,,,,,,,,,,,,,,,
,,,,,,,,,,,,,,,,
,,,,,,,,,,,,,,,,
,,,,,,,,,,,,,,,,
,,,,,,,,,,,,,,,,
,,,,,,,,,,,,,,,,
,,,,,,,,,,,,,,,,
,,,,,,,,,,,,,,,,
,,,,,,,,,,,,,,,,
,,,,,,,,,,,,,,,,
,,,,,,,,,,,,,,,,
,,,,,,,,,,,,,,,,
,,,,,,,,,,,,,,,,
,,,,,,,,,,,,,,,,
,,,,,,,,,,,,,,,,
,,,,,,,,,,,,,,,,
,,,,,,,,,,,,,,,,
,,,,,,,,,,,,,,,,
,,,,,,,,,,,,,,,,
,,,,,,,,,,,,,,,,
,,,,,,,,,,,,,,,,
,,,,,,,,,,,,,,,,
,,,,,,,,,,,,,,,,
,,,,,,,,,,,,,,,,
,,,,,,,,,,,,,,,,
,,,,,,,,,,,,,,,,
,,,,,,,,,,,,,,,,
,,,,,,,,,,,,,,,,
,,,,,,,,,,,,,,,,
,,,,,,,,,,,,,,,,
,,,,,,,,,,,,,,,,
,,,,,,,,,,,,,,,,
,,,,,,,,,,,,,,,,
,,,,,,,,,,,,,,,,
,,,,,,,,,,,,,,,,
,,,,,,,,,,,,,,,,
,,,,,,,,,,,,,,,,
,,,,,,,,,,,,,,,,
,,,,,,,,,,,,,,,,
,,,,,,,,,,,,,,,,
,,,,,,,,,,,,,,,,
,,,,,,,,,,,,,,,,
,,,,,,,,,,,,,,,,
,,,,,,,,,,,,,,,,
,,,,,,,,,,,,,,,,
,,,,,,,,,,,,,,,,
,,,,,,,,,,,,,,,,
,,,,,,,,,,,,,,,,
,,,,,,,,,,,,,,,,
,,,,,,,,,,,,,,,,
,,,,,,,,,,,,,,,,
,,,,,,,,,,,,,,,,
,,,,,,,,,,,,,,,,
,,,,,,,,,,,,,,,,
,,,,,,,,,,,,,,,,
,,,,,,,,,,,,,,,,
,,,,,,,,,,,,,,,,
,,,,,,,,,,,,,,,,
,,,,,,,,,,,,,,,,
,,,,,,,,,,,,,,,,
,,,,,,,,,,,,,,,,
,,,,,,,,,,,,,,,,
,,,,,,,,,,,,,,,,
,,,,,,,,,,,,,,,,
,,,,,,,,,,,,,,,,
,,,,,,,,,,,,,,,,
,,,,,,,,,,,,,,,,
,,,,,,,,,,,,,,,,
,,,,,,,,,,,,,,,,
,,,,,,,,,,,,,,,,
,,,,,,,,,,,,,,,,
,,,,,,,,,,,,,,,,
,,,,,,,,,,,,,,,,
,,,,,,,,,,,,,,,,
,,,,,,,,,,,,,,,,
,,,,,,,,,,,,,,,,
,,,,,,,,,,,,,,,,
,,,,,,,,,,,,,,,,
,,,,,,,,,,,,,,,,
,,,,,,,,,,,,,,,,
,,,,,,,,,,,,,,,,
,,,,,,,,,,,,,,,,
,,,,,,,,,,,,,,,,
,,,,,,,,,,,,,,,,
,,,,,,,,,,,,,,,,
,,,,,,,,,,,,,,,,
,,,,,,,,,,,,,,,,
,,,,,,,,,,,,,,,,
,,,,,,,,,,,,,,,,
,,,,,,,,,,,,,,,,
,,,,,,,,,,,,,,,,
,,,,,,,,,,,,,,,,
,,,,,,,,,,,,,,,,
,,,,,,,,,,,,,,,,
,,,,,,,,,,,,,,,,
,,,,,,,,,,,,,,,,
,,,,,,,,,,,,,,,,
,,,,,,,,,,,,,,,,
,,,,,,,,,,,,,,,,
,,,,,,,,,,,,,,,,
,,,,,,,,,,,,,,,,
,,,,,,,,,,,,,,,,
,,,,,,,,,,,,,,,,
,,,,,,,,,,,,,,,,
,,,,,,,,,,,,,,,,
,,,,,,,,,,,,,,,,
,,,,,,,,,,,,,,,,
,,,,,,,,,,,,,,,,
,,,,,,,,,,,,,,,,
,,,,,,,,,,,,,,,,
,,,,,,,,,,,,,,,,
,,,,,,,,,,,,,,,,
,,,,,,,,,,,,,,,,
,,,,,,,,,,,,,,,,
,,,,,,,,,,,,,,,,
,,,,,,,,,,,,,,,,
