,认定点代码,题型代码,题号,试题（题干）,试题（选项A）,试题（选项B）,试题（选项C）,试题（选项D）,试题（选项E）,【图】及位置,正确答案,难度代码,一致性代码,解析,,,,,,,,,,,
1,A-A-A-001,B（单选题）,,（）是社会主义职业道德的核心思想。,为人民服务,执政为民,核心价值观,立党入公,,,A,3（中）,5（好）,,,,,,,,,,,,
2,A-A-A-001,B（单选题）,,为人民服务为核心的职业道德，首先要解决的是职工与职工、职工与集体、（）之间利益关系问题和为谁工作的问题。,家庭与生活,上级与下级,职业与职业,个人与国家,,,C,3（中）,5（好）,,,,,,,,,,,,
3,A-A-A-001,B（单选题）,,社会主义职业道德的指导原则是（）。,个人主义,集体主义,马克思主义,列宁思想,,,B,3（中）,5（好）,,,,,,,,,,,,
4,A-A-A-001,B（单选题）,,社会主义职业道德把社会公德、职业道德、（）作为着力点。,德才兼备,思想品德,个人品德,个人能力,,,C,3（中）,5（好）,,,,,,,,,,,,
5,A-A-A-001,C（判断题）,,有阶级的社会形态和社会主义职业道德一样，都以集体主义为原则，以人民利益作为最高利益。（）,正确,错误,,,,,B,3（中）,5（好）,,,,,,,,,,,,
6,A-A-A-001,C（判断题）,,社会主义职业道德把爱祖国、爱人民、爱劳动、爱科学、爱社会主义作为社会主义道德的基本要求。（）,正确,错误,,,,,A,3（中）,5（好）,,,,,,,,,,,,
7,A-A-A-002,B（单选题）,,《公民道德建设实施纲要》明确提出所有从业人员都应该共同遵守的主要行为规范是（）。,爱岗敬业诚实守信办事公道服务群众奉献社会,懂得服从信守承诺坚守岗位精神饱满用心服务,谨言慎行学习创新艰苦奋斗团结互助维护荣誉,热爱本职秉公执法不谋私利严肃风纪着装整洁,,,A,3（中）,5（好）,,,,,,,,,,,,
8,A-A-A-002,B（单选题）,,办事公道是道德规范的重要范畴，其含义主要是（）。,不偏不倚，各打五十大板,坚持原则，按一定的社会标准，实事求是地待人处世,按领导的意图办事,按与个人关系好的人的意见办,,,B,3（中）,5（好）,,,,,,,,,,,,
9,A-A-A-002,B（单选题）,,社会主义职业道德的基石和最高境界是（）。,奉献社会,服务群众,诚实守信,爱岗敬业,,,A,3（中）,5（好）,,,,,,,,,,,,
10,A-A-A-002,B（单选题）,,关于社会公德的说法中，不属于其规范特点的是（）。,执行的有效性,范围的广泛性,具体行为的细微性,行为的外在礼仪性,,,A,3（中）,5（好）,,,,,,,,,,,,
11,A-A-A-002,C（判断题）,,讲究质量、注重信誉是社会主义职业道德最重要的规范之一。（）,正确,错误,,,,,A,3（中）,5（好）,,,,,,,,,,,,
12,A-A-A-002,C（判断题）,,社会公德的主要规范是:文明礼貌、助人为乐、爱护公物、勤俭持家、遵纪守法。（）,正确,错误,,,,,B,3（中）,5（好）,,,,,,,,,,,,
13,A-A-A-003,B（单选题）,,不属于职业道德行为评价方式的是（）。,社会舆论,职业习俗,内心信念,群体评议,,,D,3（中）,5（好）,,,,,,,,,,,,
14,A-A-A-003,B（单选题）,,职业道德评价不能够起到（）。,批判作用,激励作用,裁判作用,调节导向作用,,,A,3（中）,5（好）,,,,,,,,,,,,
15,A-A-A-003,B（单选题）,,职业道德行为评价的类型不包括（）。,社会评价,上级评价,集体评价,自我评价,,,B,3（中）,5（好）,,,,,,,,,,,,
16,A-A-A-003,B（单选题）,,衡量一个公民精神文明水平高低的重要标尺是（）。,职业道德,公民道德,遵纪守法,网络道德,,,B,3（中）,4（较好）,,,,,,,,,,,,
17,A-A-A-003,C（判断题）,,职业道德行为评价按主体不同可以分为社会评价、集体评价和自我评价。（）,正确,错误,,,,,A,3（中）,5（好）,,,,,,,,,,,,
18,A-A-A-003,C（判断题）,,对职业道德行为进行评价应“以事实为依据，以法律为准绳”。（）,正确,错误,,,,,B,3（中）,5（好）,,,,,,,,,,,,
19,A-A-A-004,B（单选题）,,法律对道德的影响主要体现是（）。,强制执行和惩罚措施,规范和约束行为范围,宣传道德价值观,保护公民权利和自由,,,B,3（中）,5（好）,,,,,,,,,,,,
20,A-A-A-004,B（单选题）,,道德与法律是社会规范的两个重要方面，他们之间的关系是（）。,范围相同,互不重叠,相辅相成,层次相同,,,C,3（中）,5（好）,,,,,,,,,,,,
21,A-A-A-004,B（单选题）,,法律更注重事后和判决和惩戒性，职业道德更注重事前对人们进行教育，因此具有（）。,预防性,先进行,统一性,互补性,,,A,3（中）,5（好）,,,,,,,,,,,,
22,A-A-A-004,B（单选题）,,法律通过强制力来强化道德作用，确保道德底线，对道德起到促进作用，是道德的（）。,基础,补充,延续,支撑,,,D,3（中）,5（好）,,,,,,,,,,,,
23,A-A-A-004,C（判断题）,,触犯了法律就一定违反了职业道德。（）,正确,错误,,,,,A,4（较难）,5（好）,,,,,,,,,,,,
24,A-A-A-004,C（判断题）,,职业道德和法律都体现人民群众的利益和意志。（）,正确,错误,,,,,A,3（中）,5（好）,,,,,,,,,,,,
25,A-A-B-001,B（单选题）,,关于遵纪守法正确的说法是（）。,只要品德端正，学不学法无所谓,金钱对人的诱惑力要大于法纪对人的约束力,法律是由人执行的，执行时不能不考虑人情和权力等因素,遵纪守法与职业道德要求具有一致性,,,D,3（中）,5（好）,,,,,,,,,,,,
26,A-A-B-001,B（单选题）,,假设你在工作中出现了一次小的失误，暂时还未给单位造成什么损失，领导也没有发现在这种情况下，你认为最好的一种处理办法是（）。,不向任何人提起这件事,不告诉任何人，自己在以后的工作中弥补过失,告诉领导，承认自己的过失并承担相应的责任,告诉自己最好的朋友，请他帮自己想一个最好的办法,,,C,3（中）,5（好）,,,,,,,,,,,,
27,A-A-B-001,B（单选题）,,“5.12地震”中，德阳汉旺东汽中学高二（一）班老师谭千秋正在上课，危急时刻张开双臂、躬下身躯护住课桌下的4名同学，献出了51岁的生命，这是（）。的最高表现形式,奉献社会,忠于职守,诚实守信,热爱本职,,,B,4（较难）,5（好）,,,,,,,,,,,,
28,A-A-B-001,B（单选题）,,关于爱岗敬业表述不符的是（）。,抓住机遇、竞争上岗,具有奉献精神,勤奋学习，刻苦钻研业务,认真履行岗位职责,,,A,3（中）,5（好）,,,,,,,,,,,,
29,A-A-B-001,C（判断题）,,在工作中，只要自己的行为不违反法律法规，就可以不遵守公司规定。（）,正确,错误,,,,,B,3（中）,5（好）,,,,,,,,,,,,
30,A-A-B-001,C（判断题）,,酒后开车只违反了交通法规，不违反职业道德。（）,正确,错误,,,,,B,3（中）,4（较好）,,,,,,,,,,,,
31,A-A-B-002,B（单选题）,,某工程队在施工时要把网线穿过一根10米长，但直径只有3厘米的管道，而且管道已经砌在墙体里，并且绕了3个弯，用常规方法无法完成任务一位工程师想出一个主意:从宠物市场买来一只老鼠，把一根线绑在老鼠身上，让老鼠沿着管子跑，这样网线安装的难题顺利得到解决这个案例表明（）。,创新的本质是突破,这种方法缺乏专业性，不符合创新的本质,开辟一个新市场才属于创新,这只是歪打正着，不是真正的创新,,,A,3（中）,5（好）,,,,,,,,,,,,
32,A-A-B-002,B（单选题）,,关于创新的论述，正确的是（）。,创新与继承根本对立,创新就是独立自主,创新是民族进步的灵魂,创新不需要引进国外新技术,,,C,3（中）,5（好）,,,,,,,,,,,,
33,A-A-B-002,B（单选题）,,历涛用1千克面粉，制作并拉出2097152根面条，累计长度为2852千米，相当于从北京到新疆哈密市的距离历涛拉出的面条细如丝，根根不断，一个针眼可穿人18根面条，这个案例表现了（）。的职业道德模范,严于律己,探索创新,技艺精湛,执行工艺,,,C,3（中）,5（好）,,,,,,,,,,,,
34,A-A-B-002,B（单选题）,,《庄子》中记载的庖丁解牛的故事体现了（）。的职业道德模范,技艺精湛,精益求精,专心致志,执行工艺,,,B,3（中）,5（好）,,,,,,,,,,,,
35,A-A-B-002,C（判断题）,,我国著名画家齐白石，1955年荣获国际和平奖他创作的作品深受世界人民欢迎，赢得高度评价他在艺术创作的道路上，几十年如一日，勤奋不懈，即使在八十岁高龄时，还每日坚持挥毫作画这个案例体现了勤学苦练、精益求精的职业道德模范。（）,正确,错误,,,,,A,3（中）,5（好）,,,,,,,,,,,,
36,A-A-B-002,C（判断题）,,开拓创新最重要的是注重创新的方法，其余是次要的。（）,正确,错误,,,,,B,2（易）,5（好）,,,,,,,,,,,,
37,A-A-B-003,B（单选题）,,在无人机电池即将耗尽时，应该（）。,继续飞行，直到电池耗尽,寻找最近的地点降落,快速返回起点,缓慢降低高度，寻找安全地点降落,,,D,3（中）,5（好）,,,,,,,,,,,,
38,A-A-B-003,B（单选题）,,为确保安全充电，无人机电池最佳温度范围是（）。,负10°C至50°C,0°C至40°C,5°C至35°C,15°C至30°C,,,D,3（中）,5（好）,,,,,,,,,,,,
39,A-A-B-003,B（单选题）,,在强风条件下，无人机的飞行高度应该控制在（）。以下,100米,200米,300米,400米,,,A,3（中）,5（好）,,,,,,,,,,,,
40,A-A-B-003,B（单选题）,,在飞行中，无人机突然失去GNSS信号，处理方法是（）。,继续飞行，直到找到GNSS信号,立即降落无人机,尝试手动控制无人机,先稳定无人机，再尝试恢复GNSS信号,,,D,3（中）,5（好）,,,,,,,,,,,,
41,A-A-B-003,C（判断题）,,无人机在飞行过程中，突然遇到鸟类，应该缓慢改变飞行方向，避免惊吓鸟类。（）,正确,错误,,,,,A,3（中）,5（好）,,,,,,,,,,,,
42,A-A-B-003,C（判断题）,,在维修无人机时，可使用强酸清洗无人机外壳。（）,正确,错误,,,,,B,3（中）,5（好）,,,,,,,,,,,,
43,A-A-B-004,B（单选题）,,在使用生产设备时，不符合规程的是（）。,遵守工艺流程,穿戴防护装备,超负荷运转设备,定期维护保养,,,C,3（中）,5（好）,,,,,,,,,,,,
44,A-A-B-004,B（单选题）,,在生产过程中，如果发现设备异常，做法正确的是（）。,立即停机检查,继续使用直到故障发生,自行拆卸设备进行修理,忽略异常继续工作,,,A,3（中）,5（好）,,,,,,,,,,,,
45,A-A-B-004,B（单选题）,,设备维护规程中的“五定”原则通常包括（）。,定时、定点、定量、定质、定人,定时、定位、定量、定质、定法,定人、定时、定位、定量、定质,定人、定时、定位、定量、定法,,,A,3（中）,5（好）,,,,,,,,,,,,
46,A-A-B-004,B（单选题）,,（）。步骤直接影响到产品的最终质量,原材料采购,产品设计,工艺执行,品质检验,,,C,3（中）,5（好）,,,,,,,,,,,,
47,A-A-B-004,C（判断题）,,执行工艺的优化通常需要考虑成本、时间、人力、资源、质量、效率等综合因素。（）,正确,错误,,,,,A,3（中）,5（好）,,,,,,,,,,,,
48,A-A-B-004,C（判断题）,,执行工艺中的"工艺参数"主要是材料种类、设备型号两项。（）,正确,错误,,,,,B,3（中）,5（好）,,,,,,,,,,,,
49,A-A-B-005,B（单选题）,,《吕氏春秋》中讲到，“万人操弓，共射一招，招无不中”，这说明了（）。,“宝剑锋自磨砺出，梅花香自苦寒来”,“小胜靠智，大胜靠德”,“一双筷子容易折，十双筷子断就难’,“成由勤俭败由奢”,,,C,3（中）,5（好）,,,,,,,,,,,,
50,A-A-B-005,B（单选题）,,“单丝不成线，独木不成林”说明了（）。,要勇于坚持真理,要正确处理个人与集体的关系，注重集体力量,做事要更公平公正,要发扬勤劳节俭的优良传统,,,B,3（中）,5（好）,,,,,,,,,,,,
51,A-A-B-005,B（单选题）,,“舟必漏而后人水，石必湿而后苔生”说明（）。,要努力实现自身的社会价值,个人品德修养要从细微处严格要求自己，对不好的品行要防微杜渐,要积极向前人学习,要正确处理公与私之间的关系,,,B,5（难）,5（好）,,,,,,,,,,,,
52,A-A-B-005,B（单选题）,,符合“慎独”道德规范的是（）。,夜以继日，废寝忘食,精忠报国，反对侵略,修身为本，严于律已,立志勤学，持之以恒,,,C,3（中）,5（好）,,,,,,,,,,,,
53,A-A-B-005,C（判断题）,,“慎独”就是在无人监督的情况下，也要坚持自己的内心真诚、光明磊落的道德信念，不做不道德的事情。（）,正确,错误,,,,,A,3（中）,5（好）,,,,,,,,,,,,
54,A-A-B-005,C（判断题）,,团结同事首先要坦诚待人、热情忍让、宽厚仁慈，同时重点考虑本部门及个人利益。（）,正确,错误,,,,,B,3（中）,5（好）,,,,,,,,,,,,
55,A-A-B-006,B（单选题）,,文明生产的核心价值之一是可持续性，这意味着（）。,生产过程不能消耗自然资源,生产过程不能产生废弃物,生产过程要尽可能减少对环境的影响,生产过程要保护野生动物,,,C,3（中）,5（好）,,,,,,,,,,,,
56,A-A-B-006,B（单选题）,,在包装材料的选择上，（）。选择更符合环保理念,可降解材料,可回收材料,少量包装,使用可重复使用的包装,,,A,3（中）,5（好）,,,,,,,,,,,,
57,A-A-B-006,B（单选题）,,在公共场所吸烟且不听从劝阻，这主要违背了（）。,治安管理规定,消防安全规定,公共场所禁烟规定,城市管理规定,,,C,3（中）,4（较好）,,,,,,,,,,,,
58,A-A-B-006,B（单选题）,,企业通过（）。处理生产废料以实现资源的最大化利用,分类回收,循环利用,转售给专业回收公司,直接填埋或焚烧,,,B,3（中）,5（好）,,,,,,,,,,,,
59,A-A-B-006,C（判断题）,,环境保护坚持保护优先、预防为主、综合治理、公众参与、损害担责的原则。（）,正确,错误,,,,,A,3（中）,5（好）,,,,,,,,,,,,
60,A-A-B-006,C（判断题）,,绿色工厂是指原料无害化、生产洁净化、废物资源化、能源低碳化的企业，是绿色制造核心实施单元，对用地集约率没有要求。（）,正确,错误,,,,,B,3（中）,5（好）,,,,,,,,,,,,
61,A-B-A-001,B（单选题）,,不是无人机特点的是（）。,无人驾驶,远程控制,超快速飞行,可执行任务,,,B,3（中）,5（好）,,,,,,,,,,,,
62,A-B-A-001,B（单选题）,,无人机（UAV）的定义是（）。,一种由人类远程控制的飞行器,利用无线电遥控设备和自备的程序控制装置操纵的不载人飞行器,利用无线电遥控设备操纵的快速飞行的不载人飞行器,利用自备的程序控制装置操纵的快速飞行的不载人飞行器,,,B,3（中）,4（较好）,,,,,,,,,,,,
63,A-B-A-001,B（单选题）,,不是无人机特点的是（）。,体积小,造价高,机动性好,使用方便,,,B,3（中）,5（好）,,,,,,,,,,,,
64,A-B-A-001,B（单选题）,,无人机是利用（）。设备和自备的程序控制装置操纵的不载人飞机,遥控,导航,飞行,通讯,,,A,3（中）,5（好）,,,,,,,,,,,,
65,A-B-A-001,C（判断题）,,无人机是完全不需要人工干预就能自主飞行的飞行器。（）,正确,错误,,,,,B,3（中）,5（好）,,,,,,,,,,,,
66,A-B-A-001,C（判断题）,,无人机的飞行原理和有人驾驶飞机的飞行原理完全不同。（）,正确,错误,,,,,B,3（中）,5（好）,,,,,,,,,,,,
67,A-B-A-002,B（单选题）,,（）。不是无人机系统必备的组成部分,飞行器,传感器,数据处理设备,操作员,,,D,3（中）,5（好）,,,,,,,,,,,,
68,A-B-A-002,B（单选题）,,无人机系统中，（）。部分主要负责飞行控制、导航与自主飞行能力的实现,飞行平台,任务载荷,飞控系统,数据链系统,,,C,3（中）,4（较好）,,,,,,,,,,,,
69,A-B-A-002,B（单选题）,,无人机系统中，负责提供升力和推进力的部分是（）。,机翼,发动机,螺旋桨,电池,,,C,3（中）,5（好）,,,,,,,,,,,,
70,A-B-A-002,B（单选题）,,相比于人的大脑，无人机的'大脑'指的是（）。,机身,传感器,飞行控制系统,电机,,,C,3（中）,5（好）,,,,,,,,,,,,
71,A-B-A-002,C（判断题）,,无人机系统只包括无人机本身，不包括地面控制站等部分。（）,正确,错误,,,,,B,3（中）,5（好）,,,,,,,,,,,,
72,A-B-A-002,C（判断题）,,无人机系统中的数据链路主要用于传输无人机的位置信息。（）,正确,错误,,,,,B,3（中）,5（好）,,,,,,,,,,,,
73,A-B-A-003,B（单选题）,,（）。不是用于无人机模拟飞行的软件,MicrosoftFlightSimulator,凤凰模拟器,DroneRacer:FlyStuntSimulator,RealFlightG7,,,A,3（中）,5（好）,,,,,,,,,,,,
74,A-B-A-003,B（单选题）,,哪种操作系统通常对无人机模拟飞行软件兼容性最好（）。,Windows,macOS,Linux,ChromeOS,,,A,3（中）,5（好）,,,,,,,,,,,,
75,A-B-A-003,B（单选题）,,"在安装无人机模拟飞行软件时，首先应该做的是（）。
",插入加密狗（如果有）,检查系统配置是否满足要求,下载软件安装包,创建软件快捷方式,,,B,3（中）,5（好）,,,,,,,,,,,,
76,A-B-A-003,B（单选题）,,使用无人机模拟飞行软件时，（）。不是基本操作,起飞和降落,悬停控制,飞行环境设置,物理引擎调整,,,D,3（中）,5（好）,,,,,,,,,,,,
77,A-B-A-003,C（判断题）,,安装无人机模拟飞行软件之前，需要确保计算机的硬件配置符合该软件的最低要求。（）,正确,错误,,,,,A,3（中）,5（好）,,,,,,,,,,,,
78,A-B-A-003,C（判断题）,,所有无人机模拟飞行软件都需要连接到互联网才能运行。（）,正确,错误,,,,,B,3（中）,5（好）,,,,,,,,,,,,
79,A-B-A-004,B（单选题）,,多旋翼无人机模拟飞行训练时飞行姿态的改变是通过调整（）。来实现,改变电机转速,改变螺旋桨桨距,改变桨叶角度,改变电机大小,,,A,3（中）,5（好）,,,,,,,,,,,,
80,A-B-A-004,B（单选题）,,在多旋翼无人机模拟飞行软件中，用于起飞的操作是（）。,向下推动油门杆,向上推动油门杆,向左推动方向杆,向右推动方向杆,,,B,3（中）,5（好）,,,,,,,,,,,,
81,A-B-A-004,B（单选题）,,在多旋翼无人机模拟飞行中，用于下降的操作是（）。,向下推动油门杆,向上推动油门杆,向左推动方向杆,向右推动方向杆,,,A,3（中）,5（好）,,,,,,,,,,,,
82,A-B-A-004,B（单选题）,,在模拟飞行中，无人机的悬停通常需要调整（）。控制杆,油门杆,俯仰杆,横滚杆,偏航杆,,,A,3（中）,5（好）,,,,,,,,,,,,
83,A-B-A-004,C（判断题）,,多旋翼无人机模拟飞行训练可以完全替代实际飞行训练。（）,正确,错误,,,,,B,3（中）,5（好）,,,,,,,,,,,,
84,A-B-A-004,C（判断题）,,在模拟飞行训练中，学员可以练习无人机的起飞、悬停、降落和基本飞行操作。（）,正确,错误,,,,,A,3（中）,5（好）,,,,,,,,,,,,
85,A-B-A-005,B（单选题）,,固定翼无人机模拟飞行时依靠（）。调整飞行高度,改变发动机功率,改变螺旋桨转速,使用升降舵,使用副翼和方向舵,,,C,3（中）,5（好）,,,,,,,,,,,,
86,A-B-A-005,B（单选题）,,固定翼无人机模拟飞行时依靠（）。调整飞行方向,改变发动机功率,改变螺旋桨转速,使用升降舵,使用副翼和方向舵,,,D,3（中）,5（好）,,,,,,,,,,,,
87,A-B-A-005,B（单选题）,,固定翼无人机模拟飞行五边航线的第一边是（）。,离场边,下风边,基地边,上风边,,,A,3（中）,5（好）,,,,,,,,,,,,
88,A-B-A-005,B（单选题）,,固定翼无人机五边航线的每一边飞行过程中，主要的姿态控制由（）。完成,升降舵和方向舵,副翼和升降舵,副翼、升降舵和方向舵协同,副翼和方向舵,,,C,3（中）,5（好）,,,,,,,,,,,,
89,A-B-A-005,C（判断题）,,固定翼无人机模拟飞行训练时，速度越快越好，因为这样能更快完成训练任务。（）,正确,错误,,,,,B,3（中）,5（好）,,,,,,,,,,,,
90,A-B-A-005,C（判断题）,,通过固定翼无人机模拟飞行训练，可以提高飞行员在实际飞行中的应急处理能力。（）,正确,错误,,,,,A,3（中）,5（好）,,,,,,,,,,,,
91,A-B-A-006,B（单选题）,,大气的最外层是（）。,对流层,平流层,热层,散逸层,,,D,3（中）,5（好）,,,,,,,,,,,,
92,A-B-A-006,B（单选题）,,大气中含量最多的气体是（）。,氧气,氮气,二氧化碳,氩气,,,B,3（中）,5（好）,,,,,,,,,,,,
93,A-B-A-006,B（单选题）,,标准大气规定海平面的气温是（）。,0℃,15℃,20℃,25℃,,,B,3（中）,5（好）,,,,,,,,,,,,
94,A-B-A-006,B（单选题）,,在标准大气中，海平面上的大气压是（）。,900hPa,1013.25hPa,1050hPa,1100hPa,,,B,3（中）,5（好）,,,,,,,,,,,,
95,A-B-A-006,C（判断题）,,大气的主要成分是氮气和氧气，它们分别占大气体积的大约78%和21%。（）,正确,错误,,,,,A,3（中）,5（好）,,,,,,,,,,,,
96,A-B-A-006,C（判断题）,,大气的温度随着高度的增加而逐渐升高，这种变化主要发生在对流层。（）,正确,错误,,,,,B,3（中）,5（好）,,,,,,,,,,,,
97,A-B-A-007,B（单选题）,,（）。是最基本的气象要素之一,能见度,云量,气温,日照时数,,,C,3（中）,5（好）,,,,,,,,,,,,
98,A-B-A-007,B（单选题）,,（）。气象要素主要反映大气的干湿程度,风速,相对湿度,气压,降水,,,B,3（中）,5（好）,,,,,,,,,,,,
99,A-B-A-007,B（单选题）,,气象观测中，用来衡量空气冷热程度的要素是（）。,露点温度,体感温度,气温,地温,,,C,3（中）,5（好）,,,,,,,,,,,,
100,A-B-A-007,B（单选题）,,素通常用百帕（hPa）作为单位的气象要是（）。,风速,气温,气压,湿度,,,C,5（难）,5（好）,,,,,,,,,,,,
101,A-B-A-007,C（判断题）,,气温、气压、湿度和风速都是气象中的基本要素。（）,正确,错误,,,,,A,2（易）,5（好）,,,,,,,,,,,,
102,A-B-A-007,C（判断题）,,在气象学中，露点温度是指空气中的水汽达到饱和并开始凝结成水滴的温度。（）,正确,错误,,,,,A,2（易）,5（好）,,,,,,,,,,,,
103,A-B-A-008,B（单选题）,,气象参数对飞行影响最大的是（）。,温度,湿度,风速,气压,,,C,2（易）,5（好）,,,,,,,,,,,,
104,A-B-A-008,B（单选题）,,（）。不属于影响飞机起降的主要气象因素,风速和风向,空气的密度,大气压力,空中的水汽含量,,,D,2（易）,5（好）,,,,,,,,,,,,
105,A-B-A-008,B（单选题）,,如果无人机在飞行过程中遭遇雷暴，应该（）。,继续飞行,尝试降落,返回起点,增加高度,,,B,2（易）,5（好）,,,,,,,,,,,,
106,A-B-A-008,B（单选题）,,无人机飞行的最佳天气条件是（）。,多云且有雾,晴朗且微风,高温且多湿,阴天且有小雨,,,B,2（易）,5（好）,,,,,,,,,,,,
107,A-B-A-008,C（判断题）,,降水只会影响飞机的能见度，对飞机的其他性能没有影响。（）,正确,错误,,,,,B,3（中）,5（好）,,,,,,,,,,,,
108,A-B-A-008,C（判断题）,,顺风飞行时，风速越大对飞行越有利。（）,正确,错误,,,,,B,2（易）,5（好）,,,,,,,,,,,,
109,A-B-A-009,B（单选题）,,雷暴天气对无人机飞行的主要威胁是（）。,能见度降低,强风和雷电,动力效率下降,通讯中断,,,B,3（中）,5（好）,,,,,,,,,,,,
110,A-B-A-009,B（单选题）,,低空风切变是指在短时间内风速和风向的急剧变化，这对无人机飞行的影响主要是（）。,导航困难,能源消耗增加,控制难度加大，可能导致失控,发动机或电机过热,,,C,3（中）,5（好）,,,,,,,,,,,,
111,A-B-A-009,B（单选题）,,无人机在（）。天气现象中飞行，机身容易出现抖动和不稳定的飞行状态,沙尘天气,高湿度天气,顺风飞行,轻雾天气,,,A,3（中）,5（好）,,,,,,,,,,,,
112,A-B-A-009,B（单选题）,,（）。会导致无人机的电池续航能力急剧下降,低温天气,小雪天气,轻度雾霾天气,微风天气,,,A,3（中）,5（好）,,,,,,,,,,,,
113,A-B-A-009,C（判断题）,,飞机积冰主要发生在含有过冷水滴的云层中。（）,正确,错误,,,,,A,3（中）,5（好）,,,,,,,,,,,,
114,A-B-A-009,C（判断题）,,高空激流通常出现在对流层顶部或平流层底部，对飞行影响较小。（）,正确,错误,,,,,B,3（中）,5（好）,,,,,,,,,,,,
115,A-B-A-010,B（单选题）,,理想气体状态方程PV=nRT中的R代表（）。,气体的密度,气体常数,气体的压力,气体的体积,,,B,3（中）,5（好）,,,,,,,,,,,,
116,A-B-A-010,B（单选题）,,大气的粘性主要是由于（）。,大气分子的不规则热运动和相互碰撞,大气中的杂质颗粒,地球引力对大气分子的作用,太阳辐射对大气的影响,,,A,3（中）,5（好）,,,,,,,,,,,,
117,A-B-A-010,B（单选题）,,大气的低密度特性使得在高海拔地区（）。,声音传播速度更快,飞行器需要更大的升力才能飞行,气压变化对天气影响较小,更容易出现雷电现象,,,B,3（中）,5（好）,,,,,,,,,,,,
118,A-B-A-010,B（单选题）,,理想气体状态方程中，当体积V保持不变时，压力P与温度T的关系是（）。,成正比,成反比,无关,先增加后减少,,,A,3（中）,5（好）,,,,,,,,,,,,
119,A-B-A-010,C（判断题）,,大气在任何情况下都可以被看作是不可压缩流体。（）,正确,错误,,,,,B,3（中）,5（好）,,,,,,,,,,,,
120,A-B-A-010,C（判断题）,,根据基本气态方程，当温度不变时，气体的压力和体积成反比，这一规律在所有大气环境下都严格成立。（）,正确,错误,,,,,B,3（中）,5（好）,,,,,,,,,,,,
121,A-B-A-011,B（单选题）,,根据伯努利原理，流体速度增加时，（）。会减小,温度,密度,压强,粘性,,,C,3（中）,5（好）,,,,,,,,,,,,
122,A-B-A-011,B（单选题）,,升力是如何产生的（）。,通过增加飞机的重量,通过减少飞机的阻力,通过机翼上下表面气流速度的差异,通过增加发动机推力,,,C,3（中）,5（好）,,,,,,,,,,,,
123,A-B-A-011,B（单选题）,,飞行速度对升力的影响是（）。,与飞行速度成正比,与飞行速度的平方成正比,与飞行速度成反比,升力与飞行速度无关,,,B,3（中）,5（好）,,,,,,,,,,,,
124,A-B-A-011,B（单选题）,,升力公式“L=1/2ρV2ClS中的Cl代表（）。,空气密度,飞行速度,机翼面积,升力系数,,,D,3（中）,5（好）,,,,,,,,,,,,
125,A-B-A-011,C（判断题）,,飞机的升力主要来源于机翼上下表面的压力差。（）,正确,错误,,,,,A,2（易）,5（好）,,,,,,,,,,,,
126,A-B-A-011,C（判断题）,,其他条件不变的情况下，增加飞机的速度可以增加升力。（）,正确,错误,,,,,A,3（中）,5（好）,,,,,,,,,,,,
127,A-B-A-012,B（单选题）,,多旋翼无人机在空中悬停主要依靠（）。力来平衡,重力和电磁力,向心力和重力,重力和升力,升力和摩擦力,,,C,3（中）,5（好）,,,,,,,,,,,,
128,A-B-A-012,B（单选题）,,多旋翼无人机通过改变（）。部件的速度来实现上升和下降,机身,起落架,螺旋桨,导航灯,,,C,3（中）,5（好）,,,,,,,,,,,,
129,A-B-A-012,B（单选题）,,多旋翼无人机的方向控制主要依靠（）。传感器来检测旋转运动,陀螺仪校准,气压计,温度传感器,加速度计用于姿态感知,,,A,3（中）,5（好）,,,,,,,,,,,,
130,A-B-A-012,B（单选题）,,多旋翼无人机在没有GPS信号的情况下，通常依靠（）。技术来保持悬停位置,光流传感器,红外传感器,激光雷达和摄像头,声波传感器,,,A,3（中）,5（好）,,,,,,,,,,,,
131,A-B-A-012,C（判断题）,,多旋翼无人机主要依靠改变每个旋翼的转速来实现飞行姿态的控制。（）,正确,错误,,,,,A,3（中）,5（好）,,,,,,,,,,,,
132,A-B-A-012,C（判断题）,,多旋翼无人机在悬停时，所有旋翼的转速是相同的，并且不会发生变化。（）,正确,错误,,,,,B,3（中）,5（好）,,,,,,,,,,,,
133,A-B-A-013,B（单选题）,,固定翼无人机的升力主要来源于机翼物理特性中的（）。,重量,形状,颜色,材质,,,B,3（中）,5（好）,,,,,,,,,,,,
134,A-B-A-013,B（单选题）,,固定翼无人机的前进动力主要来自（）。,副翼的控制力,机翼产生的升力,发动机推力,尾翼控制力,,,C,3（中）,4（较好）,,,,,,,,,,,,
135,A-B-A-013,B（单选题）,,在固定翼无人机飞行中，升降舵控制飞机的（）。,俯仰姿态,滚转姿态,偏航姿态,飞行速度,,,A,2（易）,5（好）,,,,,,,,,,,,
136,A-B-A-013,B（单选题）,,固定翼无人机在飞行中，机翼的迎角与升力的关系是（）。,增加迎角增加升力,减少迎角减少升力,迎角不变，升力不变,迎角与升力无关,,,A,2（易）,5（好）,,,,,,,,,,,,
137,A-B-A-013,C（判断题）,,固定翼无人机是依靠机翼上下表面的压力差产生升力来飞行的，只要机翼形状合适，就能一直保持飞行。（）,正确,错误,,,,,B,3（中）,5（好）,,,,,,,,,,,,
138,A-B-A-013,C（判断题）,,平凸翼翼型固定翼无人机在水平飞行时，机翼上下表面的气流速度是相同的。（）,正确,错误,,,,,B,3（中）,5（好）,,,,,,,,,,,,
139,A-B-A-014,B（单选题）,,无人直升机的升力主要由（）。产生,机身,主旋翼,尾桨,发动机,,,B,3（中）,5（好）,,,,,,,,,,,,
140,A-B-A-014,B（单选题）,,无人直升机的尾桨主要作用是（）。,提供额外升力,控制直升机的俯仰,平衡主旋翼产生的反扭矩,控制直升机的滚转,,,C,3（中）,5（好）,,,,,,,,,,,,
141,A-B-A-014,B（单选题）,,在无人直升机飞行中，要使直升机上升，应该（）。,增大主旋翼的桨距,减小主旋翼的桨距,增大尾桨的桨距,减小尾桨的桨距,,,A,3（中）,5（好）,,,,,,,,,,,,
142,A-B-A-014,B（单选题）,,无人直升机的前进、后退和左右移动主要通过（）。实现,改变旋翼的总距杆位置,改变自动倾斜器的周期变距杆位置,改变尾桨的螺距角,改变旋翼的转速,,,B,3（中）,5（好）,,,,,,,,,,,,
143,A-B-A-014,C（判断题）,,无人直升机依靠旋翼产生升力来飞行。（）,正确,错误,,,,,A,3（中）,5（好）,,,,,,,,,,,,
144,A-B-A-014,C（判断题）,,无人直升机可以实现垂直起降和悬停。（）,正确,错误,,,,,A,3（中）,5（好）,,,,,,,,,,,,
145,A-B-A-015,B（单选题）,,（）。不是无人机通信的主要技术类型,卫星通信,地面站通信,WiFi通信,5G通信,,,C,3（中）,5（好）,,,,,,,,,,,,
146,A-B-A-015,B（单选题）,,无人机通信主要用于长距离、高速度的数据传输的类型是（）。,蓝牙通信,Wi-Fi通信,5G通信,光纤通信,,,C,3（中）,3（中）,,,,,,,,,,,,
147,A-B-A-015,B（单选题）,,（）。通信方式适用于短距离无人机操作,Wi-Fi,卫星通信,光纤通信,5G通信,,,A,3（中）,5（好）,,,,,,,,,,,,
148,A-B-A-015,B（单选题）,,无人机与遥控器之间的通信通常是通过（）。进行的,无线电波,电缆连接,蓝牙,红外线,,,A,3（中）,5（好）,,,,,,,,,,,,
149,A-B-A-015,C（判断题）,,遥控器的频率范围决定了其控制距离。（）,正确,错误,,,,,A,2（易）,5（好）,,,,,,,,,,,,
150,A-B-A-015,C（判断题）,,遥控器的天线长度不影响其控制效果。（）,正确,错误,,,,,B,2（易）,5（好）,,,,,,,,,,,,
151,A-B-A-016,B（单选题）,,在无人机长距离无线数据传输中，（）。参数对于保持稳定的通信链路最为关键,调制方式,发射功率,频率稳定性,数据编码方式,,,C,3（中）,5（好）,,,,,,,,,,,,
152,A-B-A-016,B（单选题）,,（）。可以实现远距离的数据传输的无线数据传输技术,WiFi,Zigbee,LoRa,NFC,,,C,3（中）,5（好）,,,,,,,,,,,,
153,A-B-A-016,B（单选题）,,无人机无线数据传输系统的抗干扰能力主要取决于（）。,发射功率,调制和编码技术,传输频率,传输带宽,,,B,3（中）,5（好）,,,,,,,,,,,,
154,A-B-A-016,B（单选题）,,无线数据传输系统的传输速度通常用（）。来衡量,Mbps(Megabitspersecond),Hz(Hertz),dBm(Decibel-milliwatts),mW(Milliwatts),,,A,3（中）,5（好）,,,,,,,,,,,,
155,A-B-A-016,C（判断题）,,无线数传系统的数据传输速率越高，其传输距离就越远。（）,正确,错误,,,,,B,3（中）,5（好）,,,,,,,,,,,,
156,A-B-A-016,C（判断题）,,在无线数传系统中，只要信号强度足够，就不需要考虑信号干扰问题。（）,正确,错误,,,,,B,3（中）,5（好）,,,,,,,,,,,,
157,A-B-A-017,B（单选题）,,（）。不是无线图像传输系统的常用带宽,20MHz,40MHz,60MHz,80MHz,,,C,3（中）,5（好）,,,,,,,,,,,,
158,A-B-A-017,B（单选题）,,（）。不是无线图像传输系统的常见分辨率,VGA,HD,FHD,UHD,,,A,3（中）,5（好）,,,,,,,,,,,,
159,A-B-A-017,B（单选题）,,无线图像传输系统的分辨率通常指的是（）。,.图像传感器的像素数量,显示屏的显示质量,视频流的清晰度,数据传输速率,,,C,3（中）,5（好）,,,,,,,,,,,,
160,A-B-A-017,B（单选题）,,无线图像传输系统的延迟通常指的是（）。,从摄像头拍摄到显示器显示所需的总时间,数据包在网络中的传输时间,图像压缩和解压缩所需的时间,从摄像头拍摄到存储介质写入所需的时间,,,A,3（中）,5（好）,,,,,,,,,,,,
161,A-B-A-017,C（判断题）,,无线图传系统的图像分辨率越高，其传输所需的带宽就越小。（）,正确,错误,,,,,B,3（中）,5（好）,,,,,,,,,,,,
162,A-B-A-017,C（判断题）,,无线图传系统的帧率越高，观看图像时就越流畅，但所需的数据传输速率也越高。（）,正确,错误,,,,,A,3（中）,5（好）,,,,,,,,,,,,
163,A-B-A-018,B（单选题）,,在GNSS导航系统中，"卫星"的作用是（）。,接收并处理用户的请求,向用户发送导航信息,接收并处理来自地面站的数据,提供精确的位置信息,,,D,3（中）,5（好）,,,,,,,,,,,,
164,A-B-A-018,B（单选题）,,惯性导航系统（INS）不依赖（）。确定位置,外部信号,加速度计,陀螺仪,地图数据库,,,A,3（中）,5（好）,,,,,,,,,,,,
165,A-B-A-018,B（单选题）,,无人机常用的导航方法是（）。,地面站导航,星基导航,卫星导航,惯性导航系统,,,C,3（中）,5（好）,,,,,,,,,,,,
166,A-B-A-018,B（单选题）,,（）。不属于无人机的导航参数,高度,温度,速度,方向,,,B,3（中）,5（好）,,,,,,,,,,,,
167,A-B-A-018,C（判断题）,,GPS（全球定位系统）是唯一的全球卫星导航系统，其他导航系统都有区域限制。（）,正确,错误,,,,,B,3（中）,5（好）,,,,,,,,,,,,
168,A-B-A-018,C（判断题）,,北斗（全球定位系统）是唯一的全球卫星导航系统，其他导航系统都有区域限制。（）,正确,错误,,,,,B,3（中）,5（好）,,,,,,,,,,,,
169,A-B-A-019,B（单选题）,,组合导航系统中常用的传感器不包括（）。,全球导航卫星系统（GNSS）,惯性测量单元（IMU）,激光雷达（LiDAR）,声纳,,,D,3（中）,5（好）,,,,,,,,,,,,
170,A-B-A-019,B（单选题）,,组合导航系统中，如果GNSS信号丢失，系统会（）。,立即停止工作,切换到单一传感器模式,使用INS进行短期定位,发送警报,,,C,3（中）,5（好）,,,,,,,,,,,,
171,A-B-A-019,B（单选题）,,组合导航系统通常是将（）。组合在一起,GPS和惯性导航系统,地磁导航和视觉导航,无线电导航和卫星导航,激光导航和惯性导航系统,,,A,3（中）,5（好）,,,,,,,,,,,,
172,A-B-A-019,B（单选题）,,在组合导航系统中，GNSS可以为惯性导航系统提供（）。,动力支持,初始对准和误差修正,信号干扰保护,备用通信通道,,,B,3（中）,5（好）,,,,,,,,,,,,
173,A-B-A-019,C（判断题）,,组合导航系统通过融合多种导航技术来提高定位精度和可靠性。（）,正确,错误,,,,,A,3（中）,5（好）,,,,,,,,,,,,
174,A-B-A-019,C（判断题）,,组合导航系统无法在室内环境下提供准确的位置信息。（）,正确,错误,,,,,B,3（中）,5（好）,,,,,,,,,,,,
175,A-B-A-020,B（单选题）,,在无人机应用中，GNSS导航系统主要用于（）。,精确确定无人机的位置和飞行轨迹,检测无人机周围的障碍物,控制无人机的飞行姿态,调整无人机的动力输出,,,A,4（较难）,5（好）,,,,,,,,,,,,
176,A-B-A-020,B（单选题）,,无人机在室内飞行时，会发挥主要作用的导航系统是（）。,视觉导航系统,全球导航卫星系统,远程无线电导航系统,惯性导航系统单独使用,,,A,3（中）,5（好）,,,,,,,,,,,,
177,A-B-A-020,B（单选题）,,在无人机导航中，RTK（实时动态定位）技术的主要作用是（）。,提高图像分辨率,提供高精度定位,增加飞行速度,减少电池消耗,,,B,3（中）,5（好）,,,,,,,,,,,,
178,A-B-A-020,B（单选题）,,为了提高无人机导航的精度和可靠性，常采用（）。,单一高精度导航系统,多种导航系统组合,降低导航系统的更新频率,增加导航系统的传感器数量,,,B,5（难）,5（好）,,,,,,,,,,,,
179,A-B-A-020,C（判断题）,,所有无人机都必须配备高精度的卫星导航系统才能飞行。（）,正确,错误,,,,,B,3（中）,5（好）,,,,,,,,,,,,
180,A-B-A-020,C（判断题）,,当无人机在室内飞行时，卫星导航系统完全无法工作，所以室内飞行的无人机不需要任何导航系统。（）,正确,错误,,,,,B,3（中）,5（好）,,,,,,,,,,,,
181,A-B-A-021,B（单选题）,,在无人机测试前的装配过程中，必须采取的安全防护措施是（）。,确保所有螺丝紧固,穿戴防护眼镜,检查电池电量,关闭无人机电源,,,A,3（中）,5（好）,,,,,,,,,,,,
182,A-B-A-021,B（单选题）,,在装配无人机螺旋桨时，为防止手部受伤，应该（）。,佩戴手套,加快装配速度,使用工具强行安装,先安装电机再装螺旋桨,,,A,3（中）,5（好）,,,,,,,,,,,,
183,A-B-A-021,B（单选题）,,在组装无人机时，应避免在（）。环境下进行,干燥的房间,通风良好的室外,潮湿或多尘的地方,温度适宜的室内,,,C,3（中）,5（好）,,,,,,,,,,,,
184,A-B-A-021,B（单选题）,,装配无人机的飞控系统时，为避免静电损坏电子元件，应该（）。,佩戴防静电手环,在潮湿环境下操作,用手触摸元件引脚来放电,增加操作现场的人员走动,,,A,2（易）,5（好）,,,,,,,,,,,,
185,A-B-A-021,C（判断题）,,在进行无人机装配之前，确保所有工具都已检查无误，并放置在易于取用但不会妨碍工作的位置上，这是正确的做法。（）,正确,错误,,,,,A,3（中）,5（较好）,,,,,,,,,,,,
186,A-B-A-021,C（判断题）,,装配无人机时，可以不穿戴任何个人防护装备（如护目镜、手套等），只要小心操作即可。（）,正确,错误,,,,,B,3（中）,5（较好）,,,,,,,,,,,,
187,A-B-A-022,B（单选题）,,在无人机调试过程中，启动电机时，应该（）。,确保螺旋桨安装牢固且周围无人,用手握住螺旋桨检查动力,在人员密集区启动,不检查螺旋桨安装情况直接启动,,,A,3（中）,5（好）,,,,,,,,,,,,
188,A-B-A-022,B（单选题）,,调试无人机飞行姿态时，为防止无人机失控伤人，应该（）。,在开阔、无人的场地进行调试,在室内狭窄空间调试,不设置飞行高度限制,减少对无人机状态的监控,,,A,3（中）,5（好）,,,,,,,,,,,,
189,A-B-A-022,B（单选题）,,调试无人机通信系统时，为避免信号干扰，应该（）。,远离大型电子设备和金属障碍物,将无人机放置在金属盒内,使用多个通信频段同时调试,在强电磁辐射环境下进行,,,A,3（中）,5（好）,,,,,,,,,,,,
190,A-B-A-022,B（单选题）,,在调试无人机的视觉系统时，为保护镜头，应该（）。,避免镜头直接暴露在强光下,用手指触摸镜头检查清晰度,让镜头接触尖锐物体,在沙尘环境下使用,,,A,3（中）,5（好）,,,,,,,,,,,,
191,A-B-A-022,C（判断题）,,在无人机调试过程中，为了确保安全，操作人员无需穿戴任何防护装备。（）,正确,错误,,,,,B,3（中）,5（较好）,,,,,,,,,,,,
192,A-B-A-022,C（判断题）,,调试无人机时，只需确保无人机本身的功能正常，无需检查其与其他设备的兼容性。（）,正确,错误,,,,,B,4（较难）,5（较好）,,,,,,,,,,,,
193,A-B-A-023,B（单选题）,,在无人机测试飞行过程中，为确保飞行安全，（）。措施是必要的,使用高清摄像头进行拍摄,在人口密集区域进行飞行测试,对飞行区域进行充分的空域申请和检查,提高无人机的飞行速度,,,C,3（中）,5（好）,,,,,,,,,,,,
194,A-B-A-023,B（单选题）,,在无人机测试飞行过程中，（）。的行为容易导致飞行器失控,遵守飞行规则并保持与地面的距离,避开高风险区域并保持飞行高度,与他人分享飞行数据并相互监督,长时间高速飞行并穿越密集人群区域,,,D,3（中）,5（好）,,,,,,,,,,,,
195,A-B-A-023,B（单选题）,,在无人机测试飞行中，（）。步骤是必不可少的,选择飞行场地,调整摄像头角度,清洁无人机机身,起飞前的检查,,,D,3（中）,5（好）,,,,,,,,,,,,
196,A-B-A-023,B（单选题）,,无人机测试飞行中，（）。做法是错误的,未经许可就进行测试,确保通讯畅通,事先规划好飞行路线,选择合适的天气条件,,,A,3（中）,5（好）,,,,,,,,,,,,
197,A-B-A-023,C（判断题）,,无人机测试飞行时，操作人员可以边操作无人机边查看手机或其他电子设备。（）,正确,错误,,,,,B,3（中）,5（较好）,,,,,,,,,,,,
198,A-B-A-023,C（判断题）,,为了确保无人机测试飞行的安全，操作人员只需在飞行前对无人机进行检查，飞行过程中无需再进行任何监控。（）,正确,错误,,,,,B,3（中）,5（较好）,,,,,,,,,,,,
199,A-B-A-024,B（单选题）,,无人机飞行过程中，螺旋桨突然停止转动，这属于（）。故障,动力系统故障,飞控系统故障,通信系统故障,导航系统故障,,,A,3（中）,5（好）,,,,,,,,,,,,
200,A-B-A-024,B（单选题）,,不是无人机常见的机械故障的是（）。,螺旋桨损坏,电机过热,GPS信号丢失,结构件断裂,,,C,3（中）,5（好）,,,,,,,,,,,,
201,A-B-A-024,B（单选题）,,无人机的传感器故障可能会导致（）。,图像模糊,无法充电,飞行高度不稳定,自动返航失败,,,C,3（中）,5（好）,,,,,,,,,,,,
202,A-B-A-024,B（单选题）,,无人机的通信故障可能会导致（）。,无法接收地面指令,飞行速度加快,摄像头分辨率下降,结构件松动,,,A,3（中）,5（好）,,,,,,,,,,,,
203,A-B-A-024,C（判断题）,,无人机的通信故障通常只与遥控器的硬件问题有关。（）,正确,错误,,,,,B,3（中）,5（较好）,,,,,,,,,,,,
204,A-B-A-024,C（判断题）,,一般情况下，无人机的环境适应性故障主要是由于恶劣天气条件导致的。（）,正确,错误,,,,,A,3（中）,5（较好）,,,,,,,,,,,,
205,A-B-A-025,B（单选题）,,在无人机通信系统故障时，（）。是无效的,检查天线连接,重启通信模块,更换电池,检查周围环境是否有信号干扰,,,C,3（中）,5（好）,,,,,,,,,,,,
206,A-B-A-025,B（单选题）,,无人机通信系统故障导致无法接收遥控指令，首先应该检查（）。,遥控器电池,无人机飞控板,通信模块固件,无人机电池,,,A,3（中）,5（好）,,,,,,,,,,,,
207,A-B-A-025,B（单选题）,,无人机在飞行中失去视频传输，但遥控信号正常，是（）。类型的通信故障,视频链路故障,遥控链路故障,GNSS信号故障,数据链路故障,,,A,3（中）,5（好）,,,,,,,,,,,,
208,A-B-A-025,B（单选题）,,无人机通信系统中，FHSS（跳频扩频）技术主要用于（）。,增加通信距离,减少通信干扰,提高视频质量,增强GPS信号,,,B,3（中）,5（好）,,,,,,,,,,,,
209,A-B-A-025,C（判断题）,,无人机通信系统的故障仅发生在硬件出现问题时。（）,正确,错误,,,,,B,3（中）,5（较好）,,,,,,,,,,,,
210,A-B-A-025,C（判断题）,,通过优化路径规划和避免已知的干扰源，可以有效降低无人机通信故障的发生率。（）,正确,错误,,,,,A,4（较难）,5（较好）,,,,,,,,,,,,
211,A-B-A-026,B（单选题）,,无人机GNSS（全球导航卫星系统）无法定位，首先要检查（）。,GNSS天线是否连接良好,飞控系统的导航算法,电池电量是否充足,周围的磁场环境,,,A,2（易）,5（好）,,,,,,,,,,,,
212,A-B-A-026,B（单选题）,,无人机GNSS信号弱的常见原因是（）。,周围有高大建筑物遮挡,飞行速度过快,搭载设备过重,相机处于拍摄状态,,,A,3（中）,5（好）,,,,,,,,,,,,
213,A-B-A-026,B（单选题）,,无人机GNSS定位出现较大偏差，可能是因为（）。,卫星信号多径效应,螺旋桨产生的电磁干扰,起落架未收起,视觉传感器故障,,,A,3（中）,5（好）,,,,,,,,,,,,
214,A-B-A-026,B（单选题）,,在城市环境中，无人机GNSS故障的概率较高，原因是（）。,电磁干扰较多,空气湿度大,风速变化快,温度过高,,,A,3（中）,5（好）,,,,,,,,,,,,
215,A-B-A-026,C（判断题）,,无人机GNSS出现故障时，无人机将完全无法确定自己的位置。（）,正确,错误,,,,,B,3（中）,5（较好）,,,,,,,,,,,,
216,A-B-A-026,C（判断题）,,使用多频段GNSS接收器能够改善在城市峡谷等复杂环境中的定位准确性。（）,正确,错误,,,,,A,3（中）,5（较好）,,,,,,,,,,,,
217,A-B-A-027,B（单选题）,,无人机飞行中出现姿态摇摆不定的故障，可能是由于（）。,电机转速不平衡,电池电量不足,GNSS信号丢失,通信链路中断,,,A,3（中）,5（好）,,,,,,,,,,,,
218,A-B-A-027,B（单选题）,,无人机在空中突然仰头或低头，可能是（）。出现问题,俯仰通道控制,横滚通道控制,偏航通道控制,油门通道控制,,,A,3（中）,5（好）,,,,,,,,,,,,
219,A-B-A-027,B（单选题）,,无人机飞行姿态出现高频振动，可能是（）。,电机不平衡或螺旋桨损坏,高度传感器故障,通信系统受到干扰,GNSS系统不稳定,,,A,3（中）,5（好）,,,,,,,,,,,,
220,A-B-A-027,B（单选题）,,为了防止飞行姿态故障，无人机操作员应该定期进行（）。,软件更新,硬件清洁和维护,飞行路线规划,飞行速度测试,,,B,3（中）,5（好）,,,,,,,,,,,,
221,A-B-A-027,C（判断题）,,无人机飞行姿态故障不会影响其导航系统的准确性。（）,正确,错误,,,,,B,3（中）,5（较好）,,,,,,,,,,,,
222,A-B-A-027,C（判断题）,,定期维护和检查无人机的传感器和飞行控制系统能够有效预防飞行姿态故障。（）,正确,错误,,,,,A,4（较难）,5（较好）,,,,,,,,,,,,
223,A-B-A-028,B（单选题）,,多旋翼无人机起飞时桨叶旋转但无法离地，可能是因为（）。,螺旋桨转速不够,飞控系统软件更新,通信系统繁忙,视觉系统未启动,,,A,3（中）,5（好）,,,,,,,,,,,,
224,A-B-A-028,B（单选题）,,无人机起飞离地几秒钟后迅速下降，可能是（）。,电池电量过低，无法维持飞行高度,起飞场地有斜坡,飞控系统的高度锁定功能开启,螺旋桨长度过长,,,A,3（中）,5（好）,,,,,,,,,,,,
225,A-B-A-028,B（单选题）,,固定翼无人机降落时偏出跑道，可能是因为（）。,降落时风向改变,起落架轮胎损坏,相机在降落时拍摄,飞控系统重启,,,A,3（中）,5（好）,,,,,,,,,,,,
226,A-B-A-028,B（单选题）,,在寒冷环境下，无人机起飞困难的原因可能是（）。,电池性能下降导致电量不足,电机过热保护启动,GNSS信号不稳定,摄像头结露影响视线,,,A,3（中）,5（好）,,,,,,,,,,,,
227,A-B-A-028,C（判断题）,,无人机起飞和降落时遇到强风，可能导致其偏离预定位置或造成姿态不稳定。（）,正确,错误,,,,,A,3（中）,5（较好）,,,,,,,,,,,,
228,A-B-A-028,C（判断题）,,即使无人机的传感器和飞行控制系统工作正常，如果起降场地选择不当，也可能导致起飞和降落故障。（）,正确,错误,,,,,A,2（易）,5（较好）,,,,,,,,,,,,
229,A-B-A-029,B（单选题）,,在进行无人机故障检测前，首先需要掌握的是（）。,无人机的品牌与价格,无人机的系统构造及各部件功能,无人机的外观颜色与设计,无人机的飞行速度与高度,,,B,3（中）,5（好）,,,,,,,,,,,,
230,A-B-A-029,B（单选题）,,无人机常见的故障类型中，不包括（）。,电机故障，如转速不稳或停止转动,遥控器信号丢失，无法控制无人机,电池老化，影响续航时间,飞行区域天气变化,,,D,3（中）,5（好）,,,,,,,,,,,,
231,A-B-A-029,B（单选题）,,在识别无人机故障时，应遵循的首要原则是（）。,立即更换故障部件,观察现象，分析原因，逐步排查,忽略小故障，继续飞行,直接咨询制造商获取解决方案,,,B,3（中）,5（好）,,,,,,,,,,,,
232,A-B-A-029,B（单选题）,,常用于无人机故障诊断方法是（）。,盲目拆解无人机寻找问题,使用专业的故障诊断软件和工具,仅凭经验判断，不进行任何测试,忽略故障，继续飞行直到无法工作,,,B,3（中）,5（好）,,,,,,,,,,,,
233,A-B-A-029,C（判断题）,,在无人机中应用机器学习算法能够增强故障预测的能力，使得故障可以在发生之前被检测到。（）,正确,错误,,,,,A,3（中）,5（较好）,,,,,,,,,,,,
234,A-B-A-029,C（判断题）,,无人机故障检测系统仅依赖单一类型的传感器数据即可实现高精度故障诊断。（）,正确,错误,,,,,B,3（中）,5（较好）,,,,,,,,,,,,
235,A-B-A-030,B（单选题）,,无人机在飞行过程中，（）。不属于常见故障类型,电机不转或转速异常,电池电量迅速下降,遥控器信号不稳定,飞行区域风力过大,,,D,3（中）,5（好）,,,,,,,,,,,,
236,A-B-A-030,B（单选题）,,在无人机故障维修中，（）。能有效诊断故障,随意更换疑似故障部件,使用专业的故障诊断工具和系统,仅凭经验判断，不进行专业检测,忽略微小异常，等待故障自行解决,,,B,3（中）,5（好）,,,,,,,,,,,,
237,A-B-A-030,B（单选题）,,进行无人机维修时，（）。不属于必备的维修工具或材料,精密螺丝刀和扳手,专用焊台和焊锡,备用电机和螺旋桨,智能手机和社交媒体应用,,,D,3（中）,5（好）,,,,,,,,,,,,
238,A-B-A-030,B（单选题）,,关于无人机电池的维护与保养，做法是正确的是（）。,长期将电池充满电存放,定期检查电池电量，避免过充或过放,随意更换不同品牌、型号的电池,飞行后立即用冷水冲洗电池以降温,,,B,3（中）,5（好）,,,,,,,,,,,,
239,A-B-A-030,C（判断题）,,无人机故障维修只需要关注硬件故障，软件故障可以忽略。（）,正确,错误,,,,,B,3（中）,5（较好）,,,,,,,,,,,,
240,A-B-A-030,C（判断题）,,在进行无人机故障维修时，遵循制造商提供的维修手册和指南是非常重要的。（）,正确,错误,,,,,A,4（较难）,5（较好）,,,,,,,,,,,,
241,A-B-B-001,B（单选题）,,机械图纸中，视图通常包括（）。基本类型,前视图、右视图、顶视图,正视图、侧视图、底视图,主视图、左视图、俯视图,内视图、外视图、剖视图,,,C,2（易）,5（好）,,,,,,,,,,,,
242,A-B-B-001,B（单选题）,,在机械图纸中，表面粗糙度的标注通常使用（）。符号,三角形,圆形,矩形,椭圆形,,,A,3（中）,5（好）,,,,,,,,,,,,
243,A-B-B-001,B（单选题）,,机械图纸中，尺寸标注的数字后面带有“±0.1”表示（）。,长度为0.1单位,长度误差范围为0.1单位,直径为0.1单位,直径误差范围为0.1单位,,,B,3（中）,5（好）,,,,,,,,,,,,
244,A-B-B-001,B（单选题）,,机械图纸中，（）。符号用来表示零件的中心线,实线,点画线,双点画线,虚线,,,D,3（中）,5（好）,,,,,,,,,,,,
245,A-B-B-001,C（判断题）,,机械图纸上的所有线条都代表实体结构。（）,正确,错误,,,,,B,3（中）,5（较好）,,,,,,,,,,,,
246,A-B-B-001,C（判断题）,,机械图纸必须遵循统一的标准，以确保不同工程师之间的沟通无误。（）,正确,错误,,,,,A,3（中）,5（较好）,,,,,,,,,,,,
247,A-B-B-002,B（单选题）,,在识别无人机三视图时，（）。视图通常用来展示物体的高度和宽度尺寸,任何一个视图,左视图,俯视图,主视图,,,D,3（中）,5（好）,,,,,,,,,,,,
248,A-B-B-002,B（单选题）,,无人机三视图中，（）。视图可以提供物体深度的信息,左视图,主视图,俯视图,任何一个视图,,,A,3（中）,5（好）,,,,,,,,,,,,
249,A-B-B-002,B（单选题）,,在无人机三视图的识别中，（）。视图通常用来展示物体的长度和宽度尺寸,俯视图,主视图,左视图,任何一个视图,,,A,3（中）,5（好）,,,,,,,,,,,,
250,A-B-B-002,B（单选题）,,三视图包括主视图、左视图和俯视图，其中主视图是从（）。方向观察物体得到的视图,物体的前面,物体的左面,物体的上面,物体的右面,,,A,3（中）,5（好）,,,,,,,,,,,,
251,A-B-B-002,C（判断题）,,三视图包括主视图、俯视图和侧视图，这些视图是从三个正交方向投影得到的。（）,正确,错误,,,,,A,3（中）,5（较好）,,,,,,,,,,,,
252,A-B-B-002,C（判断题）,,为了正确解读三视图，必须先理解其中一个视图，然后再将其与其他两个视图结合考虑。（）,正确,错误,,,,,A,3（中）,5（较好）,,,,,,,,,,,,
253,A-B-B-003,B（单选题）,,在无人机机械装配图中，（）。确定部件之间的装配顺序和相对位置,仅依靠部件清单中的序号,通过观察部件的形状和大小,参考装配图中的指示箭头和标注,仅依赖装配图的标题说明,,,C,3（中）,5（好）,,,,,,,,,,,,
254,A-B-B-003,B（单选题）,,在机械装配图中，用于传递运动和动力的部分是（）。,滚动轴承,轴承座,齿轮箱,皮带轮,,,C,3（中）,4（较好）,,,,,,,,,,,,
255,A-B-B-003,B（单选题）,,在阅读无人机机械装配图时，（）。是首先要做的,查看图纸标题栏,分析各个视图,理解组件的功能,标注尺寸和公差,,,A,1（较易）,5（好）,,,,,,,,,,,,
256,A-B-B-003,B（单选题）,,在无人机机械装配图中，（）。提供了有关结构稳定性测试的结果,主视图,结构分析图,加载测试报告,安全标准文件,,,B,2（易）,5（好）,,,,,,,,,,,,
257,A-B-B-003,C（判断题）,,人机机械装配图中的明细栏只列出了零件的名称和数量，其他信息可以从零件图中获取。（）,正确,错误,,,,,B,1（较易）,5（好）,,,,,,,,,,,,
258,A-B-B-003,C（判断题）,,无人机机械装配图中的尺寸公差标注只对加工零件有意义，对装配过程没有影响。（）,正确,错误,,,,,B,2（易）,5（好）,,,,,,,,,,,,
259,A-B-B-004,B（单选题）,,（）。不是属于液压传动系统的组成部分,油泵,油箱,电动机,液压缸,,,C,3（中）,5（好）,,,,,,,,,,,,
260,A-B-B-004,B（单选题）,,制造工件所用的材料，必须具备基本性能有（）。,塑性、韧性、强度、硬度,导电性、磁性、可燃性、导热性,脆性、可燃性、导电性、抗腐蚀性,导电性、磁性、可燃性、导热性,,,A,3（中）,5（好）,,,,,,,,,,,,
261,A-B-B-004,B（单选题）,,（）。材料常用于无人机的桨叶制作,木材,塑料,碳纤维,高强度工业塑料,,,D,2（易）,5（好）,,,,,,,,,,,,
262,A-B-B-004,B（单选题）,,无人机机体通常使用（）。材料以实现轻量化和高强度,铝合金,碳纤维复合材料,不锈钢,木材,,,B,2（易）,5（好）,,,,,,,,,,,,
263,A-B-B-004,C（判断题）,,在无人机机械系统中，金属部件之间的连接只要拧紧就不会出现松动问题。（）,正确,错误,,,,,B,2（易）,5（好）,1,,,,,,,,,,,
264,A-B-B-004,C（判断题）,,无人机的机械结构强度对于保障飞行安全至关重要。（）,正确,错误,,,,,A,2（易）,5（好）,,,,,,,,,,,,
265,A-B-B-005,B（单选题）,,无人机的旋翼通常通过（）。方式与电机连接,焊接,卡扣固定,螺纹连接,磁力吸附,,,C,3（中）,5（好）,,,,,,,,,,,,
266,A-B-B-005,B（单选题）,,无人机的机臂与机身连接通常采用（）。类型的紧固件,螺栓和螺母,焊接,胶水粘合,拉链,,,A,3（中）,5（好）,,,,,,,,,,,,
267,A-B-B-005,B（单选题）,,无人机的电子设备（如飞控板）与结构件之间的连接通常采用（）。方式,机械固定,磁力吸附,粘接,焊接,,,A,2（易）,5（好）,,,,,,,,,,,,
268,A-B-B-005,B（单选题）,,无人机的机械连接中，（）。类型的连接最适合用于承受高扭矩,焊接连接,螺栓连接,铆接连接,胶粘连接,,,B,2（易）,5（好）,,,,,,,,,,,,
269,A-B-B-005,C（判断题）,,在高振动环境下飞行的无人机，其机械连接应该采用更具弹性的连接方式，以减少振动传递。（）,正确,错误,,,,,A,2（易）,5（好）,,,,,,,,,,,,
270,A-B-B-005,C（判断题）,,对于一些对密封要求较高的无人机部件连接，如电池仓的连接，采用密封胶条配合适当的机械连接方式是一种合理的做法。（）,正确,错误,,,,,A,2（易）,5（好）,,,,,,,,,,,,
271,A-B-B-006,B（单选题）,,在无人机的机械传动系统中，（）。材料不适合用于制作传动齿轮,铝合金,不锈钢,尼龙,工程塑料,,,C,3（中）,5（好）,,,,,,,,,,,,
272,A-B-B-006,B（单选题）,,无人机的传动系统中，为了减少齿轮传动的噪音和磨损，通常会在齿轮上添加（）。,润滑油,防锈漆,冷却液,绝缘层,,,A,3（中）,4（较好）,,,,,,,,,,,,
273,A-B-B-006,B（单选题）,,无人机的传动系统中，链条传动相比于齿轮传动的主要优点是（）。,更大的承载能力,更好的适应性，可以用于长距离传动,更高的传动效率,更好的自润滑性能,,,B,3（中）,5（好）,,,,,,,,,,,,
274,A-B-B-006,B（单选题）,,无人机在高速飞行时，为了保持传动系统的稳定性，（）。措施是不必要的,增加传动部件的数量以分散负载,使用高精度的传动部件,定期检查传动部件的磨损情况,保持传动部件的清洁和润滑,,,A,3（中）,5（好）,,,,,,,,,,,,
275,A-B-B-006,C（判断题）,,无人机的机械传动系统越复杂，其动力传递效率越高。（）,正确,错误,,,,,B,2（易）,5（好）,,,,,,,,,,,,
276,A-B-B-006,C（判断题）,,在无人机机械传动中，链条传动的精度比齿轮传动的精度高。（）,正确,错误,,,,,B,2（易）,5（好）,,,,,,,,,,,,
277,A-B-B-007,B（单选题）,,在无人机机械传动系统中，为了提高传动效率，常采用来连接两个轴的方式是（）。,带传动,链传动,齿轮传动,键传动,,,C,3（中）,5（好）,,,,,,,,,,,,
278,A-B-B-007,B（单选题）,,在无人机机械传动系统中，为防止过载，通常会安装（）。,熔断器,制动器,弹簧,安全链,,,A,3（中）,4（较好）,,,,,,,,,,,,
279,A-B-B-007,B（单选题）,,在大型无人机的机械传动系统中，（）。的弹簧通常用于缓冲冲击,螺旋弹簧,盘簧,气囊弹簧,膜片弹簧,,,B,3（中）,5（好）,,,,,,,,,,,,
280,A-B-B-007,B（单选题）,,在大型无人机的机械传动系统中，（）。的轴承最适合承受较大的径向负荷,圆锥滚子轴承,深沟球轴承,角接触球轴承,推力轴承,,,A,3（中）,5（好）,,,,,,,,,,,,
281,A-B-B-007,C（判断题）,,在无人机的机械传动部件中，增加润滑可以提高传动效率，但会增加重量。（）,正确,错误,,,,,A,2（易）,5（好）,,,,,,,,,,,,
282,A-B-B-007,C（判断题）,,在设计无人机机械传动系统时，只要考虑动力传递的功能即可，不需要考虑散热问题。（）,正确,错误,,,,,B,1（较易）,4（较好）,,,,,,,,,,,,
283,A-B-B-008,B（单选题）,,不是常用增强体的物质是（）。,玻璃纤维；,石墨烯；,聚酯树脂；,金属丝,,,C,3（中）,5（好）,,,,,,,,,,,,
284,A-B-B-008,B（单选题）,,碳纤维复合材料与其他传统材料相比，最大的缺点是（）。,生产工艺复杂、成本高；,易燃、易爆；,易变形、寿命短；,化学稳定性差,,,A,3（中）,5（好）,,,,,,,,,,,,
285,A-B-B-008,B（单选题）,,碳纤维复合材料在无人机设计中主要用于（）。部分,机身框架,发动机,电子设备,传感器,,,A,2（易）,5（好）,,,,,,,,,,,,
286,A-B-B-008,B（单选题）,,碳纤维复合材料的一个主要缺点是（）。,成本较高,不易加工,易受湿气影响,导热性能好,,,A,1（较易）,5（好）,,,,,,,,,,,,
287,A-B-B-008,C（判断题）,,碳纤维复合材料是一种良好的导电材料，因为碳纤维本身具有导电性。（）,正确,错误,,,,,A,1（较易）,5（好）,,,,,,,,,,,,
288,A-B-B-008,C（判断题）,,碳纤维复合材料的韧性和碳纤维的韧性一样好，在受到撞击时不会断裂。（）,正确,错误,,,,,B,2（易）,5（好）,,,,,,,,,,,,
289,A-B-B-009,B（单选题）,,木质材料通常具有（）。显著的物理性质,高导电性,高密度与低导热性,优良的透明性,较低的密度和良好的隔热性,,,D,3（中）,5（好）,,,,,,,,,,,,
290,A-B-B-009,B（单选题）,,在力学性能方面，木质材料的一个显著优势是（）。,极高的抗压强度,较差的抗弯强度,优秀的抗拉强度与一定的韧性,极易破碎,,,C,3（中）,5（好）,,,,,,,,,,,,
291,A-B-B-009,B（单选题）,,木质材料因（）。常被用于提升产品的美观性,鲜艳的颜色和光泽,独特的纹理和色泽,平滑的表面触感,强烈的反光效果,,,B,1（较易）,5（好）,,,,,,,,,,,,
292,A-B-B-009,B（单选题）,,木质材料的吸湿性对其有影响的是（）。,吸水后强度显著增加,几乎不吸水，对性能无影响,吸水后易导致尺寸变化和性能下降,吸水性能取决于表面处理,,,C,3（中）,5（好）,,,,,,,,,,,,
293,A-B-B-009,C（判断题）,,木质材料的吸湿性是因为木材会和水发生化学反应，吸收水分。（）,正确,错误,,,,,B,1（较易）,5（好）,,,,,,,,,,,,
294,A-B-B-009,C（判断题）,,木材的细胞结构使其具有一定的吸声性能，可用于减少室内回声。（）,正确,错误,,,,,A,2（易）,5（好）,,,,,,,,,,,,
295,A-B-B-010,B（单选题）,,塑料在制造过程中通常需要添加的物质是（）。,稳定剂,颜料,填充剂,润滑剂,,,B,3（中）,5（好）,,,,,,,,,,,,
296,A-B-B-010,B（单选题）,,塑料的主要缺点是（）。,易变形,不易降解,易老化,易燃易爆,,,B,3（中）,5（好）,,,,,,,,,,,,
297,A-B-B-010,B（单选题）,,塑料相比金属材料的一大优势是（）。,更高的熔点,更强的抗拉强度,更轻的重量,更好的导电性,,,C,2（易）,5（好）,,,,,,,,,,,,
298,A-B-B-010,B（单选题）,,塑料在无人机制造中最常见的应用是（）。,结构框架,电路连接器,电机,螺旋桨叶片,,,D,2（易）,5（好）,,,,,,,,,,,,
299,A-B-B-010,C（判断题）,,注塑成型的无人机塑料零件，其尺寸精度完全由模具决定，与塑料材料本身特性无关。（）,正确,错误,,,,,B,2（易）,5（好）,,,,,,,,,,,,
300,A-B-B-010,C（判断题）,,用于无人机螺旋桨的塑料材料，其硬度越高越好，这样能保证螺旋桨的效率。（）,正确,错误,,,,,B,2（易）,5（好）,,,,,,,,,,,,
301,A-B-B-011,B（单选题）,,玻璃纤维材料因其（）。广泛应用于高温环境,良好的导电性,高耐热性,易燃性,高吸湿性,,,B,3（中）,5（好）,,,,,,,,,,,,
302,A-B-B-011,B（单选题）,,玻璃纤维材料相比金属材料，在（）。下更具优势,强磁场环境,导电性能要求高的场合,腐蚀性介质环境,高压环境,,,C,2（易）,3（中）,,,,,,,,,,,,
303,A-B-B-011,B（单选题）,,玻璃纤维材料常用于增强塑料等复合材料中，主要因（）。,绝缘性好,机械强度高,重量重,吸湿性高,,,B,3（中）,5（好）,,,,,,,,,,,,
304,A-B-B-011,B（单选题）,,在电气工程中，玻璃纤维材料常被用作（）。,导电材料,绝缘材料,磁性材料,半导体材料,,,B,3（中）,5（好）,,,,,,,,,,,,
305,A-B-B-011,C（判断题）,,玻璃纤维在紫外线长时间照射下不会发生性能变化。（）,正确,错误,,,,,B,3（中）,5（好）,,,,,,,,,,,,
306,A-B-B-011,C（判断题）,,玻璃纤维在断裂前不会发生明显的变形，属于脆性材料。（）,正确,错误,,,,,A,2（易）,3（中）,,,,,,,,,,,,
307,A-B-B-012,B（单选题）,,使用螺丝刀时，（）。握持方式是不正确的,用手掌握住螺丝刀的手柄,用拇指和食指捏住螺丝刀的刀柄,用指尖轻触螺丝刀的刀柄,用整个手掌握住螺丝刀的手柄，手指环绕手柄,,,C,3（中）,5（好）,,,,,,,,,,,,
308,A-B-B-012,B（单选题）,,当螺丝刀的刀头磨损或损坏时，（）。做法是正确的,更换新的螺丝刀,使用钳子强行拧动螺丝,用锉刀自行修磨刀头,继续使用，直到完全不能用为止,,,A,3（中）,5（好）,,,,,,,,,,,,
309,A-B-B-012,B（单选题）,,使用螺丝刀拧紧螺丝时，（）。力是不应该施加的,侧向力,旋转力,轴向压力,轴向拉力,,,A,2（易）,5（好）,,,,,,,,,,,,
310,A-B-B-012,B（单选题）,,当螺丝刀无法拧动紧固的螺丝时，（）。做法是正确的,使用合适的润滑油或松动剂，然后轻轻拧动,使用螺丝刀的刀头作为撬棍,使用螺丝刀的刀柄敲击螺丝,用更大的力气强行拧动,,,A,1（较易）,5（好）,,,,,,,,,,,,
311,A-B-B-012,C（判断题）,,可以使用螺丝刀拆卸无人机螺旋桨上的螺丝来更换不同尺寸的螺旋桨，而无需考虑其他因素。（）,正确,错误,,,,,B,1（较易）,5（好）,,,,,,,,,,,,
312,A-B-B-012,C（判断题）,,在调整无人机相机支架螺丝时，不需要对螺丝刀进行任何清洁处理，直接使用即可。（）,正确,错误,,,,,B,1（较易）,5（好）,,,,,,,,,,,,
313,A-B-B-013,B（单选题）,,铝合金在常温下的塑性变形能力较差，因此主要用于制造（）。,压力容器,飞机零件,箱包外壳,建筑门窗,,,D,3（中）,5（好）,,,,,,,,,,,,
314,A-B-B-013,B（单选题）,,适合用于制作厨房用具的铝合金是（）。,铝-镁合金,铝-铜合金,铝-硅合金,铝-锌合金,,,D,3（中）,4（较好）,,,,,,,,,,,,
315,A-B-B-013,B（单选题）,,铝合金在无人机制造中的主要优点是（）。,高强度,重量大,硬度高,维护成本低,,,A,2（易）,5（好）,,,,,,,,,,,,
316,A-B-B-013,B（单选题）,,铝合金在无人机制造中主要用于（）。,机身框架,发动机,电子设备,传感器,,,A,2（易）,5（好）,,,,,,,,,,,,
317,A-B-B-013,C（判断题）,,铝合金的弹性模量比塑料高。（）,正确,错误,,,,,A,2（易）,5（好）,,,,,,,,,,,,
318,A-B-B-013,C（判断题）,,无人机使用铝合金材料主要是因为其密度大，可以增加无人机的稳定性。（）,正确,错误,,,,,B,3（中）,4（较好）,,,,,,,,,,,,
319,A-B-B-014,B（单选题）,,无人机机体结构中，（）。部件不直接参与飞行动力的产生,电机,螺旋桨,电池,机架,,,D,3（中）,5（好）,,,,,,,,,,,,
320,A-B-B-014,B（单选题）,,在多旋翼无人机中，用于保持无人机稳定的部件是（）。,电机,电池,遥控器,飞控系统,,,D,3（中）,4（较好）,,,,,,,,,,,,
321,A-B-B-014,B（单选题）,,在无人机机体结构中，用于传输飞控系统指令的部件是（）。,电调,GPS模块,电机,遥控器,,,A,2（易）,5（好）,,,,,,,,,,,,
322,A-B-B-014,B（单选题）,,无人机机体结构中，用于接收和发送无线信号的部件是（）。,无线图传模块,遥控器,飞控系统,电机,,,A,2（易）,5（好）,,,,,,,,,,,,
323,A-B-B-014,C（判断题）,,无人机的机体结构通常由机身、机翼、动力系统、控制系统和传感器等部分组成。（）,正确,错误,,,,,A,3（中）,5（好）,,,,,,,,,,,,
324,A-B-B-014,C（判断题）,,无人机的机体结构中，控制系统仅包括飞行控制器，不涉及其他飞行器的控制部件。（）,正确,错误,,,,,B,3（中）,4（较好）,,,,,,,,,,,,
325,A-B-B-015,B（单选题）,,无人机动力系统中，电机的主要作用是（）。,提供无人机飞行所需的电力,控制无人机的飞行方向,将电能转化为机械能，驱动螺旋桨旋转,储存无人机所需的能量,,,C,3（中）,5（好）,,,,,,,,,,,,
326,A-B-B-015,B（单选题）,,无人机电机的KV值指的是（）。,电机每伏电压提升带来的每分钟转速的增加量,电机的电压,电机的电流,电机的功率,,,A,2（易）,5（好）,,,,,,,,,,,,
327,A-B-B-015,B（单选题）,,无人机电机的电调（电子调速器）的主要作用是（）。,调节电机的电压,储存电能,转换电能为机械能,根据控制信号调节电动机的转速,,,D,1（较易）,5（好）,,,,,,,,,,,,
328,A-B-B-015,B（单选题）,,无人机电机的外壳内直径和高度通常（）。表示,以毫米为单位，前两位代表直径，后两位代表高度,以英寸为单位，前两位代表直径，后两位代表高度,以毫米为单位，前两位代表高度，后两位代表直径,以英寸为单位，前两位代表高度，后两位代表直径,,,A,2（易）,5（好）,,,,,,,,,,,,
329,A-B-B-015,C（判断题）,,无人机电机的转子部分是负责旋转并驱动螺旋桨产生推力的关键部件。（）,正确,错误,,,,,A,3（中）,5（好）,,,,,,,,,,,,
330,A-B-B-015,C（判断题）,,电调（ESC）是无人机电机机械结构的组成部分，它负责直接产生推力。（）,正确,错误,,,,,B,3（中）,4（较好）,,,,,,,,,,,,
331,A-B-B-016,B（单选题）,,无人机机械装配中，用于校准和调整设备精度的工具是（）。,长度规,角度尺,水平仪,坐标测量机,,,D,2（易）,5（好）,,,,,,,,,,,,
332,A-B-B-016,B（单选题）,,在无人机机械装配中，（）。用于测量角度和弧度的工具,圆规,弧度尺,半圆规,角度尺,,,B,2（易）,5（好）,,,,,,,,,,,,
333,A-B-B-016,B（单选题）,,在无人机的装配过程中为了高效及方便省力，（）。工具被广泛用于拧紧螺丝和螺母,手动扳手,气动扳手,电动扳手,焊枪,,,C,2（易）,5（好）,,,,,,,,,,,,
334,A-B-B-016,B（单选题）,,无人机装配完成后，通常使用（）。进行最终的质量检查,三坐标测量机,微米螺旋测微仪,激光扫描仪,游标卡尺,,,A,2（易）,5（好）,,,,,,,,,,,,
335,A-B-B-016,C（判断题）,,在无人机的装配过程中，使用游标卡尺可以精确测量零部件的外径、内径和深度。（）,正确,错误,,,,,A,3（中）,5（好）,,,,,,,,,,,,
336,A-B-B-016,C（判断题）,,在无人机装配过程中，扭矩扳手用于测量螺栓的长度。（）,正确,错误,,,,,B,3（中）,4（较好）,,,,,,,,,,,,
337,A-B-B-017,B（单选题）,,当使用扭力扳手拧紧螺栓或螺母时，应该（）。,快速、大力地拧紧,缓慢、轻柔地拧紧,慢慢用力，直到感觉到阻力,猛烈地用尽全力拧紧,,,C,3（中）,5（好）,,,,,,,,,,,,
338,A-B-B-017,B（单选题）,,使用扭力扳手时，预设扭矩值是为（）。,为了确保螺栓或螺母不会过紧或过松,为了测量螺栓或螺母的大小,为了确定螺栓或螺母的材质,为了计算所需的力量,,,A,2（易）,5（好）,,,,,,,,,,,,
339,A-B-B-017,B（单选题）,,在使用扭力扳手时，应该先调整到（）。,最小扭矩值,中间扭矩值,预期扭矩值,最大扭矩值,,,D,1（较易）,5（好）,,,,,,,,,,,,
340,A-B-B-017,B（单选题）,,当扭力扳手发出“click”声时代表（）。,已达到预设扭矩值,需要继续施加力量,扭矩值过低,扭矩值过高,,,A,2（易）,5（好）,,,,,,,,,,,,
341,A-B-B-017,C（判断题）,,在使用扭矩扳手时，应尽量用力快速施加，以确保扭矩值准确。（）,正确,错误,,,,,B,3（中）,5（好）,,,,,,,,,,,,
342,A-B-B-017,C（判断题）,,使用扭矩扳手时，设置的扭矩值应该根据制造商的推荐值来调整。（）,正确,错误,,,,,A,2（易）,5（好）,,,,,,,,,,,,
343,A-B-B-018,B（单选题）,,在使用万用表之前，首先应进行（）。操作,直接测量,插入电池,选择合适的量程档位,关机,,,C,3（中）,5（好）,,,,,,,,,,,,
344,A-B-B-018,B（单选题）,,为了确保测量准确，使用万用表前应检查的项目有（）。,电池电量是否充足,直接插入被测电路,无需任何准备,仅选择量程档位,,,A,3（中）,5（好）,,,,,,,,,,,,
345,A-B-B-018,B（单选题）,,使用万用表测量直流电压时，选择档位并连接测试笔说法正确的是（）。,选择交流电压档位，红笔接负极，黑笔接正极,选择直流电压档位，红笔接正极，黑笔接负极,选择电阻档位，测试笔随意连接,选择电流档位，串联接入电路,,,B,3（中）,5（好）,,,,,,,,,,,,
346,A-B-B-018,B（单选题）,,使用万用表测量电阻时，应注意的事项是（）。,测量前无需断开电源,选择合适的电阻档位，测试笔直接接触电阻两端,选择电流档位，串联接入电路,选择电压档位，并联接入电路,,,B,3（中）,5（好）,,,,,,,,,,,,
347,A-B-B-018,C（判断题）,,在使用万用表测量无人机电池电压时，应该先将万用表设置为电流（A）档，再连接电池两端的测试探针。（）,正确,错误,,,,,B,3（中）,5（好）,,,,,,,,,,,,
348,A-B-B-018,C（判断题）,,使用万用表测量无人机电路中的电阻时，应确保电源已经关闭，以避免损坏万用表或电路。（）,正确,错误,,,,,A,2（易）,5（好）,,,,,,,,,,,,
349,A-B-B-019,B（单选题）,,无人机的机械装配中，（）。是最常用工具,刷子,螺丝刀,锤子,热熔枪,,,B,3（中）,4（较好）,,,,,,,,,,,,
350,A-B-B-019,B（单选题）,,在无人机机械装配中，（）。是最常见的连接方式,螺纹连接,焊接连接,胶水粘合,电磁吸力连接,,,A,3（中）,5（好）,,,,,,,,,,,,
351,A-B-B-019,B（单选题）,,在装配多旋翼无人机时，为了确保电机的平衡和对角线上的电机转动方向相反，应采取的措施是（）。,安装电机后，依靠飞控软件调整,仅依靠电机的外观来安装,使用标记或颜色编码来区分电机,仅依靠电机的型号来安装,,,C,2（易）,5（好）,,,,,,,,,,,,
352,A-B-B-019,B（单选题）,,在无人机机械装配中，正确选择螺丝长度的方法是（）。,螺丝长度不重要，只要能拧紧即可,选择长度适中的螺丝以确保紧固,选择尽可能短的螺丝以便于安装,选择尽可能长的螺丝以确保牢固,,,B,1（较易）,5（好）,,,,,,,,,,,,
353,A-B-B-019,C（判断题）,,在无人机机械装配时，所有螺钉都应紧固到位，但要避免过度拧紧，以免损坏框架或电机固定座。（）,正确,错误,,,,,A,3（中）,5（好）,,,,,,,,,,,,
354,A-B-B-019,C（判断题）,,在装配无人机时，电池和电调连接时无需特别注意电池的极性，随便连接即可。（）,正确,错误,,,,,B,2（易）,5（好）,,,,,,,,,,,,
355,A-B-B-020,B（单选题）,,焊接时为了保证无人机操作员的安全，必须设备是（）。,防护手套,安全帽,防护服,面罩,,,D,3（中）,5（好）,,,,,,,,,,,,
356,A-B-B-020,B（单选题）,,可以防止无人机被强风破坏的方法是（）。,加固机体结构,减小旋翼直径,提高飞行速度,增加载重量,,,A,3（中）,5（好）,,,,,,,,,,,,
357,A-B-B-020,B（单选题）,,"大型无人机装配中,对废弃的润滑油进行（）。的做法是正确的",随意倾倒,回收利用,倒入下水道,存放在食品容器中,,,B,1（较易）,5（好）,,,,,,,,,,,,
358,A-B-B-020,B（单选题）,,在大型无人机机械装配过程中，为了防止静电引发火灾，应采取（）。,经常触摸金属物体释放静电,使用非导电垫板,工作服无需特殊材质,定期检查接地线是否完好,,,D,2（易）,5（好）,,,,,,,,,,,,
359,A-B-B-020,C（判断题）,,在进行无人机机械装配时，操作人员应该佩戴安全防护眼镜和手套，以防止螺钉或其他小零件飞溅伤人。（）,正确,错误,,,,,A,3（中）,5（好）,,,,,,,,,,,,
360,A-B-B-020,C（判断题）,,在进行无人机电机和螺旋桨的安装时，应确保电机没有通电，以避免意外启动造成伤害。（）,正确,错误,,,,,A,2（易）,5（好）,,,,,,,,,,,,
361,A-B-C-001,B（单选题）,,（）。是电阻的单位,Ohm(欧姆),Volt(伏特),Ampere(安培),Watt(瓦特),,,A,3（中）,5（好）,,,,,,,,,,,,
362,A-B-C-001,B（单选题）,,（）。是在电子电路中用来控制电流的流动的元件,Resistor(电阻器),Capacitor(电容器),Transistor(晶体管),Inductor(电感器),,,C,3（中）,4（较好）,,,,,,,,,,,,
363,A-B-C-001,B（单选题）,,电容器的作用是（）。,储存电荷,控制电流的流动,改变电压,产生电能,,,A,2（易）,5（好）,,,,,,,,,,,,
364,A-B-C-001,B（单选题）,,电子电路中的“导线”通常用来（）。,控制电流的方向,连接电路组件,产生电能,存储能量,,,B,2（易）,5（好）,,,,,,,,,,,,
365,A-B-C-001,C（判断题）,,在无人机电子电路中，电流的单位是伏特（V）。（）,正确,错误,,,,,B,3（中）,5（好）,,,,,,,,,,,,
366,A-B-C-001,C（判断题）,,无人机电路中的电阻可以通过欧姆定律（V=IR）来计算，其中V表示电压，I表示电流，R表示电阻。（）,正确,错误,,,,,A,3（中）,4（较好）,,,,,,,,,,,,
367,A-B-C-002,B（单选题）,,电容器的基本特性是（）。,存储电能并释放电能,转换电能与热能,放大电流,阻断直流电并允许交流电通过,,,A,3（中）,5（好）,,,,,,,,,,,,
368,A-B-C-002,B（单选题）,,电容器在直流电路中的主要作用是（）。,放大电压,?存储电荷,消耗电能,阻止电流通过,,,B,3（中）,4（较好）,,,,,,,,,,,,
369,A-B-C-002,B（单选题）,,不影响电容器的电容值的因素是（）。,极板间距,极板面积,极板材料,通过电容器的电流大小,,,D,2（易）,5（好）,,,,,,,,,,,,
370,A-B-C-002,B（单选题）,,在交流电路中，与电容器对交流电的阻碍作用有关的因素是（）。,?交流电的频率,电容器的电容值,交流电的电压,交流电的相位,,,A,2（易）,5（好）,,,,,,,,,,,,
371,A-B-C-002,C（判断题）,,电容器能够无限期地存储电荷而不泄漏。（）,正确,错误,,,,,B,3（中）,5（好）,,,,,,,,,,,,
372,A-B-C-002,C（判断题）,,在交流电路中，电容器的阻抗随着交流电频率的增加而减小。（）,正确,错误,,,,,A,3（中）,4（较好）,,,,,,,,,,,,
373,A-B-C-003,B（单选题）,,二极管的核心特性是（）。,双向导电性,单向导电性,恒流特性,恒压特性,,,B,2（易）,5（好）,,,,,,,,,,,,
374,A-B-C-003,B（单选题）,,在正常工作时，二极管的正向电阻与反向电阻相比，两者相比（）。,?正向电阻远大于反向电阻,?两者相等,正向电阻远小于反向电阻,无法确定,,,C,3（中）,5（好）,,,,,,,,,,,,
375,A-B-C-003,B（单选题）,,二极管在反向截止状态下，其主要作用是,放大电流,允许大电流通过,几乎阻断电流,提供稳定的电压输出,,,C,3（中）,5（好）,,,,,,,,,,,,
376,A-B-C-003,B（单选题）,,不影响二极管的导通电压的因素是（）。,二极管的材料,二极管的工作温度,通过二极管的电流大小,二极管的类型（如硅二极管或锗二极管）,,,C,3（中）,5（好）,,,,,,,,,,,,
377,A-B-C-003,C（判断题）,,二极管在正向偏置时，其正向电流随正向电压的增加而线性增加。（）,正确,错误,,,,,B,2（易）,5（好）,,,,,,,,,,,,
378,A-B-C-003,C（判断题）,,二极管可以作为整流器使用，将交流电转换为直流电。（）,正确,错误,,,,,A,3（中）,5（好）,,,,,,,,,,,,
379,A-B-C-004,B（单选题）,,电气原理图中，连接线的交点如果没有特殊标记，则意味着（）。,导线在此处连接,导线在此处断开,导线在此处有特殊要求,导线在此处有附加元件,,,A,3（中）,4（较好）,,,,,,,,,,,,
380,A-B-C-004,B（单选题）,,在电气原理图中，“L1、L2、L3”一般表示（）。,三相交流电的三个相序,三条不同颜色的导线,三个不同的电气元件,三个不同的电流等级,,,A,3（中）,5（好）,,,,,,,,,,,,
381,A-B-C-004,B（单选题）,,在电气原理图中，电路的正极通常用符号（）表示。,+,-,~,*,,,A,2（易）,5（好）,,,,,,,,,,,,
382,A-B-C-004,B（单选题）,,"在电气原理图中，导线的编号“W1,W2,W3”代表了（）。",导线颜色,导线长度,导线截面面积,导线的连接顺序,,,D,2（易）,5（好）,,,,,,,,,,,,
383,A-B-C-004,C（判断题）,,在无人机的电气原理图中，如果一个电阻并联于电源电路中，则它的电阻值会直接影响整个电路的总电流。（）,正确,错误,,,,,A,2（易）,5（好）,,,,,,,,,,,,
384,A-B-C-004,C（判断题）,,在无人机电路的电气图中，二极管的符号通常是一个三角形指向一条线，表示电流只能单方向流动。（）,正确,错误,,,,,A,3（中）,5（好）,,,,,,,,,,,,
385,A-B-C-005,B（单选题）,,气压高度计是利用（）。原理来测量高度的仪器,激光测距,雷达探测,气压变化,立体几何计算,,,C,3（中）,5（好）,,,,,,,,,,,,
386,A-B-C-005,B（单选题）,,随着海拔高度的上升，大气压力（）。变化，这是气压高度计工作的基础原理之一,上升,下降,保持不变,无法确定,,,B,3（中）,3（中）,,,,,,,,,,,,
387,A-B-C-005,B（单选题）,,气压高度计中，（）。部件是感应大气静压力的敏感元件,机械传动机构,真空膜盒,静压导管,指示部件,,,B,4（较难）,5（好）,,,,,,,,,,,,
388,A-B-C-005,B（单选题）,,气压高度计在（）。领域有着广泛的应用,医学诊断,农业灌溉,航空飞行,建筑施工,,,C,3（中）,5（好）,,,,,,,,,,,,
389,A-B-C-005,C（判断题）,,气压高度计的读数可以直接与海平面高度对应，但需要根据当前的温度、气压和天气条件进行修正才能准确计算。（）,正确,错误,,,,,A,3（中）,5（好）,,,,,,,,,,,,
390,A-B-C-005,C（判断题）,,气压高度计通过测量大气压的变化来确定飞行器的高度，因此其读数会随环境气压的变化而波动。（）,正确,错误,,,,,A,3（中）,3（中）,,,,,,,,,,,,
391,A-B-C-006,B（单选题）,,无人机惯性测量单元（IMU）主要用于测量（）。参数,电磁信号强度,气压变化,物体姿态、角速度和加速度,地面高度,,,C,3（中）,5（好）,,,,,,,,,,,,
392,A-B-C-006,B（单选题）,,IMU通过（）。主要组件来实现其功能,磁力计和超声波传感器,陀螺仪和加速度计,激光雷达和摄像头,气压计和温度传感器,,,B,3（中）,5（好）,,,,,,,,,,,,
393,A-B-C-006,B（单选题）,,在无人机应用中，IMU主要用于（）。方面,地图绘制与导航,视频拍摄与传输,姿态控制、导航和定位,环境温度监测,,,C,5（难）,5（好）,,,,,,,,,,,,
394,A-B-C-006,B（单选题）,,IMU相比其他定位技术，其显著特点是（）。,依赖GPS信号,抗干扰能力强，不依赖外界信号,精度随时间累积误差大,无法进行姿态测量,,,B,3（中）,5（好）,,,,,,,,,,,,
395,A-B-C-006,C（判断题）,,惯性测量单元（IMU）通过加速度计、陀螺仪和磁力计的组合来测量无人机的加速度、角速度和航向，但无法直接测量速度和位置。（）,正确,错误,,,,,A,3（中）,5（好）,,,,,,,,,,,,
396,A-B-C-006,C（判断题）,,IMU在长时间使用过程中，由于传感器的累积误差（如零偏和噪声），需要定期进行校准，以避免飞行状态误差的显著增加。（）,正确,错误,,,,,A,3（中）,5（好）,,,,,,,,,,,,
397,A-B-C-007,B（单选题）,,无人机电气系统安装中，用于测量电阻的仪器是（）。,示波器,频率计数器,兆欧表,LCR测量表,,,D,3（中）,5（好）,,,,,,,,,,,,
398,A-B-C-007,B（单选题）,,在无人机电气系统调试过程中，用于测试电机转向和转速的工具是（）。,伺服舵机测试仪,振动检测仪,遥控器,兆欧表,,,A,3（中）,5（好）,,,,,,,,,,,,
399,A-B-C-007,B（单选题）,,无人机电气系统安装中，用于测量电流的仪器是（）。,兆欧表,万用表,示波器,LCR测量表,,,B,3（中）,5（好）,,,,,,,,,,,,
400,A-B-C-007,B（单选题）,,无人机电气系统安装中，用于测量电路板或电线是否导通的工具是（）。,电压表,万用表,功率计,频率计,,,B,2（易）,5（好）,,,,,,,,,,,,
401,A-B-C-007,C（判断题）,,电压表和电流表的接入方式不同：电压表通常串联在电路中，而电流表则应并联接入电路。（）,正确,错误,,,,,B,3（中）,5（好）,,,,,,,,,,,,
402,A-B-C-007,C（判断题）,,在无人机电器系统的安装过程中，使用示波器可以实时观察电路中的电压波形，以便检查信号的质量和干扰情况。（）,正确,错误,,,,,A,3（中）,5（好）,,,,,,,,,,,,
403,A-B-C-008,B（单选题）,,无人机电气系统一般包括（）。三个部分,电源、电缆、接插件,电缆、供电系统、用电设备,电池、电机、电调,电源、配电系统、用电设备,,,D,3（中）,4（较好）,,,,,,,,,,,,
404,A-B-C-008,B（单选题）,,无人机电气系统中，电调（电子调速器）的主要功能是（）。,控制电机转速,存储飞行数据,测量电池电压,传输控制信号,,,A,3（中）,5（好）,,,,,,,,,,,,
405,A-B-C-008,B（单选题）,,无人机电气系统中，（）。部件不直接参与电能的传输,电缆,电机,电池,电调,,,B,2（易）,5（好）,,,,,,,,,,,,
406,A-B-C-008,B（单选题）,,无人机电气系统中，用电设备通常指的是（）。设备,电池和电机,电调和电缆,飞控系统和传感器,螺旋桨和机架,,,C,2（易）,5（好）,,,,,,,,,,,,
407,A-B-C-008,C（判断题）,,无人机电器系统中的电缆通常使用铜线或铝线，而在高频信号传输中，更倾向于使用具有较低介电常数的材料来降低信号衰减。（）,正确,错误,,,,,A,3（中）,4（较好）,,,,,,,,,,,,
408,A-B-C-008,C（判断题）,,在无人机电器系统中，使用镀金连接器可以提高电接触的可靠性，因为镀金层具有良好的导电性和抗腐蚀性。（）,正确,错误,,,,,A,3（中）,5（好）,,,,,,,,,,,,
409,A-B-C-009,B（单选题）,,在无人机电气安装过程中，对于重要的部件或线路，通常需要进行的保护措施是（）。,涂漆,隔离,屏蔽,封装,,,D,3（中）,4（较好）,,,,,,,,,,,,
410,A-B-C-009,B（单选题）,,无人机电气安装时，保证电气系统的稳定性与安全性的做法是（）。,合理布局、选择合适的元器件并确保电气系统接地良好,尽可能多的使用电容和电感进行滤波处理,使用高功率电源供电,在无人区域进行试验,,,A,3（中）,5（好）,,,,,,,,,,,,
411,A-B-C-009,B（单选题）,,在无人机电气安装过程中，（）。对于确保系统的可靠性至关重要,使用尽可能多的电缆连接,高质量的接线端子和插头,电缆的颜色编码,电缆的长度,,,B,2（易）,5（好）,,,,,,,,,,,,
412,A-B-C-009,B（单选题）,,为了减少电磁干扰，无人机的电气布线应该（）。,尽可能密集地布置所有电缆,使用屏蔽电缆并合理布局,使用非屏蔽电缆,不需要特别注意,,,C,2（易）,5（好）,,,,,,,,,,,,
413,A-B-C-009,C（判断题）,,在无人机电气安装过程中，所有电缆的布线必须避免与高温部件直接接触，同时应使用抗干扰性强的屏蔽电缆，以减少电磁干扰。（）,正确,错误,,,,,A,3（中）,4（较好）,,,,,,,,,,,,
414,A-B-C-009,C（判断题）,,无人机电气系统安装时，电缆应使用标准接头和插头进行连接，且插头的接触部分不应暴露在外部环境中，以防止水分和灰尘侵入。（）,正确,错误,,,,,A,3（中）,5（好）,,,,,,,,,,,,
415,A-B-C-010,B（单选题）,,在进行无人机电气安装时，（）。措施是确保电源线路安全的关键步骤,仅使用标准电源线并随意接线,仔细检查电源线绝缘层是否有破损,直接将电源线焊接到电路板上,忽略电源线布局，以方便安装为主,,,B,3（中）,5（好）,,,,,,,,,,,,
416,A-B-C-010,B（单选题）,,在安装无人机的电池管理系统时，（）。处理电池之间的连接,直接用导线将电池串联起来,使用电池管理模块进行连接,使用电烙铁焊接电池,使用插头连接电池,,,B,3（中）,3（中）,,,,,,,,,,,,
417,A-B-C-010,B（单选题）,,在无人机电气安装中，（）。有助于防止电路短路,使用过长的电缆并缠绕在一起,使用合适的线束管理技术,使用尽可能多的连接器,安装尽可能多的电子设备,,,B,3（中）,5（好）,,,,,,,,,,,,
418,A-B-C-010,B（单选题）,,无人机电气系统中，对电缆进行标记是为了（）。,使外观更美观,方便未来的故障排除和维护,增加电缆的重量,减少电缆的灵活性,,,B,2（易）,5（好）,,,,,,,,,,,,
419,A-B-C-010,C（判断题）,,无人机电气系统中的接地系统安装时，所有接地线应确保直接连接至机身金属部分，并避免使用塑料和非导电材料作为接地线。（）,正确,错误,,,,,A,3（中）,5（好）,,,,,,,,,,,,
420,A-B-C-010,C（判断题）,,在无人机电气系统的安装过程中，为了提高系统的可靠性，所有的电气元件应当通过快速连接器进行安装，这样便于后期的检修和更换。（）,正确,错误,,,,,B,3（中）,3（中）,,,,,,,,,,,,
421,A-B-C-011,B（单选题）,,为了保证无人机电气系统的安全性，（）。的步骤是必要的,定期检查电线是否有磨损或损坏,在电池电量充足时进行飞行,使用非原装充电器为电池充电,将多台无人机的电源线连接在一起,,,A,3（中）,5（好）,,,,,,,,,,,,
422,A-B-C-011,B（单选题）,,（）。的行为可能会导致无人机电气系统的接触不良,清洁无人机的电路板,更换电池时使用正确的工具,将无人机暴露在潮湿的环境中,将电源线连接到正确的插头,,,C,3（中）,5（好）,,,,,,,,,,,,
423,A-B-C-011,B（单选题）,,无人机电气系统中使用绝缘胶带是为了（）。,仅为了美观,防止电线磨损和短路,增加系统的复杂性,减少信号干扰,,,B,3（中）,5（好）,,,,,,,,,,,,
424,A-B-C-011,B（单选题）,,在无人机电气系统中安装保险丝或断路器的主要目的是（）。,增加系统的复杂性,提高传输距离,保护电路免受过载,减少信号干扰,,,C,3（中）,5（好）,,,,,,,,,,,,
425,A-B-C-011,C（判断题）,,在无人机电气系统的安装过程中，为了防止电气短路，所有电缆应使用合适的电缆保护套管，且在安装过程中应避免电缆受拉或压迫。（）,正确,错误,,,,,A,3（中）,5（好）,,,,,,,,,,,,
426,A-B-C-011,C（判断题）,,为了提高无人机电气系统的安全性，所有电气元件应当使用过载保护器，以防止电流过大引起设备损坏或火灾。（）,正确,错误,,,,,A,3（中）,5（好）,,,,,,,,,,,,
427,A-B-C-012,B（单选题）,,如果在无人机飞行中电池电量突然耗尽，（）。应急措施是正确的,立即关闭所有非关键系统以节省电力,尝试重启无人机的电气系统,立即进行紧急降落,继续飞行直到找到安全着陆点,,,C,3（中）,5（好）,,,,,,,,,,,,
428,A-B-C-012,B（单选题）,,无人机在飞行中失去动力时，应采取的应急措施包括（）。,切换到备用电源,立即执行紧急程序，包括可能的紧急着陆,尝试重新启动电机,增加电机的供电电压,,,B,3（中）,5（好）,,,,,,,,,,,,
429,A-B-C-012,B（单选题）,,如果在无人机电气系统维护中发现电调（电子调速器）过热，应（）。,继续使用，直到出现故障,使用水冷却电调,立即停止使用并检查散热系统,增加电压以提高散热效率,,,C,5（难）,5（好）,,,,,,,,,,,,
430,A-B-C-012,B（单选题）,,发现无人机电机在启动时发出异常噪音，应采取的应急措施是（）。,继续飞行，噪音可能很快消失,停止电机，检查电机和螺旋桨,增加电机供电电压以克服噪音,减少电机供电电压以克服噪音,,,B,3（中）,5（好）,,,,,,,,,,,,
431,A-B-C-012,C（判断题）,,若在无人机电气系统安装后，出现系统电压不稳定的问题，应首先检查所有电气接头的连接是否紧固，必要时进行重新连接，并避免直接接触高压电气部件。（）,正确,错误,,,,,A,3（中）,5（好）,,,,,,,,,,,,
432,A-B-C-012,C（判断题）,,在无人机电气安装过程中，如果发现电池连接出现异常（如电池过热或电流异常），应立即断开电池电源并进行冷却处理，以避免电池发生危险。（）,正确,错误,,,,,A,3（中）,5（好）,,,,,,,,,,,,
433,A-B-D-001,B（单选题）,,计算机终端设备通常由（）。部分组成,显示器、键盘、鼠标、处理器、接口连接设备,显示器、打印机、扫描仪、路由器,键盘、音响、麦克风、摄像头,处理器、内存、硬盘、显卡,,,A,3（中）,5（好）,,,,,,,,,,,,
434,A-B-D-001,B（单选题）,,在计算机终端设备中，显示器的作用是（）。,存储数据,运算数据,输入数据,输出数据,,,D,3（中）,5（好）,,,,,,,,,,,,
435,A-B-D-001,B（单选题）,,在计算机终端设备中，负责处理和控制数据的是（）。,中央处理器（CPU）,存储设备,输入设备,输出设备,,,A,3（中）,5（好）,,,,,,,,,,,,
436,A-B-D-001,B（单选题）,,计算机终端设备中的存储设备是用来做（）。,存储数据和程序,处理数据,控制数据传输,输入和输出数据,,,A,3（中）,5（好）,,,,,,,,,,,,
437,A-B-D-001,C（判断题）,,无人机的计算机终端设备中，网络接口主要用于实现与无人机其他模块（如飞行控制器、传感器等）之间的数据交换与通信，而不涉及与地面站的通信。（）,正确,错误,,,,,B,3（中）,5（好）,,,,,,,,,,,,
438,A-B-D-001,C（判断题）,,无人机计算机终端设备的组成通常包括中央处理单元（CPU）、内存、显示器、输入设备（如键盘和鼠标）以及网络接口，用于飞行控制系统的数据处理与交互。（）,正确,错误,,,,,A,3（中）,5（好）,,,,,,,,,,,,
439,A-B-D-002,B（单选题）,,计算机操作系统的主要功能不包括（）。,管理计算机硬件资源,提供用户界面,编写应用程序,管理文件和目录,,,A,3（中）,5（好）,,,,,,,,,,,,
440,A-B-D-002,B（单选题）,,（）。操作系统主要用于移动设备,Android,Linux,WindowsServer,Unix,,,A,3（中）,5（好）,,,,,,,,,,,,
441,A-B-D-002,B（单选题）,,在操作系统中，负责内存管理的组件是（）。,文件系统,内核,驱动程序,用户界面,,,B,2（易）,5（好）,,,,,,,,,,,,
442,A-B-D-002,B（单选题）,,（）。选项是开源操作系统,Windows,macOS,Linux,iOS,,,C,2（易）,5（好）,,,,,,,,,,,,
443,A-B-D-002,C（判断题）,,在无人机操作系统中，实时操作系统（RTOS）通常被用于飞行控制系统，因为它能够确保任务按严格的时间要求完成，避免延迟对飞行安全造成影响。（）,正确,错误,,,,,A,3（中）,5（好）,,,,,,,,,,,,
444,A-B-D-002,C（判断题）,,无人机使用的计算机操作系统必须具备高效的任务调度能力和强大的资源管理功能，以确保多任务并行处理，同时保持系统稳定性和低功耗。（）,正确,错误,,,,,A,3（中）,5（好）,,,,,,,,,,,,
445,A-B-D-003,B（单选题）,,在计算机操作系统中，“虚拟内存”的主要作用是（）。,允许计算机运行比物理内存更大的程序,增加物理内存容量,提高CPU速度,提供存储设备驱动,操作系统的题，与细目表中的.网络知识无关,,A,3（中）,5（好）,,,,,,,,,,,,
446,A-B-D-003,B（单选题）,,（）。不是操作系统的主要功能,处理器管理,网络浏览,内存管理,文件和存储管理,,,B,3（中）,5（好）,,,,,,,,,,,,
447,A-B-D-003,B（单选题）,,操作系统的核心部分，负责管理系统资源和硬件的是（）。,文件系统,驱动程序,应用程序,内核,,,B,3（中）,5（好）,,,,,,,,,,,,
448,A-B-D-003,B（单选题）,,操作系统的主要职责之一是管理计算机的硬件资源（）。不属于硬件资源,CPU,内存,显示器,软件应用,,,D,3（中）,5（好）,,,,,,,,,,,,
449,A-B-D-003,C（判断题）,,无人机计算机网络的组成通常包括数据链路层、网络层、传输层和应用层，以确保数据从飞行控制系统到地面站的有效传输和实时反馈。（）,正确,错误,,,无人机的网络与普通计算机网络是不相同的,,A,3（中）,5（好）,,,,,,,,,,,,
450,A-B-D-003,C（判断题）,,在无人机的计算机网络中，网络层主要负责地址分配和路由选择，确保飞行控制系统与其他设备（如传感器、地面站）之间的数据能够在不同网络环境中正确传输。（）,正确,错误,,,,,A,3（中）,5（好）,,,,,,,,,,,,
451,A-B-D-004,B（单选题）,,无人机计算机网络的组成包括（）。,数据链路层,网络层,传输层,应用层,这是单选题,,ABCD,3（中）,5（好）,,,,,,,,,,,,
452,A-B-D-004,B（单选题）,,（）。是DDoS攻击,拒绝服务攻击,分布式拒绝服务攻击,数据驱动的拒绝服务攻击,集中式拒绝服务攻击,,,B,3（中）,5（好）,,,,,,,,,,,,
453,A-B-D-004,B（单选题）,,为了保护计算机不受恶意软件的侵害，（）。做法是最有效的,定期清理计算机垃圾文件,从不下载未知来源的文件,安装和更新防病毒软件,仅使用计算机进行文字处理,,,C,2（易）,5（好）,,,,,,,,,,,,
454,A-B-D-004,B（单选题）,,为了保护个人隐私，（）。密码设置方法是不推荐的,所有账户使用相同的密码,使用包含数字、字母和特殊字符的复杂密码,定期更换密码,使用密码管理器生成和存储密码,,,A,2（易）,5（好）,,,,,,,,,,,,
455,A-B-D-004,C（判断题）,,安装一款正版杀毒软件后，计算机就绝对安全，不会受到任何病毒或恶意软件的攻击。（）,正确,错误,,,,,B,3（中）,5（好）,,,,,,,,,,,,
456,A-B-D-004,C（判断题）,,只要不连接互联网，计算机就不需要进行安全防护。（）,正确,错误,,,,,B,3（中）,5（好）,,,,,,,,,,,,
457,A-B-D-005,B（单选题）,,在无人机调试过程中，（）。软件通常用于配置和调试飞控系统,QGroundControl,Adobe Photoshop,Microsoft Excel,Google Earth,,,A,3（中）,5（好）,,,,,,,,,,,,
458,A-B-D-005,B（单选题）,,（）。不属于无人机调试软件的主要功能,代码编写,测试执行,错误诊断,报告生成,,,A,3（中）,5（好）,,,,,,,,,,,,
459,A-B-D-005,B（单选题）,,无人机调试软件中的“地面控制站（GCS）”主要用于功能（）。,调整无人机的外观设计,实时监控飞行状态,提供飞行时的电池电量,计算飞行路径规划,,,B,2（易）,5（好）,,,,,,,,,,,,
460,A-B-D-005,B（单选题）,,无人机调试软件中的“校准传感器”功能是为了（）。,更改飞行模式,检查电池电量,确保传感器准确无误,修改遥控器设置,,,C,2（易）,5（好）,,,,,,,,,,,,
461,A-B-D-005,C（判断题）,,无人机调试软件可以随意从任何非官方渠道下载，不会对无人机的调试产生安全风险。（）,正确,错误,,,,,B,2（易）,5（好）,,,,,,,,,,,,
462,A-B-D-005,C（判断题）,,只要无人机能正常飞行，就不需要使用调试软件对其进行参数检查和更新。（）,正确,错误,,,,,B,2（易）,5（好）,,,,,,,,,,,,
463,A-B-D-006,B（单选题）,,（）。软件通常用于无人机的飞行路径规划和模拟,AdobePhotoshop,MissionPlanner,MicrosoftWord,GoogleChrome,,,B,3（中）,5（好）,,,,,,,,,,,,
464,A-B-D-006,B（单选题）,,用于无人机实时参数监控和调试的软件是（）。,MAVProxy,Excel,PowerPoint,AutoCAD,,,A,3（中）,5（好）,,,,,,,,,,,,
465,A-B-D-006,B（单选题）,,（）。软件可以用于无人机的仿真测试和开发环境,Gazebo,UnrealEngine,Audacity,Blender,,,A,2（易）,5（好）,,,,,,,,,,,,
466,A-B-D-006,B（单选题）,,无人机飞控软件开发中，常用的编程环境软件是（）。,VLCMediaPlayer,iTunes,VisualStudioCode,Spotify,,,C,2（易）,5（好）,,,,,,,,,,,,
467,A-B-D-006,C（判断题）,,大疆的Assistant2调参软件仅适用于大疆的消费级无人机。（）,正确,错误,,,,,B,2（易）,5（好）,,,,,,,,,,,,
468,A-B-D-006,C（判断题）,,Betaflight调参软件只支持多旋翼无人机，不支持固定翼无人机。（）,正确,错误,,,,,B,2（易）,5（好）,,,,,,,,,,,,
469,A-B-D-007,B（单选题）,,主要用于文档的创建、编辑、排版和格式化，广泛应用于报告、论文、简历等文档的制作，（）。是常用软件,Excel,PowerPoint,Word,Access,,,C,2（易）,5（好）,,,,,,,,,,,,
470,A-B-D-007,B（单选题）,,专门用于电子表格的创建、数据输入、处理、分析和可视化，支持复杂的数据计算和图表生成的软件是（）。,Word,Excel,PowerPoint,Outlook,,,B,2（易）,5（好）,,,,,,,,,,,,
471,A-B-D-007,B（单选题）,,用于制作幻灯片、演示文稿和演示报告，支持文本、图片、音频和视频等多种元素的整合与展示的软件是（）。,Excel,Word,PowerPoint,Access,,,C,3（中）,5（好）,,,,,,,,,,,,
472,A-B-D-007,B（单选题）,,用于数据的定义、存储、查询、更新和管理，支持数据的结构化存储和高效检索的系统软件是（）。,PowerPoint,Word,Access,Outlook,,,C,3（中）,5（好）,,,,,,,,,,,,
473,A-B-D-007,C（判断题）,,常用办公软件仅包括文档处理软件和电子表格软件。（）,正确,错误,,,,,B,3（中）,5（好）,,,,,,,,,,,,
474,A-B-D-007,C（判断题）,,Microsoft Access 是一款专注于数据分析和处理的大数据分析工具，而非用于创建数据库。（）,正确,错误,,,,,B,3（中）,5（好）,,,,,,,,,,,,
475,A-B-D-008,B（单选题）,,在Excel中，若要对数据进行筛选，以便只显示满足特定条件的行，应使用的功能是（）。,排序功能,条件格式,筛选器（在数据选项卡下）,查找和替换,,,C,3（中）,5（好）,,,,,,,,,,,,
476,A-B-D-008,B（单选题）,,若要在Word中实现多人同时编辑文档，并实时查看他人的更改，应使用的功能是（）。,将文档保存为PDF格式,使用“共享”功能并邀请他人协作,将文档打印出来，然后分发给团队成员,插入选项卡下的“批注”功能（注：此选项与实时协作不直接相关）,,,B,2（易）,5（好）,,,,,,,,,,,,
477,A-B-D-008,B（单选题）,,在PowerPoint中，若要添加一张新的幻灯片，应点击的按钮是（）。,“文件”选项卡下的“新建”,“开始”选项卡下的“新建幻灯片”,幻灯片浏览窗格中的“+”图标,右键点击现有幻灯片，选择“新建幻灯片”,,,B,1（较易）,5（好）,,,,,,,,,,,,
478,A-B-D-008,B（单选题）,,在Excel中，若要对表格中的数据按某一列进行排序，应执行的操作是（）。,使用“开始”选项卡下的“条件格式”,点击该列标题，选择排序方式（升序或降序）,在“数据”选项卡下，选择“筛选”功能,插入新的列来手动排序,,,B,3（中）,5（好）,,,,,,,,,,,,
479,A-B-D-008,C（判断题）,,在文字处理软件中，只能通过鼠标来进行文本的选中操作。（）,正确,错误,,,,,B,3（中）,5（好）,,,,,,,,,,,,
480,A-B-D-008,C（判断题）,,在电子表格软件中，函数的参数是固定不变的，不能根据具体需求修改。（）,正确,错误,,,,,B,3（中）,5（好）,,,,,,,,,,,,
481,A-B-E-001,B（单选题）,,用人单位违反劳动保护法的规定，对劳动者造成损害的，应当承担（）。责任,经济赔偿责任,行政责任,刑事责任,民事责任,,,D,3（中）,5（好）,,,,,,,,,,,,
482,A-B-E-001,B（单选题）,,劳动保护的主要目的是（）。,增加工作时间,提高工作效率,保障员工健康和安全,减少企业利润,,,C,1（较易）,5（好）,,,,,,,,,,,,
483,A-B-E-001,B（单选题）,,劳动保护措施包括（）。,工作环境、设备、培训等,工资、福利、假期等,工作时间、休息时间、加班费等,员工的个人喜好,,,A,2（易）,5（好）,,,,,,,,,,,,
484,A-B-E-001,B（单选题）,,劳动保护对于经济发展有（）。的作用,阻碍经济发展,促进经济可持续发展,增加企业负担,减少就业机会,,,B,2（易）,5（好）,,,,,,,,,,,,
485,A-B-E-001,C（判断题）,,劳动保护只涉及到劳动者在工作场所的人身安全，不包括心理健康。（）,正确,错误,,,,,B,3（中）,5（好）,,,,,,,,,,,,
486,A-B-E-001,C（判断题）,,只要劳动者自己注意安全，用人单位就不需要提供劳动保护用品。（）,正确,错误,,,,,B,3（中）,5（好）,,,,,,,,,,,,
487,A-B-E-002,B（单选题）,,在安全生产工作中，必须坚持“谁主管、谁负责”的原则请问，“谁主管”是指（）。,女职工和未成年工特殊保护,各级党委及其领导成员,各级安全生产监督管理部门,各级企业事业单位的主要负责人,,,D,3（中）,5（好）,,,,,,,,,,,,
488,A-B-E-002,B（单选题）,,安全生产的“四不放过”原则是（）。,事故原因未查清不放过、责任人未处理不放过、整改措施未落实不放过、有关人员未受到教育不放过,事故损失未赔偿不放过、责任人未处理不放过、整改措施未落实不放过、受害者未安抚不放过,事故原因未查清不放过、受害者未安抚不放过、整改措施未落实不放过、有关人员未受到教育不放过,事故原因未查清不放过、责任人未处理不放过、受害者未安抚不放过、有关人员未受到教育不放过,,,A,2（易）,5（好）,,,,,,,,,,,,
489,A-B-E-002,B（单选题）,,安全生产的“三同时”原则指的是（）。,同时设计、同时施工、同时投产,同时计划、同时实施、同时总结,同时设计、同时施工、同时验收,同时设计、同时施工、同时投产使用,,,D,2（易）,5（好）,,,,,,,,,,,,
490,A-B-E-002,B（单选题）,,安全生产的"预防为主"原则的核心内容是（）。,强调事故后果的补偿,强调消除事故隐患并防范风险,强调事后追责和整改,强调生产效率高于安全,,,B,2（易）,5（好）,,,,,,,,,,,,
491,A-B-E-002,C（判断题）,,在安全生产中，只要最终产品质量合格，稍微违反一点安全原则也是可以的。（）,正确,错误,,,,,B,3（中）,5（好）,,,,,,,,,,,,
492,A-B-E-002,C（判断题）,,安全生产原则只适用于一线生产工人，管理人员不需要遵循。（）,正确,错误,,,,,B,3（中）,5（好）,,,,,,,,,,,,
493,A-B-E-003,B（单选题）,,（）。最适合用于防火墙建设,木材,石膏板,钢筋混凝土,泡沫塑料,,,C,3（中）,5（好）,,,,,,,,,,,,
494,A-B-E-003,B（单选题）,,（）。是有效的消防安全措施之一,定期进行消防演练,只在发生火灾时进行处理,让员工自行判断火灾危险,关闭所有电器设备即可避免火灾,,,A,3（中）,5（好）,,,,,,,,,,,,
495,A-B-E-003,B（单选题）,,如果身上着火了，应该（）。自救,快速奔跑呼救,就地打滚将火苗压灭,用手拍打火焰,穿过浓烟区域寻找出口,,,B,2（易）,5（好）,,,,,,,,,,,,
496,A-B-E-003,B（单选题）,,无人机作业现场，应确保有足够的消防器材，并且其配置应依据标准（）。,仅根据场地大小配置,根据作业种类和火灾风险评估配置,只需配置灭火器即可,只在无人机起火时才使用消防器材,,,A,1（较易）,5（好）,,,,,,,,,,,,
497,A-B-E-003,C（判断题）,,只要安装了火灾自动报警系统，就可以完全不用担心火灾发生了。（）,正确,错误,,,,,B,1（较易）,5（好）,,,,,,,,,,,,
498,A-B-E-003,C（判断题）,,消防通道在没有火灾的时候可以临时堆放一些物品。（）,正确,错误,,,,,B,1（较易）,5（好）,,,,,,,,,,,,
499,A-B-E-004,B（单选题）,,在重大事故应急救援体系中，（）。组织的重要职责是尽可能、尽快地控制并消除事故，营救受害人员,应急救援专家组,医疗救治,消防与抢险,洗消去污组织,,,C,1（较易）,5（好）,,,,,,,,,,,,
500,A-B-E-004,B（单选题）,,根据《生产安全事故报告和调查处理条例》规定，事故发生后，（）。应当立即向本单位负责人报告,单位主要负责人,事故受害者,事故目击者,现场安全员,,,A,3（中）,5（好）,,,,,,,,,,,,
501,A-B-E-004,B（单选题）,,地方各级人民政府应急管理部门的应急预案，应当报（）。级别的人民政府备案,市级,县级,省级,国家级,,,B,2（易）,5（好）,,,,,,,,,,,,
502,A-B-E-004,B（单选题）,,生产经营单位的应急预案经评审或者论证后，由（）。签署,主要负责人,部门经理,安全总监,工会主席,,,A,1（较易）,5（好）,,,,,,,,,,,,
503,A-B-E-004,C（判断题）,,小型企业由于人员和规模较小，不需要制定安全生产事故应急救援预案。（）,正确,错误,,,,,B,3（中）,5（好）,,,,,,,,,,,,
504,A-B-E-004,C（判断题）,,安全生产事故应急救援预案一旦制定就无需修改。（）,正确,错误,,,,,B,3（中）,5（好）,,,,,,,,,,,,
505,A-B-E-005,B（单选题）,,（）。不属于清洁能源,太阳能,风能,石油,水能,,,C,3（中）,5（好）,,,,,,,,,,,,
506,A-B-E-005,B（单选题）,,（）。的行为不利于环境保护,减少使用一次性塑料制品,积极参与植树造林活动,定期清理自家垃圾并分类投放,随意乱扔废弃物,,,D,3（中）,5（好）,,,,,,,,,,,,
507,A-B-E-005,B（单选题）,,不属于工业污染控制的是（）。,安装净化装置,排放未经处理的废水,使用清洁能源,回收利用废弃物,,,B,2（易）,5（好）,,,,,,,,,,,,
508,A-B-E-005,B（单选题）,,不符合节能减排的理念是（）。,分类投放垃圾,随意丢弃废电池,使用节能灯泡,骑自行车出行,,,B,1（较易）,5（好）,,,,,,,,,,,,
509,A-B-E-005,C（判断题）,,个人在日常生活中的行为对环境保护影响不大，所以不需要特别注意。（）,正确,错误,,,,,B,1（较易）,5（好）,,,,,,,,,,,,
510,A-B-E-005,C（判断题）,,只要企业安装了先进的污染处理设备，就可以随意排放污染物。（）,正确,错误,,,,,B,1（较易）,5（好）,,,,,,,,,,,,
511,A-B-E-006,B（单选题）,,为了减少无人机的环境影响，以下（）措施不是有效的。,优化无人机的设计和飞行路径,采取更加环保的燃料和飞行技术,增加无人机的使用频率,提高无人机的能源效率,,,C,3（中）,5（好）,,,,,,,,,,,,
512,A-B-E-006,B（单选题）,,无人机在飞行过程中对环境造成的负面影响的是（）。,增加噪音污染,产生大量废气,改变空气成分,消耗大量水资源,,,A,1（较易）,5（好）,,,,,,,,,,,,
513,A-B-E-006,B（单选题）,,为减少无人机使用对环境的影响，以下措施（）是有效的。,限制无人机飞行高度,使用电池驱动的无人机,增加无人机飞行次数,选择低功率发动机的无人机,,,B,3（中）,5（好）,,,,,,,,,,,,
514,A-B-E-006,B（单选题）,,为了减少无人机对环境的影响，以下（）措施是推荐的。,使用更加高效的能源系统,增加无人机的飞行高度以减少噪音,减少无人机的维护和检查,使用非环保材料制造无人机,,,A,3（中）,5（好）,,,,,,,,,,,,
515,A-B-E-006,C（判断题）,,无人机体积小、重量轻，所以其飞行对环境没有任何影响。（）,正确,错误,,,,,B,3（中）,5（好）,,,,,,,,,,,,
516,A-B-E-006,C（判断题）,,只要无人机不在禁飞区域飞行，就不会对环境造成不良影响。（）,正确,错误,,,,,B,3（中）,5（好）,,,,,,,,,,,,
517,A-B-F-001,B（单选题）,,根据《中华人民共和国劳动法》，企业应当依法为员工缴纳社会保险费，（）。不属于社会保险范畴,养老保险,医疗保险,健康保险,工伤保险,,,C,3（中）,5（好）,,,,,,,,,,,,
518,A-B-F-001,B（单选题）,,劳动者有权在法定工作时间以外延长工作时间，但每日不得超过（）。,1小时,2小时,3小时,4小时,,,B,3（中）,5（好）,,,,,,,,,,,,
519,A-B-F-001,B（单选题）,,用人单位应当按照国家规定为劳动者缴纳（）。,养老保险、医疗保险、失业保险、工伤保险和生育保险,商业保险,意外伤害险,旅游保险,,,A,2（易）,5（好）,,,,,,,,,,,,
520,A-B-F-001,B（单选题）,,劳动者因工受伤应当获得（）。,医疗费用自理,工伤保险待遇,单位支付一次性补偿,社会救助,,,B,2（易）,5（好）,,,,,,,,,,,,
521,A-B-F-001,C（判断题）,,劳动者不必缴纳工伤保险费和生育保险费。（）,正确,错误,,,,,A,3（中）,5（好）,,,,,,,,,,,,
522,A-B-F-001,C（判断题）,,依据《劳动法》规定，劳动者在严重违反用人单位规章制度的情况下，用人单位可以解除劳动合同，但应提前三十日通知劳动者。（）,正确,错误,,,,,B,3（中）,5（好）,,,,,,,,,,,,
523,A-B-F-002,B（单选题）,,根据劳动合同法，用人单位自（）。起即与劳动者建立劳动关系,用工之日,签订劳动合同之日,劳动者报到之日,试用期开始之日,,,A,3（中）,5（好）,,,,,,,,,,,,
524,A-B-F-002,B（单选题）,,劳动合同期限三个月以上不满一年的，试用期不得超过（）。,一个月,二个月,三个月,六个月,,,A,3（中）,5（好）,,,,,,,,,,,,
525,A-B-F-002,B（单选题）,,劳动者在试用期的工资不得低于本单位相同岗位最低档工资或者劳动合同约定工资的（）。，并不得低于用人单位所在地的最低工资标准,0.8,0.7,0.6,0.5,,,A,3（中）,5（好）,,,,,,,,,,,,
526,A-B-F-002,B（单选题）,,用人单位解除劳动合同，应当提前（）。以书面形式通知劳动者本人或者额外支付劳动者一个月工资,15日,30日,45日,60日,,,B,3（中）,5（好）,,,,,,,,,,,,
527,A-B-F-002,C（判断题）,,无人机操作员与用人单位签订劳动合同时，应当明确约定工作岗位、工作内容、工作地点等信息，确保劳动合同内容的明确性和合法性。（）,正确,错误,,,,,A,3（中）,5（好）,,,,,,,,,,,,
528,A-B-F-002,C（判断题）,,如果无人机操作员与用人单位之间的劳动合同期满后，未进行续签，且双方未明确约定是否继续劳动关系，则劳动合同终止，操作员应无权要求继续就业。（）,正确,错误,,,,,B,3（中）,5（好）,,,,,,,,,,,,
529,A-B-F-003,B（单选题）,,从业人员在安全生产中有权拒绝（）。,正常的工作安排,佩戴个人防护用品的要求,违章指挥,工作环境的改善建议,,,C,2（易）,5（好）,,,,,,,,,,,,
530,A-B-F-003,B（单选题）,,生产经营单位发生生产安全事故后，应当立即采取的行动是（）。,隐藏不报,组织抢救,等待调查结果再处理,只上报不处理,,,B,2（易）,5（好）,,,,,,,,,,,,
531,A-B-F-003,B（单选题）,,生产经营单位必须为从业人员提供符合（）。的劳动保护用品,国家标准或者行业标准,地方标准,企业自定标准,最低成本标准,,,A,2（易）,5（好）,,,,,,,,,,,,
532,A-B-F-003,B（单选题）,,生产经营单位应当对从业人员进行安全生产教育和培训，培训内容不包括（）。,安全操作规程,应急救援知识,企业文化宣传,个人防护用品的使用,,,C,2（易）,5（好）,,,,,,,,,,,,
533,A-B-F-003,C（判断题）,,生产经营单位使用被派遣劳动者的，可以与被派遣劳动者约定是否享有安全生产方面的权利、履行安全生产方面的义务。（）,正确,错误,,,,,A,3（中）,5（好）,,,,,,,,,,,,
534,A-B-F-003,C（判断题）,,安全生产监督检查人员执行监督检查任务时，必须出示有效的行政执法证件；对涉及被检查单位的技术秘密和业务秘密，应当为其保密。（）,正确,错误,,,,,B,3（中）,5（好）,,,,,,,,,,,,
535,A-B-F-004,B（单选题）,,环境保护坚持保护优先、（）。、综合治理、公众参与、损害担责的原则,防治结合,预防为主,源头控制,过程监管,,,B,2（易）,5（好）,,,,,,,,,,,,
536,A-B-F-004,B（单选题）,,企业事业单位和其他生产经营者违反法律法规规定排放污染物，造成或者可能造成严重污染的，县级以上人民政府环境保护主管部门和其他负有环境保护监督管理职责的部门，可以（）。,责令其停产停业,对其进行罚款,查封、扣押造成污染物排放的设施、设备,对主要负责人进行行政拘留,,,C,2（易）,5（好）,,,,,,,,,,,,
537,A-B-F-004,B（单选题）,,对保护和改善环境有显著成绩的单位和个人，由（）。给予奖励,环境保护部门,人民政府,社会公益组织,企业自身,,,B,2（易）,5（好）,,,,,,,,,,,,
538,A-B-F-004,B（单选题）,,根据《中华人民共和国环境保护法》，因环境污染损害赔偿提起诉讼的时效期间为（）。,1年,2年,3年,4年,,,C,2（易）,5（好）,,,,,,,,,,,,
539,A-B-F-004,C（判断题）,,省级以上人民政府应当加大保护和改善环境、防治污染和其他公害的财政投入，提高财政资金的使用效益。（）,正确,错误,,,,,B,3（中）,5（好）,,,,,,,,,,,,
540,A-B-F-004,C（判断题）,,企业事业单位和其他生产经营者，在污染物排放符合法定要求的基础上，进一步减少污染物排放的，人民政府应当依法采取财政、税收、价格、政府采购等方面的政策和措施予以鼓励和支持。（）,正确,错误,,,,,A,3（中）,5（好）,,,,,,,,,,,,
541,A-B-F-005,B（单选题）,,生产者应当对其生产的产品质量负责，产品质量应当符合的要求中不包括（）。,不存在危及人身、财产安全的不合理的危险,具备产品应当具备的使用性能,符合在产品或者其包装上注明采用的产品标准,产品包装必须精美,,,D,2（易）,5（好）,,,,,,,,,,,,
542,A-B-F-005,B（单选题）,,销售者的产品质量义务不包括（）。,建立并执行进货检查验收制度,采取措施，保持销售产品的质量,对产品进行深加工，提高产品质量,不得销售国家明令淘汰并停止销售的产品,,,C,2（易）,5（好）,,,,,,,,,,,,
543,A-B-F-005,B（单选题）,,因产品存在缺陷造成人身、他人财产损害的，（）。应当承担赔偿责任,生产者,销售者,生产者和销售者,使用者,,,C,2（易）,5（好）,,,,,,,,,,,,
544,A-B-F-005,B（单选题）,,国家对产品质量实行以（）。为主要方式的监督检查制度,抽查,普查,自查,互查,,,A,2（易）,5（好）,,,,,,,,,,,,
545,A-B-F-005,C（判断题）,,裸装的食品和其他根据产品的特点难以附加标识的裸装产品，可以不附加产品标识。（）,正确,错误,,,,,A,3（中）,5（好）,,,,,,,,,,,,
546,A-B-F-005,C（判断题）,,因产品质量发生民事纠纷时，当事人只能通过协商或者调解解决。（）,正确,错误,,,,,B,3（中）,5（好）,,,,,,,,,,,,
547,A-B-F-006,B（单选题）,,民用航空器的适航管理由（）。负责,国务院民用航空主管部门,航空器制造企业,航空器使用者,地方航空管理部门,,,A,2（易）,5（好）,,,,,,,,,,,,
548,A-B-F-006,B（单选题）,,民用航空器权利登记的主管部门是（）。,国务院民用航空主管部门,国家工商行政管理部门,国家知识产权局,中国民用航空局空中交通管理局,,,A,2（易）,5（好）,,,,,,,,,,,,
549,A-B-F-006,B（单选题）,,民用航空器优先权适用（）。的法律,航空器国籍登记国,航空器制造国,航空器运营国,航空器失事国,,,A,2（易）,5（好）,,,,,,,,,,,,
550,A-B-F-006,B（单选题）,,搜寻援救民用航空器的具体办法，由（）。规定,国务院民用航空主管部门,国务院,全国人民代表大会常务委员会,地方人民政府,,,B,3（中）,5（好）,,,,,,,,,,,,
551,A-B-F-006,C（判断题）,,民用航空器的机长或者机组其他人员有受到酒类饮料、麻醉剂或者其他药物的影响，损及工作能力的情况，不得执行飞行任务。（）,正确,错误,,,,,A,3（中）,5（好）,,,,,,,,,,,,
552,A-B-F-006,C（判断题）,,国内航空运输合同的当事人可以选择合同适用的法律，但是法律另有规定的除外。（）,正确,错误,,,,,B,3（中）,5（好）,,,,,,,,,,,,
553,A-B-F-007,B（单选题）,,从事通用航空飞行活动的单位、个人，根据飞行活动要求，需要划设临时飞行空域的，应当向有关飞行管制部门提出划设临时飞行空域的申请受理申请的飞行管制部门应当自受理申请之日起（）。个工作日内作出批准或者不予批准的决定,7,10,15,30,,,A,3（中）,5（好）,,,,,,,,,,,,
554,A-B-F-007,B（单选题）,,在临时飞行空域内进行通用航空飞行活动的，可以在申请划设临时飞行空域时一并提出（）。小时以内的短期飞行计划申请，不再另行申请,12,24,36,48,,,B,2（易）,5（好）,,,,,,,,,,,,
555,A-B-F-007,B（单选题）,,通用航空飞行任务的飞行计划申请，应当在拟飞行前（）。提出,1天,2天,3天,7天,,,A,2（易）,5（好）,,,,,,,,,,,,
556,A-B-F-007,B（单选题）,,组织实施通用航空飞行活动的单位、个人，应当在飞行活动结束后（）。内，将飞行活动情况报送有关飞行管制部门,10分钟,30分钟,1小时,24小时,,,D,2（易）,5（好）,,,,,,,,,,,,
557,A-B-F-007,C（判断题）,,通用航空飞行活动在非管制空域内飞行无需向任何部门报告。（）,正确,错误,,,,,B,3（中）,5（好）,,,,,,,,,,,,
558,A-B-F-007,C（判断题）,,通用航空飞行的航空器只要购买了保险就可以随意飞行。（）,正确,错误,,,,,B,3（中）,5（好）,,,,,,,,,,,,
559,A-B-F-008,B（单选题）,,民用航空安全管理应当坚持（）。的工作方针,安全第一、预防为主、综合治理,安全至上、预防为主、严格管理,安全优先、防治结合、综合治理,安全为本、防治结合、严格管理,,,A,2（易）,5（好）,,,,,,,,,,,,
560,A-B-F-008,B（单选题）,,民航生产经营单位应当依法建立并实施（）。，以保障航空安全,安全管理体系,质量控制体系,风险评估体系,应急救援体系,,,A,2（易）,5（好）,,,,,,,,,,,,
561,A-B-F-008,B（单选题）,,民航生产经营单位应当至少（）。对本单位安全管理体系的运行情况进行一次评估,每月,每季度,每半年,每年,,,D,2（易）,5（好）,,,,,,,,,,,,
562,A-B-F-008,B（单选题）,,民用航空安全信息包括民用航空（）。等信息,事故、事故征候、其他不安全事件,飞行计划、飞行高度、飞行速度,机场设施、航空器设备、空管设备,航空公司财务状况、员工培训情况、航班安排,,,A,2（易）,5（好）,,,,,,,,,,,,
563,A-B-F-008,C（判断题）,,根据《民用航空安全管理规定》，民航生产经营单位主要负责人对本单位的安全管理工作全面负责。（）,正确,错误,,,,,A,3（中）,5（好）,,,,,,,,,,,,
564,A-B-F-008,C（判断题）,,《民用航空安全管理规定》中，安全管理体系的建立和运行与人员培训没有关联。（）,正确,错误,,,,,B,3（中）,5（好）,,,,,,,,,,,,
565,A-B-F-009,B（单选题）,,无人机飞行需遵守的主要法规是（）。,《中华人民共和国治安管理处罚法》,《中华人民共和国道路交通安全法》,《中华人民共和国民用航空法》及《通用航空飞行管制条例》,《中华人民共和国劳动法》,,,C,2（易）,5（好）,,,,,,,,,,,,
566,A-B-F-009,B（单选题）,,根据《民用无人机驾驶员管理规定》，关于无人机实名登记的说法正确的是：（）。,所有无人机均需实名登记，无论起飞重量大小,起飞重量小于250克的无人机无需实名登记,实名登记信息包括拥有者姓名、证件号码及无人机型号，但无需电子邮箱,未经实名登记的无人机不得飞行,,,D,3（中）,5（好）,,,,,,,,,,,,
567,A-B-F-009,B（单选题）,,根据《民用无人机驾驶员管理规定》，无人机驾驶员在申请飞行执照时，以下哪项情况会导致其申请被拒绝（）。,未满18岁,无法提供有效的体检证明,持有无效的驾驶员证书,有驾驶记录但未达到飞行经验要求,,,B,3（中）,5（好）,,,,,,,,,,,,
568,A-B-F-009,B（单选题）,,申请民用无人机驾驶员合格证，年龄应满（）。周岁,14,16,18,20,,,B,3（中）,5（好）,,,,,,,,,,,,
569,A-B-F-009,C（判断题）,,视距内运行的无人机驾驶员无需取得任何资质。（）,正确,错误,,,,,B,2（易）,5（好）,,,,,,,,,,,,
570,A-B-F-009,C（判断题）,,民用无人机驾驶员合格证仅在国内有效，不能在境外使用。（）,正确,错误,,,,,A,2（易）,5（好）,,,,,,,,,,,,
571,A-B-F-010,B（单选题）,,根据《轻小无人机运行规定（试行）》的要求，轻小无人机在城市区域飞行时，最大飞行高度不得超过多少米（）。,50米,100米,120米,150米,,,B,3（中）,5（好）,,,,,,,,,,,,
572,A-B-F-010,B（单选题）,,根据《轻小无人机运行规定（试行）》的要求，轻小无人机飞行前必须进行准备是（）。,仅需确认天气情况,必须进行起飞前检查和飞行计划备案,仅需检查电池电量,无需任何特别准备,,,B,3（中）,5（好）,,,,,,,,,,,,
573,A-B-F-010,B（单选题）,,轻小无人机（）。用于商业拍摄,无需申请,在获得相应许可后,视情况而定,不可以,,,B,2（易）,5（好）,,,,,,,,,,,,
574,A-B-F-010,B（单选题）,,根据《轻小无人机运行规定（试行）》的要求，轻小无人机飞行时，必须始终保持在飞行员的可视范围内飞行员可否借助设备进行视觉增强（）。,可以，只要设备不会妨碍视线,不可以，必须依赖自然视距,可以，只要设备符合国家标准,可以，但必须提前申报,,,B,2（易）,5（好）,,,,,,,,,,,,
575,A-B-F-010,C（判断题）,,根据《轻小无人机运行规定（试行）》，所有轻小无人机都可以在任何高度飞行。（）,正确,错误,,,,,B,3（中）,5（好）,,,,,,,,,,,,
576,A-B-F-010,C（判断题）,,《轻小无人机运行规定（试行）》规定，在人口密集区域只要操作人员认为安全就可以飞行。（）,正确,错误,,,,,B,3（中）,5（好）,,,,,,,,,,,,
577,A-B-F-011,B（单选题）,,民用无人驾驶航空器实名登记号码共（）。位,10,11,12,13,,,B,2（易）,5（好）,,,,,,,,,,,,
578,A-B-F-011,B（单选题）,,民用无人驾驶航空器登记信息发生变化时，拥有者应当在（）。内向原登记部门申请变更,12小时,24小时,48小时,72小时,,,C,2（易）,5（好）,,,,,,,,,,,,
579,A-B-F-011,B（单选题）,,当民用无人驾驶航空器丢失或者被盗后，拥有者应当在（）。内向原登记部门报告,12小时,24小时,48小时,72小时,,,A,2（易）,5（好）,,,,,,,,,,,,
580,A-B-F-011,B（单选题）,,对于违反民用无人驾驶航空器实名制登记管理规定的行为，由相关部门责令改正，可以处（）。以下的罚款,100元,200元,500元,1000元,,,B,2（易）,5（好）,,,,,,,,,,,,
581,A-B-F-011,C（判断题）,,根据《民用无人驾驶航空器实名制登记管理规定》，所有民用无人驾驶航空器都不需要进行实名制登记。（）,正确,错误,,,,,B,3（中）,5（好）,,,,,,,,,,,,
582,A-B-F-011,C（判断题）,,按照规定，购买二手民用无人驾驶航空器后，不需要重新登记，原登记信息依然有效。（）,正确,错误,,,,,B,3（中）,5（好）,,,,,,,,,,,,
583,B-A-A-001,B（单选题）,,在多旋翼无人机动力系统装配过程中，以下（）是确保电机安装稳定性的关键,使用过多的螺纹胶,精确对准电机与机架的安装孔,安装时无需考虑电机的散热,只需紧固电机与螺旋桨的连接,,,B,3（中）,5（好）,,,,,,,,,,,,
584,B-A-A-001,B（单选题）,,在电调（ESC）与电机的连接过程中，以下（）操作对电调的性能影响最大,正确连接电调的电源线与信号线,选择合适的电调容量与电机功率匹配,?确保电调与电机连接线长度适中,固定电调时使用耐高温材料,,,B,3（中）,5（好）,,,,,,,,,,,,
585,B-A-A-001,B（单选题）,,在安装多旋翼无人机的电池时，下列（）因素最影响飞行时长,?电池的重量和容量的匹配,电池的位置是否接触到电机,电池的充电次数,电池的外形尺寸,,,A,2（易）,5（好）,,,,,,,,,,,,
586,B-A-A-001,B（单选题）,,多旋翼无人机动力系统中的“发射前检查”步骤，（）是必不可少的,检查电池是否已充满电,确保每个电机的反向旋转方向正确,确保电调与电机的接线无松动,检查遥控器的电池电量,,,B,2（易）,5（好）,,,,,,,,,,,,
587,B-A-A-001,C（判断题）,,在装配多旋翼无人机时，电机的安装方向无关紧要，只要电调正常工作即可。（）,正确,错误,,,,,B,3（中）,5（好）,,,,,,,,,,,,
588,B-A-A-001,C（判断题）,,多旋翼无人机的电调需要在飞行前通过地面测试来校准，以确保电机控制的精度。（）,正确,错误,,,,,A,3（中）,5（好）,,,,,,,,,,,,
589,B-A-A-002,B（单选题）,,在多旋翼无人机的动力系统机械装配中，安装电机时，（）最有助于减少振动,将电机安装在机架中心位置,使用软垫或者减震胶垫来安装电机,用螺丝直接固定电机，无需任何减震措施,将电机安装在机架的最远端,,,B,3（中）,5（好）,,,,,,,,,,,,
590,B-A-A-002,B（单选题）,,在多旋翼无人机的动力系统装配过程中，电机和螺旋桨的连接需要特别注意（）。,?确保电机和螺旋桨的螺纹方向一致,只需保证电机与螺旋桨的连接没有松动即可,?电机和螺旋桨的尺寸应该完全匹配,只需要紧固螺旋桨，而不考虑电机的匹配,,,A,3（中）,5（好）,,,,,,,,,,,,
591,B-A-A-002,B（单选题）,,在装配多旋翼无人机的动力系统时，选择合适的螺旋桨尺寸方法为（）。,?根据电机的KV值和电池的电压来选择,?根据电池容量来决定螺旋桨的尺寸,按照无人机的机身尺寸选择螺旋桨大小,?螺旋桨尺寸无需考虑，选择任意即可,,,A,2（易）,5（好）,,,,,,,,,,,,
592,B-A-A-002,B（单选题）,,多旋翼无人机动力系统装配中，（）可以避免电调（ESC）过热的风险,安装电调时需要确保其外壳保持通风，避免过度包裹,电调需要直接与电池相连接，以减少电流损失,?电调与电池之间应尽量使用长电缆连接,电调装配时不需要考虑散热问题,,,A,2（易）,5（好）,,,,,,,,,,,,
593,B-A-A-002,C（判断题）,,在安装电调（ESC）时，确保电调与机架之间有足够的空间进行散热是非常重要的,正确,错误,,,,,A,3（中）,5（好）,,,,,,,,,,,,
594,B-A-A-002,C（判断题）,,电机和电池的安装位置不影响多旋翼无人机的重心，装配时无需特别考虑,正确,错误,,,,,B,3（中）,5（好）,,,,,,,,,,,,
595,B-A-A-003,B（单选题）,,在多旋翼无人机动力系统的电气安装过程中，确保电调（ESC）与电池的连接线合理长度是为了（）。,减少电池的负载,确保信号传输清晰,降低电流损耗和避免电缆过热,?降低电调的工作温度,,,C,3（中）,5（好）,,,,,,,,,,,,
596,B-A-A-003,B（单选题）,,当电调（ESC）与电机连接时，为避免电机过载，以下措施是最有效的（）。,使用较长的电机连接线以减少电流波动,将电调设置为手动模式，限制电机最大输出功率,选择适合电机功率和电池电压的电调型号,只要电调能够正常工作即可，不必匹配电机功率,,,C,3（中）,5（好）,,,,,,,,,,,,
597,B-A-A-003,B（单选题）,,在电气系统安装过程中，关于电池与电调的连接，以下操作是正确的（）。,电池的正负极可以任意连接,电池应直接连接电调的电源输入端，而无需中间保护电路,电池与电调连接时需注意电池极性和电调接口的匹配,电池连接电调时只需确保电流通过即可，不考虑电压匹配,,,C,2（易）,5（好）,,,,,,,,,,,,
598,B-A-A-003,B（单选题）,,在电气系统的连接中，为了减少电池与电调之间的电气干扰，以下的做法最有效的是（）。,使用更短的电池与电调连接线，避免电缆引起的电压损耗,将电池和电调放置在远离电机的地方,使用带有屏蔽层的电缆来减少电气噪声干扰,在电调与电池之间加装额外的电阻来降低干扰,,,C,2（易）,5（好）,,,,,,,,,,,,
599,B-A-A-003,C（判断题）,,在电气安装过程中，确保电调和电池连接线足够短可以降低电流损耗，提高系统效率。（）,正确,错误,,,,,A,3（中）,5（好）,,,,,,,,,,,,
600,B-A-A-003,C（判断题）,,电池与电调连接时，只要保证连接稳定，不需要考虑电池电压和电调额定电压的匹配问题。（）,正确,错误,,,,,B,3（中）,5（好）,,,,,,,,,,,,
601,B-A-A-004,B（单选题）,,在固定翼无人机动力系统装配中，选择合适的电机时，最为关键的因素是（）。,电机的KV值与螺旋桨的尺寸匹配,电机的质量和机架尺寸匹配,电机的电压与飞控系统的兼容性,电机的功率与电池电量无关,,,A,3（中）,5（好）,,,,,,,,,,,,
602,B-A-A-004,B（单选题）,,在固定翼无人机装配过程中，选择电调（ESC）时，需要考虑的主要因素是（）。,?电调的最大输出电流必须与电机的额定电流匹配,电调的电压范围需要大于电池电压,电调的物理尺寸必须适配电机安装位置,?电调的品牌和外观设计,,,A,2（易）,5（好）,,,,,,,,,,,,
603,B-A-A-004,B（单选题）,,固定翼无人机的动力系统中，螺旋桨与电机连接时，以下哪项是最重要的考虑因素是（）。,螺旋桨的材质应尽量选择最轻的材料,螺旋桨的旋转方向和电机的旋转方向一致,电机转速与螺旋桨的最大推力需匹配,螺旋桨的尺寸必须大于电机的推荐尺寸,,,B,2（易）,5（好）,,,,,,,,,,,,
604,B-A-A-004,B（单选题）,,在固定翼无人机的动力系统装配过程中，可以避免电调（ESC）过热问题的措施是（）。,使用高效能的电池,将电调安装在空气流动较差的位置,保证电调安装位置通风良好，避免遮挡散热片,避免过度充电电池,,,C,2（易）,5（好）,,,,,,,,,,,,
605,B-A-A-004,C（判断题）,,在固定翼无人机动力系统装配时，电机的选择应确保其最大功率与飞行时的推力要求相匹配。（）,正确,错误,,,,,A,3（中）,5（好）,,,,,,,,,,,,
606,B-A-A-004,C（判断题）,,固定翼无人机的电调（ESC）和电池的选择不需要特别匹配，只要电池电量足够大即可。（）,正确,错误,,,,,B,3（中）,5（好）,,,,,,,,,,,,
607,B-A-A-005,B（单选题）,,在固定翼无人机的动力系统装配中，电机与机架的连接最重要的考虑因素是（）。,电机与机架的对接必须稳固且无松动,电机的安装位置应考虑气流的影响,电机应尽量靠近机翼的中部,电机的安装角度应与机头的俯仰角一致,,,A,3（中）,5（好）,,,,,,,,,,,,
608,B-A-A-005,B（单选题）,,固定翼无人机动力系统的电机安装位置通常位于（）。,飞机尾部，以避免干扰气流,机翼前缘，确保最佳气动性能,飞机机身中央，靠近重心,飞机机翼后缘，以增强飞行稳定性,,,B,3（中）,5（好）,,,,,,,,,,,,
609,B-A-A-005,B（单选题）,,在固定翼无人机的机械装配中，螺旋桨与电机连接时，最为重要的做法是（）。,?确保螺旋桨与电机之间的连接轴紧固，避免振动,使用轻型材质的螺旋桨，以减少飞行重量,?螺旋桨的角度选择应适应机翼的升力分布,螺旋桨尺寸应尽量增大，以提高推力,,,A,3（中）,5（好）,,,,,,,,,,,,
610,B-A-A-005,B（单选题）,,在固定翼无人机装配过程中，电调（ESC）的安装位置应选择在（）。,电调应安装在机翼上，以减少电线长度,电调应远离高温环境，且应有良好的散热空间,电调可直接安装在电池舱内,电调安装位置无特别要求，只需确保稳定性,,,B,2（易）,5（好）,,,,,,,,,,,,
611,B-A-A-005,C（判断题）,,固定翼无人机的电机安装角度（推力角）需要根据机体的气动设计来调整，以优化飞行性能。（）,正确,错误,,,,,A,3（中）,5（好）,,,,,,,,,,,,
612,B-A-A-005,C（判断题）,,在固定翼无人机的动力系统装配中，电调（ESC）的安装位置不需要特别考虑散热，只要它能够固定在机身上即可。（）,正确,错误,,,,,B,3（中）,5（好）,,,,,,,,,,,,
613,B-A-A-006,B（单选题）,,在固定翼无人机电气系统安装中，为确保电池的安全性，电池应连接至电调（ESC）的方法为（）。,电池应直接与电调连接，避免中间增加其他设备,电池通过电压调节器连接电调，确保稳定电压,电池连接到电调之前需要加装保险丝或电流保护器,电池连接电调时无需额外保护，直接连接即可,,,C,3（中）,5（好）,,,,,,,,,,,,
614,B-A-A-006,B（单选题）,,在固定翼无人机的电气安装过程中，为确保电调（ESC）的正常工作，下列连接方式最为合适的有（）。,?电调与电池连接时，应使用尽可能长的电缆，以方便电调安装,电调与电池的连接线应尽量短，以减少电流损耗和电气噪声,电调连接线与电池电缆应平行布置，避免交叉干扰,电调与电池的连接线可以随意布置，无需考虑长度,,,B,3（中）,4（较好）,,,,,,,,,,,,
615,B-A-A-006,B（单选题）,,在安装电调（ESC）与电机之间的连接线时，最关键的考虑因素是：（）。,电机与电调连接线越短越好，以减少电流损失,电调与电机之间的连接线长度不重要，电流损失忽略不计,?电调和电机之间的连接线需使用低电阻的材料，以提高效率,电调与电机的连接线必须配备屏蔽层，防止电磁干扰,,,C,2（易）,5（好）,,,,,,,,,,,,
616,B-A-A-006,B（单选题）,,对于固定翼无人机的电池和电调（ESC）连接，下列做法有助于提高系统可靠性（）。,确保电池与电调的连接端子连接牢固，不会发生松动,电池连接电调时，应使用加粗电缆以降低电阻,在电池与电调之间加入电池管理系统（BMS），实时监控电池状态,将电池与电调连接时，不需要额外的保护措施，只要能够稳定供电,,,A,2（易）,5（好）,,,,,,,,,,,,
617,B-A-A-006,C（判断题）,,在固定翼无人机电气安装过程中，电池与电调的连接线尽可能长，有助于提高电调的散热效果。（）,正确,错误,,,,,B,3（中）,5（好）,,,,,,,,,,,,
618,B-A-A-006,C（判断题）,,固定翼无人机的电调（ESC）应尽量避免与其他高温部件（如电池或电机）靠得太近，以保证其正常工作。（）,正确,错误,,,,,A,3（中）,5（好）,,,,,,,,,,,,
619,B-A-A-007,B（单选题）,,在垂直起降固定翼无人机（VTOL）动力系统装配中，电动垂直起降（eVTOL）电机和推进电机之间的主要区别是（）。,垂直起降电机需要承受更高的持续负荷，推进电机则主要用于水平飞行,推进电机需要更高的转速，而垂直起降电机则转速较低,推进电机通常与翼面集成，而垂直起降电机通常在机身内,垂直起降电机需要更强的耐热性，而推进电机不受此限制,,,A,3（中）,5（好）,,,,,,,,,,,,
620,B-A-A-007,B（单选题）,,在装配垂直起降固定翼无人机的动力系统时，安装电调（ESC）时最需要关注的是（）。,电调与电池的接线长度应尽量缩短，以减少功率损失,电调安装时应确保其与垂直起降电机和水平推进电机的兼容性,电调仅需与垂直起降电机连接，不需要考虑水平飞行时的负载,电调安装应远离电池，以减少干扰,,,B,3（中）,5（好）,,,,,,,,,,,,
621,B-A-A-007,B（单选题）,,在垂直起降固定翼无人机的动力系统装配过程中，螺旋桨和电机的安装角度最需要考虑的因素有（）。,垂直起降时的螺旋桨应与机身垂直，以提供最大升力,?水平飞行时的推进螺旋桨应设置在较低的倾斜角度，以减少阻力,垂直起降螺旋桨的安装角度应与水平飞行螺旋桨完全一致,安装角度无关紧要，只需确保电机固定即可,,,A,3（中）,5（好）,,,,,,,,,,,,
622,B-A-A-007,B（单选题）,,垂直起降固定翼无人机的电池装配时，以下是最重要的考虑因素（）。,?电池位置应靠近重心，确保起降和飞行时的稳定性,电池必须安装在机翼前端，以便提供更多的动力,电池容量不重要，起降时只需要足够的电力,电池应尽量远离电机和电调（ESC），以避免热量聚集,,,A,2（易）,5（好）,,,,,,,,,,,,
623,B-A-A-007,C（判断题）,,垂直起降固定翼无人机（VTOL）的电机安装时，垂直起降电机与推进电机之间的电调（ESC）可以共享一个系统，因为它们的负载需求类似。（）,正确,错误,,,,,B,3（中）,5（好）,,,,,,,,,,,,
624,B-A-A-007,C（判断题）,,在垂直起降固定翼无人机（VTOL）装配中，电池和电调（ESC）应通过电源分配板连接，以确保在垂直起降和水平飞行之间的电力切换无缝衔接。（）,正确,错误,,,,,A,3（中）,5（好）,,,,,,,,,,,,
625,B-A-A-008,B（单选题）,,在垂直起降固定翼无人机的动力系统装配中，垂直起降电机的安装位置选择时，最关键的考虑因素是（）。,电机的位置应尽量靠近机翼，以减少飞行时的重量,电机需要安装在机身的上方，以保证起降时的稳定性,垂直起降电机应布置在机翼后缘，以避免影响水平飞行性能,垂直起降电机安装应位于机身中央，以确保重心平衡,,,B,3（中）,5（好）,,,,,,,,,,,,
626,B-A-A-008,B（单选题）,,在垂直起降固定翼无人机的动力系统装配过程中，下列可以确保电机和螺旋桨的配合最优化（）。,?电机和螺旋桨应根据飞行模式调整配合，起飞和着陆时使用不同的螺旋桨,垂直起降电机和水平飞行电机使用相同型号的螺旋桨,确保垂直起降电机的转速和螺旋桨尺寸匹配以优化升力输出,电机和螺旋桨的配合无关紧要，只要电机可以驱动螺旋桨即可,,,C,2（易）,5（好）,,,,,,,,,,,,
627,B-A-A-008,B（单选题）,,垂直起降固定翼无人机的电池安装位置对飞行性能的影响最主要体现在（）。,电池安装位置需要确保最大限度的电池容量,电池应尽量放置在机翼外侧，以增强机体的稳定性,电池安装应靠近机身重心，以避免影响垂直起降和水平飞行的平衡,电池安装位置应远离垂直起降电机，以避免高温影响电池寿命,,,C,2（易）,5（好）,,,,,,,,,,,,
628,B-A-A-008,B（单选题）,,在垂直起降固定翼无人机的动力系统装配过程中，可以防止电调（ESC）过热的是（）。,电调应安装在机身内的隔热区域，避免暴露在外部环境中,确保电调与电池之间有足够的通风空间，避免电气部件过热,电调可以直接贴合电池，以提高散热效果,电调的安装位置无需特别考虑散热，只要确保稳定供电即可,,,B,2（易）,5（好）,,,,,,,,,,,,
629,B-A-A-008,C（判断题）,,垂直起降固定翼无人机（VTOL）的垂直起降电机和水平飞行电机需要通过相同的电调（ESC）控制，以简化电气系统。（）,正确,错误,,,,,B,3（中）,5（好）,,,,,,,,,,,,
630,B-A-A-008,C（判断题）,,在装配垂直起降固定翼无人机时，电池的位置应尽量放在飞机的重心附近，以确保在垂直起降和水平飞行之间的平衡。（）,正确,错误,,,,,A,3（中）,5（好）,,,,,,,,,,,,
631,B-A-A-009,B（单选题）,,对于垂直起降固定翼无人机的冗余设计，以下（）做法是推荐用于提高电气系统的可靠性的。,使用单一高容量电池为整个系统供电，减少复杂性,分别使用独立电池为不同系统供电，并设置备用电池,所有电子设备共享一个低容量电池以减轻整体重量,不需要冗余设计，因为现代电池技术已经足够安全,,,B,3（中）,5（好）,,,,,,,,,,,,
632,B-A-A-009,B（单选题）,,在安装垂直起降固定翼无人机的电池时，正确的做法是。（）, 尽量靠近机头安装以保持平衡, 安装在重心位置附近，确保飞行稳定性,靠近尾部安装以增加尾部重量,任意位置安装，因为电池重量对飞行影响不大,,,B,3（中）,4（较好）,,,,,,,,,,,,
633,B-A-A-009,B（单选题）,,在垂直起降固定翼无人机的电气安装中，能确保电动推力系统能够在不同飞行模式下有效工作的是（）。,使用可调电调（ESC），根据飞行模式自动调整推力大小,固定电调和电机的功率输出，依赖控制软件调整推力,采用机械变速装置来改变电机的转速,使用不同的电调和电池组来分别提供垂直和水平飞行模式的动力需求,,,A,2（易）,5（好）,,,,,,,,,,,,
634,B-A-A-009,B（单选题）,,在垂直起降固定翼无人机的电气安装中，（）进行电气系统的抗干扰设计。,通过加装滤波器来屏蔽电机产生的高频干扰,使用金属外壳封装所有电气元件,将电气系统与动力系统完全分开，避免任何形式的信号干扰,使用电磁兼容性（EMC）设计标准，优化电气系统布线和接地方式,,,D,2（易）,5（好）,,,,,,,,,,,,
635,B-A-A-009,C（判断题）,,VTOL无人机的电气系统设计与传统多旋翼无人机相比，最大的不同在于动力系统的双模式设计。（）,正确,错误,,,,,A,3（中）,5（好）,,,,,,,,,,,,
636,B-A-A-009,C（判断题）,,在VTOL无人机中，电池管理系统（BMS）只负责电池的电量监控，不需要考虑飞行模式切换时对电池的不同负载。（）,正确,错误,,,,,B,3（中）,5（好）,,,,,,,,,,,,
637,B-A-A-010,B（单选题）,,在飞行控制系统的装配中，可以提高飞控系统的抗干扰能力的有（）。,使用屏蔽材料覆盖飞行控制器外壳,将飞行控制器安装在动力系统附近,在飞行控制系统上增加热管理装置,使用高灵敏度传感器进行数据采集,,,A,3（中）,5（好）,,,,,,,,,,,,
638,B-A-A-010,B（单选题）,,在飞行控制与导航系统装配时，下列可以确保传感器数据的精度和稳定性的是（）。,将所有传感器安装在机身的中央位置，尽量远离振动源,安装传感器时无需考虑温度变化的影响,将传感器安装在机翼末端，以避免气流干扰,所有传感器直接与飞行控制器连接，无需使用额外的信号调理电路,,,A,2（易）,5（好）,,,,,,,,,,,,
639,B-A-A-010,B（单选题）,,在飞行控制系统装配过程中，下列可以优化飞行控制器与导航设备的通讯稳定性的是（）。,选择具有更高处理能力的导航系统，以减少数据传输延迟,使用独立的电源为飞行控制器和导航设备供电,?采用无线传输方式进行数据通讯，减少硬接线,设置冗余通讯线路以避免因线路损坏造成的通讯中断,,,D,2（易）,5（好）,,,,,,,,,,,,
640,B-A-A-010,B（单选题）,,在飞行控制系统的装配中，以下可以确保飞控传感器与飞行器其他系统之间的电气隔离是（）。,?通过使用光耦合器或其他电气隔离元件来防止干扰,直接将飞控系统的电源与动力系统电源共享,将飞行控制器放置在飞行器的动力系统旁，以便于电力供应,飞控传感器与其他系统的接地线路进行共享,,,A,2（易）,5（好）,,,,,,,,,,,,
641,B-A-A-010,C（判断题）,,在飞行控制与导航系统的装配过程中，飞行控制器需要与地面站进行实时通信，因此必须确保其信号接收模块安装在外部，并远离干扰源。（）,正确,错误,,,,,A,3（中）,5（好）,,,,,,,,,,,,
642,B-A-A-010,C（判断题）,,导航系统的精度仅依赖于传感器的质量，而不需要考虑传感器安装位置和角度的影响。（）,正确,错误,,,,,B,3（中）,5（好）,,,,,,,,,,,,
643,B-A-A-011,B（单选题）,,在飞行控制系统的机械装配中，为了保证飞控系统的稳定性，通常的措施是（）。,使用刚性连接以减少任何形式的结构变形,采用弹性连接，以减少动力传递过程中的振动影响,采用液压系统传动，以提高系统的响应速度,将飞控系统与动力系统共享传动路径，以简化装配,,,B,3（中）,5（好）,,,,,,,,,,,,
644,B-A-A-011,B（单选题）,,在飞行控制系统的机械装配中，为了确保舵面响应精度，选择和安装舵机时应（）。,舵机应安装在靠近舵面的部位，并使用较长的连杆,舵机应尽量远离舵面，以减少连接的摩擦力,舵机的安装应选择刚性较高的支架，以避免发生过度形变,舵机和舵面的连接应使用柔性材料，以提高响应精度,,,C,3（中）,5（好）,,,,,,,,,,,,
645,B-A-A-011,B（单选题）,,在飞行控制系统的机械装配中，为了保证操控系统的可靠性，如何选择连接件和固定支架（）。,选择高强度的塑料连接件，以减轻重量,采用金属连接件，并保证所有连接点有足够的预紧力,使用可调节的连接件，以便在飞行中进行微调,固定支架应尽量减少数量，以降低装配复杂性,,,B,2（易）,5（好）,,,,,,,,,,,,
646,B-A-A-011,B（单选题）,,在飞行控制系统的机械装配过程中，下列可以减少舵面与飞行控制系统之间的间隙和摩擦的是（）。,通过选择较长的舵机连杆来增加力量传递效率,在连接部位使用高质量的润滑材料和精密制造的轴承,使用软性材料连接舵面与控制系统，以增加灵活性,?减小舵面与飞行控制系统的接触面积，减少摩擦力,,,B,2（易）,5（好）,,,,,,,,,,,,
647,B-A-A-011,C（判断题）,,飞行控制系统的机械装配时，为了减少误差，舵面应通过弹性连接与飞行控制器连接，以补偿可能出现的形变。（）,正确,错误,,,,,B,3（中）,5（好）,,,,,,,,,,,,
648,B-A-A-011,C（判断题）,1,在飞行控制系统的机械装配中，舵机和舵面的连接部位必须有足够的刚性，以确保操控系统在高速飞行中的稳定性。（）,正确,错误,,,,,A,3（中）,5（好）,,,,,,,,,,,,
649,B-A-A-012,B（单选题）,,在飞行控制系统的电气安装中，为了减少电磁干扰（EMI），下列措施最为有效（）。,使用较长的电缆以降低电流波动,?选择较高频率的信号传输方式,?直接将电气元件与电池并联连接，减少电源干扰,在电气元件之间增加电气隔离屏蔽,,,D,3（中）,5（好）,,,,,,,,,,,,
650,B-A-A-012,B（单选题）,,在飞行控制系统电气安装时，以下可以保证传感器的电源稳定性和数据准确性的是（）。,使用独立的电源模块，为传感器和飞控系统提供干净的电源,使用大容量电池并直接为传感器供电,通过电流调节器调节传感器的电压输出,将传感器和飞控系统的电源共享，以减少重量,,,A,3（中）,5（好）,,,,,,,,,,,,
651,B-A-A-012,B（单选题）,,在飞行控制系统的电气布线中，下列选择电缆可以确保系统的高效运行和安全性的是（）。,使用双重绝缘电缆，并考虑环境温度变化,使用较粗的电缆以减少电阻损耗,选择电缆时仅考虑电流承载能力，忽略电压范围,?优先选用便宜的电缆，以减少整体成本,,,A,3（中）,5（好）,,,,,,,,,,,,
652,B-A-A-012,B（单选题）,,在飞行控制系统的电气安装中，处理飞控与其他设备的通讯问题，确保信号稳定传输的是（）。,?使用无线通讯方式以简化布线,在电气系统中设置冗余线路，防止通讯中断,使用高频信号传输，减少信号传输延迟,采用传输协议时忽略数据安全性问题，优先考虑速度,,,B,2（易）,5（好）,,,,,,,,,,,,
653,B-A-A-012,C（判断题）,,飞行控制系统中的电气布线需要考虑尽量减少信号干扰，通常通过隔离、屏蔽和信号调节等方法来提高系统可靠性。（）,正确,错误,,,,,A,3（中）,5（好）,,,,,,,,,,,,
654,B-A-A-012,C（判断题）,,在飞行控制系统电气安装中，飞行控制器可以直接从动力系统获取电力，不需要额外的电源管理。（）,正确,错误,,,,,B,3（中）,5（好）,,,,,,,,,,,,
655,B-A-A-013,B（单选题）,,在电源管理系统中，用于转换直流电为交流电的元件是（）。,整流桥,变压器,电感器,滤波器,,,B,2（易）,5（好）,,,,,,,,,,,,
656,B-A-A-013,B（单选题）,,在电源管理系统中，用于稳定输出电压的元件是（）。,电容器,电阻,滤波器,蓄电池,,,D,3（中）,5（好）,,,,,,,,,,,,
657,B-A-A-013,B（单选题）,,无人机电源管理系统的主要功能是（）。,监测电池状态,控制飞行模式,处理图像信号,提供电源备份,,,A,2（易）,5（好）,,,,,,,,,,,,
658,B-A-A-013,B（单选题）,,电源管理系统应安装（）。,与电机相连,与飞控板相连,与螺旋桨相连,与通信模块相连,,,B,2（易）,5（好）,,,,,,,,,,,,
659,B-A-A-013,C（判断题）,,为了确保无人机电源管理系统的功率转换效率，线性稳压器技术最常用。（）,正确,错误,,,,,B,3（中）,5（好）,,,,,,,,,,,,
660,B-A-A-013,C（判断题）,,电源管理系统的装配不需要特别注意电磁兼容性。（）,正确,错误,,,,,B,3（中）,5（好）,,,,,,,,,,,,
661,B-A-A-014,B（单选题）,,无人机抗干扰系统的主要功能是（）。,增强飞行速度,确保飞行路径的精准规划,防止外部电磁干扰影响飞行控制信号,提高无人机的载重能力,,,C,3（中）,5（好）,,,,,,,,,,,,
662,B-A-A-014,B（单选题）,,哪种技术通常用于增强无人机抗干扰能力（）。,卫星导航系统,高频无线电通信,动态频率跳变技术,高精度传感器,,,C,3（中）,5（好）,,,,,,,,,,,,
663,B-A-A-014,B（单选题）,,在无人机飞行过程中，抗干扰系统最主要的作用是在于（）。,改善飞行时间,增强飞行稳定性和安全性,提高飞行器的视觉能力,增强无人机的抗风能力,,,B,3（中）,5（好）,,,,,,,,,,,,
664,B-A-A-014,B（单选题）,,在无人机抗干扰系统的设计中，频率跳变技术主要通过（）来达到抗干扰的目的。,固定频率传输数据,随机切换传输频率，以避开干扰频段,提高信号的功率输出,使用单一频率传输，避免频率干扰,,,B,3（中）,5（好）,,,,,,,,,,,,
665,B-A-A-014,C（判断题）,,装配无人机变焦镜头前，无需检查镜头接口与无人机机身的兼容性。（）,正确,错误,,,,,B,3（中）,5（好）,,,,,,,,,,,,
666,B-A-A-014,C（判断题）,,装配过程中，可以随意旋转或移动变焦镜头，以找到最佳安装位置。（）,正确,错误,,,,,B,3（中）,5（好）,,,,,,,,,,,,
667,B-A-A-015,B（单选题）,,无人机飞行数据记录器（FDR）最常见的功能是（）。,仅记录飞行高度和位置数据,记录飞行器的各项飞行状态、传感器数据及通信信息,记录飞行过程中使用的电池电量,提供飞行员的操作日志和飞行环境记录,,,B,3（中）,5（好）,,,,,,,,,,,,
668,B-A-A-015,B（单选题）,,无人机飞行数据记录器的装配要求中，（）最为重要以确保飞行数据在极端环境中的完整性。,数据存储设备必须采用机械硬盘以提高数据写入速度,数据记录器必须具备高耐压和高温性能，防止在事故中损坏,必须具备多重数据加密保护，以防止数据泄露,记录器需要定期清理，以确保数据读取不受干扰,,,B,3（中）,5（好）,,,,,,,,,,,,
669,B-A-A-015,B（单选题）,,无人机飞行数据记录器通常存储的数据形式是（）。,音频信号与图像数据,原始传感器数据和飞行控制指令的时间戳记录,高分辨率视频与音频记录,飞行路径的实时地图数据,,,B,3（中）,5（好）,,,,,,,,,,,,
670,B-A-A-015,B（单选题）,,关于无人机飞行数据记录器的存储介质，下列描述是正确的（）。,飞行数据记录器只能使用固态硬盘（SSD）存储数据,数据记录器的存储介质需具备高稳定性和抗震性能，以应对飞行过程中的剧烈震动,飞行数据记录器使用云存储技术实时上传数据,存储介质无需特别考虑电磁干扰，传统硬盘足以满足要求,,,B,2（易）,5（好）,,,,,,,,,,,,
671,B-A-A-015,C（判断题）,,装配过程中，无需考虑五目镜头的重量分布对无人机飞行稳定性的影响。（）,正确,错误,,,,,B,3（中）,5（好）,,,,,,,,,,,,
672,B-A-A-015,C（判断题）,1,装配完成后，应通过地面测试和飞行测试来验证五目镜头的性能和成像质量。（）,正确,错误,,,,,A,3（中）,5（好）,,,,,,,,,,,,
673,B-A-A-016,B（单选题）,,过载保护系统整体装配时，应先装配（）。,主体部分,控制部分,检测部分,继电器,,,A,3（中）,5（好）,,,,,,,,,,,,
674,B-A-A-016,B（单选题）,,在过载保护系统中，检测部分的主要作用是（）。,监控负载电流,监控电源电压,监控电机温度,监控电磁铁状态,,,A,3（中）,5（好）,,,,,,,,,,,,
675,B-A-A-016,B（单选题）,,过载保护系统的主要目的是（）。,防止电池过热,防止无人机超负荷运行,提高飞行速度,增加飞行高度,,,B,3（中）,5（好）,,,,,,,,,,,,
676,B-A-A-016,B（单选题）,,装配过载保护系统时，要检查电路的目的是（）。,确保电流稳定,减少噪音干扰,提高飞行效率,增加飞行时间,,,A,3（中）,5（好）,,,,,,,,,,,,
677,B-A-A-016,C（判断题）,,过载保护系统整体装配需要考虑其反应速度和准确性。（）,正确,错误,,,,,A,3（中）,5（好）,,,,,,,,,,,,
678,B-A-A-016,C（判断题）,,过载保护系统整体装配只需要考虑设备的大小即可。（）,正确,错误,,,,,B,3（中）,5（好）,,,,,,,,,,,,
679,B-A-A-017,B（单选题）,,在导航系统的机械装配中，为了确保陀螺仪和加速度计等传感器的精度，通常应将这些传感器安装在飞行器的哪个位置（）。,?安装在机身外部，以减少其他设备的干扰,安装在飞行器尾部，以确保航向控制精度,安装在机翼上，以便捕捉更精确的飞行数据,安装在机身的中央位置，尽量远离振动源,,,D,3（中）,5（好）,,,,,,,,,,,,
680,B-A-A-017,B（单选题）,,在安装导航系统的传感器时，下列可以减少机械安装过程中的误差的是（）。,通过减小传感器的重量来减少安装应力,使用可调节的支架来进行动态优化调整,保证传感器与飞行器结构之间的连接件无形变,将传感器安装在飞行器的动力系统附近，以提高信号响应速度,,,C,3（中）,4（较好）,,,,,,,,,,,,
681,B-A-A-017,B（单选题）,,在安装无人机导航系统的天线时，以下（）措施有助于提高接收信号的质量。,天线应安装在机身内部以保护其免受外部环境的影响,天线应尽可能远离其他电子设备，并确保其方向垂直于地面,天线可以安装在无人机的底部，这样可以获得更好的信号覆盖范围,天线应与其他通信设备天线紧邻安装以共享信号增益,,,B,3（中）,5（好）,,,,,,,,,,,,
682,B-A-A-017,B（单选题）,,在导航系统的机械装配中，以下能处理传感器和飞行器其他系统之间的热管理问题（）。,使用散热片或散热材料来控制传感器的温度，避免过热,直接将传感器安装在发动机附近，以确保其工作温度范围,通过增加加热器以提高低温环境下的传感器性能,忽略传感器温度问题，尽量减少机械结构的重量,,,A,3（中）,5（好）,,,,,,,,,,,,
683,B-A-A-017,C（判断题）,,在导航系统的机械装配过程中，确保传感器与飞行器主结构之间的连接坚固且无变形是非常重要的，这有助于提高测量精度。（）,正确,错误,,,,,A,3（中）,5（好）,,,,,,,,,,,,
684,B-A-A-017,C（判断题）,,安装导航传感器时，支架的设计可以忽略震动和温度的影响，重点应放在减轻重量上。（）,正确,错误,,,,,B,3（中）,5（好）,,,,,,,,,,,,
685,B-A-A-018,B（单选题）,,在导航系统的电气安装过程中，为了减少电磁干扰（EMI）对传感器的影响，最有效的做法是（）。,增加电源电压以提高信号的抗干扰能力,将导航传感器和飞行控制系统共用电源,?采用无线信号传输以减少电缆的使用,?使用屏蔽电缆并确保其接地良好,,,D,3（中）,5（好）,,,,,,,,,,,,
686,B-A-A-018,B（单选题）,,为了保证导航系统的稳定性和准确性，如何处理电气系统中的电源管理（）。,?使用高容量电池，减少电池电压波动,使用多通道电源并为不同模块提供独立电源,将导航系统与飞行控制系统共享电源，简化布线,采用不间断电源（UPS）设备供电，避免电压波动,,,B,3（中）,5（好）,,,,,,,,,,,,
687,B-A-A-018,B（单选题）,,在导航系统电气安装过程中，如何选择合适的电缆以确保系统的可靠性（）。,选择绝缘等级高的电缆，以适应高温和低温环境,选择较细的电缆以减少系统重量,使用较长的电缆以便于布线,使用单一电源线连接所有系统组件，简化电气布局,,,A,3（中）,5（好）,,,,,,,,,,,,
688,B-A-A-018,B（单选题）,,在导航系统的电气安装中，下列确保信号传输的稳定性与安全性的是（）。,?将信号线与电源线尽量分开布线，以防止互相干扰,使用光纤信号传输来减少电磁干扰,安装冗余电气线路以提高信号的可靠性,通过增加信号放大器来确保长距离传输的稳定性,,,A,2（易）,5（好）,,,,,,,,,,,,
689,B-A-A-018,C（判断题）,,在导航系统的电气安装过程中，确保信号线和电源线互相隔离布线，是减少电气干扰和提高系统可靠性的关键措施。（）,正确,错误,,,,,A,3（中）,5（好）,,,,,,,,,,,,
690,B-A-A-018,C（判断题）,,为防止电池电压波动对导航系统的影响，所有导航模块应共用同一电源，以简化安装过程。（）,正确,错误,,,,,B,3（中）,5（好）,,,,,,,,,,,,
691,B-A-A-019,B（单选题）,,对于需要长距离飞行的无人机，在选择和安装全球导航卫星系统（GNSS）模块时，（）。考虑最为重要,选择具有高灵敏度和低噪声的GNSS模块,确保GNSS天线具有良好的抗干扰能力,使用大容量电池以确保GNSS模块的持续供电,将GNSS模块安装在无人机机体的中央位置,,,A,3（中）,5（好）,,,,,,,,,,,,
692,B-A-A-019,B（单选题）,,在安装GNSS接收机时，应该将其放置在（）。以获得最佳信号,高处,底处,局部遮挡物附近,干燥的地方,,,A,3（中）,5（好）,,,,,,,,,,,,
693,B-A-A-019,B（单选题）,,GNSS模块通常安装在无人机的（）。,机体底部,机体顶部,电池仓,飞控系统旁边,,,B,2（易）,5（好）,,,,,,,,,,,,
694,B-A-A-019,B（单选题）,,安装完GNSS模块后，下一步应该做（）。,立即起飞,进行校准,安装相机,充电,,,B,2（易）,5（好）,,,,,,,,,,,,
695,B-A-A-019,C（判断题）,,全球导航卫星系统（GNSS）的安装位置可以根据个人喜好随意选择。（）,正确,错误,,,,,B,3（中）,5（好）,,,,,,,,,,,,
696,B-A-A-019,C（判断题）,,在无人机装配过程中，进行GNSS天线安装时，通常需要确保所有电缆都尽量短，以减少信号的衰减。（）,正确,错误,,,,,A,3（中）,5（好）,,,,,,,,,,,,
697,B-A-A-020,B（单选题）,,超声波传感器应安装在（）。以获得最佳的检测效果,无人机的顶部,无人机的底部,无人机的侧面,飞行控制系统旁边,,,B,3（中）,5（好）,,,,,,,,,,,,
698,B-A-A-020,B（单选题）,,超声波传感器在无人机上的主要用途是（）。,测量高度,检测障碍物,控制飞行速度,监测环境温度,,,B,2（易）,5（好）,,,,,,,,,,,,
699,B-A-A-020,B（单选题）,,安装超声波传感器时，避开阳光直目的是（）。,防止传感器过热,减少误差,增加测量范围,提高精度,,,A,3（中）,5（好）,,,,,,,,,,,,
700,B-A-A-020,B（单选题）,,安装完超声波传感器后，下一步应该做（）。,立即起飞,校准传感器,安装其他设备,充电,,,B,3（中）,5（好）,,,,,,,,,,,,
701,B-A-A-020,C（判断题）,,超声波传感器必须安装在物体内部才能获得准确的检测结果。（）,正确,错误,,,,,B,3（中）,5（好）,,,,,,,,,,,,
702,B-A-A-020,C（判断题）,1,超声波传感器的安装需要考虑其探测范围和精度。（）,正确,错误,,,,,A,3（中）,5（好）,,,,,,,,,,,,
703,B-A-A-021,B（单选题）,,光流定位传感器通常安装在（）。,摄像机镜头前,镜头后,无人机底部,无人机顶部,,,C,3（中）,5（好）,,,,,,,,,,,,
704,B-A-A-021,B（单选题）,,光流定位传感器的接线方式通常是（）。,并联,串联,单独接线,通过信号转换器连接,,,D,2（易）,5（好）,,,,,,,,,,,,
705,B-A-A-021,B（单选题）,,光流定位传感器主要用于无人机的（）。,高空飞行,室内定位,避障,测速,,,B,2（易）,5（好）,,,,,,,,,,,,
706,B-A-A-021,B（单选题）,,安装光流传感器时，要保证地面平整的目的（）。,提高定位精度,方便安装,增加稳定性,减少能耗,,,A,2（易）,5（好）,,,,,,,,,,,,
707,B-A-A-021,C（判断题）,,光流定位传感器的安装需要考虑其视野范围和稳定性。（）,正确,错误,,,,,A,3（中）,5（好）,,,,,,,,,,,,
708,B-A-A-021,C（判断题）,,光流定位传感器的安装只需要考虑设备的高度即可。（）,正确,错误,,,,,B,3（中）,5（好）,,,,,,,,,,,,
709,B-A-A-022,B（单选题）,,IMU在无人机中的主要作用是（）。,实时测量飞行器的姿态、加速度和角速度,增加速度,提高定位精度,检测空气流速,,,A,3（中）,4（较好）,,,,,,,,,,,,
710,B-A-A-022,B（单选题）,,安装IMU时，应该将其固定在（）。,机身底部,飞行器的电池旁边,飞行器的控制中心,任意位置都可以,,,C,3（中）,5（好）,,,,,,,,,,,,
711,B-A-A-022,B（单选题）,,惯性测量单元（IMU）的主要功能是（）。,测量无人机的速度,测量无人机的位置,测量无人机的姿态,测量无人机的高度,,,C,2（易）,5（好）,,,,,,,,,,,,
712,B-A-A-022,B（单选题）,,惯性测量单元（IMU）通常用于测量无人机的（）。,加速度和角速度,温度和湿度,压力和海拔,速度和距离,,,A,2（易）,5（好）,,,,,,,,,,,,
713,B-A-A-022,C（判断题）,,惯性测量单元的装配需要考虑其测量精度和稳定性。（）,正确,错误,,,,,A,3（中）,5（好）,,,,,,,,,,,,
714,B-A-A-022,C（判断题）,,惯性测量单元的装配不需要特别的注意其内部机械结构的正交性。（）,正确,错误,,,,,B,3（中）,5（好）,,,,,,,,,,,,
715,B-A-A-023,B（单选题）,,在通信系统的装配过程中，为了保证信号传输的质量，以下措施最为关键的是（）。,使用尽可能长的信号电缆，以增加信号传输距离,在装配过程中，确保所有电缆和组件都有足够的屏蔽和接地,所有电缆应尽量并排布置，减少空间浪费,使用普通电缆而非专用通信电缆，以节省成本,,,B,3（中）,5（好）,,,,,,,,,,,,
716,B-A-A-023,B（单选题）,,在通信系统装配时，下列（）确保电源供应的稳定性，避免电源波动影响信号传输质量。,?共享电源以减少布线成本,采用不间断电源（UPS）供电，保证电源的持续稳定,仅使用单一的电池组供电，不考虑冗余设计,使用低噪声电源，并为通信模块提供独立的电源通道,,,D,3（中）,5（好）,,,,,,,,,,,,
717,B-A-A-023,B（单选题）,,在通信系统装配中，为了提高数据传输速率，应采取的措施是（）。,采用适当的信号调制方式，优化信号带宽,使用较长的电缆，以确保更长距离的数据传输,选择较低的传输频率，以减少信号干扰,安装多个信号转换器，以提高信号质量,,,A,2（易）,5（好）,,,,,,,,,,,,
718,B-A-A-023,B（单选题）,,在通信系统的装配中，为了减少外部电磁干扰，以下措施最为有效的是（）。,采用金属外壳对通信设备进行完全封闭,使用屏蔽电缆，并确保所有连接点良好接地,直接使用无线信号传输，避免使用电缆,在电缆周围加装绝缘层，防止电磁波传播,,,B,3（中）,5（好）,,,,,,,,,,,,
719,B-A-A-023,C（判断题）,,在通信系统装配过程中，为了提高系统抗干扰能力，应该尽量使用屏蔽电缆，并保持电缆接头处的接地良好。（）,正确,错误,,,,,A,3（中）,5（好）,,,,,,,,,,,,
720,B-A-A-023,C（判断题）,,为了降低通信系统的成本，装配过程中可以忽略电源的噪声管理和信号调节，直接使用普通电源供应模块。（）,正确,错误,,,,,B,3（中）,5（好）,,,,,,,,,,,,
721,B-A-A-024,B（单选题）,,在无人机装配中，遥控接收天线的安装位置最理想的位置是哪里（）。,机体下方靠近电池位置,机身前部靠近飞控系统,机身顶部或尾部,电机附近,,,C,3（中）,5（好）,,,,,,,,,,,,
722,B-A-A-024,B（单选题）,,遥控接收天线的长度选择对信号质量的影响主要取决于哪项因素（）。,无人机的电池容量,信号频率（如2.4GHz或5.8GHz）,飞行控制器的工作频率,电动机的功率,,,B,3（中）,5（好）,,,,,,,,,,,,
723,B-A-A-024,B（单选题）,,在遥控接收天线的安装过程中，为了减少信号干扰，哪种做法是正确的（）。,将天线直接缠绕在机身周围,将天线与其他电子元件尽量分开,将天线与电池直接接触,将天线放置在电机附近，以增强信号,,,B,3（中）,5（好）,,,,,,,,,,,,
724,B-A-A-024,B（单选题）,,在无人机遥控接收天线的布线过程中，哪种做法会导致信号损失或接收不稳定（）。,将天线布线尽量拉直，避免弯曲,使用高质量的低损耗电缆,在天线连接器上使用较长的延长线,使用带有屏蔽层的电缆,,,C,2（易）,5（好）,,,,,,,,,,,,
725,B-A-A-024,C（判断题）,,遥控接收天线的接收性能与天线的材质关系不大，关键在于天线的长度和形状。（）,正确,错误,,,,,B,3（中）,5（好）,,,,,,,,,,,,
726,B-A-A-024,C（判断题）,,在安装遥控接收天线时，应避免将天线设置在飞行器的旋转部件附近，以免产生额外的电磁干扰。（）,正确,错误,,,,,A,3（中）,5（好）,,,,,,,,,,,,
727,B-A-A-025,B（单选题）,,接收机的天线应该朝向（）。,飞行器的前方,飞行器的后方,飞行器的上方,飞行器的侧面或垂直向上,,,D,3（中）,5（好）,,,,,,,,,,,,
728,B-A-A-025,B（单选题）,,在安装接收机时，应该避免（）。设备干扰,GPS,电池,电机,飞控系统,,,C,3（中）,5（好）,,,,,,,,,,,,
729,B-A-A-025,B（单选题）,,无人机接收机安装位置的选择主要基于（）。,接收信号强度,外观美观,便于隐藏,重量轻便,,,A,3（中）,5（好）,,,,,,,,,,,,
730,B-A-A-025,B（单选题）,,安装接收机时，要避免金属物体遮挡的目的是（）。,减少信号干扰,方便调试,增加稳定性,提高接收灵敏度,,,A,2（易）,5（好）,,,,,,,,,,,,
731,B-A-A-025,C（判断题）,,在无人机接收机安装过程中，为确保接收信号的质量，通常会将接收机安装在无人机的底部接近地面。（）,正确,错误,,,,,B,3（中）,5（好）,,,,,,,,,,,,
732,B-A-A-025,C（判断题）,,接收机的安装需要保证其信号稳定。（）,正确,错误,,,,,A,3（中）,5（好）,,,,,,,,,,,,
733,B-A-A-026,B（单选题）,,无人机无线数据传输系统在安装完成后，如果发现数据传输速率明显低于预期，（）。处理措施最为有效,增加无线数传模块的发射功率,更换更高频段的无线数传模块,优化无人机的飞行轨迹以减少干扰,对无线数传系统进行全面的故障排查和校准,,,D,3（中）,5（好）,,,,,,,,,,,,
734,B-A-A-026,B（单选题）,,在安装无线数传系统时，需要在（）。安装接收端的天线,飞行控制系统附近,机体外部,电池仓内部,电机旁边,,,B,3（中）,5（好）,,,,,,,,,,,,
735,B-A-A-026,B（单选题）,,无线数据传输系统在无人机中的主要功能是（）。,控制飞行方向,传输实时飞行数据,监测电池状态,记录飞行高度,,,B,2（易）,5（好）,,,,,,,,,,,,
736,B-A-A-026,B（单选题）,,装完无线数据传输系统后，下一步应该做（）。,直接起飞,设置频道和功率,安装其他配件,进行信号测试,,,D,2（易）,5（好）,,,,,,,,,,,,
737,B-A-A-026,C（判断题）,,无线数据传输（无线数传）系统的安装需要考虑信号覆盖范围和抗干扰能力。（）,正确,错误,,,,,A,3（中）,5（好）,,,,,,,,,,,,
738,B-A-A-026,C（判断题）,,无线数据传输（无线数传）系统的安装只需要考虑设备的连接即可。（）,正确,错误,,,,,B,3（中）,5（好）,,,,,,,,,,,,
739,B-A-A-027,B（单选题）,,在无线图像传输系统的装配过程中，为了确保图像信号的高质量传输，以下措施最为关键的是（）。,选择较长的天线以增加信号接收范围,使用高频段传输以提高带宽，支持高分辨率图像,使用低功率传输以减少干扰和信号衰减,通过无线传输覆盖所有信号源，无需布线,,,B,3（中）,5（好）,,,,,,,,,,,,
740,B-A-A-027,B（单选题）,,在无线图像传输系统的装配中，（）。可以确保系统的抗干扰能力,使用频率跳跃技术（FHSS）或扩频技术（DSSS）来减少干扰的影响,使用广泛的频谱覆盖范围，以避开干扰信号,只使用低频信号传输，避免高频带来的干扰,选择固定频率进行传输，以减少频率切换时的干扰,,,A,3（中）,5（好）,,,,,,,,,,,,
741,B-A-A-027,B（单选题）,,为了保证无线图像传输系统在长距离传输中的稳定性，如何选择和安装传输天线（）。,使用低增益天线以增加传输距离,选择高增益定向天线，确保信号的指向性和距离,安装天线时应尽量避免与其他金属物体接触，减少反射干扰,使用多个天线，采用多输入多输出（MIMO）技术以增强信号,,,B,2（易）,5（好）,,,,,,,,,,,,
742,B-A-A-027,B（单选题）,,在无线图像传输系统的装配过程中，为了减少图像传输过程中的延迟，通常应采取的措施是（）。,优化图像编码与压缩算法，减少传输数据量,使用低功率传输信号以减少延迟,增加图像分辨率，提高图像质量,采用多路径传输方式来提高传输速度,,,A,2（易）,5（好）,,,,,,,,,,,,
743,B-A-A-027,C（判断题）,,在无线图像传输系统的装配过程中，选择高频段进行图像传输有助于提高传输带宽和图像分辨率，但可能会增加信号衰减。（）,正确,错误,,,,,A,3（中）,5（好）,,,,,,,,,,,,
744,B-A-A-027,C（判断题）,,为了减少干扰，使用频率跳跃技术（FHSS）或扩频技术（DSSS）有助于在复杂的电磁环境中稳定传输图像信号,正确,错误,,,,,A,3（中）,5（好）,,,,,,,,,,,,
745,B-A-A-028,B（单选题）,,移动通信模块通常采用（）。连接方式,USB,RS232,TTL电平,音频接口,,,A,2（易）,5（好）,,,,,,,,,,,,
746,B-A-A-028,B（单选题）,,安装移动通信模块时，需要先将设备的（）。接通电源,外壳,模块本身,接收器,发射器,,,B,2（易）,5（好）,,,,,,,,,,,,
747,B-A-A-028,B（单选题）,,移动通信模块在无人机中的主要作用是（）。,实时监控飞行状态,控制飞行方向,记录飞行数据,提供电源管理,,,A,3（中）,5（好）,,,,,,,,,,,,
748,B-A-A-028,B（单选题）,,安装移动通信模块时，（）。注意天线的方向,提高信号强度,减少能耗,增加传输距离,改善外观,,,A,3（中）,5（好）,,,,,,,,,,,,
749,B-A-A-028,C（判断题）,,移动通信模块的安装需要考虑其信号质量和稳定性。（）,正确,错误,,,,,A,3（中）,5（好）,,,,,,,,,,,,
750,B-A-A-028,C（判断题）,,移动通信模块的安装只需要考虑设备的位置即可。（）,正确,错误,,,,,B,3（中）,5（好）,,,,,,,,,,,,
751,B-A-A-029,B（单选题）,,在起飞着陆系统的装配中，为了确保起飞和着陆时的稳定性，以下设计措施最为关键的是（）。, 增加机翼的面积以提高升力,采用高强度材料制造机身以增加整体结构强度,安装高精度的传感器系统来实时监测飞行状态并调整姿态,使用更大尺寸的轮胎以增强地面摩擦力,,,C,3（中）,5（好）,,,,,,,,,,,,
752,B-A-A-029,B（单选题）,,在装配起飞着陆系统时，为了提高着陆时的减震效果，应优先选择的减震装置是（）。,使用气压减震装置，减少反弹和冲击,使用液压减震装置，以提高减震稳定性,选用传统的钢簧装置，降低装配复杂性,采用复合材料减震器，以减轻系统重量,,,B,2（易）,5（好）,,,,,,,,,,,,
753,B-A-A-029,B（单选题）,,在起飞着陆系统装配过程中，以下可以确保起落架与机身之间的连接能够承受高强度的负载的是（）。,使用大尺寸、高强度的连接件和增强型支撑框架，确保连接的稳定性,采用较小尺寸的连接螺栓，减少机身负担,使用轻质铝合金材料以减轻总重量,在起落架与机身连接处使用柔性材料，以减少震动传递,,,A,3（中）,5（好）,,,,,,,,,,,,
754,B-A-A-029,B（单选题）,,在装配起飞着陆系统时，如何选择合适的起落架轮胎以适应不同的起飞条件（）。,选择大直径轮胎，以确保能够通过不平整的地面,使用宽轮胎设计，以增加接地面积，适应软土或雪地条件,选择耐高温、耐磨的轮胎材料，以应对高温环境下的高强度着陆,使用窄轮胎设计，以降低空气阻力和减少重量,,,B,3（中）,5（好）,,,,,,,,,,,,
755,B-A-A-029,C（判断题）,,在起飞着陆系统的装配过程中，采用液压减震装置可以有效提高起降时的稳定性和安全性，特别是在高速着陆时。（）,正确,错误,,,,,A,3（中）,5（好）,,,,,,,,,,,,
756,B-A-A-029,C（判断题）,,起落架的支撑结构设计应优先考虑轻便和减震效果，牺牲强度和刚性，以减少整体重量。（）,正确,错误,,,,,B,3（中）,5（好）,,,,,,,,,,,,
757,B-A-A-030,B（单选题）,,在无人机滑跑起飞系统的装配中，为了确保滑跑过程中的稳定性，以下设计措施最为关键的是（）。,选择较长的滑跑道和高摩擦力的跑道材料,确保起落架的稳定性和强度，防止在滑跑过程中发生变形,配置较小的起落架，以减轻无人机重量,采用较薄的机身设计，以降低空气阻力,,,B,3（中）,5（好）,,,,,,,,,,,,
758,B-A-A-030,B（单选题）,,在无人机滑跑起飞系统的装配过程中，选择适当的电动推力系统时，应该考虑的因素是（）。,只考虑推力重量比，忽略推力输出的平稳性和持续性,使用可调推力的系统以便在飞行过程中动态调整,选择低功率的电动推力系统，以减少能量消耗,?提供足够的推力以克服无人机的起飞重量和气动阻力,,,D,3（中）,5（好）,,,,,,,,,,,,
759,B-A-A-030,B（单选题）,！！,为了保证无人机滑跑起飞的顺利进行，起落架与地面的接触角度对起飞稳定性的影响主要体现在（）。方面,确保起落架前轮与地面的接触角度适中，以确保平稳的起飞,起落架与地面接触角度对起飞无影响，关键是推力系统的输出,通过增大起落架接触角度来提高起飞速度,选择较低接触角度，以减少起飞时的空气阻力,,,A,3（中）,5（好）,,,,,,,,,,,,
760,B-A-A-030,B（单选题）,,在无人机滑跑起飞系统的装配中，为了应对高强度的滑跑过程，如何选择适合的轮胎材料（）。,选择较软的轮胎材料，以提供更好的摩擦力,使用高耐磨、抗高温的轮胎材料，以保证长时间滑跑的稳定性,使用轻质材料的轮胎，以减少无人机的总重量,采用较硬的轮胎材料，以减少轮胎的磨损,,,B,3（中）,5（好）,,,,,,,,,,,,
761,B-A-A-030,C（判断题）,,滑跑起飞时，起落架的接触角度对起飞过程没有影响，关键因素是推力系统的设计和控制。（）,正确,错误,,,,,B,3（中）,5（好）,,,,,,,,,,,,
762,B-A-A-030,C（判断题）,,在无人机滑跑起飞过程中，推力系统的选择应优先考虑提供足够的持续推力，而非短时间的最大推力，以确保平稳起飞。（）,正确,错误,,,,,A,3（中）,5（好）,,,,,,,,,,,,
763,B-A-A-031,B（单选题）,,无人机弹射起飞系统的安全装置主要作用是（）。,控制飞行速度和高度,防止无人机在弹射过程中突然失控或爆炸,提高无人机的稳定性和操控性,增加无人机的续航时间和载重能力,,,B,3（中）,5（好）,,,,,,,,,,,,
764,B-A-A-031,B（单选题）,,最适合制作无人机弹射起飞系统的支架是（）。,不锈钢,铝合金,塑料,钛合金,,,D,3（中）,5（好）,,,,,,,,,,,,
765,B-A-A-031,B（单选题）,,装配弹射起飞系统时，确保发射装置稳固的目的是（）。,.提高速度,减少振动,增加飞行时间,提高起飞效率,,,B,3（中）,5（好）,,,,,,,,,,,,
766,B-A-A-031,B（单选题）,,在装配无人机的弹射起飞系统时，确保弹射导轨安装角度正确至关重要。以下正确的做法是（）。, 弹射导轨应保持水平，以减少摩擦力,弹射导轨应根据无人机的设计要求调整适当的仰角，以确保最佳起飞轨迹,弹射导轨可以随意安装，因为其角度对起飞影响不大,弹射导轨应垂直于地面，以增加起飞速度,,,B,3（中）,5（好）,,,,,,,,,,,,
767,B-A-A-031,C（判断题）,,无人机弹射起飞系统的装配不需要考虑弹射架的结构强度。（）,正确,错误,,,,,B,3（中）,5（好）,,,,,,,,,,,,
768,B-A-A-031,C（判断题）,1,无人机弹射起飞系统的装配方法涉及到使用锁紧机构将无人机锁紧在滑跑架上，以防止无人机在弹射过程中意外弹出。（）,正确,错误,,,,,A,3（中）,5（好）,,,,,,,,,,,,
769,B-A-A-032,B（单选题）,,在无人机空中发射系统的装配过程中，为了确保发射过程中的平稳性，以下因素最为关键的是（）。,使用具有较大推力的发射装置以快速加速无人机,配置较重的无人机，以增加发射时的惯性,采用适合的弹性支撑结构，避免发射时的剧烈震动,使用气动设计较差的机翼，以降低空气阻力,,,C,3（中）,5（好）,,,,,,,,,,,,
770,B-A-A-032,B（单选题）,,在无人机空中发射系统中，可以确保发射后的飞行稳定性的是（）。,增加飞行器的起飞重量以提高飞行稳定性,设计适合的气动外形，减少气流不稳定对飞行的影响,配置较小的动力系统，以减少瞬时推力对飞行的影响,在飞行器上安装气动补偿装置，以自动调整姿态,,,B,3（中）,5（好）,,,,,,,,,,,,
771,B-A-A-032,B（单选题）,,在空中发射系统装配过程中，如何选择合适的发射平台以提高无人机的发射精度和成功率（）。,选择较为简单的发射平台，忽略对发射精度的精细调节,配置具有稳定支撑和控制功能的发射平台，确保无人机的初始飞行姿态,使用较小型的发射平台，以便进行快速移动和调整,只关注平台的重量和稳定性，忽略平台的精密调节功能,,,B,3（中）,5（好）,,,,,,,,,,,,
772,B-A-A-032,B（单选题）,,在空中发射系统的设计中，为了确保发射过程中无人机不发生意外倾斜或失控，以下设计方案最为有效的是（）。,在无人机上安装多个冗余传感器和控制系统，增加控制稳定性,配置具有智能稳定功能的发射装置，实时调整发射姿态,选择具有较高动力比的发射平台，确保发射过程中瞬时推力充足,?采用较为复杂的发射算法，快速调整无人机的飞行姿态,,,B,3（中）,5（好）,,,,,,,,,,,,
773,B-A-A-032,C（判断题）,,在无人机空中发射过程中，合理的发射平台设计对于无人机的初始飞行姿态至关重要，能够有效提高发射精度和成功率。（）,正确,错误,,,,,A,3（中）,5（好）,,,,,,,,,,,,
774,B-A-A-032,C（判断题）,,为了确保无人机空中发射过程中的稳定性，应优先选择较轻的发射平台，并忽略对发射精度和控制功能的调节。（）,正确,错误,,,,,B,3（中）,5（好）,,,,,,,,,,,,
775,B-A-A-033,B（单选题）,,常用于无人机滑跑着陆系统的是（）。,磁力制动器,液压制动器,齿轮制动器,刹车片制动器,,,B,3（中）,5（好）,,,,,,,,,,,,
776,B-A-A-033,B（单选题）,,无人机滑跑着陆系统的控制系统主要用于（）。,监控无人机的运行状态,控制无人机的姿态,控制无人机的速度,执行着陆程序,,,D,3（中）,5（好）,,,,,,,,,,,,
777,B-A-A-033,B（单选题）,,装配滑跑着陆系统时，需特别注意起落架设计的原因是（）。,提高速度,减少噪音,增加稳定性,提高起飞效率,,,C,3（中）,5（好）,,,,,,,,,,,,
778,B-A-A-033,B（单选题）,,滑跑着陆系统应安装在无人机的（）。,机翼下方,机身前端,机身底部,机身后端,,,C,3（中）,5（好）,,,,,,,,,,,,
779,B-A-A-033,C（判断题）,,无人机滑跑着陆系统的装配不需要考虑着陆场地的条件。（）,正确,错误,,,,,B,3（中）,5（好）,,,,,,,,,,,,
780,B-A-A-033,C（判断题）,,滑跑着陆系统的安装应以尽量减小飞行器的重量为主，因此着陆轮的材料选择不需要过于关注强度。（）,正确,错误,,,,,B,3（中）,5（好）,,,,,,,,,,,,
781,B-A-A-034,B（单选题）,,无人机在降落前需要进行的操作是（）。,关闭电源,启动摄像头,收起旋翼,打开降落伞,,,D,3（中）,5（好）,,,,,,,,,,,,
782,B-A-A-034,B（单选题）,,（）。可以用于无人机的精准定位（）。,GNSS模块,激光雷达,陀螺仪,距离传感器,,,A,3（中）,5（好）,,,,,,,,,,,,
783,B-A-A-034,B（单选题）,,伞降着陆系统主要用于（）。类型的无人机,多旋翼无人机,固定翼无人机,所有类型的无人机,无人直升机,,,B,3（中）,5（好）,,,,,,,,,,,,
784,B-A-A-034,B（单选题）,,装配伞降着陆系统时，要检查降落伞的完整性的原因是（）。,确保安全着陆,提高速度,增加飞行时间,提高起飞效率,,,A,3（中）,5（好）,,,,,,,,,,,,
785,B-A-A-034,C（判断题）,,无人机伞降着陆系统的装配不需要考虑伞降时的风向和风速。（）,正确,错误,,,,,B,3（中）,5（好）,,,,,,,,,,,,
786,B-A-A-034,C（判断题）,1,人机伞降着陆系统的装配不需要特别注意伞降装备的可靠性。（）,正确,错误,,,,,B,3（中）,5（好）,,,,,,,,,,,,
787,B-A-A-035,B（单选题）,,在无人机气垫着陆系统的装配过程中，以下设计是确保气垫稳定性和承载能力的关键的是（）。,配置多个独立气囊并设计冗余气动控制系统，以提高安全性,使用较轻的气垫材料，减少系统整体重量,采用较小尺寸的气垫设计，以提高气流效率,使用简单的气垫控制方式，以减少系统复杂度,,,A,3（中）,5（好）,,,,,,,,,,,,
788,B-A-A-035,B（单选题）,,在无人机气垫着陆系统的装配中，为了确保气垫的稳定性和适应性，如何选择合适的气流调节装置（）。,使用机械式气流调节装置，以提高精度和响应速度,配置电动阀门或气动调节器，精确控制气流的分布和压力,选择手动调节装置，降低成本并减少维护需求,采用无调节装置，依赖自然气流来调节气垫压力,,,B,3（中）,5（好）,,,,,,,,,,,,
789,B-A-A-035,B（单选题）,,在无人机气垫着陆系统中，为了确保气垫的压力均匀分布，防止局部压力过高导致着陆失败的措施有（）。,使用重型支撑框架，确保均匀的压力传递,增加气垫表面的摩擦力，以防气流不均,选择单一气囊设计，降低装配复杂性,采用气垫内压调节装置，保持气垫压力平衡,,,D,3（中）,5（好）,,,,,,,,,,,,
790,B-A-A-035,B（单选题）,,在装配无人机气垫着陆系统时，为了提高系统的响应速度，应该采取以下（）措施。,增加气垫的容积，以保证充气量充足,采用更为复杂的多层气垫设计，提高反应灵敏度,选择低摩擦表面材料，减少气垫与地面接触时的阻力,配置高效的气压传感器和快速反应的控制系统，优化气流调节,,,D,3（中）,5（好）,,,,,,,,,,,,
791,B-A-A-035,C（判断题）,,在无人机气垫着陆系统的装配中，采用多个独立气囊和冗余控制系统能有效提高着陆的安全性和系统的容错能力。（）,正确,错误,,,,,A,3（中）,5（好）,,,,,,,,,,,,
792,B-A-A-035,C（判断题）,,气垫着陆系统在装配过程中，使用简单的气流调节装置而忽略精密控制会降低系统的稳定性和响应速度。（）,正确,错误,,,,,A,3（中）,5（好）,,,,,,,,,,,,
793,B-A-A-036,B（单选题）,,在无人机阻拦网回收系统的装配中，为了确保回收过程中阻拦网的有效性，以下（）的设计至关重要。,?网格的尺寸和材质应确保能够承受无人机的最大着陆冲击力,网格应设计得尽可能大，以容纳多架无人机同时回收,选择较重的网格材质，以提高网格的稳定性,配置具有强大弹性的网格材料，以吸收着陆时的部分能量,,,A,3（中）,5（好）,,,,,,,,,,,,
794,B-A-A-036,B（单选题）,,在无人机阻拦网回收系统的装配过程中，为了确保网的张力适中，避免因过松或过紧导致系统失效，应该使用以下哪种方法（）。,使用手动调节装置调整网的张力,配置自动张力控制装置，实时监控和调节网的张力,选择刚性较大的网材质，忽略张力调节,使用较松的网材质，依靠空气流动自动调节张力,,,B,3（中）,5（好）,,,,,,,,,,,,
795,B-A-A-036,B（单选题）,,在无人机阻拦网回收系统中，以下（）可以确保阻拦网能在无人机接触的瞬间及时展开，并稳定住无人机。,配置重型的自动铺网系统，以确保网在空中能够快速铺开,使用较大的网格孔径，减少阻力，确保快速展开,使用弹簧装置辅助展开，减少动力消耗,通过设计快速释放装置和电动驱动装置，使网能够迅速展开,,,D,3（中）,5（好）,,,,,,,,,,,,
796,B-A-A-036,B（单选题）,,在无人机阻拦网回收系统装配中，以下措施可以提高阻拦网系统的耐久性和安全性的是（）。,选用低成本的合成纤维材料以减轻重量,设计网格具有适当的弹性，以吸收无人机的能量,采用较软的网格材料，减少与无人机的冲击力,使用单一材料制造网格，忽略不同材料的组合使用,,,B,3（中）,5（好）,,,,,,,,,,,,
797,B-A-A-036,C（判断题）,,无人机阻拦网回收系统中，配置自动张力控制装置可以有效地保证网的张力适中，从而提高回收成功率。（）,正确,错误,,,,,A,3（中）,5（好）,,,,,,,,,,,,
798,B-A-A-036,C（判断题）,,在无人机阻拦网回收系统中，较大的网格孔径设计有助于增加回收成功率，减少阻力并保证网的展开速度。（）,正确,错误,,,,,B,3（中）,5（好）,,,,,,,,,,,,
799,B-A-B-001,B（单选题）,,在填写无人机动力系统装配报告单时，关于电动机参数的填写，以下最为关键的是（）。,电动机的额定功率和效率，以确保动力系统的持续运行,电动机的电压和电流类型，以确保与电池系统的匹配,电动机的外观尺寸和重量，以便于装配空间的规划,电动机的品牌和型号，以便于采购,,,B,3（中）,5（好）,,,,,,,,,,,,
800,B-A-B-001,B（单选题）,,在填写无人机动力系统装配报告单时，下列正确描述动力系统的可靠性测试结果的是（）。,只列出测试的基本步骤，无需详细数据,只描述测试是否成功，不必提供其他数据,提供测试的具体参数、环境条件及测试时间，确保信息的可追溯性,仅报告设备是否能够正常启动，忽略长期运行数据,,,C,3（中）,5（好）,,,,,,,,,,,,
801,B-A-B-001,B（单选题）,,在无人机动力系统装配报告单中，关于燃料系统的填写，应该特别注意的内容是（）。,燃料类型、容量和压力范围，以及与动力系统的兼容性,燃料的品牌和生产商信息，以便于维护,燃料系统的重量，以便于计算总重量,燃料的储存位置和运输方式，以确保安全性,,,A,2（易）,5（好）,,,,,,,,,,,,
802,B-A-B-001,B（单选题）,,在填写无人机动力系统装配报告单时，下列（）确保装配过程中的每个步骤都被准确记录。,只记录装配后的最终结果，无需详细记录过程中的每一步,只记录关键步骤，以减少报告内容,详细列出每个装配步骤的具体操作、所用工具及测试结果，确保完整性,记录装配的开始和结束时间，无需细节信息,,,C,3（中）,5（好）,,,,,,,,,,,,
803,B-A-B-001,C（判断题）,,在填写无人机动力系统装配报告单时，必须记录所有动力系统部件的校准情况，以确保装配精度和系统性能。（）,正确,错误,,,,,B,3（中）,5（好）,,,,,,,,,,,,
804,B-A-B-001,C（判断题）,,装配报告单中对于电池和电动机的匹配要求不需要过于精确，只要系统能够正常启动即可。（）,正确,错误,,,,,A,3（中）,5（好）,,,,,,,,,,,,
805,B-A-B-002,B（单选题）,,在填写无人机飞行控制与导航系统装配报告单时，关于飞行控制器的参数填写，以下最为重要的是（）。,飞行控制器的制造商和型号，以便于后期维护,飞行控制器的重量，以便于计算无人机的整体负载,控制器的工作频率和响应速度，以确保系统的实时控制性能,飞行控制器的外观和尺寸，以确保与机身的适配,,,C,3（中）,5（好）,,,,,,,,,,,,
806,B-A-B-002,B（单选题）,,在无人机飞行控制与导航系统装配报告单中，关于导航系统的精度要求，以下描述正确的是（）。,仅需描述导航系统的最大偏差范围，不需要提供测试数据,?只描述系统是否能够正常工作，无需详细的精度信息,只记录导航系统的工作频段，无需考虑精度要求,提供导航系统的精度误差（如GPS精度）和在不同环境下的表现数据,,,D,3（中）,5（好）,,,,,,,,,,,,
807,B-A-B-002,B（单选题）,,在无人机飞行控制与导航系统装配报告单填写过程中，下列（）记录系统的冗余设计以确保飞行安全。,仅简要描述冗余系统的存在，无需详细列出每个冗余组件,不需要记录冗余系统，只有主控制系统足够可靠即可,只记录冗余系统的启用条件，无需其他细节,记录冗余系统的设计方案、组件选型以及测试结果，确保系统可靠性,,,D,2（易）,5（好）,,,,,,,,,,,,
808,B-A-B-002,B（单选题）,,在填写无人机飞行控制与导航系统装配报告单时，关于传感器的选择和安装，以下（）信息是必须详细记录的。,?传感器的类型、型号、安装位置、传感器的标定和测试结果,传感器的重量和外观,传感器的生产厂家和安装日期,只记录传感器的工作电压和功耗,,,A,3（中）,5（好）,,,,,,,,,,,,
809,B-A-B-002,C（判断题）,,在填写无人机飞行控制与导航系统装配报告单时，冗余设计的细节记录和测试结果对系统的安全性至关重要，因此必须详细记录。（）,正确,错误,,,,,A,3（中）,5（好）,,,,,,,,,,,,
810,B-A-B-002,C（判断题）,,在飞行控制与导航系统装配报告单中，记录导航系统的精度误差并非必须项，只需保证系统能正常工作即可。（）,正确,错误,,,,,B,3（中）,5（好）,,,,,,,,,,,,
811,B-A-B-003,B（单选题）,,在通信系统装配报告单中，记录所有组件的型号和序列号的主要目的是（）。, 为了方便后续维护和故障排查,确保所有组件都在保修期内,计算系统的总成本,满足客户对详细报告的要求,,,A,3（中）,5（好）,,,,,,,,,,,,
812,B-A-B-003,B（单选题）,,在无人机通信系统装配报告单中，关于通信协议的选择与配置，最重要的考虑因素是（）。,选择传输速度较高的协议，忽略其他性能要求,只关注协议的成本和是否普及,选择兼容的协议，以确保与飞行控制系统的匹配,优先选择无线通信协议，忽略有线通信选项,,,C,2（易）,5（好）,,,,,,,,,,,,
813,B-A-B-003,B（单选题）,,在填写通信系统装配报告单时，以下（）是必须首先记录的信息。,装配过程中遇到的具体问题,所有组件的型号和序列号,最终测试结果, 安装人员的姓名和日期,,,D,2（易）,5（好）,,,,,,,,,,,,
814,B-A-B-003,B（单选题）,,在无人机通信系统装配报告单中，关于通信信号强度的测试结果应该包括（）信息。,只需记录信号强度的最大值,仅记录飞行过程中信号强度的波动范围,提供信号强度的测试条件、测试设备、测试数据和在不同飞行阶段的表现,只记录接收端的信号强度，无需关注发射端,,,C,2（易）,5（好）,,,,,,,,,,,,
815,B-A-B-003,C（判断题）,,通信系统装配报告单中，记录通信频率的带宽、频率范围以及与其他设备的兼容性不必要，只需关注通信设备的型号即可。（）,正确,错误,,,,,B,3（中）,5（好）,,,,,,,,,,,,
816,B-A-B-003,C（判断题）,,在无人机通信系统装配报告单中，冗余设计方案的详细记录和测试是确保通信系统可靠性的关键，因此必须包含完整的冗余设备信息。（）,正确,错误,,,,,A,3（中）,5（好）,,,,,,,,,,,,
817,B-A-B-004,B（单选题）,,在无人机起飞着陆系统装配报告单中，关于起飞装置的安装，以下（）最为重要。,记录起飞装置的重量，以确保不影响整体飞行性能,确保详细描述起飞装置的功率需求、工作频率及与飞行控制系统的兼容性,只记录起飞装置的外观和尺寸，确保适配无人机,描述起飞装置的启动时间和响应速度，不必关注其他参数,,,B,3（中）,5（好）,,,,,,,,,,,,
818,B-A-B-004,B（单选题）,,在无人机起飞着陆系统装配报告单填写过程中，关于着陆装置的冗余设计，应该包括以下（）内容。,只需记录冗余着陆装置的安装位置，不必提供其他信息,记录冗余着陆装置的类型、位置、启动条件及是否经过测试,只记录冗余装置的功耗和工作状态,冗余设计不需要特别记录，可以忽略,,,B,3（中）,5（好）,,,,,,,,,,,,
819,B-A-B-004,B（单选题）,,在无人机起飞着陆系统装配报告单中，如何确保着陆系统的适应性和稳定性（）。,仅记录着陆系统的设计尺寸和重量,只需确认着陆装置是否能够在平坦地面上正常工作,记录着陆系统的工作原理、设计标准以及测试数据，确保适应各种环境条件,只记录着陆系统的控制方式，忽略其他设计参数,,,C,3（中）,5（好）,,,,,,,,,,,,
820,B-A-B-004,B（单选题）,,在无人机起飞着陆系统装配报告单中，关于着陆测试的记录，应该包括（）信息。,提供着陆测试的条件、设备、测试结果以及在不同负载下的表现数据,只记录着陆测试的通过与否，不需要其他测试数据,仅记录测试过程中的时间和位置,只记录测试过程中无人机的起降速度,,,B,3（中）,5（好）,,,,,,,,,,,,
821,B-A-B-004,C（判断题）,,在无人机起飞着陆系统装配报告单中，冗余设计的详细记录是确保系统可靠性和安全性的关键，必须包括冗余装置的功能、切换条件及其测试结果。（）,正确,错误,,,,,A,3（中）,5（好）,,,,,,,,,,,,
822,B-A-B-004,C（判断题）,1,在填写无人机起飞着陆系统装配报告单时，着陆系统的适应性和稳定性测试无关紧要，报告中不需要提供详细的测试数据。（）,正确,错误,,,,,B,3（中）,5（好）,,,,,,,,,,,,
823,B-B-A-001,B（单选题）,,在电机转向调试中，通常采用（）来改变电机转向。,改变电源相序,调整电枢绕组电流方向,更换电机轴承,调整励磁绕组电压,,,A,3（中）,5（好）,,,,,,,,,,,,
824,B-B-A-001,B（单选题）,,在电机转速调试中，一般通过调整（）来改变电机转速。,电源电压,电枢绕组电阻,励磁绕组电压,电机负载大小,,,C,3（中）,4（较好）,,,,,,,,,,,,
825,B-B-A-001,B（单选题）,,在调整电机转速时，下列需要注意的是（）。, 仅确认电调（ESC）的固件版本是否最新, 仅检查电池电压是否足够高,确认电调与飞行控制器之间的通信正常，并检查电池电压和电机温度,只需关注电机的旋转方向是否正确,,,C,3（中）,5（好）,,,,,,,,,,,,
826,B-B-A-001,B（单选题）,,在调试多旋翼无人机的电机转向时，首先应该做的是（）。,调整飞行控制器中的电机旋转方向设置,确认电机与电调（ESC）之间的连接是否牢固且正确,检查电池电压是否足够高, 使用遥控器进行简单的起飞测试,,,B,3（中）,5（好）,,,,,,,,,,,,
827,B-B-A-001,C（判断题）,,电机转向和转速的调试需要使用专业的测试仪器进行测量。（）,正确,错误,,,,,A,3（中）,5（好）,,,,,,,,,,,,
828,B-B-A-001,C（判断题）,,电机转向和转速的调试需要根据实际需求进行调整。（）,正确,错误,,,,,A,3（中）,5（好）,,,,,,,,,,,,
829,B-B-A-002,B（单选题）,,在进行电机转速调试时，首先应确保的是（）。,飞行控制器中的PID参数已调至最优,电机与电调（ESC）之间的连接牢固且正确,电池电压是否足够高以驱动电机,使用遥控器进行简单的起飞测试,,,B,3（中）,5（好）,,,,,,,,,,,,
830,B-B-A-002,B（单选题）,,在电子调速器软件调校中，提高稳定性表现的是（）。,增加转速设定值,减小转速设定值,增大反馈增益,减小反馈增益,,,D,3（中）,5（好）,,,,,,,,,,,,
831,B-B-A-002,B（单选题）,,调整电机的转速响应特性，在排除硬件故障的前提下，应优先考虑以下（）。,更换更高功率的电机,调整电调（ESC）的输入电压,调整飞行控制器中的PID参数,增加螺旋桨的直径,,,C,3（中）,5（好）,,,,,,,,,,,,
832,B-B-A-002,B（单选题）,,在进行电子调速器软件调校时，要进行电机刹车设置的目的是（）。,提高速度,增加扭矩,防止电机自转,改变电机颜色,,,C,3（中）,5（好）,,,,,,,,,,,,
833,B-B-A-002,C（判断题）,,电子调速器软件调校可以通过修改硬件参数来实现。（）,正确,错误,,,,,B,3（中）,5（好）,,,,,,,,,,,,
834,B-B-A-002,C（判断题）,,在调试电子调速器时，应增加起始功率以加速电机启动并减少启动时延来调整“起始功率”以优化电机启动过程。（）,正确,错误,,,,,B,3（中）,5（好）,,,,,,,,,,,,
835,B-B-A-003,B（单选题）,,（）。可以用来检查电机与电调是否匹配,测试电压,测试电流,测试电阻,测试频率,,,B,3（中）,5（好）,,,,,,,,,,,,
836,B-B-A-003,B（单选题）,,电机与电调的联调通常需要考虑（）。,电机类型、功率和转速,电调品牌、型号和参数,电源电压和电流,其他设备的干扰,,,A,3（中）,5（好）,,,,,,,,,,,,
837,B-B-A-003,B（单选题）,,联调过程中，应用（）。检查电机的旋转方向,直接起飞测试,观察电机外观,使用遥控器点动测试,测量电机电阻,,,C,3（中）,5（好）,,,,,,,,,,,,
838,B-B-A-003,B（单选题）,,联调过程中，对设置电机的启动延迟的目的是（）。,减少噪音,防止电机自锁,提高效率,增加扭矩,,,B,2（易）,5（好）,,,,,,,,,,,,
839,B-B-A-003,C（判断题）,,电机与电调的联调需要先进行电机的单独测试。（）,正确,错误,,,,,A,3（中）,5（好）,,,,,,,,,,,,
840,B-B-A-003,C（判断题）,,电机与电调的联调需要根据实际需求进行参数设置和调整。（）,正确,错误,,,,,A,3（中）,5（好）,,,,,,,,,,,,
841,B-B-A-004,B（单选题）,,在固定桨距螺旋桨动平衡调试过程中，（）。是必不可少的,整桨叶角度,量桨叶质量,整桨叶位置,行水下试验,,,B,3（中）,5（好）,,,,,,,,,,,,
842,B-B-A-004,B（单选题）,,（）。可以用于固定桨距螺旋桨的动平衡调试,风扇,轮机,子天平,动测试仪,,,C,3（中）,5（好）,,,,,,,,,,,,
843,B-B-A-004,B（单选题）,,固定桨距螺旋桨的动平衡调试的目的是（）。,提高飞行稳定性,增加螺旋桨长度,改变螺旋桨颜色,减少螺旋桨重量,,,A,3（中）,5（好）,,,,,,,,,,,,
844,B-B-A-004,B（单选题）,,动平衡调试时，如果发现螺旋桨旋转时出现偏重，应该（）。,增加配重,减少螺旋桨叶片数量,调整螺旋桨角度,更换螺旋桨,,,A,2（易）,5（好）,,,,,,,,,,,,
845,B-B-A-004,C（判断题）,,固定桨距螺旋桨的动平衡调试需要使用专业的测试仪器进行测量。（）,正确,错误,,,,,A,3（中）,5（好）,,,,,,,,,,,,
846,B-B-A-004,C（判断题）,,固定桨距螺旋桨的动平衡调试只需要按照说明书操作即可。（）,正确,错误,,,,,B,3（中）,5（好）,,,,,,,,,,,,
847,B-B-A-005,B（单选题）,,固定桨距螺旋桨静平衡调试时，需要在（）。安装平衡块,转子中心,桨叶前端,桨叶后端,桨叶两侧,,,A,3（中）,5（好）,,,,,,,,,,,,
848,B-B-A-005,B（单选题）,,固定桨距螺旋桨静平衡调试时，应该（）。确定平衡块的数量和大小,根据经验选择,根据转速测量结果选择,根据桨叶重量选择,根据桨叶长度选择,,,B,3（中）,5（好）,,,,,,,,,,,,
849,B-B-A-005,B（单选题）,,静平衡调试时，用（）。判断螺旋桨是否存在不平衡,观察螺旋桨外观,听电机声音,使用平衡仪检测,测量螺旋桨重量,,,C,2（易）,5（好）,,,,,,,,,,,,
850,B-B-A-005,B（单选题）,,固定桨距螺旋桨的静平衡调试的目的是（）。,提高飞行速度,增加螺旋桨直径,改变螺旋桨颜色,提高飞行稳定性,,,D,3（中）,5（好）,,,,,,,,,,,,
851,B-B-A-005,C（判断题）,,固定桨距螺旋桨的静平衡调试需要使用专业的测试仪器进行测量。（）,正确,错误,,,,,A,3（中）,5（好）,,,,,,,,,,,,
852,B-B-A-005,C（判断题）,,定桨距螺旋桨的静平衡调试不需要根据实际需求进行调整。（）,正确,错误,,,,,B,3（中）,5（好）,,,,,,,,,,,,
853,B-B-A-006,B（单选题）,,无人机电源管理模块调试中，电池电压测量应该使用的仪器是（）。,万用表,频率计,示波器,网络分析仪,,,A,3（中）,5（好）,,,,,,,,,,,,
854,B-B-A-006,B（单选题）,,在调试无人机电源管理模块的过温保护功能时，应该使用的设备是（）。,热像仪,频谱分析仪,网络分析仪,信号发生器,,,A,3（中）,5（好）,,,,,,,,,,,,
855,B-B-A-006,B（单选题）,,无人机PMU的主要功能不包括（）。,监测电池电压和电流,提供稳定的电源输出,调节无人机的飞行速度,保护电源系统免受过压和过流,,,C,3（中）,5（好）,,,,,,,,,,,,
856,B-B-A-006,B（单选题）,,如果无人机PMU的输出电压不稳定，可能的原因不包括（）。,电源输入不稳定,PMU内部稳压器故障,无人机的负载过重,无人机的外壳颜色,,,D,3（中）,5（好）,,,,,,,,,,,,
857,B-B-A-006,C（判断题）,,在调试电源管理模块时，可以使用数字万用表来测量电流。（）,正确,错误,,,,,A,3（中）,5（好）,,,,,,,,,,,,
858,B-B-A-006,C（判断题）,,当电源管理模块出现故障时，应立即断开所有连接，直接更换模块以解决问题。（）,正确,错误,,,,,B,3（中）,5（好）,,,,,,,,,,,,
859,B-B-B-001,B（单选题）,,在多旋翼无人机飞行控制系统调试软件中，（）。不是必需的参数设置,电机转速,电池电压,GNSS信号强度,飞行器重量,,,C,3（中）,5（好）,,,,,,,,,,,,
860,B-B-B-001,B（单选题）,,在多旋翼无人机的飞行控制系统调试中，常用的软件工具之一是MissionPlanner，它主要用于配置哪些参数（）。,电池电压、飞行时间与电流传感器配置,飞行模式切换、飞行控制参数、遥控器配置,飞行姿态、稳定性与动力系统调校,飞行路径规划与图像识别系统,,,B,3（中）,5（好）,,,,,,,,,,,,
861,B-B-B-001,B（单选题）,,旋翼无人机飞行控制系统调试软件的主要功能是（）。,改变无人机颜色,设计无人机外形,配置飞行控制参数,增加无人机重量,,,C,2（易）,5（好）,,,,,,,,,,,,
862,B-B-B-001,B（单选题）,,在调试飞行控制系统时，PID控制器的作用是（）。,增强无人机的图像处理能力,实现姿态稳定与飞行轨迹的精确控制,自动避障与安全着陆,优化飞行器的能源消耗,,,B,2（易）,5（好）,,,,,,,,,,,,
863,B-B-B-001,C（判断题）,,在配置多旋翼无人机飞行控制系统调试软件时，需要根据实际情况进行参数设置。（）,正确,错误,,,,,A,3（中）,5（好）,,,,,,,,,,,,
864,B-B-B-001,C（判断题）,,在配置多旋翼无人机飞行控制系统调试软件时，需要进行测试验证以确保设置正确。（）,正确,错误,,,,,A,3（中）,5（好）,,,,,,,,,,,,
865,B-B-B-002,B（单选题）,,在多旋翼无人机飞行控制系统调试软件安装过程中，应该选择（）。进行安装,.dll文件,.exe文件,.jar文件,.apk文件,,,B,3（中）,5（好）,,,,,,,,,,,,
866,B-B-B-002,B（单选题）,,在多旋翼无人机飞行控制系统调试软件安装过程中，应该将安装程序放置在（）。,主文档目录下,系统文件夹下,用户文件夹下,任意位置,,,A,3（中）,5（好）,,,,,,,,,,,,
867,B-B-B-002,B（单选题）,,旋翼无人机飞行控制系统调试软件安装前应首先做（）。,直接下载软件,检查电脑兼容性,更换无人机电池,安装电机,,,B,3（中）,5（好）,,,,,,,,,,,,
868,B-B-B-002,B（单选题）,,在多旋翼无人机飞行控制系统调试软件的安装中，可以通过（）。获取正确的固件版本,询问朋友,查看无人机说明书,直接下载最新版,测量电机大小,,,B,3（中）,5（好）,,,,,,,,,,,,
869,B-B-B-002,C（判断题）,,如果调试软件无法识别飞行控制器，首先应检查USB驱动程序是否安装正确。（）,正确,错误,,,,,A,3（中）,5（好）,,,,,,,,,,,,
870,B-B-B-002,C（判断题）,,安装调试软件时，用户不需要选择固件版本，因为软件会自动安装与飞控硬件兼容的版本。（）,正确,错误,,,,,B,3（中）,5（好）,,,,,,,,,,,,
871,B-B-B-003,B（单选题）,,多旋翼无人机飞行控制系统调试软件的固件升级方法不包括（）。,利用软件自动升级,通过USB接口手动升级,通过SD卡手动升级,通过无线网络自动升级,,,D,3（中）,4（较好）,,,,,,,,,,,,
872,B-B-B-003,B（单选题）,,在进行多旋翼无人机飞行控制系统调试软件的固件升级时，操作正确的是（）。,先关闭电源再进行升级,直接插上USB线或SD卡后立即开始升级,不需要备份现有固件,升级过程中可以随意中断操作,,,A,3（中）,5（好）,,,,,,,,,,,,
873,B-B-B-003,B（单选题）,,固件升级的主要目的是（）。,改变无人机颜色,增加无人机重量,提升无人机性能,设计无人机外形,,,C,2（易）,5（好）,,,,,,,,,,,,
874,B-B-B-003,B（单选题）,,固件升级前应先（）。,直接连接无人机,备份现有数据,更换电池,安装电机,,,B,3（中）,5（好）,,,,,,,,,,,,
875,B-B-B-003,C（判断题）,,在多旋翼无人机飞行控制系统进行固件升级前，对飞行控制系统进行软复位是最为关键的准备工作。（）,正确,错误,,,,,B,3（中）,5（好）,,,,,,,,,,,,
876,B-B-B-003,C（判断题）,,在升级多旋翼无人机飞行控制系统固件时，需要通过功能验证和飞行测试确保固件正常工作并无引入新的问题，以确认升级成功。（）,正确,错误,,,,,A,3（中）,5（好）,,,,,,,,,,,,
877,B-B-B-004,B（单选题）,,在磁罗盘校准过程中，以下（）操作是正确的。,在靠近强磁场区域如变电站附近进行校准,校准时快速旋转设备以节省时间,按照设备制造商提供的指南，缓慢且平稳地旋转设备,在室内有大量电子设备的地方进行校准,,,C,3（中）,5（好）,,,,,,,,,,,,
878,B-B-B-004,B（单选题）,,不是多旋翼无人机磁罗盘调试中需要注意的问题是（）。,确保飞行器在稳定的环境中进行调试,在调试过程中避免强烈的电磁干扰,在飞行器上安装多个磁罗盘，以提高精度,根据飞行器的具体需求选择合适的磁罗盘型号,,,C,3（中）,5（好）,,,,,,,,,,,,
879,B-B-B-004,B（单选题）,,调试磁罗盘时，要进行环境检测的目的是（）。,确认周围是否有金属物体干扰,改变螺旋桨角度,调整电机转速,更换电池,,,A,3（中）,5（好）,,,,,,,,,,,,
880,B-B-B-004,B（单选题）,,磁罗盘调试完成后，下一步应该做（）。,立即进行飞行测试,进行系统校准,更换电池,安装其他配件,,,A,3（中）,5（好）,,,,,,,,,,,,
881,B-B-B-004,C（判断题）,,在调试多旋翼无人机磁罗盘时，只需要观察仪表盘上的指示即可。（）,正确,错误,,,,,B,3（中）,5（好）,,,,,,,,,,,,
882,B-B-B-004,C（判断题）,,在调试多旋翼无人机磁罗盘时，需要考虑周围环境的影响。（）,正确,错误,,,,,A,3（中）,5（好）,,,,,,,,,,,,
883,B-B-B-005,B（单选题）,,在调试多旋翼无人机加速度计时，如果发现加速度读数不稳定，可能是（）引起的。,加速度计硬件故障,加速度计软件故障,飞控系统错误配置,空气阻力过大,,,A,3（中）,5（好）,,,,,,,,,,,,
884,B-B-B-005,B（单选题）,,加速度计调试的主要目的是（）。,改变无人机颜色,增加无人机重量,提高稳定性和定位精度,设计无人机外形,,,C,2（易）,5（好）,,,,,,,,,,,,
885,B-B-B-005,B（单选题）,,调试加速度计时，要检查安装位置的目的是（）。,确保无振动,改变螺旋桨角度,调整电机转速,更换电池,,,A,2（易）,5（好）,,,,,,,,,,,,
886,B-B-B-005,B（单选题）,,如果加速度计读数异常，应该（）。,增加配重,减少螺旋桨叶片数量,校准加速度计,更换电池,,,C,3（中）,5（好）,,,,,,,,,,,,
887,B-B-B-005,C（判断题）,,调试多旋翼无人机加速度计时，可以忽略环境因素的影响。（）,正确,错误,,,,,B,3（中）,5（好）,,,,,,,,,,,,
888,B-B-B-005,C（判断题）,,对于多旋翼无人机加速度计的调试，只需要调整姿态控制参数即可。（）,正确,错误,,,,,B,3（中）,5（好）,,,,,,,,,,,,
889,B-B-B-006,B（单选题）,,（）。可以用于多旋翼无人机的陀螺仪,零点校准法,正交基准法,交叉基准法,滑动基准法,,,A,3（中）,5（好）,,,,,,,,,,,,
890,B-B-B-006,B（单选题）,,多旋翼无人机陀螺仪的作用是（）。,提供动力,控制飞行方向,维持飞行器稳定,测量飞行速度,,,C,2（易）,5（好）,,,,,,,,,,,,
891,B-B-B-006,B（单选题）,,多旋翼无人机在飞行过程中，陀螺仪主要负（）。的控制,横向移动,纵向移动,垂直移动,飞行器姿态,,,D,3（中）,5（好）,,,,,,,,,,,,
892,B-B-B-006,B（单选题）,,旋翼无人机陀螺仪零点校准法的目的是（）。,确定陀螺仪的输出值为0,确定陀螺仪的最大输出值,确定陀螺仪的最小输出值,确定陀螺仪的精度,,,A,2（易）,5（好）,,,,,,,,,,,,
893,B-B-B-006,C（判断题）,,在调试多旋翼无人机陀螺仪时，需要考虑无人机的姿态，通常不要求特定的地理位置或飞行位置。（）,正确,错误,,,,,A,3（中）,5（好）,,,,,,,,,,,,
894,B-B-B-006,C（判断题）,,调试多旋翼无人机陀螺仪时，不需要进行多次校准以确保准确性。（）,正确,错误,,,,,B,3（中）,5（好）,,,,,,,,,,,,
895,B-B-B-007,B（单选题）,,在惯性导航系统中，通过（）。来检测加速度计误差,将系统放置在一个已知运动状态的平台上，通过比较输出数据与平台实际运动状态之间的差异,将系统放置在一个静态平台上，通过比较输出数据与平台实际静止状态之间的差异,将系统放置在一个高速移动的平台上，通过比较输出数据与平台实际运动状态之间的差异,监测加速度计的电源电压变化,,,A,3（中）,5（好）,,,,,,,,,,,,
896,B-B-B-007,B（单选题）,,在惯性导航系统的调试过程中，首要的步骤是（）。,数据采集,系统校准,功能测试,性能评估,,,B,3（中）,5（好）,,,,,,,,,,,,
897,B-B-B-007,B（单选题）,,在惯性导航系统的调试过程中，评估系统的性能是（）。,通过观察系统的响应时间,通过比较系统的输出与实际测量值,通过检查系统的错误率,性能评估,,,B,5（难）,5（好）,,,,,,,,,,,,
898,B-B-B-007,B（单选题）,,惯性导航系统的核心部分是（）。,加速度计,陀螺稳定平台,导航计算机,控制显示器,,,B,5（难）,5（好）,,,,,,,,,,,,
899,B-B-B-007,C（判断题）,,惯性导航系统（INS）在安装并完成初始化后，通常无需进行任何后续调试，直接投入使用即可。（）,正确,错误,,,,,B,3（中）,5（好）,,,,,,,,,,,,
900,B-B-B-007,C（判断题）,,在调试惯性导航系统时，需要考虑无人机的姿态和位置。（）,正确,错误,,,,,A,3（中）,5（好）,,,,,,,,,,,,
901,B-B-B-008,B（单选题）,,（）可以用于卫星导航系统的调试。,测试接收机的灵敏度,检查天线的位置和方向,检查信号源的质量,手动调整卫星导航系统的参数,,,D,2（易）,5（好）,,,,,,,,,,,,
902,B-B-B-008,B（单选题）,,在卫星导航系统调试中，需要考虑的因素不包括（）。,天气条件,地理位置,设备质量,人为操作,,,C,3（中）,5（好）,,,,,,,,,,,,
903,B-B-B-008,B（单选题）,,在进行无人机卫星导航系统调试时，（）不是必要的是。,检查飞控板与GNSS模块的通信是否正常,确保GNSS模块的天线安装正确,验证GNSS模块是否能够正常接收卫星信号,不需要进行任何调试，直接使用即可,,,D,3（中）,5（好）,,,,,,,,,,,,
904,B-B-B-008,B（单选题）,,在无人机卫星导航系统中，指南针模块的校准步骤包括（）。,将无人机放在桌面上，指南针模块朝下,确保无人机稳定，指南针模块朝上,旋转无人机，使得指南针模块在所有方向上都得到校准,无需校准指南针模块,,,C,3（中）,5（好）,,,,,,,,,,,,
905,B-B-B-008,C（判断题）,,在调试卫星导航系统时，需要进行初始化操作。（）,正确,错误,,,,,A,3（中）,5（好）,,,,,,,,,,,,
906,B-B-B-008,C（判断题）,,在调试卫星导航系统时，需要进行测试验证以确保系统正常工作。（）,正确,错误,,,,,A,3（中）,5（好）,,,,,,,,,,,,
907,B-B-B-009,B（单选题）,,在选择遥控器时，以下（）检查与整机紧固性间接相关。,遥控器的电池容量,遥控器与飞行控制器的通讯协议,飞行器与遥控器的连接稳定性,遥控器的按键响应速度,,,C,,,,,,,,,,,,,,
908,B-B-B-009,B（单选题）,,在遥控器选型时，飞行控制器与遥控器之间的通信稳定性对于整机紧固性检查的影响表现在（）方面。,确保遥控器的频率设定正确,检查飞行控制器是否稳固固定,遥控器的电池容量是否充足,遥控器的天线是否安装正确,,,B,,,,,,,,,,,,,,
909,B-B-B-009,B（单选题）,,在飞行控制器和遥控器的设置过程中，若遥控器出现信号丢失问题，最可能与下列（）紧固性问题相关。,飞行控制器的外壳螺丝松动,遥控器的频率设置不当,电池电量过低,飞行控制器的电源接触不良,,,A,,,,,,,,,,,,,,
910,B-B-B-009,B（单选题）,,在选择遥控器时，以下（）操作可能间接影响整机的紧固性。,设置遥控器的电池电压监控,选择适配的飞行控制器通信模块,选择遥控器的工作频率,确保遥控器的操作界面符合飞行要求,,,B,,,,,,,,,,,,,,
911,B-B-B-009,C（判断题）,,遥控器的信号传输稳定性与飞行控制器的紧固性关系不大（ ）,正确,错误,,,,,B,,,,,,,,,,,,,,
912,B-B-B-009,C（判断题）,,在遥控器选型时，飞行控制器与遥控器的连接紧固性检查可以有效避免控制信号丢失（ ）,正确,错误,,,,,A,,,,,,,,,,,,,,
913,B-B-B-010,B（单选题）,,在遥控器发射机和接收机对频时，下列检查最能间接反映飞行器整机紧固性（）。,检查遥控器天线是否正确安装,检查接收机与飞行控制器的连接是否稳定,检查遥控器的电池电量,检查遥控器与飞行器的频率是否匹配,,,B,,,,,,,,,,,,,,
914,B-B-B-010,B（单选题）,,遥控器发射机和接收机对频的过程中，下列问题可能间接揭示整机紧固性问题（）。,接收机与发射机的信号丢失,遥控器按键的反应时间延迟,飞行器外壳的裂缝,遥控器的电池电压过低,,,A,,,,,,,,,,,,,,
915,B-B-B-010,B（单选题）,,在进行遥控器对频操作时，飞行器的紧固性检查对稳定信号的重要性体现在（）。,确保发射机和接收机的信号传输稳定,确保飞行器电池的电量充足,确保飞行控制器的固件版本是最新的,检查遥控器的操作界面是否正常,,,A,,,,,,,,,,,,,,
916,B-B-B-010,B（单选题）,,在飞行器进行遥控器对频后，发现信号干扰较多，下列检查可能间接指示整机紧固性问题（）。,检查接收机是否牢固安装,检查遥控器的电池电量,检查遥控器的工作频率设置是否正确,检查飞行控制器的控制算法是否存在错误,,,A,,,,,,,,,,,,,,
917,B-B-B-010,C（判断题）,,遥控器发射机和接收机的对频操作不会受到飞行器外壳松动问题的影响（ ）,正确,错误,,,,,B,,,,,,,,,,,,,,
918,B-B-B-010,C（判断题）,,飞行器的螺丝松动可能导致信号丢失或不稳定，间接影响遥控器对频操作（ ）,正确,错误,,,,,A,,,,,,,,,,,,,,
919,B-B-B-011,B（单选题）,,在多旋翼无人机飞行控制调试中，遥控器上的“油门失控”故障最常见的原因是（）。,遥控器电池电量过低,无人机飞行控制器未进行初始化,遥控器的油门通道没有正确绑定或校准,无人机的电池电量不足,,,C,3（中）,5（好）,,,,,,,,,,,,
920,B-B-B-011,B（单选题）,,在飞行模式“手动模式”下，飞行控制器的功能是（）。,自动维持飞行器的姿态和稳定性,允许飞行员手动控制所有的飞行参数,自动控制飞行器的高度和速度,仅在遇到风速过大时启动自动控制,,,B,2（易）,5（好）,,,,,,,,,,,,
921,B-B-B-011,B（单选题）,,多旋翼无人机的“姿态模式”下，飞行控制器的主要作用是（）。,控制无人机的速度和方向，确保飞行轨迹,控制无人机的姿态（俯仰、横滚和偏航角度），不改变无人机的高度,控制无人机的高度与地面距离，确保稳定飞行,通过GPS提供导航，保持飞行路径,,,B,3（中）,5（好）,,,,,,,,,,,,
922,B-B-B-011,B（单选题）,,旋翼无人机遥控器飞行模式调试中，下列用来确保遥控器和无人机的频率匹配（）。,检查遥控器和无人机的频率设置是否相同,确保遥控器和无人机的天线方向一致,使用频率计来测量两者频率是否一致,需要特别确认，因为遥控器和无人机默认频率是相同的,,,A,3（中）,5（好）,,,,,,,,,,,,
923,B-B-B-011,C（判断题）,,在调试多旋翼无人机遥控器飞行模式时，需要了解不同飞行模式的特点和适用场。（）,正确,错误,,,,,A,3（中）,5（好）,,,,,,,,,,,,
924,B-B-B-011,C（判断题）,,Altitude模式下，多旋翼无人机可以进行悬停和垂直起降。（）,正确,错误,,,,,A,3（中）,5（好）,,,,,,,,,,,,
925,B-B-B-012,B（单选题）,,在进行多旋翼无人机的辅助通道调试时，若出现辅助通道输入信号不稳定，调试时应该首先检查（）。,飞行控制器的固件版本是否最新,遥控器和飞行控制器的接地连接是否牢固,电池电压是否达到飞行要求,无人机的外部传感器是否已正确校准,,,B,3（中）,5（好）,,,,,,,,,,,,
926,B-B-B-012,B（单选题）,,在调试多旋翼无人机遥控器的辅助通道时，以下（）操作是正确的。,直接调整遥控器上的微调（trim）来改变辅助通道的设定,在没有确认遥控器与接收机绑定状态的情况下进行调试,根据飞行控制器的说明书，通过地面站软件或遥控器设置菜单调整辅助通道,不考虑电池电量，直接开始调试,,,C,3（中）,5（好）,,,,,,,,,,,,
927,B-B-B-012,B（单选题）,,多旋翼无人机遥控器辅助通道的作用是（）。,用于控制无人机的基本飞行姿态,用于控制无人机的特殊功能,用于与无人机的通信,用于控制无人机的导航系统,,,B,3（中）,5（好）,,,,,,,,,,,,
928,B-B-B-012,B（单选题）,,多旋翼无人机遥控器辅助通道的调试中，以下通道通常用于控制无人机的方向（）。,第一通道,第二通道,第三通道,第四通道,,,D,2（易）,5（好）,,,,,,,,,,,,
929,B-B-B-012,C（判断题）,,在调试多旋翼无人机遥控器辅助通道时，只需要按照默认设置进行操作即可。（）,正确,错误,,,,,B,3（中）,5（好）,,,,,,,,,,,,
930,B-B-B-012,C（判断题）,,在调试多旋翼无人机遥控器辅助通道前，需要了解辅助通道的功能和作用。（）,正确,错误,,,,,A,3（中）,5（好）,,,,,,,,,,,,
931,B-B-B-013,B（单选题）,,在进行ESC固件更新时，以下（）步骤是最重要的。,更新前进行电池充电,更新时确保飞行器处于飞行状态,在更新时避免连接其他外设,确保ESC连接至正确的串口端口,,,D,3（中）,5（好）,,,,,,,,,,,,
932,B-B-B-013,B（单选题）,,在调试多旋翼无人机的ESC时，通常使用的“刹车模式”有哪几种（）。,正常刹车、急刹车、低刹车,电机停止、刹车保持、无刹车,无刹车、自由滑行、强刹车,软刹车、硬刹车、急停,,,B,3（中）,5（好）,,,,,,,,,,,,
933,B-B-B-013,B（单选题）,,在调试电子调速器（ESC）时，设置“PWM频率”主要影响哪一项性能（）。,电池续航,电机响应速度与平滑度,飞行控制器的稳定性,飞行控制器的稳定性,,,B,3（中）,5（好）,,,,,,,,,,,,
934,B-B-B-013,B（单选题）,,在使用BLHeliConfigurator调试ESC时，如果无法连接到ESC，可能的原因是（）。,USB驱动未正确安装,ESC的固件版本过低,飞行控制器电池电量不足,电脑的操作系统不支持,,,A,3（中）,5（好）,,,,,,,,,,,,
935,B-B-B-013,C（判断题）,,安装完电调调试软件后，应立即连接无人机进行调试，以验证软件功能。（）,正确,错误,,,,,B,3（中）,5（好）,,,,,,,,,,,,
936,B-B-B-013,C（判断题）,,在安装电调调试软件时，应选择默认的安装路径和所有可选组件。（）,正确,错误,,,,,B,3（中）,5（好）,,,,,,,,,,,,
937,B-B-B-014,B（单选题）,,在调试多旋翼无人机遥控器油门曲线时，不会影响油门响应速度的因素是（）。,飞行模式,遥控器设置,无人机重量,电池电压,,,D,3（中）,5（好）,,,,,,,,,,,,
938,B-B-B-014,B（单选题）,,多旋翼无人机遥控器油门曲线调试的主要目的是（）。,提高飞机稳定性,减少飞机振动,改善飞机操控性,延长电池寿命,,,C,3（中）,5（好）,,,,,,,,,,,,
939,B-B-B-014,B（单选题）,,多旋翼无人机遥控器油门曲线的默认设置是（）。,正比例曲线,反比例曲线,正切曲线,正交曲线,,,A,2（易）,5（好）,,,,,,,,,,,,
940,B-B-B-014,B（单选题）,,在调试油门曲线时，通常使用“软起步”和“硬起步”两种方式使用“软起步”的目的是（）。,提高飞行器的最大飞行速度,在起飞阶段减少电池负担，延长续航,使飞行器在起飞时更为平稳，减少震动,增强飞行器的推力,,,C,3（中）,5（好）,,,,,,,,,,,,
941,B-B-B-014,C（判断题）,,在调试多旋翼无人机遥控器油门曲线前，需要了解油门曲线对飞行性能的影响。（）,正确,错误,,,,,A,3（中）,5（好）,,,,,,,,,,,,
942,B-B-B-014,C（判断题）,,在调试多旋翼无人机遥控器油门曲线时，需要进行实际飞行测试以确保设置正确。（）,正确,错误,,,,,A,3（中）,5（好）,,,,,,,,,,,,
943,B-B-B-014,C（判断题）,,在调试遥控器电源设置时，飞行控制器与机身的紧固性不影响遥控器的电源稳定性（ ）,正确,错误,,,,,B,3（中）,5（好）,,,,,,,,,,,,
944,B-B-B-014,C（判断题）,,飞行控制器的稳固安装可以避免由于紧固性问题引起的电源接触不良，从而减少遥控器电源故障的风险（ ）,正确,错误,,,,,A,3（中）,5（好）,,,,,,,,,,,,
945,B-B-B-015,B（单选题）,,在进行飞行控制器调试时，以下（）部件的紧固性检查可能直接影响遥控器的信号稳定性。,电池连接部分,飞行控制器与机身的连接,电机的安装,无线电接收器的天线,,,B,3（中）,5（好）,,,,,,,,,,,,
946,B-B-B-015,B（单选题）,,在调整遥控器机型设置时，若飞行控制器出现异常响应，以下（）检查最可能与紧固性问题相关。,检查遥控器与飞行控制器的通信模式,检查飞行控制器固件是否更新,检查控制器与机身的紧固连接是否松动,调整遥控器的信号频率,,,C,3（中）,5（好）,,,,,,,,,,,,
947,B-B-B-015,B（单选题）,,在进行飞行控制器调试时，以下（）检查能间接反映整机紧固性的完好（）。,飞行器的姿态稳定性,遥控器的电池电量,飞行控制器的输入信号响应,电机的旋转稳定性,,,A,3（中）,5（好）,,,,,,,,,,,,
948,B-B-B-015,B（单选题）,,如果飞行控制器无法正常接收遥控器信号，以下哪项检查方法能间接发现可能的紧固性问题（）。,检查遥控器与飞行控制器的配对状态,测试遥控器的信号强度,检查飞行控制器的螺丝是否拧紧,更新飞行控制器的固件版本,,,C,3（中）,5（好）,,,,,,,,,,,,
949,B-B-B-015,C（判断题）,,调整遥控器的机型设置时，飞行控制器的紧固性不会影响飞行器的响应稳定性（ ）,正确,错误,,,,,B,3（中）,5（好）,,,,,,,,,,,,
950,B-B-B-015,C（判断题）,,在飞行控制器的调试过程中，松动的飞行控制器螺丝可能会导致遥控器信号的接收不稳定（ ）,正确,错误,,,,,A,3（中）,5（好）,,,,,,,,,,,,
951,B-B-B-016,B（单选题）,,在调试遥控器电源设置时，以下（）检查最能反映整机的紧固性问题。,检查电池电量和电源连接,检查遥控器与飞行控制器的配对状态,检查飞行控制器的安装位置是否稳固,检查遥控器的电源开关是否正常工作,,,C,3（中）,5（好）,,,,,,,,,,,,
952,B-B-B-016,B（单选题）,,在飞行控制器调试时，整机紧固性检查对于确保遥控器电源稳定的重要性体现在（）方面。,确保电池电量充足,确保飞行控制器稳固安装，避免电气接触不良,检查电源线路是否接触正常,. 确保遥控器的频率设置正确,,,B,3（中）,5（好）,,,,,,,,,,,,
953,B-B-B-016,B（单选题）,,在飞行控制器调试过程中，（）检查最能间接判断飞行控制器的电源稳定性。,测试飞行器的响应速度,检查飞行控制器是否正确连接到电池,测量遥控器的电池电压,检查飞行控制器是否有松动,,,D,3（中）,5（好）,,,,,,,,,,,,
954,B-B-B-016,B（单选题）,,若遥控器在工作中出现断电现象，以下（）检查最有可能暴露与整机紧固性相关的问题。,检查遥控器的电池电量和电源按钮,检查飞行控制器是否稳固连接到机身,测试遥控器的电源接触是否良好,. 检查飞行控制器固件是否有问题,,,B,3（中）,5（好）,,,,,,,,,,,,
955,B-B-C-001,B（单选题）,,无线数传系统的传输距离通常受（）的因素影响最大。,天线增益,频率稳定性,数据编码方式,环境干扰程度,,,D,3（中）,5（好）,,,,,,,,,,,,
956,B-B-C-001,B（单选题）,,无人机无线数据传输系统中的时延是指（）。,从发送端接收到第一个字节数据到接收端串口输出数据的第一个字节所需要的时间,无人机飞行的时间,数据传输的时间,无人机启动的时间,,,A,3（中）,5（好）,,,,,,,,,,,,
957,B-B-C-001,B（单选题）,,无人机无线数据传输系统中的误码率（BER）是（）。,衡量数传电台数据在规定时间内数据传输精确性的指标,数据传输的错误率,数据传输的正确率,数据传输的速度,,,A,3（中）,5（好）,,,,,,,,,,,,
958,B-B-C-001,B（单选题）,,在无线数传系统中，下列参数是用来衡量系统抗干扰能力的（）。,误码率,幅度衰减系数,噪声温度,发射功率,,,A,3（中）,5（好）,,,,,,,,,,,,
959,B-B-C-001,C（判断题）,,LoRaWAN是一种低功耗、长距离的无线数传协议，适用于物联网应用。（）,正确,错误,,,,,A,4（较难）,5（好）,,,,,,,,,,,,
960,B-B-C-001,C（判断题）,,线数传系统的参数设置是否正确对数据传输的稳定性、可靠性和安全性具有至关重要的影响。（）,正确,错误,,,,,A,3（中）,5（好）,,,,,,,,,,,,
961,B-B-C-002,B（单选题）,,在无线数传中，用于设定发射功率的是（）。,数据速率,频率,发射距离,发射功率,,,D,3（中）,5（好）,,,,,,,,,,,,
962,B-B-C-002,B（单选题）,,无线数传系统的接收灵敏度是指在信号噪声比达到（）。时，接收到的信号能够被正确解调和识别的程度,-30dBm,-60dBm,-90dBm,-120dBm,,,B,4（较难）,5（好）,,,,,,,,,,,,
963,B-B-C-002,B（单选题）,,无人机无线数据传输系统通常使用的通信频段是（）。,1.2G,2.4G,5.8G,900MHz,,,B,4（较难）,5（好）,,,,,,,,,,,,
964,B-B-C-002,B（单选题）,,无人机无线数据传输系统中的遥测数据通常包括（）。,飞行状态参数,遥控指令,任务设备数据,发射功率,,,A,4（较难）,5（好）,,,,,,,,,,,,
965,B-B-C-002,C（判断题）,,无线数传系统的参数设置只涉及到通信频道的选择，不需要考虑其他因素。（）,正确,错误,,,,,B,3（中）,5（好）,,,,,,,,,,,,
966,B-B-C-002,C（判断题）,,线数传系统的调试通常只需要在系统安装完成后进行一次，确保其各项功能和性能符合设计要求此后的操作中，无需再进行常规调试。（）,正确,错误,,,,,B,3（中）,5（好）,,,,,,,,,,,,
967,B-B-C-003,B（单选题）,,不是无线数传系统的组成部分（）。,发射机,接收机,电源模块,显示屏,,,D,3（中）,5（好）,,,,,,,,,,,,
968,B-B-C-003,B（单选题）,,在无线数传系统中，用于将数字信号转换为模拟信号的设备是（）。,调制器,解调器,编码器,解码器,,,A,3（中）,5（好）,,,,,,,,,,,,
969,B-B-C-003,B（单选题）,,在调试无人机无线数据传输系统时，如何有效解决由于网络拥塞导致的高延迟问题（）。,增加无线传输的带宽,改变传输协议，选择UDP,优化数据流控制和拥塞管理,增强调制解调器的性能,,,C,3（中）,5（好）,,,,,,,,,,,,
970,B-B-C-003,B（单选题）,,在无人机无线数据传输系统调试过程中，发现接收端存在频繁的丢包现象哪项措施最可能缓解该问题（）。,使用更高的调制方式（如64-QAM）,调整频率或选择空闲信道,增加无线电频带的宽度,提高数据传输速率,,,B,5（难）,5（好）,,,,,,,,,,,,
971,B-B-C-003,C（判断题）,,无线数据传输系统的调试需要进行信号强度测试和传输质量测试。（）,正确,错误,,,,,A,3（中）,5（好）,,,,,,,,,,,,
972,B-B-C-003,C（判断题）,,无线数据传输系统的调试只需要观察仪表盘上的指示即可。（）,正确,错误,,,,,B,3（中）,5（好）,,,,,,,,,,,,
973,B-B-C-004,B（单选题）,,不是无线图传系统的常见频段的是（）。,2.4GHz,5GHz,900MHz,1800MHz,,,D,2（易）,5（好）,,,,,,,,,,,,
974,B-B-C-004,B（单选题）,,无线图传系统支持更高的数据传输速率的是（）。,2.4GHz,5GHz,900MHz,1800MHz,,,B,3（中）,5（好）,,,,,,,,,,,,
975,B-B-C-004,B（单选题）,,在无线图像传输系统中，使用的天线增益越高，意味着（）。,图像质量越差,传输距离越远，方向性越强,无线传输频率越高,信号的带宽越宽,,,B,3（中）,5（好）,,,,,,,,,,,,
976,B-B-C-004,B（单选题）,,在无线图像传输系统中，信号衰减对传输质量有显著影响哪种因素最容易导致信号衰减（）。,增加信号频率,增加传输功率,增加天线增益,增加传输距离,,,D,3（中）,5（好）,,,,,,,,,,,,
977,B-B-C-004,C（判断题）,,无线图像传输系统的参数包括分辨率、码率、帧率等。（）,正确,错误,,,,,A,3（中）,5（好）,,,,,,,,,,,,
978,B-B-C-004,C（判断题）,,在调试无人机的图像传输系统时，可以降低传输功率来优化图像传输的功耗。（）,正确,错误,,,,,A,3（中）,5（好）,,,,,,,,,,,,
979,B-B-C-005,B（单选题）,,在无线图传系统的参数设置中，以下会影响系统的稳定性的是（）。,图像分辨率,信噪比,频率,数据包大小,,,B,3（中）,5（好）,,,,,,,,,,,,
980,B-B-C-005,B（单选题）,,在无线图传系统的参数设置中，（）。可以调整系统的接收范围,图像分辨率,信噪比,频率,数据包大小,,,C,3（中）,4（较好）,,,,,,,,,,,,
981,B-B-C-005,B（单选题）,,无人机无线图像传输系统中的图传模块通常需要连接到无人机的（）。,USB接口,HDMI接口,专用图传接口,随机接口,,,C,3（中）,5（好）,,,,,,,,,,,,
982,B-B-C-005,B（单选题）,,在无人机无线图像传输系统中，（）。设置图传模块的功率,通过遥控器设置,通过智能手机应用程序设置,通过图传模块上的物理开关设置,通过飞控系统设置,,,C,3（中）,5（好）,,,,,,,,,,,,
983,B-B-C-005,C（判断题）,,数据包大小越大，图像传输的数据量越多，但会增加网络延迟。（）,正确,错误,,,,,A,3（中）,5（好）,,,,,,,,,,,,
984,B-B-C-005,C（判断题）,,无线图像传输系统的参数设置需要考虑图像质量和传输稳定性。（）,正确,错误,,,,,A,3（中）,5（好）,,,,,,,,,,,,
985,B-B-C-006,B（单选题）,,在无人机图像传输系统的调试过程中，若出现图像卡顿、延迟过高的现象，最可能的原因是（）。,图像编码器的压缩比设置过低,信号频段选择不当，导致干扰增大,无人机的飞行速度过快，导致图像丢帧,无线传输带宽过低，无法支持高清视频传输,,,D,3（中）,5（好）,,,,,,,,,,,,
986,B-B-C-006,B（单选题）,,在无人机图像传输系统中，（）。可以有效避免图像传输中的多路径干扰,使用低频段频率进行传输,调整传输协议，增加误码修复功能,配置方向性天线，并优化天线的指向,增加数据包的传输频率,,,C,2（易）,5（好）,,,,,,,,,,,,
987,B-B-C-006,B（单选题）,,无人机无线图传系统调试的第一步是（）。,检查无人机电源是否开启,检查图传设备是否正确安装,检查遥控器是否与无人机配对,检查飞行环境是否安全,,,B,3（中）,5（好）,,,,,,,,,,,,
988,B-B-C-006,B（单选题）,,在进行无人机无线图传系统调试时，（）。确保信号传输稳定,增加发射功率,选择合适的频段,减少信号干扰,使用高增益天线,,,B,3（中）,5（好）,,,,,,,,,,,,
989,B-B-C-006,C（判断题）,,无线图像传输系统的调试需要进行图像清晰度测试和传输稳定性测试。（）,正确,错误,,,,,A,3（中）,5（好）,,,,,,,,,,,,
990,B-B-C-006,C（判断题）,,无线图像传输系统的调试通常需要观察仪表盘上的指示。（）,正确,错误,,,,,A,3（中）,5（好）,,,,,,,,,,,,
991,B-B-C-007,B（单选题）,,在进行无线通信设备的设置时，通常会选择（）。的频道进行通信,UHF频段,VHF频段,LMF频段,SHF频段,,,A,3（中）,5（好）,,,,,,,,,,,,
992,B-B-C-007,B（单选题）,,在进行通信频道的设置时，（）。可以有效避免频道冲突,调整发射功率,改变传输速率,更换通信协议,设置特定的频率间隔,,,D,3（中）,5（好）,,,,,,,,,,,,
993,B-B-C-007,B（单选题）,,无人机通信频道的选择原则是（）。,选择最长的通信距离,选择最短的通信距离,选择干扰最小的通信距离,选择信号强度最高的通信距离,,,C,3（中）,5（好）,,,,,,,,,,,,
994,B-B-C-007,B（单选题）,,无人机遥控器和遥控接收机调试时，应注意（）。,遥控器的选择与遥控接收机的模式选择无关,遥控器的选择与遥控接收机的模式选择有关,遥控接收机的模式选择与遥控器的选择无关,遥控接收机的模式选择与遥控器的选择有关,,,D,3（中）,5（好）,,,,,,,,,,,,
995,B-B-C-007,C（判断题）,,通信频道的设置需要避免与其他设备产生干扰。（）,正确,错误,,,,,A,3（中）,5（好）,,,,,,,,,,,,
996,B-B-C-007,C（判断题）,,通信频道的设置只需要按照默认设置进行操作即可。（）,正确,错误,,,,,B,3（中）,5（好）,,,,,,,,,,,,
997,B-B-C-008,B（单选题）,,（）。最适合于无线数据传输系统,直径较小的定向天线,大面积覆盖的全向天线,辐射特性良好的阵列天线,高增益的高波束角天线,,,B,4（较难）,5（好）,,,,,,,,,,,,
998,B-B-C-008,B（单选题）,,无人机无线数据传输系统调试中，（）。技术是关键技术,信号调制解调技术,信道编码解码技术,数字信号处理技术,图像压缩技术,,,B,3（中）,5（好）,,,,,,,,,,,,
999,B-B-C-008,B（单选题）,,无线图像传输系统调试中，（）。技术是关键技术,视频编解码技术,IP视频数据流传输技术,无线图传技术,视频管理技术,,,A,5（难）,5（好）,,,,,,,,,,,,
1000,B-B-C-008,B（单选题）,,无线图像传输系统调试中，（）。技术是关键技术,视频编解码技术,IP视频数据流传输技术,无线图传技术,视频管理技术,,,B,5（难）,5（好）,,,,,,,,,,,,
1001,B-B-C-008,C（判断题）,,无线数据传输系统和无线图像传输系统的综合调试需要考虑两者之间的兼容性和协调性。（）,正确,错误,,,,,A,3（中）,5（好）,,,,,,,,,,,,
1002,B-B-C-008,C（判断题）,,在无线数据传输系统中，TCP/IP协议用于在网络层提供可靠的数据传输服务。（）,正确,错误,,,,,A,3（中）,5（好）,,,,,,,,,,,,
1003,B-C-A-001,B（单选题）,,多旋翼无人机飞行控制系统测试中，不包括（）。,实时姿态解算测试,姿态控制测试,飞行时间测试,电机控制测试,,,C,3（中）,5（好）,,,,,,,,,,,,
1004,B-C-A-001,B（单选题）,,在进行多旋翼无人机飞行控制系统测试时，不是必需的设备是（）。,IMU模块,遥控器,地面站,电池充电器,,,D,3（中）,5（好）,,,,,,,,,,,,
1005,B-C-A-001,B（单选题）,,多旋翼无人机飞行控制系统的测试中，用来进行实时姿态解算的模块是（）。,IMU模块,扩展传感器模块,电机控制模块,数传通信模块,,,A,3（中）,5（好）,,,,,,,,,,,,
1006,B-C-A-001,B（单选题）,,多旋翼无人机飞行控制系统的测试中，用来进行实时通信的模块是（）。,IMU模块,数传通信模块,电机控制模块,LED模块,,,B,3（中）,5（好）,,,,,,,,,,,,
1007,B-C-A-001,C（判断题）,,在进行多旋翼无人机飞行控制系统的测试时，通过模拟飞行环境即可全面评估其性能。（）,正确,错误,,,,,B,3（中）,5（好）,,,,,,,,,,,,
1008,B-C-A-001,C（判断题）,,飞行控制系统的测试方法应根据无人机的具体型号和用途进行定制。（）,正确,错误,,,,,B,3（中）,5（好）,,,,,,,,,,,,
1009,B-C-A-002,B（单选题）,,在多旋翼无人机飞行控制系统的测试内容中，不是功能性能测试的一部分是（）。,一键返航与自主降落,故障注入,通信中断故障,硬件在环飞行控制测试,,,B,3（中）,5（好）,,,,,,,,,,,,
1010,B-C-A-002,B（单选题）,,多旋翼无人机飞行控制系统的测试内容中，用来验证飞控在传感器故障时表现的项目是（）。,硬件在环飞行控制测试,一键返航与自主降落,故障注入,通信中断故障,,,C,3（中）,5（好）,,,,,,,,,,,,
1011,B-C-A-002,B（单选题）,,在多旋翼无人机飞行控制系统的测试内容中，不是安全性测试的一部分是（）。,陀螺仪故障注入,遥控器通信中断,电机转速测试,传感器通信中断,,,C,3（中）,5（好）,,,,,,,,,,,,
1012,B-C-A-002,B（单选题）,,多旋翼无人机飞行控制系统的测试内容中，用来验证飞控在遥控器失联时表现的项目是（）。,遥控器通信中断,传感器通信中断,电机通信中断,故障注入,,,A,3（中）,5（好）,,,,,,,,,,,,
1013,B-C-A-002,C（判断题）,,在测试飞行控制系统的避障功能时，无需设置真实障碍物，通过软件模拟即可。（）,正确,错误,,,,,B,3（中）,5（好）,,,,,,,,,,,,
1014,B-C-A-002,C（判断题）,,在测试过程中，应重点关注飞行控制系统在极限飞行条件下的表现。（）,正确,错误,,,,,A,3（中）,5（好）,,,,,,,,,,,,
1015,B-C-A-003,B（单选题）,,多旋翼无人机飞行控制系统的测试步骤中，首先应该进行的是（）。,硬件检查,软件测试,环境准备,飞行测试,,,C,3（中）,5（好）,,,,,,,,,,,,
1016,B-C-A-003,B（单选题）,,在飞控系统的环境测试中，电磁干扰测试的主要目的是（）。,检测电池的充电性能,确保飞控系统不会受到外部电磁波的影响,验证飞行器的最大飞行速度,测试飞控系统的实时数据传输能力,,,B,3（中）,5（好）,,,,,,,,,,,,
1017,B-C-A-003,B（单选题）,,在多旋翼无人机飞行控制系统的测试步骤中，用于检测IMU模块是否正常的步骤是（）。,使用示波器检测PWM端口输出,使用串口输出姿态数据,进行MCU的焊接测试,电源线路部分的测试,,,B,3（中）,5（好）,,,,,,,,,,,,
1018,B-C-A-003,B（单选题）,,多旋翼无人机飞行控制系统的测试步骤中，用于检测飞控的电机控制信号输出是否正常的步骤是（）。,使用示波器检测PWM端口输出,使用串口输出姿态数据,进行MCU的焊接测试,电源线路部分的测试,,,A,3（中）,5（好）,,,,,,,,,,,,
1019,B-C-A-003,C（判断题）,,在进行多旋翼无人机飞行控制系统的长期可靠性测试时，测试环境最为关键的是在实际外部天气环境中进行飞行测试。（）,正确,错误,,,,,A,3（中）,5（好）,,,,,,,,,,,,
1020,B-C-A-003,C（判断题）,,测试环境的选择会影响飞行控制系统的测试结果，尤其是在温度、湿度和气流等因素方面，虽然通常影响较小，但在某些情况下可能导致测试精度的变化。（）,正确,错误,,,,,A,3（中）,5（好）,,,,,,,,,,,,
1021,B-C-A-004,B（单选题）,,在进行多旋翼无人机动力系统测试时，不是必需的设备是（）。,拉力测试台,转速计,风速计,电池充电器,,,D,3（中）,5（好）,,,,,,,,,,,,
1022,B-C-A-004,B（单选题）,,多旋翼无人机动力系统的测试中，用来评估电机效率的参数是（）。,电压,电流,功率,频率,,,C,3（中）,5（好）,,,,,,,,,,,,
1023,B-C-A-004,B（单选题）,,在测试多旋翼无人机动力系统时，正确的步骤是（）。,先进行地面测试，再进行飞行测试,同时进行地面测试和飞行测试,只进行地面测试,只进行飞行测试,,,A,3（中）,5（好）,,,,,,,,,,,,
1024,B-C-A-004,B（单选题）,,在进行多旋翼无人机的电机性能测试时，通常使用的标准负载测试方法是（）。,通过调整飞行器姿态来模拟电机负载,在地面上使用一个标准负载电机测试台进行测试,直接将电机安装到无人机上并在飞行过程中进行测试,使用风洞来模拟电机在不同飞行环境下的性能表现,,,B,3（中）,5（好）,,,,,,,,,,,,
1025,B-C-A-004,C（判断题）,,测试多旋翼无人机动力系统时，可以通过目视观察电机的转速从而评估电机性能。（）,正确,错误,,,,,B,3（中）,5（好）,,,,,,,,,,,,
1026,B-C-A-004,C（判断题）,,振动测试对于检测动力系统中电机和螺旋桨的匹配程度及稳定性至关重要。（）,正确,错误,,,,,A,3（中）,5（好）,,,,,,,,,,,,
1027,B-C-A-005,B（单选题）,,多旋翼无人机动力系统的测试内容不包括（）。,电机的静态拉力测试,电池的放电能力测试,遥控器的信号测试,螺旋桨的拉力测试,,,C,3（中）,5（好）,,,,,,,,,,,,
1028,B-C-A-005,B（单选题）,,在多旋翼无人机动力系统的测试内容中，不是电池测试的一部分是（）。,电压测试,容量测试,拉力测试,放电曲线测试,,,C,3（中）,5（好）,,,,,,,,,,,,
1029,B-C-A-005,B（单选题）,,在多旋翼无人机动力系统的测试内容中，不是电机测试的一部分是（）。,静态拉力测试,电机的效率测试,电机的温升测试,遥控器的信号范围测试,,,D,3（中）,5（好）,,,,,,,,,,,,
1030,B-C-A-005,B（单选题）,,多旋翼无人机动力系统的测试内容中，用来验证螺旋桨性能的项目是（）。,信号强度测试,电池的放电能力测试,螺旋桨的效率测试,电机的效率测试,,,C,3（中）,5（好）,,,,,,,,,,,,
1031,B-C-A-005,C（判断题）,,电池的性能测试不属于动力系统测试内容的范畴。（）,正确,错误,,,,,B,3（中）,5（好）,,,,,,,,,,,,
1032,B-C-A-005,C（判断题）,,螺旋桨的静平衡和动平衡测试对于确保飞行稳定性和减少振动至关重要，是需要进行测试的内容。（）,正确,错误,,,,,A,3（中）,5（好）,,,,,,,,,,,,
1033,B-C-A-006,B（单选题）,,多旋翼无人机动力系统的测试步骤中，首先应该进行的是（）。,环境准备,硬件检查,软件测试,飞行测试,,,A,3（中）,5（好）,,,,,,,,,,,,
1034,B-C-A-006,B（单选题）,,在多旋翼无人机动力系统的测试步骤中，不是必需的步骤是（）。,测量电机的输入电压,测量电机的输入电流,测量遥控器的信号范围,测量电机的转速,,,C,3（中）,5（好）,,,,,,,,,,,,
1035,B-C-A-006,B（单选题）,,多旋翼无人机动力系统的测试步骤中，用于确保测试数据的准确性的步骤是（）。,环境准备,硬件检查,软件校准,测试数据记录,,,A,3（中）,5（好）,,,,,,,,,,,,
1036,B-C-A-006,B（单选题）,,多旋翼无人机动力系统的测试步骤中，不是用于检测电池性能的步骤是（）。,测量电池的电压,测量电池的容量,测量电池的放电曲线,测量遥控器的信号范围,,,D,3（中）,5（好）,,,,,,,,,,,,
1037,B-C-A-006,C（判断题）,,多旋翼无人机动力系统测试步骤应遵循从简单到复杂、从低到高的原则进行。（）,正确,错误,,,,,A,3（中）,5（好）,,,,,,,,,,,,
1038,B-C-A-006,C（判断题）,,测试环境的选择对多旋翼无人机动力系统测试结果没有影响。（）,正确,错误,,,,,B,3（中）,5（好）,,,,,,,,,,,,
1039,B-C-A-007,B（单选题）,,（）。方法可以模拟无人机在不同环境下的通信性能,实验室测试,现场测试,模拟测试,压力测试,,,C,3（中）,5（好）,,,,,,,,,,,,
1040,B-C-A-007,B（单选题）,,多旋翼无人机通信系统测试中（）。用于评估系统在不同频率下的通信效果,频率响应测试,信号干扰测试,信号覆盖测试,电源效率测试,,,A,3（中）,5（好）,,,,,,,,,,,,
1041,B-C-A-007,B（单选题）,,多旋翼无人机通信系统的测试方法不包括（）。,功能测试,性能测试,环境适应性测试,材料强度测试,,,D,3（中）,5（好）,,,,,,,,,,,,
1042,B-C-A-007,B（单选题）,,多旋翼无人机通信系统的测试中，（）。可以评估系统在不同距离下的通信效果,通信距离测试,信号强度测试,带宽测试,信噪比测试,,,A,3（中）,5（好）,,,,,,,,,,,,
1043,B-C-A-007,C（判断题）,,通过测量信号强度即可全面评估多旋翼无人机通信系统的性能。（）,正确,错误,,,,,B,3（中）,5（好）,,,,,,,,,,,,
1044,B-C-A-007,C（判断题）,,使用信号发生器模拟通信环境可以有效测试无人机通信系统的抗干扰能力。（）,正确,错误,,,,,A,3（中）,5（好）,,,,,,,,,,,,
1045,B-C-A-008,B（单选题）,,使用MissionPlanner调试3DR数传时，软件的操作顺序是（）。,点击连接、初始设置、可选硬件、sik电台、加载设置,点击连接、初始设置、可选硬件、3DR电台、加载设置,初始设置、可选硬件、3DR电台、加载设置,初始设置、可选硬件、sik电台、加载设置,,,D,3（中）,5（好）,,,,,,,,,,,,
1046,B-C-A-008,B（单选题）,,同时调试多组3DR数传时，经常有相互干扰、串台的情况，可通过（）。实现同时校准,更换不同品牌数传,更换不同长度天线,不同组数传修改不同网络ID,先调试一组再调试第二组,,,C,3（中）,5（好）,,,,,,,,,,,,
1047,B-C-A-008,B（单选题）,,多旋翼无人机数传调试时，（）。不是需要检查的内容有,线材有无损坏,天线是否查号,飞控是否正常工作,电机是否正常转动,,,D,3（中）,5（好）,,,,,,,,,,,,
1048,B-C-A-008,B（单选题）,,多旋翼无人机数传调试时，常见3DR数传模块连接飞控时选择（）。波特率,15200,57600,38400,19200,,,B,3（中）,5（好）,,,,,,,,,,,,
1049,B-C-A-008,C（判断题）,,加密性能和安全性测试不属于无人机通信系统测试内容。（）,正确,错误,,,,,B,3（中）,5（好）,,,,,,,,,,,,
1050,B-C-A-008,C（判断题）,,无人机通信测试内容需要包括通信距离的极限测试。（）,正确,错误,,,,,A,3（中）,5（好）,,,,,,,,,,,,
1051,B-C-A-009,B（单选题）,,多旋翼无人机通信系统测试中，（）。测试前的准备工作,设定测试环境,进行实际飞行测试,分析测试数据,记录测试结果,,,A,3（中）,5（好）,,,,,,,,,,,,
1052,B-C-A-009,B（单选题）,,多旋翼无人机通信系统测试的第一步通常不包括（）。,设定测试环境,检查设备状态,进行实际飞行测试,分析测试数据,,,D,3（中）,5（好）,,,,,,,,,,,,
1053,B-C-A-009,B（单选题）,,多旋翼无人机通信系统测试步骤中，（）。是在测试过程中进行的,测试设备准备,测试数据分析,测试设备维护,测试数据记录,,,D,3（中）,5（好）,,,,,,,,,,,,
1054,B-C-A-009,B（单选题）,,多旋翼无人机通信系统测试步骤中，（）。是在测试结束后进行的,设定测试参数,测试数据分析,测试环境搭建,测试设备维护,,,B,3（中）,5（好）,,,,,,,,,,,,
1055,B-C-A-009,B（单选题）,,多旋翼无人机通信系统测试中，（）。测试前的准备工作,设定测试环境,进行实际飞行测试,分析测试数据,记录测试结果,,,A,3（中）,5（好）,,,,,,,,,,,,
1056,B-C-A-009,B（单选题）,,多旋翼无人机通信系统测试的第一步通常不包括（）。,设定测试环境,检查设备状态,进行实际飞行测试,分析测试数据,,,D,3（中）,5（好）,,,,,,,,,,,,
1057,B-C-A-009,B（单选题）,,多旋翼无人机通信系统测试步骤中，（）。是在测试过程中进行的,测试设备准备,测试数据分析,测试设备维护,测试数据记录,,,D,3（中）,5（好）,,,,,,,,,,,,
1058,B-C-A-009,B（单选题）,,多旋翼无人机通信系统测试步骤中，（）。是在测试结束后进行的,设定测试参数,测试数据分析,测试环境搭建,测试设备维护,,,B,3（中）,5（好）,,,,,,,,,,,,
1059,B-C-A-009,C（判断题）,,无人机通信系统测试，最初的测试环境应选择在城市中心，以模拟实际飞行场景。（）,正确,错误,,,,,B,3（中）,5（好）,,,,,,,,,,,,
1060,B-C-A-009,C（判断题）,,无人机通信系统测试的测试步骤中应包括故障模拟和恢复测试。（）,正确,错误,,,,,A,3（中）,5（好）,,,,,,,,,,,,
1061,B-C-A-009,C（判断题）,,无人机通信系统测试，最初的测试环境应选择在城市中心，以模拟实际飞行场景。（）,正确,错误,,,,,B,3（中）,5（好）,,,,,,,,,,,,
1062,B-C-A-009,C（判断题）,,无人机通信系统测试的测试步骤中应包括故障模拟和恢复测试。（）,正确,错误,,,,,A,3（中）,5（好）,,,,,,,,,,,,
1063,B-C-A-010,B（单选题）,,多旋翼无人机导航系统测试中，（）。方法用于评估系统在不同环境下的定位准确性,实验室模拟测试,现场飞行测试,计算机仿真测试,硬件性能测试,,,D,3（中）,5（好）,,,,,,,,,,,,
1064,B-C-A-010,B（单选题）,,多旋翼无人机导航系统测试中，（）。方法用于模拟和预测系统在实际使用中的表现,实验室模拟测试,现场飞行测试,计算机仿真测试,硬件性能测试,,,C,3（中）,5（好）,,,,,,,,,,,,
1065,B-C-A-010,B（单选题）,,多旋翼无人机导航系统测试中，（）。方法用于评估系统在不同飞行高度下的定位效果,高度变化测试,信号干扰测试,硬件性能测试,现场飞行测试,,,A,3（中）,5（好）,,,,,,,,,,,,
1066,B-C-A-010,B（单选题）,,多旋翼无人机导航系统测试中，（）。方法用于评估系统在长时间运行后的稳定性和可靠性,耐久性测试,信号干扰测试,硬件性能测试,现场飞行测试,,,A,3（中）,5（好）,,,,,,,,,,,,
1067,B-C-A-010,C（判断题）,,软件在环（SIL）测试可以完全替代硬件在环（HIL）测试来评估导航系统。（）,正确,错误,,,,,B,3（中）,5（好）,,,,,,,,,,,,
1068,B-C-A-010,C（判断题）,,测试多旋翼无人机导航系统时，可以在没有GPS信号的室内环境中进行。（）,正确,错误,,,,,A,3（中）,5（好）,,,,,,,,,,,,
1069,B-C-A-011,B（单选题）,,关于多旋翼无人机导航系统测试的说法正确的是（）。,需要测试的模块只有GNSS定位模块,需要测试的模块只有IMU,需要测试的模块只有磁罗盘,需要测试的模块有GNSS、磁罗盘、IMU,,,D,3（中）,5（好）,,,,,,,,,,,,
1070,B-C-A-011,B（单选题）,,多旋翼无人机导航系统测试，主要的被测模块是（）。,惯性导航模块,卫星导航模块,气压测量模块,光流测量模块,,,B,3（中）,5（好）,,,,,,,,,,,,
1071,B-C-A-011,B（单选题）,,不是多旋翼无人机导航系统测试时用到的算法或参数的是（）。,卡尔曼滤波算法,粒子滤波算法,IMU白噪声参数评估,电机力效参数,,,D,3（中）,5（好）,,,,,,,,,,,,
1072,B-C-A-011,B（单选题）,,测试多无人机导航系统时，GNSS定位模块至少需要（）。颗卫星可以进行测试,3,4,5,12,,,B,3（中）,5（好）,,,,,,,,,,,,
1073,B-C-A-011,C（判断题）,,多旋翼无人机导航系统的测试内容应包括导航系统在不同天气条件下的性能表现。（）,正确,错误,,,,,A,3（中）,5（好）,,,,,,,,,,,,
1074,B-C-A-011,C（判断题）,,多旋翼无人机导航系统的测试内容不包括对系统的抗干扰能力的测试。（）,正确,错误,,,,,B,3（中）,5（好）,,,,,,,,,,,,
1075,B-C-A-013,B（单选题）,,为了测试多旋翼无人机起飞着陆阶段的稳定性，应采取的测试方式为（）。,在不同风速下多次起飞着陆,在无风的情况下进行起降测试,依靠飞控的飞行日志得到结果,通过计算机进行模拟起降,,,A,3（中）,5（好）,,,,,,,,,,,,
1076,B-C-A-013,B（单选题）,,能精准记录多旋翼无人机起飞和着陆过程中的姿态变化的设备是（）。,摄像头,陀螺仪与加速度计,红外传感器,气压计,,,B,3（中）,5（好）,,,,,,,,,,,,
1077,B-C-A-013,B（单选题）,,多旋翼无人机的起飞和着陆测试过程中，进行实施数据传输和监测的常用方法是（）。,卫星通信,无线电控制与地面站监测,蓝牙连接,WiFi连接,,,B,3（中）,5（好）,,,,,,,,,,,,
1078,B-C-A-013,B（单选题）,,测试多旋翼无人机着陆系统的减震性能时需要关注的信息是（）。,电池电量的消耗速度,起落架吸收冲击的能力,飞行速度,飞行高度,,,B,3（中）,5（好）,,,,,,,,,,,,
1079,B-C-A-013,C（判断题）,,使用模拟地面环境（如不同材质和倾斜角度的着陆平台）可以有效测试无人机起飞着陆系统的适应性。（）,正确,错误,,,,,A,3（中）,5（好）,,,,,,,,,,,,
1080,B-C-A-013,C（判断题）,,通过软件模拟可以完全替代实际飞行测试来评估起飞着陆系统的性能。（）,正确,错误,,,,,B,3（中）,5（好）,,,,,,,,,,,,
1081,B-C-A-014,B（单选题）,,多旋翼无人机起飞测试前必须检查的项目是（）。,电机温度,螺旋桨紧固程度,飞行高度,飞行速度,,,B,2（易）,5（好）,,,,,,,,,,,,
1082,B-C-A-014,B（单选题）,,多旋翼无人机着陆系统测试中应该关注（）。的磨损情况,电机,起落架,螺旋桨,遥控器,,,B,3（中）,5（好）,,,,,,,,,,,,
1083,B-C-A-014,B（单选题）,,多旋翼无人机着陆测试时的位置精度，通常涉及（）。的测量,飞行时间,飞行距离,降落点与返航点的距离,飞行高度,,,C,3（中）,5（好）,,,,,,,,,,,,
1084,B-C-A-014,B（单选题）,,多旋翼无人机起飞和着陆测试完成后，必须要进行的工作内容是（）。,清理飞行场地,数据分析与记录,立即充电,更换螺旋桨,,,B,3（中）,5（好）,,,,,,,,,,,,
1085,B-C-A-014,C（判断题）,,在无人机的着陆过程中，飞行器的垂直降落更容易控制，因此着陆失败的风险较低。（）,正确,错误,,,,,B,3（中）,5（好）,,,,,,,,,,,,
1086,B-C-A-014,C（判断题）,,多旋翼无人机起飞着陆测试内容应包括无人机在紧急情况下的自动着陆和故障保护机制。（）,正确,错误,,,,,A,3（中）,5（好）,,,,,,,,,,,,
1087,B-C-A-015,B（单选题）,,多旋翼无人机起飞测试前，对电池进行（）。是必要的,立即充满电,检查电池电联与连接状态,无需检查旧电池直接更换新电池,直接使用未充电电池,,,B,3（中）,5（好）,,,,,,,,,,,,
1088,B-C-A-015,B（单选题）,,在多旋翼无人机起飞着陆系统测试中，模拟夜间环境主要用于测试（）。能力,红外避障,GNSS定位精度,飞行稳定性,视觉着陆,,,D,3（中）,5（好）,,,,,,,,,,,,
1089,B-C-A-015,B（单选题）,,为了确保多旋翼无人机起飞着陆测试的安全性，必要的环境要求是（）。,空况且周围无人员活动的场地,强烈阳光直射的场地,充满烟雾的环境,雷雨交加的环境,,,A,3（中）,5（好）,,,,,,,,,,,,
1090,B-C-A-015,B（单选题）,,在多旋翼无人机起飞测试中，应避免在（）。的环境下进行,空况且周围无人员活动,高压线附近,专门的无人机测试场,平坦的草地,,,B,3（中）,5（好）,,,,,,,,,,,,
1091,B-C-A-015,C（判断题）,,多旋翼无人机起飞着陆测试环境应尽可能接近实际飞行环境，但无需考虑环境因素对测试结果的影响。（）,正确,错误,,,,,B,3（中）,5（好）,,,,,,,,,,,,
1092,B-C-A-015,C（判断题）,,多旋翼无人机起飞着陆测试步骤应从最复杂的起飞着陆场景开始。（）,正确,错误,,,,,B,3（中）,5（好）,,,,,,,,,,,,
1093,B-C-A-016,B（单选题）,,多旋翼无人机感知系统测试中，（）。设备不是必需的,可见光摄像头,激光雷达,超声波传感器,温度计,,,D,3（中）,5（好）,,,,,,,,,,,,
1094,B-C-A-016,B（单选题）,,在多旋翼无人机感知系统测试中，（）。因素不是测试环境的一部分,风速和风向,地面的硬度和平整度,无人机的起飞重量,无人机的涂装颜色,,,D,3（中）,5（好）,,,,,,,,,,,,
1095,B-C-A-016,B（单选题）,,多旋翼无人机在进行GNSS定位精度测试时，应（）。,在开阔地带飞行并记录飞行轨迹,在室内环境下飞行并对比高度数据,仅使用视觉系统进行定位测试,在强磁场环境下测试,,,A,3（中）,5（好）,,,,,,,,,,,,
1096,B-C-A-016,B（单选题）,,可以验证多旋翼无人机的红外避障功能的测试是（）。,在黑暗环境中飞行并观察避障反应,在高亮度环境下测试摄像头性能,飞行过程中人为设置障碍物并观察反应,检查红外传感器表面是否有污垢,,,C,3（中）,5（好）,,,,,,,,,,,,
1097,B-C-A-016,C（判断题）,,使用障碍物模拟装置可以有效测试多旋翼无人机感知系统的避障能力。（）,正确,错误,,,,,A,3（中）,5（好）,,,,,,,,,,,,
1098,B-C-A-016,C（判断题）,,多旋翼无人机感知系统的测试方法无需考虑感知系统与无人机其他系统（如导航系统、控制系统）的集成性能。（）,正确,错误,,,,,B,3（中）,5（好）,,,,,,,,,,,,
1099,B-C-B-001,B（单选题）,,在多旋翼无人机动力系统测试中，使用的测试设备通常包括（）。,测量仪、电流表、电压表,GNSS、陀螺仪、加速度计,摄像头、无人机外壳、遥控器,蓝牙耳机、无人机电池、充电器,,,A,3（中）,5（好）,,,,,,,,,,,,
1100,B-C-B-001,B（单选题）,,多旋翼无人机动力系统测试报告单中，负责记录无人机的最大起飞重量和最大载重的是（）。,基本检查,功能检查,飞行性能,电池系统,,,C,3（中）,5（好）,,,,,,,,,,,,
1101,B-C-B-001,B（单选题）,,在多旋翼无人机动力系统测试报告中，通常包含了对无人机的飞行时间和航程的评估（）。,基本检查,功能检查,飞行性能,电池系统,,,C,3（中）,5（好）,,,,,,,,,,,,
1102,B-C-B-001,B（单选题）,,在多旋翼无人机动力系统测试报告中，通常包含了无人机的遥控遥测距离和信息传输距离的记录的是（）。,基本检查,功能检查,数据链系统,电池系统,,,C,3（中）,5（好）,,,,,,,,,,,,
1103,B-C-B-001,C（判断题）,,在测试报告中，电池的内阻值越高越好，说明电池的健康状况越佳。（）,正确,错误,,,,,B,3（中）,5（好）,,,,,,,,,,,,
1104,B-C-B-001,C（判断题）,,在填写多旋翼无人机动力系统测试报告单时，需要详细记录测试环境和条件。（）,正确,错误,,,,,A,3（中）,5（好）,,,,,,,,,,,,
1105,B-C-B-002,B（单选题）,,在无人机飞行控制与导航系统测试中，下列用于测量无人机的飞行方向的是（）。,加速度计,惯性测量单元,磁力计,GNSS接收器,,,C,3（中）,5（好）,,,,,,,,,,,,
1106,B-C-B-002,B（单选题）,,在无人机飞行控制与导航系统测试中，下列（）是必不可少的。,软件安装,硬件连接,参数设置,实地测试,,,D,3（中）,5（好）,,,,,,,,,,,,
1107,B-C-B-002,B（单选题）,,在多旋翼无人机飞行控制与导航系统中，以下（）负责接收来自遥控器的控制信号并将其转换为电机控制指令。,飞控系统,导航系统,通信系统,动力系统,,,A,3（中）,5（好）,,,,,,,,,,,,
1108,B-C-B-002,B（单选题）,,多旋翼无人机在进行自主飞行时，以下（）负责提供实时的位置信息和航向信息。,飞控系统,通信系统,动力系统,导航系统,,,D,2（易）,5（好）,,,,,,,,,,,,
1109,B-C-B-002,C（判断题）,,在填写测试报告时，如果飞行过程中出现异常，报告单中不需要详细记录，简要说明即可。（）,正确,错误,,,,,B,3（中）,5（好）,,,,,,,,,,,,
1110,B-C-B-002,C（判断题）,,在填写飞行控制与导航系统测试报告单时，需要提供无人机的飞行数据记录。（）,正确,错误,,,,,A,3（中）,5（好）,,,,,,,,,,,,
1111,B-C-B-003,B（单选题）,,在多旋翼无人机通信系统测试过程中，测试人员发现数据传输速率明显低于预期值此时，测试报告单中应重点记录（）内容。,测试人员的操作经验,通信模块的工作温度范围,不同距离下的数据传输速率对比,无人机飞行的高度与速度,,,C,3（中）,4（较好）,,,,,,,,,,,,
1112,B-C-B-003,B（单选题）,,测试多旋翼无人机通信系统时，以下不是必须的（）。,连接无人机和地面站,设置通信参数,发送数据包并接收确认,记录飞行轨迹,,,D,3（中）,5（好）,,,,,,,,,,,,
1113,B-C-B-003,B（单选题）,,在多旋翼无人机通信系统测试中，不是必要的测试内容（）。,遥控信号强度测试,数据传输速率测试,图像传输清晰度测试,电池续航能力测试,,,D,3（中）,5（好）,,,,,,,,,,,,
1114,B-C-B-003,B（单选题）,,在进行多旋翼无人机通信系统测试时，下列描述正确的是（）。,只需要测试遥控信号的传输距离,只需要测试数据传输的延迟时间,需要测试遥控信号、数据传输和图像传输的综合性能,只需要测试图像传输的稳定性,,,C,3（中）,5（好）,,,,,,,,,,,,
1115,B-C-B-003,C（判断题）,,在填写通信系统测试报告单时，需要记录无线信号的强度和稳定性。（）,正确,错误,,,,,A,3（中）,5（好）,,,,,,,,,,,,
1116,B-C-B-003,C（判断题）,,在测试多旋翼无人机通信系统时，是只需要关注遥控信号的传输。（）,正确,错误,,,,,B,3（中）,5（好）,,,,,,,,,,,,
1117,B-C-B-004,B（单选题）,,多旋翼无人机起飞着陆系统测试中，通过（）来检查电池状态。,观察电池电量显示,听取电池声音反馈,触摸电池温度,手动关闭电源,,,A,3（中）,5（好）,,,,,,,,,,,,
1118,B-C-B-004,B（单选题）,,在多旋翼无人机起飞着陆系统测试中，以下操作应该立即停止测试并寻求专业帮助的是（）。,飞行器出现任何异常情况,遥控器出现故障,飞行员身体不适,其他设备出现故障,,,A,3（中）,5（好）,,,,,,,,,,,,
1119,B-C-B-004,B（单选题）,,多旋翼无人机起飞着陆系统测试报告中，不是必须填写的项目是（）。,起飞性能测试,着陆性能测试,飞行器外观检查,遥控器功能测试,,,D,3（中）,5（好）,,,,,,,,,,,,
1120,B-C-B-004,B（单选题）,,在多旋翼无人机起飞着陆系统测试中，下列不正确的测试步骤（）。,在开阔且无障碍物的安全区域进行起飞测试,确认所有传感器和飞行控制器的固件已更新到最新版本,直接从最大油门启动无人机以快速升空，检查起飞能力,测试前后检查电池电量是否充足，并确保电池连接牢固,,,C,3（中）,5（好）,,,,,,,,,,,,
1121,B-C-B-004,C（判断题）,,在填写起飞着陆系统测试报告单时，一般情况下，可能不需要提供无人机的起飞和降落视频或照片。（）,正确,错误,,,,,A,3（中）,5（好）,,,,,,,,,,,,
1122,B-C-B-004,C（判断题）,,在测试起飞着陆系统时，只需要关注无人机的垂直起降能力。（）,正确,错误,,,,,B,3（中）,5（好）,,,,,,,,,,,,
1123,B-D-A-001,B（单选题）,,在多旋翼无人机电机故障检测中，（）。的故障可能会导致电机振动增大,电机轴承损坏,电机绕组短路,电机定子磁铁松动,电机电源不稳定,,,C,3（中）,5（好）,,,,,,,,,,,,
1124,B-D-A-001,B（单选题）,,多旋翼无人机电机故障排查的首要步骤是（）。,检查电机连接线,检查电机轴承,检查电机电调,更换电机,,,A,3（中）,5（好）,,,,,,,,,,,,
1125,B-D-A-001,B（单选题）,,多旋翼无人机电机故障检测方法是（）。,仅依靠视觉检查,结合声音信号检测,仅依靠数据监控,结合多传感器信息,,,B,3（中）,5（好）,,,,,,,,,,,,
1126,B-D-A-001,B（单选题）,,多旋翼无人机电机故障诊断技术（）。,基于深度学习的方法,基于专家系统的方法,基于数据驱动的方法,基于预测模型的方法,,,A,3（中）,5（好）,,,,,,,,,,,,
1127,B-D-A-001,C（判断题）,,多旋翼无人机电机故障检测可以通过声音检测进行。（）,正确,错误,,,,,A,3（中）,5（好）,,,,,,,,,,,,
1128,B-D-A-001,C（判断题）,,多旋翼无人机电机故障可以通过观察电机转速和振动来检测。（）,正确,错误,,,,,A,3（中）,5（好）,,,,,,,,,,,,
1129,B-D-A-002,B（单选题）,,在使用万用表测量电调的电压、电流和温度时，应选择（）。范围的档位,电压：0-5V；电流：0-1A；温度：0-50℃,电压：0-10V；电流：0-2A；温度：0-100℃,电压：0-50V；电流：0-10A；温度：0-200℃,电压：0-100V；电流：0-20A；温度：0-300℃,,,B,3（中）,5（好）,,,,,,,,,,,,
1130,B-D-A-002,B（单选题）,,多旋翼无人机在飞行过程中，如果发现某个电调发热异常，应该（）。,继续飞行，观察后续情况,立即降落，检查电调,切换到手动模式，尝试调整,增加飞行时间，以便更好地散热,,,B,3（中）,5（好）,,,,,,,,,,,,
1131,B-D-A-002,B（单选题）,,多旋翼无人机在使用过程中，如果发现电调无法正常工作，可能的原因是（）。,电池电量不足,电调损坏或故障,遥控器信号弱,电机损坏,,,B,3（中）,5（好）,,,,,,,,,,,,
1132,B-D-A-002,B（单选题）,,使用软件对多旋翼无人机电调进行故障检测时，需要安装（）。程序,飞控固件和地面站软件,航空电子设备模拟器,雷达系统和GNSS接收器驱动程序,数据库管理和日志分析工具,,,A,3（中）,5（好）,,,,,,,,,,,,
1133,B-D-A-002,C（判断题）,,多旋翼无人机电调故障可以通过测量其输出电压和电流来检测。（）,正确,错误,,,,,A,3（中）,5（好）,,,,,,,,,,,,
1134,B-D-A-002,C（判断题）,,在多旋翼无人机中，部分电调的故障可以通过观察电调的LED指示灯来初步判断。（）,正确,错误,,,,,A,3（中）,5（好）,,,,,,,,,,,,
1135,B-D-A-003,B（单选题）,,当多旋翼无人机接收机出现信号不稳定的情况时，可以采取（）。的措施进行处理,更换新的接收机,调整飞行高度,检查天线连接情况,调整飞机位置,,,C,3（中）,5（好）,,,,,,,,,,,,
1136,B-D-A-003,B（单选题）,,多旋翼无人机接收机故障检测的主要目的是（）。,提高飞行稳定性,延长飞行时间,保证飞行安全,改善图像传输质量,,,C,3（中）,5（好）,,,,,,,,,,,,
1137,B-D-A-003,B（单选题）,,如果多旋翼无人机在飞行中突然失去遥控信号，可能是接收机出现了故障在这种情况下，应该采取,立即手动切断电源,尝试重新连接遥控器,紧急情况下可以使用手机的遥控应用程序,等待遥控信号自然恢复,,,C,3（中）,5（好）,,,,,,,,,,,,
1138,B-D-A-003,B（单选题）,,在多旋翼无人机接收机故障检测中，（）。不是常用的检测手段,检查接收机的天线是否有损坏或断裂,检查接收机的电源电压是否正常,使用遥控器直接测试接收机的响应,打开接收机的外壳进行检查,,,D,3（中）,5（好）,,,,,,,,,,,,
1139,B-D-A-003,C（判断题）,,多旋翼无人机接收机故障检测可以通过监测接收机信号质量以及检查接收机硬件状态来进行。（）,正确,错误,,,,,A,3（中）,5（好）,,,,,,,,,,,,
1140,B-D-A-003,C（判断题）,,多旋翼无人机接收机故障可以通过检查其信号输入和输出来检测。（）,正确,错误,,,,,A,3（中）,5（好）,,,,,,,,,,,,
1141,B-D-A-004,B（单选题）,,在对多旋翼无人机分电板进行故障检测时，若怀疑某个电源模块存在异常，（）。检测方法最为有效,仅观察分电板的外观是否有明显损坏,使用万用表测量电源模块的输入输出电压,仅检查与该电源模块相连的线缆是否松动,替换整个分电板以排除故障可能性,,,B,3（中）,5（好）,,,,,,,,,,,,
1142,B-D-A-004,B（单选题）,,对于多旋翼无人机分电板的故障诊断，若某电机无法启动，最有效的初步诊断工具是（）。,示波器,电压表,热成像仪,数字万用表,,,B,3（中）,5（好）,,,,,,,,,,,,
1143,B-D-A-004,B（单选题）,,在进行多旋翼无人机配电板故障检测时，首先应该做（）。,直接通电测试,检查电池电压,断开电池连接,检查电路图,,,A,3（中）,5（好）,,,,,,,,,,,,
1144,B-D-A-004,B（单选题）,,多旋翼无人机在配电板故障检测中遇到的最大挑战是（）。,飞行安全,数据传输稳定性,电池续航能力,天气条件,,,C,3（中）,5（好）,,,,,,,,,,,,
1145,B-D-A-004,C（判断题）,,多旋翼无人机电源管理板故障检测时，应该首先检查电源是否正常工作。（）,正确,错误,,,,,A,3（中）,5（好）,,,,,,,,,,,,
1146,B-D-A-004,C（判断题）,,在多旋翼无人机电源分配板故障检测中，不需要检查飞控程序是否存在错误。（）,正确,错误,,,,,B,3（中）,5（好）,,,,,,,,,,,,
1147,B-D-A-005,B（单选题）,,对于电机故障的诊断，通常需要使用（）。工具,万用表,温度计,静电手环,超声波测距仪,,,A,3（中）,5（好）,,,,,,,,,,,,
1148,B-D-A-005,B（单选题）,,在电机故障诊断中，如何通过测量电机的电流值来判断电机是否存在故障（）。,电流过低表示电机绕组短路,电流过高可能是电机负载过重或电机绕组短路,电流过低通常表示电机工作正常,电流过高不会影响电机的工作状态,,,B,3（中）,5（好）,,,,,,,,,,,,
1149,B-D-A-005,B（单选题）,,多旋翼无人机电机故障排除方法中，（）。是不必要的,检查电调、电机以及各设备连接,检查电机轴及桨座轴是否弯曲,检查固定马达与力臂的螺丝是否过长,使用没有问题的电机替换疑似出问题的电调,,,D,3（中）,5（好）,,,,,,,,,,,,
1150,B-D-A-005,B（单选题）,,多旋翼无人机电机故障诊断中，（）。是不正确的,观察飞行姿态和性能,查电机和电调的连接线,更换掉坏的电机或电调,使用专业的故障诊断工具,,,A,3（中）,5（好）,,,,,,,,,,,,
1151,B-D-A-005,C（判断题）,,如果电机过热，应该立即停止飞行并进行降温处理。（）,正确,错误,,,,,A,3（中）,5（好）,,,,,,,,,,,,
1152,B-D-A-005,C（判断题）,,在多旋翼无人机中，电机故障通常表现为飞行器飞行不稳定、单侧下沉、无法保持平衡等症状。（）,正确,错误,,,,,A,3（中）,5（好）,,,,,,,,,,,,
1153,B-D-A-006,B（单选题）,,多旋翼无人机在飞行过程中突然失去控制，最可能的原因是（）。,电池电量不足,GNSS信号弱,电调故障,控制器故障,,,C,3（中）,5（好）,,,,,,,,,,,,
1154,B-D-A-006,B（单选题）,,多旋翼无人机在地面检查时，可以通过观察电调指示灯的颜色来初步判断其工作状态，正常工作的电调指示灯应为（）。,红色,黄色,绿色,白色,,,C,3（中）,5（好）,,,,,,,,,,,,
1155,B-D-A-006,B（单选题）,,在多旋翼无人机的电调故障诊断中，使用示波器查看PWM信号时，若信号波形不稳定，可能的原因是（）。,飞控输出信号异常,电调滤波电路故障,电调驱动部分故障,电池电压过低,,,A,3（中）,5（好）,,,,,,,,,,,,
1156,B-D-A-006,B（单选题）,,在诊断电调故障时，首先应检查（）。,无人机的颜色,电调的冷却系统,电调与飞控的连接,无人机的重量,,,C,3（中）,5（好）,,,,,,,,,,,,
1157,B-D-A-006,C（判断题）,,在多旋翼无人机中，电调是控制电机转速的关键部件，如果电调出现故障，会影响无人机的飞行性能。（）,正确,错误,,,,,A,3（中）,5（好）,,,,,,,,,,,,
1158,B-D-A-006,C（判断题）,,多旋翼无人机在飞行过程中，如果电调异常，可以通过重启无人机和遥控器来解决。（）,正确,错误,,,,,A,3（中）,5（好）,,,,,,,,,,,,
1159,B-D-A-007,B（单选题）,,在对多旋翼无人机接收机故障进行修复时，需要使用到的工具是（）。,钳子、螺丝刀、电烙铁,研磨纸、酒精棉球、放大镜,万用表、示波器、信号发生器,防静电手环、防尘布、绝缘胶带,,,D,3（中）,5（好）,,,,,,,,,,,,
1160,B-D-A-007,B（单选题）,,在诊断接收机故障时，首先应检查（）。,无人机的颜色,接收机的电源供应,无人机的重量,电机的转速,,,B,3（中）,5（好）,,,,,,,,,,,,
1161,B-D-A-007,B（单选题）,,不是多旋翼无人机接收机的故障类型有（）。,电源故障,信号干扰,通信故障,机架损坏,,,D,3（中）,5（好）,,,,,,,,,,,,
1162,B-D-A-007,B（单选题）,,不是多旋翼无人机接收机故障的解决方法有（）。,更换电池,移动天线避开屏蔽物,修理或更换受损的机械部件,在有强风的空地飞行,,,D,3（中）,5（好）,,,,,,,,,,,,
1163,B-D-A-007,C（判断题）,,多旋翼无人机接收机故障的常见表现包括飞行不稳定、无法正常悬停，以及控制信号丢失或延迟等。（）,正确,错误,,,,,A,3（中）,5（好）,,,,,,,,,,,,
1164,B-D-A-007,C（判断题）,,在对多旋翼无人机接收机故障进行修复时，需要注意静电防护，避免静电损坏电子元器件。（）,正确,错误,,,,,A,3（中）,5（好）,,,,,,,,,,,,
1165,B-D-A-008,B（单选题）,,旋翼无人机配电板的主要作用是（）。,控制飞行姿态,给无人机供电,记录飞行数据,实现遥控操作,,,B,3（中）,5（好）,,,,,,,,,,,,
1166,B-D-A-008,B（单选题）,,多旋翼无人机配电板故障的不是主要原因的有（）。,电源故障,连接问题,无人机外壳损坏,元件损坏,,,C,3（中）,5（好）,,,,,,,,,,,,
1167,B-D-A-008,B（单选题）,,多旋翼无人机配电板故障排除方法中，（）。方法是最基本的,观察法,通杀法,对比法,状态法,,,A,3（中）,5（好）,,,,,,,,,,,,
1168,B-D-A-008,B（单选题）,,在无人机分电板上，电机之间的电压差异较大时，可能会导致（）。,无法启动飞控系统,电池电量快速耗尽,飞行姿态不稳定,无法连接地面控制站,,,C,3（中）,5（好）,,,,,,,,,,,,
1169,B-D-A-008,C（判断题）,,多旋翼无人机分电板负责控制飞行姿态。（）,正确,错误,,,,,B,3（中）,5（好）,,,,,,,,,,,,
1170,B-D-A-008,C（判断题）,,在诊断多旋翼无人机分电板故障时，应该首先检查电池和充电器是否正常工作。（）,正确,错误,,,,,A,3（中）,5（好）,,,,,,,,,,,,
1171,B-D-A-009,B（单选题）,,更换电机后，飞行器失去平衡并无法起飞，可能的原因是（）。,电机安装方向错误,电池电量充足，但电池连接不稳定,电机没有安装好，导致飞行器重心偏离,电调没有正确匹配电机型号,,,C,3（中）,5（好）,,,,,,,,,,,,
1172,B-D-A-009,B（单选题）,,在更换多旋翼无人机电机时，需要注意的是（）。,快速拆装，节省时间,慢慢拆装，防止损坏,只需更换有问题的电机,可以随意更换电机位置,,,B,3（中）,5（好）,,,,,,,,,,,,
1173,B-D-A-009,B（单选题）,,在更换电机过程中，（）。是不必要的,断开电源,校准电机方向,更换电池,检查电机与飞控的连接,,,C,3（中）,5（好）,,,,,,,,,,,,
1174,B-D-A-009,B（单选题）,,在更换电机的过程中，（）。操作是错误的,使用合适的工具,忽略电机规格,检查所有连接线,确保电机安装牢固,,,B,2（易）,5（好）,,,,,,,,,,,,
1175,B-D-A-009,C（判断题）,,"更换多旋翼无人机电机时，电机与电调的连接线长度不需要精确匹配，只要电调能够提供足够的电力即可
。（）",正确,错误,,,,,B,3（中）,5（好）,,,,,,,,,,,,
1176,B-D-A-009,C（判断题）,,在更换多旋翼无人机电机时，不需要关掉电源，只要拔掉电机与电调的连接线即可。（）,正确,错误,,,,,B,3（中）,5（好）,,,,,,,,,,,,
1177,B-D-A-010,B（单选题）,,在对多旋翼无人机分电板进行故障检测时，若怀疑某个电源模块存在异常，（）。检测方法最为有效,仅观察分电板的外观是否有明显损坏,使用万用表测量电源模块的输入输出电压,仅检查与该电源模块相连的线缆是否松动,替换整个分电板以排除故障可能性,,,B,3（中）,5（好）,,,,,,,,,,,,
1178,B-D-A-010,B（单选题）,,对于多旋翼无人机分电板的故障诊断，若某电机无法启动，最有效的初步诊断工具是（）。,示波器,电压表,热成像仪,数字万用表,,,B,3（中）,5（好）,,,,,,,,,,,,
1179,B-D-A-010,B（单选题）,,在进行多旋翼无人机配电板故障检测时，首先应该做（）。,直接通电测试,检查电池电压,断开电池连接,检查电路图,,,A,3（中）,5（好）,,,,,,,,,,,,
1180,B-D-A-010,B（单选题）,,多旋翼无人机在配电板故障检测中遇到的最大挑战是（）。,飞行安全,数据传输稳定性,电池续航能力,天气条件,,,C,3（中）,5（好）,,,,,,,,,,,,
1181,B-D-A-010,C（判断题）,,多旋翼无人机电源管理板故障检测时，应该首先检查电源是否正常工作。（）,正确,错误,,,,,A,3（中）,5（好）,,,,,,,,,,,,
1182,B-D-A-010,C（判断题）,,在多旋翼无人机电源分配板故障检测中，不需要检查飞控程序是否存在错误。（）,正确,错误,,,,,B,3（中）,5（好）,,,,,,,,,,,,
1183,B-D-A-011,B（单选题）,,在更换多旋翼无人机接收机时，首先需要断开电源的是（）。部分,电池,遥控器,无人机机身,接收机,,,A,3（中）,5（好）,,,,,,,,,,,,
1184,B-D-A-011,B（单选题）,,新接收机应该与无人机的（）。通信方式匹配,GNSS,蓝牙,Wi-Fi,无线电频率,,,C,3（中）,5（好）,,,,,,,,,,,,
1185,B-D-A-011,B（单选题）,,更换接收机时需要注意（）。事项,无需特殊注意，直接替换即可,需要确保接收机与飞控系统的兼容性,更换后无需进行任何校准或设置,更换接收机后无需考虑飞行安全,,,B,3（中）,5（好）,,,,,,,,,,,,
1186,B-D-A-011,B（单选题）,,在更换接收机后，（）。进行校准,无需校准，接收机会自动识别,使用遥控器进行常规校准,通过飞控软件进行校准,无需校准，接收机自带校准功能,,,C,3（中）,5（好）,,,,,,,,,,,,
1187,B-D-A-011,C（判断题）,,新接收机可以立即使用而无需任何配置或校准。（）,正确,错误,,,,,B,3（中）,5（好）,,,,,,,,,,,,
1188,B-D-A-011,C（判断题）,,在更换多旋翼无人机接收机时，需要确保接收机与飞控的连接正确，并且接收机的电源电压应根据接收机的品牌型号等来确定。（）,正确,错误,,,,,A,3（中）,5（好）,,,,,,,,,,,,
1189,B-D-A-012,B（单选题）,,旋翼无人机配电板在（）。的情况下需要更换,电池老化,分电板过热,使用次数过多,手柄损坏,,,B,3（中）,5（好）,,,,,,,,,,,,
1190,B-D-A-012,B（单选题）,,更换多旋翼无人机配电板时，需要使用的工具是（）。,螺丝刀,锤子,剪刀,油漆刷,,,A,3（中）,5（好）,,,,,,,,,,,,
1191,B-D-A-012,B（单选题）,,如果在更换多旋翼无人机配电板的过程中遇到困难，应该（）。,尝试自己解决问题,联系制造商的技术支持,放弃更换，等待专业人士处理,随意尝试不同的解决方案,,,B,3（中）,5（好）,,,,,,,,,,,,
1192,B-D-A-012,B（单选题）,,在更换多旋翼无人机配电板时，应该首先（）。,断开电源,直接更换配电板,检查配电板是否损坏,不需要特别注意什么,,,A,3（中）,5（好）,,,,,,,,,,,,
1193,B-D-A-012,C（判断题）,,在更换多旋翼无人机分电板时，应先断开电源，以确保安全。（）,正确,错误,,,,,A,3（中）,5（好）,,,,,,,,,,,,
1194,B-D-A-012,C（判断题）,,在安装新的分电板时，应确保所有连接线都已正确连接，并且没有松动的接点。（）,正确,错误,,,,,A,3（中）,5（好）,,,,,,,,,,,,
1195,B-D-A-013,B（单选题）,,在进行飞行控制器故障检测时，下列（）检查可以间接判断是否由于紧固性问题引起。,测量飞行控制器电压,测试飞行器的起飞和悬停稳定性,检查飞行控制器的固件版本,确认飞行控制器接收到正确的信号,,,B,,,,,,,,,,,,,,
1196,B-D-A-013,B（单选题）,,在进行飞行控制器安装时，以下检查项目最能影响整机的紧固性（）。,电池连接是否紧固,飞行控制器螺丝是否按规定力矩拧紧,电机与机臂连接的稳定性,无线电模块的固定程度,,,B,,,,,,,,,,,,,,
1197,B-D-A-013,B（单选题）,,飞行控制器故障排查时，下列紧固性检查步骤能够直接影响到控制信号的稳定性（）。,检查飞行控制器的外壳是否完好,检查飞行控制器和机身的紧固连接,校准传感器的零点,检查飞行控制器固件是否最新,,,B,,,,,,,,,,,,,,
1198,B-D-A-013,B（单选题）,,如果飞行控制器出现响应延迟，以下检查可以间接发现可能的紧固性问题的是（）。,测量控制器的输入输出信号,确认电池电量和电压,检查飞行控制器与机体连接处是否松动,测试GPS模块是否正常工作,,,C,,,,,,,,,,,,,,
1199,B-D-A-013,C（判断题）,,在检测飞行控制器故障时，检查紧固件松动是首要步骤之一，因为松动的紧固件可能导致控制器信号不稳定（ ）,正确,错误,,,,,A,,,,,,,,,,,,,,
1200,B-D-A-013,C（判断题）,,在进行飞行控制器故障诊断时，电池电量不足不会影响飞行控制器的工作稳定性（ ）,正确,错误,,,,,B,,,,,,,,,,,,,,
1201,B-D-A-014,B（单选题）,,在进行飞行控制器故障分析时，以下步骤有助于检查紧固性是否影响控制器的正常工作（）。,测试飞行器的航向稳定性,检查所有连接线是否松动,重新校准飞行控制器,确认电池电量是否充足,,,B,,,,,,,,,,,,,,
1202,B-D-A-014,B（单选题）,,在进行无人机的紧固性检查时，以下部件最可能导致飞行控制器的故障（）。,电池舱,电机与螺旋桨的连接,飞行控制器的固定螺丝松动,无线电信号模块,,,C,,,,,,,,,,,,,,
1203,B-D-A-014,B（单选题）,,检查飞行控制器时，如果发现电气连接松动，下一步应该首先进行哪个检查（）。,重新拧紧飞行控制器的螺丝,检查飞行控制器接口是否有腐蚀,测量电池电压,校准飞行控制器,,,B,,,,,,,,,,,,,,
1204,B-D-A-014,B（单选题）,,飞行控制器故障诊断时，如果怀疑紧固性问题，检查（）部分最为关键。,控制器和机体的安装接触面,电池连接部分,机臂与机身的连接点,电机和电池的连接,,,A,,,,,,,,,,,,,,
1205,B-D-A-014,C（判断题）,,在进行飞行控制器故障诊断时，飞行控制器的螺丝松动可能导致信号不稳定（ ）,正确,错误,,,,,A,,,,,,,,,,,,,,
1206,B-D-A-014,C（判断题）,,紧固性检查主要是检查部件的外观，电气连接不需要特别关注（ ）,正确,错误,,,,,B,,,,,,,,,,,,,,
1207,B-D-A-015,B（单选题）,,在无人机飞行控制器更换过程中，下列最为关键步骤（）。,确保电池断电后进行拆卸,使用抗静电工具拆卸控制器,直接连接新控制器进行测试,清洁控制器接头,,,B,3（中）,5（好）,,,,,,,,,,,,
1208,B-D-A-015,B（单选题）,,在进行整机紧固性检查时，以下（）工具对检查飞行控制器的安装最为重要。,扭矩扳手,振动测试仪,电气测试仪,目视检查,,,A,3（中）,5（好）,,,,,,,,,,,,
1209,B-D-A-015,B（单选题）,,当检查无人机的机体连接时，以下不是有效的检查方法（）。,使用标准力矩值对螺栓进行紧固,通过手动拧紧螺栓，感受是否到达阻力,. 目视检查紧固部件的外观,利用拉力计对连接件进行拉力测试,,,B,3（中）,5（好）,,,,,,,,,,,,
1210,B-D-A-015,B（单选题）,,对于无人机飞行控制器更换后，需要检查哪些系统的紧固性以确保正常工作（）。,电池仓和机臂的连接,飞行控制器的接口和接线,飞行器的外壳结构,机体表面涂层,,,B,3（中）,5（好）,,,,,,,,,,,,
1211,B-D-A-015,C（判断题）,,更换无人机飞行控制器时，必须先拆卸所有电气连接后再进行设备更换（ ）,正确,错误,,,,,A,3（中）,5（好）,,,,,,,,,,,,
1212,B-D-A-015,C（判断题）,,在进行紧固性检查时，目视检查所有连接部位的外观即可，不需要工具辅助（ ）,正确,错误,,,,,B,3（中）,5（好）,,,,,,,,,,,,
1213,B-D-A-016,B（单选题）,,多旋翼无人机飞控计算机需要尽量安装在无人机的（）。位置,重心,气动重心,压力中心,随意安装,,,A,3（中）,5（好）,,,,,,,,,,,,
1214,B-D-A-016,B（单选题）,,在安装GNSS模块时，需要注意的是（）。,确保GNSS天线朝向天空，无遮挡,将GNSS模块直接安装在电机上以增加稳定性,为了整机配平将GNSS模块安装在中心位置,GNSS模块位置对飞行性能无影响,,,A,3（中）,5（好）,,,,,,,,,,,,
1215,B-D-A-016,B（单选题）,,在装配多旋翼无人机导航飞控系统时，错误的步骤是（）。,先装配GNSS模块再装配飞控系统,先装配飞控系统再装配GNSS模块,确保GNSS模块与飞控系统的连接正确,飞控系统需要螺丝拧紧时使用扭矩扳手,,,A,3（中）,5（好）,,,,,,,,,,,,
1216,B-D-A-016,B（单选题）,,多旋翼无人机导航飞控系统装配时，不是必需的部件是（）。,飞控系统,GNSS模块,电池,摄像头,,,D,3（中）,5（好）,,,,,,,,,,,,
1217,B-D-A-016,B（单选题）,,多旋翼无人机中心板装配时，不必需的工具是（）。,内六角螺丝刀,外六角套筒,扭矩扳手,热风枪,,,D,3（中）,5（好）,,,,,,,,,,,,
1218,B-D-A-016,B（单选题）,,在无人机中心板上安装飞控，通常安装的位置是（）。,边缘以便散热,正面中央区域,背面靠近电池仓,任意位置，无特殊要求,,,B,3（中）,5（好）,,,,,,,,,,,,
1219,B-D-A-016,B（单选题）,,在装配多旋翼无人机中心板前，首先要确认的是（）。,中心板与连接件的型号,电机与中心板型号,飞控型号,电机与连接件型号,,,A,3（中）,5（好）,,,,,,,,,,,,
1220,B-D-A-016,B（单选题）,,组装完成后，检查中心板与机架之间连接牢固度的有效方法是（）。,轻轻摇晃无人机观察是否有松动,直接飞行测试,使用专业的振动测试仪,依赖视觉检查连接螺丝是否拧紧,,,A,3（中）,5（好）,,,,,,,,,,,,
1221,B-D-A-016,C（判断题）,,对多旋翼无人机导航飞控系统的校准与测试，可以在装配前进行也可以在装配后进行。（）,正确,错误,,,,,B,3（中）,5（好）,,,,,,,,,,,,
1222,B-D-A-016,C（判断题）,,多旋翼无人机中心板在装配时需要考虑到和其他零配件的机械连接。（）,正确,错误,,,,,A,3（中）,5（好）,,,,,,,,,,,,
1223,B-D-A-016,C（判断题）,,紧固多旋翼无人机中心板上的螺丝时，为了不松脱需要用尽全力拧紧。（）,正确,错误,,,,,B,3（中）,5（好）,,,,,,,,,,,,
1224,B-D-A-017,B（单选题）,,在装配多旋翼无人机电机座时，不必要的步骤是（）。,确保电机座与机臂孔位对齐,使用扭矩扳手拧紧电机座螺丝,检查电机座的完整性,给电机座涂上一层防水漆,,,D,3（中）,5（好）,,,,,,,,,,,,
1225,B-D-A-017,B（单选题）,,电机座与机架之间的固定方式通常是（）。,使用螺丝紧固,粘合剂粘贴,弹性绳索连接,焊接固定,,,A,3（中）,5（好）,,,,,,,,,,,,
1226,B-D-A-017,B（单选题）,,装配时，如何确保电机座的水平方向与装配要求一致（）。,使用水平仪测量,随意安装后通过飞行测试调整,询问制造商客服,依靠视觉判断,,,A,3（中）,5（好）,,,,,,,,,,,,
1227,B-D-A-017,B（单选题）,,电机座安装完成后，稳固性检查无效的是（）。,检查螺丝是否拧紧,地面检查后飞行测试观察电机振动情况,使用工具测量电机座与机架之间的间隙,用手晃动电机座检查,,,D,3（中）,5（好）,,,,,,,,,,,,
1228,B-D-A-017,C（判断题）,,多旋翼无人机电机座装配时，有些不同型号的电机可以使用同一型号的电机座。（）,正确,错误,,,,,A,3（中）,5（好）,,,,,,,,,,,,
1229,B-D-A-017,C（判断题）,,多旋翼无人机电机座装配时，需要考虑电机线束的走向和固定。（）,正确,错误,,,,,A,3（中）,5（好）,,,,,,,,,,,,
1230,B-D-A-018,B（单选题）,,在进行无人机整机紧固性检查时，最有效的检查工具是（）。,手动扳手,扭矩扳手,振动传感器,测距仪,,,B,3（中）,5（好）,,,,,,,,,,,,
1231,B-D-A-018,B（单选题）,,检查无人机电池舱的紧固性时，最能确保电池安装的安全方法是（）。,使用力矩扳手确保电池盖紧固,目视检查电池舱外部是否完好,通过飞行测试观察电池舱的稳定性,使用压力传感器检测电池舱是否松动,,,A,3（中）,5（好）,,,,,,,,,,,,
1232,B-D-A-018,B（单选题）,,在进行无人机紧固性检查时，检查通常最容易被忽视的部位（）。,螺旋桨与电机连接处,飞控系统的紧固状态,电池仓的连接件,无线电模块的安装状态,,,C,3（中）,5（好）,,,,,,,,,,,,
1233,B-D-A-018,B（单选题）,,无人机紧固性检查过程中，怎样的检查方法能最大程度避免飞行中发生设备松动（）。,每次飞行后对所有部件进行完全检查,仅检查螺栓的紧固情况,在飞行前进行目视检查,每次飞行后重新拧紧所有零部件,,,A,3（中）,5（好）,,,,,,,,,,,,
1234,B-D-A-018,C（判断题）,,在检查无人机紧固性时，目视检查是最可靠的检查方式，能够发现所有松动问题（ ）,正确,错误,,,,,B,3（中）,5（好）,,,,,,,,,,,,
1235,B-D-A-018,C（判断题）,,扭矩扳手在紧固性检查中发挥着关键作用，可以避免因松动引发的飞行事故（ ）,正确,错误,,,,,A,3（中）,5（好）,,,,,,,,,,,,
1236,B-D-B-001,B（单选题）,,由于发动机机油不足导致的故障（）。,发动机噪音增大,刹车距离变长,点火时间不准确,行驶过程中动力下降,,,A,3（中）,5（好）,,,,,,,,,,,,
1237,B-D-B-001,B（单选题）,,机械设备故障诊断中，不是常用的诊断技术（）。,振动分析法,红外测温技术,超声波检测技术,电磁检测技术,,,D,3（中）,5（好）,,,,,,,,,,,,
1238,B-D-B-001,B（单选题）,,在无人机故障诊断过程中，最可能导致无人机无法起飞或飞行不稳定的故障是（）。,电池,电机,飞控系统,遥控器,,,B,3（中）,5（好）,,,,,,,,,,,,
1239,B-D-B-001,B（单选题）,,在无人机故障诊断过程中，常用于检测作动器的故障方法（）。,振动分析,电流分析,温度监测,声音分析,,,A,3（中）,5（好）,,,,,,,,,,,,
1240,B-D-B-001,C（判断题）,,零部件故障诊断和维修报告单只需记录维修内容，而不需要注明是否进行了后续测试验证。（）,正确,错误,,,,,B,3（中）,5（好）,,,,,,,,,,,,
1241,B-D-B-001,C（判断题）,,零部件故障诊断和维修报告单中，维修质量验证的部分可以省略，如果维修人员认为设备已经恢复正常工作。（）,正确,错误,,,,,B,3（中）,5（好）,,,,,,,,,,,,
1242,B-D-B-002,B（单选题）,,在进行无人机整机紧固性检查时，最有效的检测方法是（）。,目视检查所有螺栓和连接件,使用力矩扳手对螺栓进行标准力矩检查,使用振动传感器检测飞行过程中的松动,通过飞行数据分析检测松动部件,,,B,3（中）,5（好）,,,,,,,,,,,,
1243,B-D-B-002,B（单选题）,,对于无人机机臂与机身连接部分的紧固性检查，最关键的步骤是（）。,目视检查连接部位的外观,使用扭矩扳手检查连接螺栓的紧固力矩,对机臂进行物理拉力测试,只依靠飞行数据日志确认是否松动,,,B,3（中）,5（好）,,,,,,,,,,,,
1244,B-D-B-002,B（单选题）,,在无人机紧固性检查中，最能防止螺旋桨松动故障的发生操作（）。,使用电动工具快速拧紧螺旋桨,定期检查螺旋桨的叶片磨损情况,使用扭矩扳手对螺旋桨进行精确的力矩测试,在每次飞行前后重新安装螺旋桨,,,C,3（中）,5（好）,,,,,,,,,,,,
1245,B-D-B-002,B（单选题）,,在维修无人机时，以下确认喷洒系统是否存在松动的风险（）。,检查喷洒泵的工作状态,通过视觉检查喷头是否有裂纹,使用力矩扳手检查喷洒系统的连接螺栓,过飞行后的测试数据分析喷洒系统的稳定性,,,C,3（中）,5（好）,,,,,,,,,,,,
1246,B-D-B-002,C（判断题）,,进行无人机整机紧固性检查时，只需关注机臂和螺旋桨的紧固性，其他部件可忽略（ ）,正确,错误,,,,,B,3（中）,5（好）,,,,,,,,,,,,
1247,B-D-B-002,C（判断题）,,紧固性检查的过程应该根据无人机的型号和使用环境的不同，采取不同的紧固力矩标准（ ）,正确,错误,,,,,A,3（中）,5（好）,,,,,,,,,,,,
1248,B-E-A-001,B（单选题）,,在进行无人机整机紧固性检查时，最有效的工具是（）。,电动螺丝刀,扭力扳手,螺母检查仪,测距仪,,,B,3（中）,5（好）,,,,,,,,,,,,
1249,B-E-A-001,B（单选题）,,在紧固性检查过程中，对于每个紧固件的检查，应该按照（）步骤进行。,首先检查紧固件的磨损程度，然后检查紧固力,检查紧固件的润滑状态，再检查紧固力,根据飞行时间检查紧固件的松动情况,通过视觉检查，直接判断是否松动,,,A,3（中）,5（好）,,,,,,,,,,,,
1250,B-E-A-001,B（单选题）,,在无人机整机紧固性检查中，常见的隐患是（）。,紧固件的螺纹损坏,无人机外观的腐蚀,电池老化,飞控系统的软件版本问题,,,A,3（中）,5（好）,,,,,,,,,,,,
1251,B-E-A-001,B（单选题）,,对于紧固性检查后的修正，最合适的措施是（）。,如果有松动，立即重新紧固，使用标准工具,只需使用手动工具调整即可,使用焊接固定松动部件,暂时不进行修正，待下次检查,,,A,3（中）,5（好）,,,,,,,,,,,,
1252,B-E-A-001,C（判断题）,,在进行无人机整机紧固性检查时，应使用目视检查来判断所有螺丝是否紧固到位，而无需使用任何工具。（）,正确,错误,,,,,B,3（中）,5（好）,,,,,,,,,,,,
1253,B-E-A-001,C（判断题）,,紧固性检查需要对每个螺丝进行逐一检查，并使用合适的工具来确保其达到规定的扭矩值。（）,正确,错误,,,,,A,3（中）,5（好）,,,,,,,,,,,,
1254,B-E-A-002,B（单选题）,,在整机稳定性检查过程中，针对螺栓松动的问题，应该使用哪种方法确保紧固性（）。,目视检查,使用手动工具进行紧固,使用扭矩扳手测量,用加热法进行处理,,,C,3（中）,5（好）,,,,,,,,,,,,
1255,B-E-A-002,B（单选题）,,在检查无人机稳定性时，若发现螺栓有腐蚀痕迹，下一步应采取的措施是（）。,继续使用原螺栓,立即更换螺栓并进行新的紧固检查,使用润滑油修复,忽略腐蚀痕迹，继续飞行,,,B,3（中）,5（好）,,,,,,,,,,,,
1256,B-E-A-002,B（单选题）,,当进行整机紧固性检查时，如果一个紧固件明显过紧，最可能的原因是（）。,紧固过度导致螺纹损坏,紧固件质量较差,材料耐受性不够,紧固工具错误,,,A,2（易）,5（好）,,,,,,,,,,,,
1257,B-E-A-002,B（单选题）,,在执行整机稳定性检查时，除了紧固件外，还应检查哪些因素（）。,电池电量,传感器校准状态,电机连接线的绝缘情况,固件版本,,,C,2（易）,5（好）,,,,,,,,,,,,
1258,B-E-A-002,C（判断题）,,整机稳定性检查时，只有电机和螺旋桨需要重点检查，其他紧固件可以忽略。（）,正确,错误,,,,,B,3（中）,5（好）,,,,,,,,,,,,
1259,B-E-A-002,C（判断题）,,紧固性检查仅仅需要检查螺丝是否被紧固，无需考虑螺纹是否损坏或腐蚀。（）,正确,错误,,,,,B,3（中）,5（好）,,,,,,,,,,,,
1260,B-E-A-003,B（单选题）,,在进行整机功能性检查时，如何确保紧固件不会因长时间飞行而松动（）。,仅通过定期检查紧固件,使用标准的扭矩值进行每次检查,使用锁紧胶或特殊的防松螺母,只在出现问题时进行检查,,,C,3（中）,5（好）,,,,,,,,,,,,
1261,B-E-A-003,B（单选题）,,在进行紧固性检查时，以下不属于有效的检查工具（）。,扭矩扳手,手动螺丝刀,激光测距仪,紧固件检查仪,,,C,3（中）,5（好）,,,,,,,,,,,,
1262,B-E-A-003,B（单选题）,,如果在功能性检查中发现紧固件有松动的迹象，最有效的解决方案是（）。,用手紧固并继续飞行,使用电动工具快速拧紧,使用专用工具按规范扭矩值进行紧固,暂时忽略并在下次检查时再处理,,,C,3（中）,5（好）,,,,,,,,,,,,
1263,B-E-A-003,B（单选题）,,在检查无人机的紧固性时，如何确保稳定性检查的全面性（）。,只检查电池仓和电机的紧固情况,检查所有关键部件的紧固情况，包括电机、传感器和载荷系统,仅检查螺旋桨和电池固定装置,通过目视检查所有部件即可,,,B,3（中）,5（好）,,,,,,,,,,,,
1264,B-E-A-003,C（判断题）,,多旋翼无人机在作业前整机稳定性检查中，将无人机放在不平坦的地面上进行检查是可以接受的。（）,正确,错误,,,,,B,5（难）,5（好）,,,,,,,,,,,,
1265,B-E-A-003,C（判断题）,,在多旋翼无人机作业前，需要检查无人机的重心位置是否正确。（）,正确,错误,,,,,A,3（中）,5（好）,,,,,,,,,,,,
1266,B-E-A-004,B（单选题）,,在更换无人机易损件时，最有助于确保紧固件没有受损或松动的方法是（）。,目视检查所有紧固件,使用扭矩扳手确保每个紧固件达到标准,仅检查电机部分的紧固性,用手触摸紧固件判断其牢固度,,,B,3（中）,5（好）,,,,,,,,,,,,
1267,B-E-A-004,B（单选题）,,在更换无人机易损件时，以下（）步骤是必要的，以确保更换后的紧固件完全符合要求。,仅更换易损件，不需要检查周围紧固件,对所有紧固件使用规范扭矩值进行检查,仅检查重要部件，如电池和电机,忽略紧固件的检查，专注于部件本身,,,B,3（中）,5（好）,,,,,,,,,,,,
1268,B-E-A-004,B（单选题）,,为确保易损件更换后的紧固性检查完整，最有效的工具是（）。,电动螺丝刀,扭矩扳手和扭矩指示器,液压螺栓紧固工具,紧固件检验表,,,B,3（中）,5（好）,,,,,,,,,,,,
1269,B-E-A-004,B（单选题）,,在更换无人机易损件的过程中，下列最有效地避免因紧固件松动而导致的事故的措施是（）。,使用过度扭矩进行紧固,根据飞行时长设置定期检查时间表,使用锁紧胶或防松螺母,忽略部分松动的紧固件，只检查关键部件,,,C,3（中）,5（好）,,,,,,,,,,,,
1270,B-E-A-004,C（判断题）,,更换无人机易损件时，只要更换新零件并安装在原位置，不需要进一步检查紧固件的状况。（）,正确,错误,,,,,B,3（中）,5（好）,,,,,,,,,,,,
1271,B-E-A-004,C（判断题）,,在紧固性检查中，使用扭矩扳手可以帮助判断紧固件是否达到制造商推荐的紧固力。（）,正确,错误,,,,,A,3（中）,5（好）,,,,,,,,,,,,
1272,B-E-A-005,B（单选题）,,在进行无人机任务载荷紧固性检查时，以下（）方法能有效防止载荷松动问题。,只检查连接螺栓的紧固性,使用标准的扭矩值进行全面紧固检查,每次任务结束后进行简单的目视检查,仅在有故障报告时进行紧固性检查,,,B,3（中）,5（好）,,,,,,,,,,,,
1273,B-E-A-005,B（单选题）,,在进行多旋翼无人机的任务载荷紧固性检查时，首先应该做（）。,直接飞行测试以观察载荷是否稳固,检查所有用于固定载荷的螺丝和扣件是否拧紧," 更换所有固定螺丝以确保安全
",确认载荷的重量是否在无人机的承载范围内,,,B,3（中）,5（好）,,,,,,,,,,,,
1274,B-E-A-005,B（单选题）,,对于特殊任务载荷的紧固性检查，最理想的操作是（）。,只对关键部件进行检查,每次检查所有载荷固定点,在无人机起飞前后各检查一次,仅检查固定螺母部分，不检查连接杆,,,B,3（中）,5（好）,,,,,,,,,,,,
1275,B-E-A-005,B（单选题）,,在检查无人机任务载荷的紧固性时，最重要的检查对象是（）。,电池和电机的紧固件,载荷挂载点的紧固件,机身与机臂之间的连接部分,传感器固定部分,,,B,3（中）,5（好）,,,,,,,,,,,,
1276,B-E-A-005,C（判断题）,,对于任务载荷紧固性检查，目视检查足以确保载荷紧固良好，无需使用专用工具。（）,正确,错误,,,,,B,3（中）,5（好）,,,,,,,,,,,,
1277,B-E-A-005,C（判断题）,,在紧固性检查中，使用扭矩工具对载荷固定点进行检查是确保紧固可靠性的有效方法。（）,正确,错误,,,,,A,3（中）,5（好）,,,,,,,,,,,,
1278,B-E-A-006,B（单选题）,,在任务载荷的稳定性检查中，使用（）工具可以更有效地模拟载荷在飞行过程中的稳定性。,动态载荷测试设备,扭矩扳手,目视检测工具,声音传感器,,,B,3（中）,5（好）,,,,,,,,,,,,
1279,B-E-A-006,B（单选题）,,在执行无人机任务载荷稳定性检查时，有助于检测载荷是否会因震动或飞行状态改变而产生位移的措施是（）。,目视检查载荷固定点是否损坏,使用专用扭矩工具对载荷固定点进行标准化检测,检查载荷在起飞和着陆时的动态表现,在飞行前进行简单的摇动测试,,,A,3（中）,5（好）,,,,,,,,,,,,
1280,B-E-A-006,B（单选题）,,在进行任务载荷稳定性检查时，以下（）因素最能影响载荷固定点的可靠性。,连接件材料的耐用性和承载能力,飞行过程中载荷的重量波动,任务载荷与机身的连接部位是否涂抹润滑油,飞行时间与飞行次数的关系,,,B,3（中）,5（好）,,,,,,,,,,,,
1281,B-E-A-006,B（单选题）,,任务载荷稳定性检查时，最能防止载荷在飞行过程中发生意外脱落的方法是（）。,使用标准扭矩值检查所有固定点的紧固性,使用动态检测工具模拟飞行状态的载荷变化,只检查电池和电机部分的紧固性,检查载荷固定点是否有明显的损伤,,,A,3（中）,5（好）,,,,,,,,,,,,
1282,B-E-A-006,C（判断题）,,多旋翼无人机作业后，遥控器摇杆需要处于中位状态。（）,正确,错误,,,,,B,3（中）,5（好）,,,,,,,,,,,,
1283,B-E-A-006,C（判断题）,,对于任务载荷稳定性检查，模拟飞行环境下的载荷测试是唯一保证其稳定性的方法。（）,正确,错误,,,,,B,3（中）,5（好）,,,,,,,,,,,,
1284,B-E-A-007,B（单选题）,,在进行任务载荷功能性检查时，最能确保载荷在飞行过程中正确执行任务的方法（）。,仅检查载荷固定点的紧固性,检查载荷是否与无人机系统兼容并进行功能测试,只进行静态测试，忽略飞行中的动态负荷,在飞行前仅进行目视检查,,,B,3（中）,5（好）,,,,,,,,,,,,
1285,B-E-A-007,B（单选题）,,在任务载荷功能性检查中，以下确保载荷在飞行中能正常工作的重要步骤（）。,对载荷的电气连接进行检查并确保无松动,仅对螺栓和紧固件进行检查，忽略载荷的电气部分,在地面进行功能测试，不进行任何飞行模拟,通过无线信号强度检测载荷的工作状态,,,A,3（中）,5（好）,,,,,,,,,,,,
1286,B-E-A-007,B（单选题）,,"任务载荷功能性检查时,可以有效评估载荷的长期可靠性的测试方法是（）。",动态飞行模拟测试，观察载荷在不同飞行条件下的表现,只进行手动测试，忽略飞行过程中的载荷表现,通过静态负荷测试来验证载荷功能,只检查载荷的物理稳定性，忽略功能性能,,,A,3（中）,5（好）,,,,,,,,,,,,
1287,B-E-A-007,B（单选题）,,在进行任务载荷功能性检查时，最应该关注的方面是（）。,载荷的外观和外形是否有损伤,载荷是否能够在不同工作环境下执行任务,载荷的重量和机身的适配性,载荷固定点的紧固性和结构完整性,,,B,3（中）,5（好）,,,,,,,,,,,,
1288,B-E-A-007,C（判断题）,,在任务载荷功能性检查中，进行电气系统的检测是确保载荷功能正常的重要步骤。（）,正确,错误,,,,,A,3（中）,5（好）,,,,,,,,,,,,
1289,B-E-A-007,C（判断题）,,仅依靠静态测试不足以确保任务载荷在飞行中的功能性，动态测试同样重要。（）,正确,错误,,,,,A,3（中）,5（好）,,,,,,,,,,,,
1290,B-E-A-008,B（单选题）,,在执行任务载荷易损件更换时，以下步骤最能确保新件与整机系统的兼容性（）。,检查新件的尺寸和重量是否符合原厂规格,仅检查易损件的外观是否完好,只关注固定件的紧固性,更换所有电池组件,,,A,3（中）,5（好）,,,,,,,,,,,,
1291,B-E-A-008,B（单选题）,,在任务载荷易损件更换过程中，以下操作是必要的，以确保任务载荷的稳定性和功能性（）。,确保易损件与其他系统部件的连接没有松动,仅更换损坏的零部件，不进行其他检查,通过目视检查确认零件没有损坏,重新校准整机的飞行控制系统,,,A,3（中）,5（好）,,,,,,,,,,,,
1292,B-E-A-008,B（单选题）,,对任务载荷易损件进行更换时，最能防止安装过程中发生意外故障的环节是（）。,使用符合标准的工具进行紧固和安装,仅通过检查外部零件进行替换,跳过固定点的扭矩检查,只进行静态负载测试，不进行动态飞行验证,,,A,3（中）,5（好）,,,,,,,,,,,,
1293,B-E-A-008,B（单选题）,,在任务载荷易损件更换后，最有助于确保系统的正常工作的检查（）。,进行飞行前的完整功能测试,只进行电气系统的检查,进行单纯的视觉检查,只检查任务载荷的外形变化,,,A,3（中）,5（好）,,,,,,,,,,,,
1294,B-E-A-008,C（判断题）,,在更换任务载荷易损件时，所有的紧固点和连接件都应在更换后进行重新校准。（）,正确,错误,,,,,A,3（中）,5（好）,,,,,,,,,,,,
1295,B-E-A-008,C（判断题）,,对于任务载荷易损件更换后，系统的功能性测试和飞行测试是保证新零件兼容性和稳定性的必要步骤。（）,正确,错误,,,,,A,3（中）,5（好）,,,,,,,,,,,,
1296,B-E-A-009,B（单选题）,,在进行整机定期维护保养时，最重要的紧固性检查环节是（）。,检查螺栓和紧固件的扭矩值是否符合规定,仅检查电池安装是否稳固,仅检查机身外观和外部附件,检查传感器的信号强度,,,A,3（中）,5（好）,,,,,,,,,,,,
1297,B-E-A-009,B（单选题）,,在进行整机紧固性检查时，为了确保所有部件的稳定性，以下（）零部件的检查应该优先进行。,电气连接部分,固定机身和翼部的螺栓连接,传感器和导航系统的连接件,飞控系统的电气接口,,,B,3（中）,5（好）,,,,,,,,,,,,
1298,B-E-A-009,B（单选题）,,对于无人机在定期维护时的紧固性检查，下列（）操作是保证长时间飞行安全的重要步骤。,仅检查螺栓是否松动,检查所有紧固点的扭矩，并按规定值进行调整,只进行目视检查，不进行实际的拧紧测试,在外部进行简单的拍打检查,,,B,3（中）,5（好）,,,,,,,,,,,,
1299,B-E-A-009,B（单选题）,,"在整机定期维护过程中,以下（）部件的紧固性检查不能忽视，以避免飞行过程中发生结构性故障。",电池和电气连接,飞行控制系统的电池接口,机身、机翼、螺旋桨和任务载荷的连接,仅检查机身表面的油漆情况,,,C,3（中）,5（好）,,,,,,,,,,,,
1300,B-E-A-009,C（判断题）,,定期检查时，螺栓的紧固性不需要与飞行条件的动态负荷相结合进行评估。（）,正确,错误,,,,,B,3（中）,5（好）,,,,,,,,,,,,
1301,B-E-A-009,C（判断题）,,进行整机定期维护时，紧固性检查应包括对所有负载和应力点的评估，以确保安全飞行。（）,正确,错误,,,,,A,3（中）,5（好）,,,,,,,,,,,,
1302,B-E-A-010,B（单选题）,,在整机定期维护保养中，针对紧固性检查，最重要的操作是（）。,检查所有螺栓的扭矩并进行必要的调整,目视检查所有连接点是否完好,仅检查电池和飞行控制系统的连接,仅检查外部传感器的安装情况,,,A,3（中）,5（好）,,,,,,,,,,,,
1303,B-E-A-010,B（单选题）,,在进行整机紧固性检查时，以下（）检查可以帮助避免因振动或外力导致的紧固件松动。,使用扭矩扳手确保所有连接点的紧固力达到规格要求,仅对机身外部进行视觉检查,仅检查电气接头是否完好,仅检查螺旋桨和机身的连接情况,,,A,3（中）,5（好）,,,,,,,,,,,,
1304,B-E-A-010,B（单选题）,,在定期检查时，以下（）环节对确保无人机飞行时结构稳定性至关重要。,检查机翼与机身之间的连接处是否存在松动,检查电池电压是否在正常范围内,只检查机身外观有无损伤,只对飞行控制系统进行功能性检查,,,A,3（中）,5（好）,,,,,,,,,,,,
1305,B-E-A-010,B（单选题）,,整机定期维护中，以下（）操作最能防止飞行中由于紧固件松动引起的安全问题。,按照制造商手册要求定期检查和调整所有螺栓的扭矩,仅进行外观检查,检查电池的连接是否稳固,跳过飞行前的紧固性检查,,,A,3（中）,5（好）,,,,,,,,,,,,
1306,B-E-A-010,C（判断题）,,在整机紧固性检查过程中，所有紧固点的检查应根据飞行负荷进行不同的检查标准。（）,正确,错误,,,,,A,3（中）,5（好）,,,,,,,,,,,,
1307,B-E-A-010,C（判断题）,,定期维保时，只要外部连接没有松动，就可以认为内部紧固也没有问题。（）,正确,错误,,,,,B,3（中）,5（好）,,,,,,,,,,,,
1308,B-E-A-011,B（单选题）,,在进行整机紧固性检查时，以下（）方法有助于提高检查的准确性和减少人为错误。,仅依靠手动感知紧固力,使用专用扭矩工具进行定量校准检查,对紧固件进行简单的视觉检查,根据飞行时间估算紧固件的磨损情况,,,B,3（中）,5（好）,,,,,,,,,,,,
1309,B-E-A-011,B（单选题）,,对于无人机定期维护中的紧固性检查，下列最能确保连接点在长期飞行中的稳定性的是（）。,通过静态荷载测试来检测螺栓的紧固力,使用预设的扭矩值检查所有螺栓,只进行目视检查而不实际测量,定期清洁连接点，防止腐蚀,,,B,3（中）,5（好）,,,,,,,,,,,,
1310,B-E-A-011,B（单选题）,,在整机定期检查时，以下最适合评估紧固性对飞行稳定性的影响的步骤（）。,使用振动分析工具检查所有紧固点,仅检查电气连接点的稳固性,仅关注机身外部的外观检查,检查螺栓是否有外部腐蚀现象,,,A,3（中）,5（好）,,,,,,,,,,,,
1311,B-E-A-011,B（单选题）,,整机定期保养中，以下（）部件的紧固性检查可以有效预防飞行中发生故障。,机翼与机身连接处的螺栓,仅检查电池舱的连接点,传感器与飞行控制系统之间的连接,机身表面油漆层的完好性,,,A,3（中）,5（好）,,,,,,,,,,,,
1312,B-E-A-011,C（判断题）,,定期进行整机紧固性检查时，螺栓的扭矩值应该根据飞行任务的类型进行动态调整。（）,正确,错误,,,,,A,3（中）,5（好）,,,,,,,,,,,,
1313,B-E-A-011,C（判断题）,,整机维保时，检查螺栓和紧固件的扭矩值时，应该完全依赖手动拧紧感知而非仪器工具。（）,正确,错误,,,,,B,3（中）,5（好）,,,,,,,,,,,,
1314,B-E-A-012,B（单选题）,,在航测系统定期维护保养过程中，进行整机紧固性检查时，哪个步骤最能确保紧固件不会因长期振动而松动（）。,使用定期校准的扭矩扳手检查所有螺栓,仅进行目视检查外部螺栓的紧固情况,定期替换所有紧固件,仅检查外部传感器连接点的稳固性,,,A,3（中）,5（好）,,,,,,,,,,,,
1315,B-E-A-012,B（单选题）,,在检查航测系统的整机紧固性时，以下（）操作最能保证飞行时设备的安全性。,对所有的紧固点进行标准化的扭矩检查,仅检查飞机的外观无损伤,仅针对电池和飞行控制系统进行检查,跳过螺栓的检查，专注于电气系统,,,A,3（中）,5（好）,,,,,,,,,,,,
1316,B-E-A-012,B（单选题）,,进行整机紧固性检查时，为确保紧固件的工作负荷不被过度施加，下列操作最为有效的是（）。,每次检查时都使用经过标准化的扭矩值,检查时只关心螺栓的外观,随机检查紧固件，而不是所有紧固点,检查时不考虑飞行负荷，只关注紧固件的磨损情况,,,A,3（中）,5（好）,,,,,,,,,,,,
1317,B-E-A-012,B（单选题）,,在进行整机紧固性检查时，下列措施能够有效防止螺栓因高频振动而松动（）。,采用防松型螺母和锁紧垫圈,仅通过清洁所有螺栓来检查紧固情况,只检查外部连接点的腐蚀,定期调整机身的结构以减少振动,,,A,3（中）,5（好）,,,,,,,,,,,,
1318,B-E-A-012,C（判断题）,,在航测系统的整机维护过程中，螺栓的扭矩检查应根据飞行任务类型和环境变化进行调整。（）,正确,错误,,,,,A,3（中）,5（好）,,,,,,,,,,,,
1319,B-E-A-012,C（判断题）,,在进行紧固性检查时，如果发现某一螺栓松动，但无法立刻调整，应继续飞行直到下次维保。（）,正确,错误,,,,,B,3（中）,5（好）,,,,,,,,,,,,
1320,B-E-A-013,B（单选题）,,在航测系统定期维保中，如何确保整机紧固性检查的精确性，避免因紧固不足导致的系统故障（）。,仅依赖外部视觉检查，忽略内部螺栓,使用扭矩扳手，并根据厂商提供的标准值进行调整,每次检查只关注机体外部,通过外力直接测试螺栓的稳定性,,,B,3（中）,5（好）,,,,,,,,,,,,
1321,B-E-A-013,B（单选题）,,在无人机航测系统维保中，紧固性检查应当优先关注以下（）部分。,电池舱内的紧固点,飞行控制系统与机体连接点,螺旋桨安装部分,机身外部的涂层,,,B,3（中）,5（好）,,,,,,,,,,,,
1322,B-E-A-013,B（单选题）,,对于航测系统中的紧固性检查，以下方法最适用于减少因振动造成的松动风险（）。,每次飞行后直接拧紧所有螺栓,使用锁紧垫圈和防松螺母进行紧固,仅在故障发生后进行紧固检查,不进行定期检查，仅在维护期进行一次检查,,,B,3（中）,5（好）,,,,,,,,,,,,
1323,B-E-A-013,B（单选题）,,为确保无人机航测系统整机的紧固性，定期检查时应将重点放在（）。,紧固件的外观检查,每个连接点的标准扭矩验证,飞行结束后的清洁和润滑,电池和传感器的定期更换,,,B,3（中）,5（好）,,,,,,,,,,,,
1324,B-E-A-013,C（判断题）,,紧固性检查时，所有紧固件的扭矩值必须完全按照原厂标准执行，不能根据飞行环境或任务进行调整。（）,正确,错误,,,,,B,3（中）,5（好）,,,,,,,,,,,,
1325,B-E-A-013,C（判断题）,,在航测系统的维保过程中，对于任何松动的紧固件，应该立即进行调整，而不是等待下次检查。（）,正确,错误,,,,,A,3（中）,5（好）,,,,,,,,,,,,
1326,B-E-A-014,B（单选题）,,在航测系统定期维保过程中，进行整机紧固性检查时，采用何种方法能够有效减少紧固件因振动引起的松动问题（）。,使用标准化扭矩值进行每个紧固点的拧紧,只进行目视检查，忽略使用工具,仅检查机身外观和电池接触点,使用润滑剂涂抹所有紧固件表面,,,A,3（中）,5（好）,,,,,,,,,,,,
1327,B-E-A-014,B（单选题）,,对于航测系统的整机紧固性检查，最能确保螺栓和紧固件在长期使用中保持稳定性的方法是（）。,检查时仅对外部部件进行紧固,检查时仅对外部部件进行紧固,在每次飞行后更换所有紧固件,定期清洁所有螺栓和紧固件表面,,,B,3（中）,5（好）,,,,,,,,,,,,
1328,B-E-A-014,B（单选题）,,在执行整机紧固性检查时，以下做法最能提高维保检查的效率和安全性（）。,针对所有紧固件和连接点使用统一的标准扭矩值进行检查,随机选择几个连接点进行检查,只检查主框架的紧固性，忽略其他部件,每次检查后，不记录检查结果，依赖经验进行调整,,,A,3（中）,5（好）,,,,,,,,,,,,
1329,B-E-A-014,B（单选题）,,在进行航测系统紧固性检查时，有助于提高螺栓的抗松动能力的措施是（）。,使用防松螺母和垫圈,定期清洗紧固件并保持表面光滑,每次检查时只检查外部连接点,采用低扭矩设置检查所有紧固件,,,A,3（中）,5（好）,,,,,,,,,,,,
1330,B-E-A-014,C（判断题）,,整机紧固性检查应只依赖人工目视检查，避免过度使用检查工具，这样可以提升检查效率。（）,正确,错误,,,,,B,3（中）,5（好）,,,,,,,,,,,,
1331,B-E-A-014,C（判断题）,,对于无人机航测系统的紧固性检查，应根据飞行环境的变化调整扭矩值，以确保各部件的稳定性。（）,正确,错误,,,,,A,3（中）,5（好）,,,,,,,,,,,,
1332,B-E-A-015,B（单选题）,,在抓取系统的定期维保过程中，为确保整机紧固性检查的准确性，应该采取哪种方法来避免因振动或操作而造成紧固件松动（）。,仅使用目视检查，忽略机械工具的使用,使用扭矩扳手根据标准值进行精准调整,仅检查螺栓和紧固件的外观,在每次检查后使用润滑剂涂抹所有紧固件,,,B,3（中）,5（好）,,,,,,,,,,,,
1333,B-E-A-015,B（单选题）,,在无人机抓取系统中，针对（）部位的紧固性检查应优先进行，以保障系统长期运行稳定。,电池仓和传感器连接点,飞行控制系统与机体的连接点,螺旋桨和飞行器外壳的紧固点,各种传动装置与机体连接的部位,,,B,3（中）,5（好）,,,,,,,,,,,,
1334,B-E-A-015,B（单选题）,,在进行抓取系统的整机紧固性检查时，可以有效防止紧固件松动和损坏（）。,每次飞行后立即检查所有紧固件,定期使用高扭矩标准进行所有连接点的检查,只检查机身外部的螺栓和螺母,通过频繁更换螺栓来避免松动问题,,,B,3（中）,5（好）,,,,,,,,,,,,
1335,B-E-A-015,B（单选题）,,对于抓取系统的紧固性检查，如何有效提高紧固件在高负荷工作环境下的稳定性（）。,使用防松螺母和垫圈，增强紧固效果,每次检查后不需要记录结果,使用普通螺栓和垫圈，避免高成本,避免使用扭矩工具，依赖人工检查,,,A,3（中）,5（好）,,,,,,,,,,,,
1336,B-E-A-015,C（判断题）,,在抓取系统的定期维保中，只要系统正常工作，紧固性检查可以被省略，避免浪费时间。（）,正确,错误,,,,,B,3（中）,5（好）,,,,,,,,,,,,
1337,B-E-A-015,C（判断题）,,无人机抓取系统的紧固性检查应每次飞行后进行，确保每个螺栓和连接点都在最佳状态。（）,正确,错误,,,,,A,5（难）,5（好）,,,,,,,,,,,,
1338,B-E-A-016,B（单选题）,,"为了提高抓取系统紧固性检查的效率,以下操作最为合适的是（）。",随机选择部分紧固件进行检查,采用标准扭矩值对所有连接点进行一致性检查,仅检查有明显松动的紧固件,忽略重复检查的必要性，专注于新增的紧固件,,,A,3（中）,5（好）,,,,,,,,,,,,
1339,B-E-A-016,B（单选题）,,在进行无人机抓取系统的整机紧固性检查时，（）方式能确保紧固件在长时间使用后依然保持良好的连接强度。,只在系统出现故障时进行检查,定期使用扭矩扳手根据标准值逐个检查所有紧固件,忽略振动和冲击的影响，只进行外观检查,每次检查后更换所有紧固件,,,B,3（中）,5（好）,,,,,,,,,,,,
1340,B-E-A-016,B（单选题）,,无人机抓取系统的紧固性检查过程中，以下措施能够有效降低由于机械振动导致的松动问题（）。,使用防松锁紧装置如防松螺母和垫圈,只检查机身外部的紧固件,避免使用扭矩工具，直接手动检查,每次检查后润滑所有紧固件,,,A,3（中）,5（好）,,,,,,,,,,,,
1341,B-E-A-016,B（单选题）,,在进行抓取系统的整机紧固性检查时，如何确保螺栓和紧固件在高负荷工作环境下的可靠性（）。,使用较小的扭矩值，避免过度紧固,使用防松措施和适当的扭矩设置,只依赖视觉检查，忽略工具使用,定期更换所有紧固件而非检查,,,B,3（中）,5（好）,,,,,,,,,,,,
1342,B-E-A-016,C（判断题）,,在定期的抓取系统紧固性检查过程中，不需要考虑连接点的使用环境，只要表面没有明显松动即可认为检查合格。（）,正确,错误,,,,,B,3（中）,5（好）,,,,,,,,,,,,
1343,B-E-A-016,C（判断题）,,紧固性检查时，扭矩值不应根据实际负荷情况进行调整，应该统一使用厂家推荐的标准扭矩值。（）,正确,错误,,,,,B,3（中）,5（好）,,,,,,,,,,,,
1344,B-E-A-017,B（单选题）,,在进行无人机抓取系统的整机紧固性检查时，最有效的检查方式是哪种（）。,使用目视检查结合振动传感器辅助检查,只依靠人工感知来检查松动的螺栓,定期更换所有紧固件来预防松动,仅通过振动检查设备判断紧固性,,,A,3（中）,5（好）,,,,,,,,,,,,
1345,B-E-A-017,B（单选题）,,在执行抓取系统紧固性检查时，针对高负荷作业部位应采取（）措施。,每次检查后更换紧固件来保证其可靠性,根据作业环境调整扭矩标准值并进行精准校准,忽略部位间差异，统一使用相同的检查方式,只检查外部紧固件，忽略内部部件,,,B,3（中）,5（好）,,,,,,,,,,,,
1346,B-E-A-017,B（单选题）,,在抓取系统的定期维保中，为了确保紧固件在长时间内保持最佳状态的是（）。,仅对易损部位进行检查，忽略其他部位,采用防松技术并定期进行扭矩调整,依赖视觉检查并忽视工具使用,仅在出现异常时检查紧固性,,,B,3（中）,5（好）,,,,,,,,,,,,
1347,B-E-A-017,B（单选题）,,在抓取系统紧固性检查中，为了处理受高温、高湿或腐蚀环境影响的紧固件的是（）。,定期涂抹润滑油，不进行更换,根据环境条件选择不同的防腐材料，并调整紧固件紧固力,只依赖目视检查，忽略工具和材料的适配,使用常规紧固件，不考虑特殊环境因素,,,B,2（易）,5（好）,,,,,,,,,,,,
1348,B-E-A-017,C（判断题）,,在抓取系统的整机紧固性检查时，忽略环境条件对紧固件的影响是可以接受的，因为紧固件标准已在设计中考虑。（）,正确,错误,,,,,B,3（中）,5（好）,,,,,,,,,,,,
1349,B-E-A-017,C（判断题）,,扭矩扳手是检查紧固件紧固性的唯一标准工具，使用其他工具不会对检查精度产生影响。（）,正确,错误,,,,,B,3（中）,5（好）,,,,,,,,,,,,
1350,B-E-A-018,B（单选题）,,在进行无人机运载系统的整机紧固性检查时，最佳的检查顺序应该是（）。,先检查非负载区域的紧固件，再检查负载区域,先检查负载区域的紧固件，再检查非负载区域,只检查高振动部件，忽略其他区域,随机检查各个区域的紧固件，无固定顺序,,,B,3（中）,5（好）,,,,,,,,,,,,
1351,B-E-A-018,B（单选题）,,在进行紧固性检查时，为了确保紧固件能够承受高频振动和冲击负荷（）。,仅依赖扭矩值进行检查，不需要考虑材料强度,使用特制的防松垫圈、锁紧螺母和止动装置,只检查负载部分，忽视连接部件的检查,只依赖目视检查，忽略使用工具,,,B,3（中）,5（好）,,,,,,,,,,,,
1352,B-E-A-018,B（单选题）,,在检查无人机运载系统紧固性时，以下部位的紧固件最容易受到外部环境因素的影响的是（）。,发动机部分和电池舱的紧固件,航向系统的紧固件,轮胎和着陆系统的紧固件,飞行控制系统的紧固件,,,A,3（中）,5（好）,,,,,,,,,,,,
1353,B-E-A-018,B（单选题）,,针对长时间使用后的运载系统紧固性检查，应采取（）方法来确保系统稳定性。,直接更换所有紧固件，避免检查,使用特定工具根据载荷情况调整紧固力并进行反复检查,只检查表面是否有松动迹象，不进行其他检查,定期润滑紧固件，忽略扭矩调整,,,B,3（中）,5（好）,,,,,,,,,,,,
1354,B-E-A-018,C（判断题）,,在运载系统的紧固性检查过程中，只要目视检查没有发现问题，就可以认为所有紧固件都是安全的。（）,正确,错误,,,,,B,3（中）,5（好）,,,,,,,,,,,,
1355,B-E-A-018,C（判断题）,,使用振动分析工具可以有效检测出紧固件的松动情况，尤其是在负载较高的部件上。（）,正确,错误,,,,,A,3（中）,5（好）,,,,,,,,,,,,
1356,B-E-A-019,B（单选题）,,在进行无人机运载系统的整机紧固性检查时，为了确保紧固件能够长时间保持稳定性（）。,仅依赖振动监测设备来检测松动情况,通过定期对紧固件施加适当的扭矩，并使用防松材料,仅在故障发生后才检查紧固件,不需要检查紧固件，只需检查外部外壳完整性,,,B,3（中）,5（好）,,,,,,,,,,,,
1357,B-E-A-019,B（单选题）,,在执行无人机运载系统定期维护保养时，为了检查高负载区域的紧固件（）。,仅进行目视检查，忽略扭矩值,定期测量扭矩并调整到规范值，同时检查磨损情况,只检查紧固件表面，忽略内部螺纹状况,只在非负载高的部分进行检查,,,B,3（中）,5（好）,,,,,,,,,,,,
1358,B-E-A-019,B（单选题）,,在运载系统的紧固性检查中，需要特别注意的紧固件部位是（）。,起落架及其连接部位的紧固件,航电系统的紧固件,电池舱紧固件,飞行器外壳的紧固件,,,A,3（中）,5（好）,,,,,,,,,,,,
1359,B-E-A-019,B（单选题）,,在检查无人机运载系统紧固件时，为了避免紧固件老化或疲劳导致的松动的措施是（）。,定期使用合适的工具重新检查紧固力并进行必要的替换,依赖监控系统报警并忽略物理检查,无需定期检查，除非系统出现故障,只检查那些较容易松动的部位,,,A,3（中）,5（好）,,,,,,,,,,,,
1360,B-E-A-019,C（判断题）,,在进行运载系统的紧固性检查时，只需定期检查高负载区域的紧固件，其他部位可忽略。（）,正确,错误,,,,,B,3（中）,5（好）,,,,,,,,,,,,
1361,B-E-A-019,C（判断题）,,紧固件的检查仅需要在无人机维修时进行，日常飞行前不需要做额外检查。（）,正确,错误,,,,,B,3（中）,5（好）,,,,,,,,,,,,
1362,B-E-A-020,B（单选题）,,在无人机运载系统的定期维护过程中，确保紧固件的持续稳定性的措施是（）。,通过使用动态扭矩监测装置定期检查,只在发现松动时才进行检查,仅依赖目视检查，忽略工具检查,完全依赖遥控监测系统进行检测,,,A,3（中）,5（好）,,,,,,,,,,,,
1363,B-E-A-020,B（单选题）,,在进行无人机整机紧固性检查时，避免因环境因素导致的紧固件松动（）。,使用适合环境的防松装置，如防腐蚀螺母和垫圈,仅依赖防松涂层，忽视其他措施,完全依赖外部监测设备，无需人工检查,只在极端气候下才做紧固件检查,,,A,3（中）,5（好）,,,,,,,,,,,,
1364,B-E-A-020,B（单选题）,,"无人机运载系统在长时间使用后,以下检查紧固件方法最能有效检测松动风险的是（）。",使用标准扭矩工具进行动态和静态扭矩检查,只进行目视检查，忽略机械设备检查,通过仅依赖温度变化来监控紧固件状况,使用高频振动工具来检查紧固件的稳定性,,,A,3（中）,5（好）,,,,,,,,,,,,
1365,B-E-A-020,B（单选题）,,无人机在进行运载系统的定期维保时，为了判断紧固件是否达到更换标准（）。,基于历史数据和使用周期来判断,通过目视检查表面损伤来判断是否更换,使用精密测量工具检查螺纹和接触面的磨损情况,紧固件只要不松动就无需更换,,,C,3（中）,5（好）,,,,,,,,,,,,
1366,B-E-A-020,C（判断题）,,在进行无人机运载系统紧固性检查时，所有紧固件都应当按照相同的扭矩标准进行检查，无论负载情况。（）,正确,错误,,,,,B,3（中）,5（好）,,,,,,,,,,,,
1367,B-E-A-020,C（判断题）,,高负载部件的紧固件检查只需要目视检查，忽略其他检测方法即可。（）,正确,错误,,,,,B,3（中）,5（好）,,,,,,,,,,,,
1368,B-E-A-021,B（单选题）,,在进行无人机整机紧固性检查时，以下方法最能保证对螺钉的正确检测（）。,使用扭力扳手检查螺钉的紧固力,目视检查螺钉的外观,使用磁性工具检查螺钉位置,拧动螺钉，判断是否松动,,,A,3（中）,5（好）,,,,,,,,,,,,
1369,B-E-A-021,B（单选题）,,在无人机定期维护过程中，检查机体紧固性时，应该优先检查哪部分（）。,电池连接部位,机臂与机身的连接螺丝,飞控系统的螺丝,摄像头和云台的固定装置,,,B,3（中）,5（好）,,,,,,,,,,,,
1370,B-E-A-021,B（单选题）,,在进行整机紧固性检查时，以下检测工具最能帮助发现隐蔽的紧固问题（）。,热成像仪,扭矩工具,振动测试仪,声波传感器,,,C,3（中）,5（好）,,,,,,,,,,,,
1371,B-E-A-021,B（单选题）,,为了确保无人机的紧固性检查的准确性，下列检查方式是最合适的（）。,先进行振动测试，再进行人工检查,使用扭矩工具对每个螺栓进行指定的力矩检测,仅使用目视检查,仅使用拧紧工具进行测试,,,B,3（中）,5（好）,,,,,,,,,,,,
1372,B-E-A-021,C（判断题）,,在进行无人机整机紧固性检查时，任何松动的螺钉都应该被重新紧固，而不需要进一步检查其损坏情况。（）,正确,错误,,,,,B,3（中）,5（好）,,,,,,,,,,,,
1373,B-E-A-021,C（判断题）,,对于无人机机臂与机身连接部位的紧固性检查，可以通过目视判断螺钉是否紧固，不需要额外的检测工具。（）,正确,错误,,,,,B,3（中）,5（好）,,,,,,,,,,,,
1374,B-E-A-022,B（单选题）,,在进行无人机紧固性检查时，为确保紧固件未受到过度扭转，应使用哪种工具进行螺栓扭矩的准确检测（）。,扭矩扳手,电动螺丝刀,手动拧紧工具,热成像仪,,,A,3（中）,5（好）,,,,,,,,,,,,
1375,B-E-A-022,B（单选题）,,当进行机臂和机身连接处的紧固性检查时，下列方式能最快地发现松动问题（）。,目视检查和轻微摇动,使用力矩检测工具,涂抹润滑油后检查,通过振动传感器监测,,,A,3（中）,5（好）,,,,,,,,,,,,
1376,B-E-A-022,B（单选题）,,在无人机定期维护时，若发现机身部分某个螺钉出现微小裂纹，应该如何处理（）。,仅紧固螺钉，无需更换,更换该螺钉并进行力矩检查,忽略裂纹，继续使用,调整飞行时的负载，避免该螺钉受力,,,B,3（中）,5（好）,,,,,,,,,,,,
1377,B-E-A-022,B（单选题）,,在整机紧固性检查中，使用振动传感器的主要目的是（）。,确保所有螺栓都经过标准扭矩检查,发现螺栓松动或微小裂纹,测量电池电压,检查飞行控制系统的稳定性,,,B,3（中）,5（好）,,,,,,,,,,,,
1378,B-E-A-022,C（判断题）,,所有紧固件的检查只需在每次飞行前进行，而不需要在长期存放后进行。（）,正确,错误,,,,,B,3（中）,5（好）,,,,,,,,,,,,
1379,B-E-A-022,C（判断题）,,在进行整机紧固性检查时，目视检查螺钉外观无法替代力矩扳手测试。（）,正确,错误,,,,,A,3（中）,5（好）,,,,,,,,,,,,
1380,B-E-A-023,B（单选题）,,在进行无人机紧固性检查时，如何确认机身和机臂连接部分的紧固性最有效,使用热成像仪检测温度变化,使用电子扭矩监测工具,目视检查并用手摇动,检查电池电压变化,,,B,3（中）,5（好）,,,,,,,,,,,,
1381,B-E-A-023,B（单选题）,,对于无人机主旋翼的紧固性检查，下列方式能够最早发现潜在问题（）。,扭矩扳手的力矩测试,按照飞行周期进行定期检查,通过对旋翼的振动分析,检查旋翼叶片的磨损程度,,,C,3（中）,5（好）,,,,,,,,,,,,
1382,B-E-A-023,B（单选题）,,在进行无人机整机紧固性检查时，以下环节最容易忽视但可能导致隐患（）。,螺栓的拧紧力矩,电气线路的连接稳定性,螺钉的防松锁片完整性,电池的电压与接触点,,,C,3（中）,5（好）,,,,,,,,,,,,
1383,B-E-A-023,B（单选题）,,最大程度地避免无人机因松动部件导致的飞行问题，最有效的预防措施是（）。,定期检查所有紧固件并进行力矩校准,只对关键部件进行检查,在每次飞行后进行紧固性检查,通过软件检测所有部件的稳定性,,,A,3（中）,5（好）,,,,,,,,,,,,
1384,B-E-A-023,C（判断题）,,所有紧固件的力矩值应严格按照飞行手册中的推荐值进行操作，且不能随意调整（ ）,正确,错误,,,,,A,3（中）,5（好）,,,,,,,,,,,,
1385,B-E-A-023,C（判断题）,,无人机的整机检查周期可以根据上次检查时的状况进行灵活调整，不必严格遵循预定周期（ ）,正确,错误,,,,,B,3（中）,5（好）,,,,,,,,,,,,
1386,B-E-A-024,B（单选题）,,在进行植保无人机的整机紧固性检查时，下列部件最容易因操作不当而松动或损坏（）。,电池连接端口,喷洒装置及其连接部件,控制系统的电路板,飞控系统传感器,,,B,3（中）,5（好）,,,,,,,,,,,,
1387,B-E-A-024,B（单选题）,,为了确保植保无人机的喷洒系统正常工作，下列检查方法能有效防止喷洒装置出现松动问题（）。,使用振动传感器分析喷洒装置的稳定性,目视检查喷洒装置和管道的连接处,使用扭矩扳手检查连接螺栓,通过软件分析喷洒系统的数据,,,C,3（中）,5（好）,,,,,,,,,,,,
1388,B-E-A-024,B（单选题）,,在进行无人机紧固性检查时，以下操作对喷头连接部分的检查最为重要（）。,目视检查螺栓的外观,使用高精度扭矩扳手检测紧固力矩,用手轻轻摇动喷头进行检查,检查喷头的使用年限,,,B,3（中）,5（好）,,,,,,,,,,,,
1389,B-E-A-024,B（单选题）,,在植保无人机的紧固性检查中，检查喷洒装置时，以下步骤最能发现潜在的松动问题（）。,对连接螺丝施加标准扭矩值,检查喷洒管道与无人机机身的连接部分,清洁喷头和管道,用振动传感器对机臂进行检查,,,B,3（中）,5（好）,,,,,,,,,,,,
1390,B-E-A-024,C（判断题）,,在植保无人机的整机紧固性检查中，检查喷洒装置的紧固性时，只需关注管道连接处，无需检查连接螺栓（ ）,正确,错误,,,,,B,3（中）,5（好）,,,,,,,,,,,,
1391,B-E-A-024,C（判断题）,,所有紧固件的力矩检查应根据每次使用的具体情况来调整，不一定按照飞行手册的标准值执行（ ）,正确,错误,,,,,B,3（中）,5（好）,,,,,,,,,,,,
1392,B-E-A-025,B（单选题）,,在进行植保无人机的整机紧固性检查时，如何有效避免喷洒系统出现因松动而造成的飞行安全问题（）。,只检查电池和飞控系统的连接,重点检查螺栓连接的力矩和紧固性,仅目视检查喷洒系统的外部,仅在飞行前后检查喷洒系统,,,B,3（中）,5（好）,,,,,,,,,,,,
1393,B-E-A-025,B（单选题）,,在无人机的整机紧固性检查中，下列方式可以最有效防止机臂与机身之间的松动（）。,用扭矩扳手对机臂连接螺栓进行标准紧固,目视检查连接部件是否有明显的磨损,使用热成像仪检测机臂连接部分的温度变化,检查飞行数据日志，确认飞行时是否出现震动问题,,,A,3（中）,5（好）,,,,,,,,,,,,
1394,B-E-A-025,B（单选题）,,植保无人机的定期维护中，以下环节对避免机身松动和飞行稳定性最关键（）。,检查电池舱和飞控板的安装紧固性,检查螺旋桨和机臂的连接状态,检查飞行控制系统软件更新,检查航拍摄像头的安装固定,,,B,3（中）,5（好）,,,,,,,,,,,,
1395,B-E-A-025,B（单选题）,,"对于植保无人机的喷洒装置,下列检查方法能最有效预防喷洒系统出现松动故障（）。",定期清理喷头和管道,使用扭矩扳手确保喷洒装置紧固到标准值,仅通过飞行前检查进行确认,只对喷洒泵进行清洗和检查,,,B,3（中）,5（好）,,,,,,,,,,,,
1396,B-E-A-025,C（判断题）,,植保无人机的整机紧固性检查应当每次使用后进行，以确保所有部件的松动问题得到及时发现（ ）,正确,错误,,,,,A,3（中）,5（好）,,,,,,,,,,,,
1397,B-E-A-025,C（判断题）,,在进行紧固性检查时，螺旋桨和电池的安装是最不容易忽视的部分（ ）,正确,错误,,,,,B,3（中）,5（好）,,,,,,,,,,,,
1398,B-E-A-026,B（单选题）,,在植保无人机的整机紧固性检查中，以下方法能最有效地检测螺栓的松动程度（）。,使用扭矩扳手对每个螺栓施加标准力矩,目视检查每个螺栓的外观是否有裂纹,使用热成像仪检查螺栓的温度变化,使用振动检测仪监测飞行时的振动频率,,,A,3（中）,5（好）,,,,,,,,,,,,
1399,B-E-A-026,B（单选题）,,在定期检查植保无人机的紧固性时，下列确保飞行稳定性和安全的关键步骤（）。,检查机臂与机身之间的紧固状态,仅检查飞控系统是否工作正常,检查电池舱的插接是否牢固,检查喷洒系统的清洁度,,,A,3（中）,5（好）,,,,,,,,,,,,
1400,B-E-A-026,B（单选题）,,对于植保无人机的螺旋桨紧固性检查，以下方式能最大程度减少松动问题（）。,定期使用力矩扳手进行扭矩检查,目视检查螺旋桨叶片的外观,使用低噪声传感器测试螺旋桨的振动,只检查飞行前后的螺旋桨情况,,,A,3（中）,5（好）,,,,,,,,,,,,
1401,B-E-A-026,B（单选题）,,在进行无人机紧固性检查时，下列检查方法对喷洒装置的安全性至关重要（）。,目视检查喷头和管道连接处,使用扭矩扳手确保连接螺栓的紧固力矩,检查喷洒泵的工作压力,使用振动检测仪监测喷洒装置的工作状态,,,B,3（中）,5（好）,,,,,,,,,,,,
1402,B-E-A-026,C（判断题）,,每次飞行后，对植保无人机进行紧固性检查是预防松动问题的最有效手段（ ）,正确,错误,,,,,A,3（中）,5（好）,,,,,,,,,,,,
1403,B-E-A-026,C（判断题）,,在紧固性检查中，螺栓的紧固力矩应该根据每个部件的不同要求进行调整，而不是统一标准（ ）,正确,错误,,,,,A,3（中）,5（好）,,,,,,,,,,,,
1404,B-E-A-027,B（单选题）,,多旋翼无人机飞控计算机需要尽量安装在无人机的（）。位置,重心,气动重心,压力中心,随意安装,,,A,3（中）,5（好）,,,,,,,,,,,,
1405,B-E-A-027,B（单选题）,,在安装GNSS模块时，需要注意的是（）。,确保GNSS天线朝向天空，无遮挡,将GNSS模块直接安装在电机上以增加稳定性,为了整机配平将GNSS模块安装在中心位置,GNSS模块位置对飞行性能无影响,,,A,3（中）,5（好）,,,,,,,,,,,,
1406,B-E-A-027,B（单选题）,,在装配多旋翼无人机导航飞控系统时，错误的步骤是（）。,先装配GNSS模块再装配飞控系统,先装配飞控系统再装配GNSS模块,确保GNSS模块与飞控系统的连接正确,飞控系统需要螺丝拧紧时使用扭矩扳手,,,A,3（中）,5（好）,,,,,,,,,,,,
1407,B-E-A-027,B（单选题）,,多旋翼无人机导航飞控系统装配时，不是必需的部件是（）。,飞控系统,GNSS模块,电池,摄像头,,,D,3（中）,5（好）,,,,,,,,,,,,
1408,B-E-A-027,C（判断题）,,对多旋翼无人机导航飞控系统的校准与测试，可以在装配前进行也可以在装配后进行。（）,正确,错误,,,,,B,3（中）,5（好）,,,,,,,,,,,,
1409,B-E-A-027,C（判断题）,,在装配多旋翼无人机导航飞控系统过程中，需要考虑飞控系统的散热问题。（）,正确,错误,,,,,A,3（中）,5（好）,,,,,,,,,,,,
1410,B-E-A-028,B（单选题）,,在装配多旋翼无人机动力系统时，不必要的步骤是（）。,检查电池的电压和容量,确保电机与电调匹配,测试电机的旋转方向,调整无人机的涂装颜色,,,D,3（中）,5（好）,,,,,,,,,,,,
1411,B-E-A-028,B（单选题）,,电机与电机座之间的固定，通常采用（）。方式,强力胶粘贴,螺丝紧固,弹性卡扣,焊接,,,B,3（中）,5（好）,,,,,,,,,,,,
1412,B-E-A-028,B（单选题）,,动力系统装配中，电机旋转方向（顺时针/逆时针）的配置原则是（）。,所有电机必须同向旋转,对角线电机旋转方向相反,相邻电机旋转方向相反,任意配置，飞行中调整,,,C,3（中）,5（好）,,,,,,,,,,,,
1413,B-E-A-028,B（单选题）,,确保电机的桨叶安装正确无误的方法是（）。,观察桨叶标识，按照顺时针或逆时针方向安装,随意安装，飞行中观察调整,使用通用桨叶，无需特别注意,仅考虑桨叶数量，不考虑安装方向,,,A,3（中）,5（好）,,,,,,,,,,,,
1414,B-E-A-028,C（判断题）,,多旋翼无人机动力系统装配时，需要考虑电机与电调的匹配性。（）,正确,错误,,,,,A,3（中）,5（好）,,,,,,,,,,,,
1415,B-E-A-028,C（判断题）,,多旋翼无人机动力系统装配时，电池的安装位置对无人机性能没有影响。（）,正确,错误,,,,,B,3（中）,5（好）,,,,,,,,,,,,
1416,B-E-B-001,B（单选题）,,在编制多旋翼无人机日常维保报告单时，若涉及到对无人机关键部件的详细检查记录，（）。信息是必须包含的,无人机的品牌与型号,无人机飞行时长与航迹,电池电压与充电次数的具体数值,关键部件的型号、序列号及维修记录,,,D,3（中）,5（好）,,,,,,,,,,,,
1417,B-E-B-001,B（单选题）,,多旋翼无人机在（）。的情况下需要更换新的电池,充电次数超过50次,使用时间超过一年,总飞行距离超过500公里,续航时间明显减少,,,D,3（中）,5（好）,,,,,,,,,,,,
1418,B-E-B-001,B（单选题）,,在进行多旋翼无人机日常维保时，以下不是常规检查项目,螺旋桨的紧固情况,无人机的GNSS定位系统,无人机的遥控器电池,无人机的摄像头,,,C,3（中）,5（好）,,,,,,,,,,,,
1419,B-E-B-001,B（单选题）,,在多旋翼无人机日常维护中，检查GPS模块时，报告单中应记录的内容不包括（）。,GPS模块的信号强度,GPS模块的安装位置和固定情况,GPS模块的更新版本信息,"GPS模块的外观和防护情况
",,,C,3（中）,5（好）,,,,,,,,,,,,
1420,B-E-B-001,C（判断题）,,在多旋翼无人机日常维保报告中，需要记录无人机的累计飞行时间。（）,正确,错误,,,,,A,3（中）,5（好）,,,,,,,,,,,,
1421,B-E-B-001,C（判断题）,,在多旋翼无人机日常维保报告中，应该包括对无人机外观的检查。（）,正确,错误,,,,,A,3（中）,5（好）,,,,,,,,,,,,
1422,B-E-B-002,B（单选题）,,多旋翼无人机检查性维保报告单的主要目的是（）。,记录无人机的外观状况,确保无人机飞行安全,提供无人机的飞行数据,分析无人机飞行性能,,,B,3（中）,5（好）,,,,,,,,,,,,
1423,B-E-B-002,B（单选题）,,在多旋翼无人机检查性维保报告中，通常需要包含（）。,无人机的购买日期,无人机的飞行时长,无人机的所有权证明,无人机的维修记录,,,D,3（中）,5（好）,,,,,,,,,,,,
1424,B-E-B-002,B（单选题）,,多旋翼无人机检查性维保报告单中的“检查”步骤通常指的是（）。,对无人机进行视觉检查,测试无人机的所有功能,检查无人机的软件版本,验证无人机的飞行限制,,,A,3（中）,5（好）,,,,,,,,,,,,
1425,B-E-B-002,B（单选题）,,在多旋翼无人机检查性维保报告中，“维保”是指（）。,维护保养,维修保养,维护保障,维修保障,,,B,3（中）,5（好）,,,,,,,,,,,,
1426,B-E-B-002,C（判断题）,,多旋翼无人机检查性维保报告单中，只需要记录无人机的基本信息和外观检查结果即可。（）,正确,错误,,,,,B,3（中）,5（好）,,,,,,,,,,,,
1427,B-E-B-002,C（判断题）,,在多旋翼无人机检查性维保报告单中，不需要记录无人机的性能测试结果。（）,正确,错误,,,,,B,3（中）,5（好）,,,,,,,,,,,,
,,,,,,,,,,,,,,,,,,,,,,,,,
,,,,,,,,,,,,,,,,,,,,,,,,,
,,,,,,,,,,,,,,,,,,,,,,,,,
,,,,,,,,,,,,,,,,,,,,,,,,,
,,,,,,,,,,,,,,,,,,,,,,,,,
,,,,,,,,,,,,,,,,,,,,,,,,,
,,,,,,,,,,,,,,,,,,,,,,,,,
,,,,,,,,,,,,,,,,,,,,,,,,,
,,,,,,,,,,,,,,,,,,,,,,,,,
,,,,,,,,,,,,,,,,,,,,,,,,,
,,,,,,,,,,,,,,,,,,,,,,,,,
,,,,,,,,,,,,,,,,,,,,,,,,,
,,,,,,,,,,,,,,,,,,,,,,,,,
,,,,,,,,,,,,,,,,,,,,,,,,,
,,,,,,,,,,,,,,,,,,,,,,,,,
,,,,,,,,,,,,,,,,,,,,,,,,,
,,,,,,,,,,,,,,,,,,,,,,,,,
,,,,,,,,,,,,,,,,,,,,,,,,,
,,,,,,,,,,,,,,,,,,,,,,,,,
,,,,,,,,,,,,,,,,,,,,,,,,,
,,,,,,,,,,,,,,,,,,,,,,,,,
,,,,,,,,,,,,,,,,,,,,,,,,,
,,,,,,,,,,,,,,,,,,,,,,,,,
,,,,,,,,,,,,,,,,,,,,,,,,,
,,,,,,,,,,,,,,,,,,,,,,,,,
,,,,,,,,,,,,,,,,,,,,,,,,,
,,,,,,,,,,,,,,,,,,,,,,,,,
,,,,,,,,,,,,,,,,,,,,,,,,,
,,,,,,,,,,,,,,,,,,,,,,,,,
