,认定点代码,题型代码,题号,试题（题干）,试题（选项A）,试题（选项B）,试题（选项C）,试题（选项D）,试题（选项E）,【图】及位置,正确答案,难度代码,一致性代码
是的,A-A-A-001,B（单选题）,,（）是社会主义职业道德的核心思想。,为人民服务,执政为民,核心价值观,立党入公,,,A,3（中）,5（好）
,A-A-A-001,B（单选题）,,为人民服务为核心的职业道德，首先要解决的是职工与职工、职工与集体、（）之间利益关系问题和为谁工作的问题。,家庭与生活,上级与下级,职业与职业,个人与国家,,,C,3（中）,5（好）
,A-A-A-001,B（单选题）,,社会主义职业道德的指导原则是（）。,个人主义,集体主义,马克思主义,列宁思想,,,B,3（中）,5（好）
,A-A-A-001,B（单选题）,,社会主义职业道德把社会公德、职业道德、（）作为着力点。,德才兼备,思想品德,个人品德,个人能力,,,C,3（中）,5（好）
,A-A-A-001,C（判断题）,,有阶级的社会形态和社会主义职业道德一样，都以集体主义为原则，以人民利益作为最高利益。（）,正确,错误,,,,,B,3（中）,5（好）
,A-A-A-001,C（判断题）,,社会主义职业道德把爱祖国、爱人民、爱劳动、爱科学、爱社会主义作为社会主义道德的基本要求。（）,正确,错误,,,,,A,3（中）,5（好）
,A-A-A-002,B（单选题）,,《公民道德建设实施纲要》明确提出所有从业人员都应该共同遵守的主要行为规范是（）。,爱岗敬业诚实守信办事公道服务群众奉献社会,懂得服从信守承诺坚守岗位精神饱满用心服务,谨言慎行学习创新艰苦奋斗团结互助维护荣誉,热爱本职秉公执法不谋私利严肃风纪着装整洁,,,A,3（中）,5（好）
,A-A-A-002,B（单选题）,,办事公道是道德规范的重要范畴，其含义主要是（）。,不偏不倚，各打五十大板,坚持原则，按一定的社会标准，实事求是地待人处世,按领导的意图办事,按与个人关系好的人的意见办,,,B,3（中）,5（好）
,A-A-A-002,B（单选题）,,社会主义职业道德的基石和最高境界是（）。,奉献社会,服务群众,诚实守信,爱岗敬业,,,A,3（中）,5（好）
,A-A-A-002,B（单选题）,,关于社会公德的说法中，不属于其规范特点的是（）。,执行的有效性,范围的广泛性,具体行为的细微性,行为的外在礼仪性,,,A,3（中）,5（好）
,A-A-A-002,C（判断题）,,讲究质量、注重信誉是社会主义职业道德最重要的规范之一。（）,正确,错误,,,,,A,3（中）,5（好）
,A-A-A-002,C（判断题）,,社会公德的主要规范是:文明礼貌、助人为乐、爱护公物、勤俭持家、遵纪守法。(),正确,错误,,,,,B,3（中）,5（好）
,A-A-A-003,B（单选题）,,不属于职业道德行为评价方式的是（）。,社会舆论,职业习俗,内心信念,群体评议,,,D,3（中）,5（好）
,A-A-A-003,B（单选题）,,职业道德评价不能够起到（）。,批判作用,激励作用,裁判作用,调节导向作用,,,A,3（中）,5（好）
,A-A-A-003,B（单选题）,,职业道德行为评价的类型不包括（）。,社会评价,上级评价,集体评价,自我评价,,,B,3（中）,5（好）
,A-A-A-003,B（单选题）,,衡量一个公民精神文明水平高低的重要标尺是（）。,职业道德,公民道德,遵纪守法,网络道德,,,B,3（中）,4（较好）
,A-A-A-003,C（判断题）,,职业道德行为评价按主体不同可以分为社会评价、集体评价和自我评价。（）,正确,错误,,,,,A,3（中）,5（好）
,A-A-A-003,C（判断题）,,对职业道德行为进行评价应“以事实为依据，以法律为准绳”。（）,正确,错误,,,,,B,3（中）,5（好）
,A-A-A-004,B（单选题）,,法律对道德的影响主要体现是（）。,强制执行和惩罚措施,规范和约束行为范围,宣传道德价值观,保护公民权利和自由,,,B,3（中）,5（好）
,A-A-A-004,B（单选题）,,道德与法律是社会规范的两个重要方面，他们之间的关系是（）。,范围相同,互不重叠,相辅相成,层次相同,,,C,3（中）,5（好）
,A-A-A-004,B（单选题）,,法律更注重事后和判决和惩戒性，职业道德更注重事前对人们进行教育，因此具有（）。,预防性,先进行,统一性,互补性,,,A,3（中）,5（好）
,A-A-A-004,B（单选题）,,法律通过强制力来强化道德作用，确保道德底线，对道德起到促进作用，是道德的（）。,基础,补充,延续,支撑,,,D,3（中）,5（好）
,A-A-A-004,C（判断题）,,触犯了法律就一定违反了职业道德。（）,正确,错误,,,,,A,4（较难）,5（好）
,A-A-A-004,C（判断题）,,职业道德和法律都体现人民群众的利益和意志。（）,正确,错误,,,,,A,3（中）,5（好）
,A-A-B-001,B（单选题）,,关于遵纪守法正确的说法是（）。,只要品德端正，学不学法无所谓,金钱对人的诱惑力要大于法纪对人的约束力,法律是由人执行的，执行时不能不考虑人情和权力等因素,遵纪守法与职业道德要求具有一致性,,,D,3（中）,5（好）
,A-A-B-001,B（单选题）,,假设你在工作中出现了一次小的失误，暂时还未给单位造成什么损失，领导也没有发现在这种情况下，你认为最好的一种处理办法是（）。,不向任何人提起这件事,不告诉任何人，自己在以后的工作中弥补过失,告诉领导，承认自己的过失并承担相应的责任,告诉自己最好的朋友，请他帮自己想一个最好的办法,,,C,3（中）,5（好）
,A-A-B-001,B（单选题）,,“5.12地震”中，德阳汉旺东汽中学高二（一）班老师谭千秋正在上课，危急时刻张开双臂、躬下身躯护住课桌下的4名同学，献出了51岁的生命，这是（）的最高表现形式。,奉献社会,忠于职守,诚实守信,热爱本职,,,B,4（较难）,5（好）
,A-A-B-001,B（单选题）,,关于爱岗敬业表述不符的是（）。,抓住机遇、竞争上岗,具有奉献精神,勤奋学习，刻苦钻研业务,认真履行岗位职责,,,A,3（中）,5（好）
,A-A-B-001,C（判断题）,,在工作中，只要自己的行为不违反法律法规，就可以不遵守公司规定。（）,正确,错误,,,,,B,3（中）,5（好）
,A-A-B-001,C（判断题）,,酒后开车只违反了交通法规，不违反职业道德。（）,正确,错误,,,,,B,3（中）,4（较好）
,A-A-B-002,B（单选题）,,某工程队在施工时要把网线穿过一根10米长，但直径只有3厘米的管道，而且管道已经砌在墙体里，并且绕了3个弯，用常规方法无法完成任务一位工程师想出一个主意:从宠物市场买来一只老鼠，把一根线绑在老鼠身上，让老鼠沿着管子跑，这样网线安装的难题顺利得到解决这个案例表明（）。,创新的本质是突破,这种方法缺乏专业性，不符合创新的本质,开辟一个新市场才属于创新,这只是歪打正着，不是真正的创新,,,A,3（中）,5（好）
,A-A-B-002,B（单选题）,,关于创新的论述，正确的是（）。,创新与继承根本对立,创新就是独立自主,创新是民族进步的灵魂,创新不需要引进国外新技术,,,C,3（中）,5（好）
,A-A-B-002,B（单选题）,,历涛用1千克面粉，制作并拉出2097152根面条，累计长度为2852千米，相当于从北京到新疆哈密市的距离历涛拉出的面条细如丝，根根不断，一个针眼可穿人18根面条，这个案例表现了（）的职业道德模范。,严于律己,探索创新,技艺精湛,执行工艺,,,C,3（中）,5（好）
,A-A-B-002,B（单选题）,,《庄子》中记载的庖丁解牛的故事体现了（）的职业道德模范。,技艺精湛,精益求精,专心致志,执行工艺,,,B,3（中）,5（好）
,A-A-B-002,C（判断题）,,我国著名画家齐白石，1955年荣获国际和平奖他创作的作品深受世界人民欢迎，赢得高度评价他在艺术创作的道路上，几十年如一日，勤奋不懈，即使在八十岁高龄时，还每日坚持挥毫作画这个案例体现了勤学苦练、精益求精的职业道德模范。（）,正确,错误,,,,,A,3（中）,5（好）
,A-A-B-002,C（判断题）,,开拓创新最重要的是注重创新的方法，其余是次要的。（）,正确,错误,,,,,B,2（易）,5（好）
,A-A-B-003,B（单选题）,,在无人机电池即将耗尽时，应该（）。,继续飞行，直到电池耗尽,在当前位置紧急降落,快速返回起点,快速降低高度，寻找安全地点降落,,,D,3（中）,5（好）
,A-A-B-003,B（单选题）,,为确保安全充电，无人机电池最佳温度范围是（）。,负10°C至50°C,0°C至40°C,5°C至35°C,15°C至30°C,,,D,3（中）,5（好）
,A-A-B-003,B（单选题）,,在强风条件下，无人机的飞行高度应该控制在（）以下。,100米,200米,300米,400米,,,A,3（中）,5（好）
,A-A-B-003,B（单选题）,,在测试无人机时，为防止意外失控，正确的预防措施是（  ）。,提前设置好自动返航功能，确保失控时能自动飞回起点,关闭飞控的报警系统，避免飞行过程中受到干扰,单手操控遥控器，另一只手随时准备重启无人机,尽量在信号弱的区域飞行，锻炼操控技巧,,,A,3（中）,5（好）
,A-A-B-003,C（判断题）,,无人机长时间试飞结束后立即对电池充电。（）,正确,错误,,,,,B,3（中）,5（好）
,A-A-B-003,C（判断题）,,在维护无人机机载镜头时，可以使用纸巾擦拭。（）,正确,错误,,,,,B,3（中）,5（好）
,A-A-B-004,B（单选题）,,在使用生产设备时，不符合规程的是（）。,遵守工艺流程,穿戴防护装备,超负荷运转设备,定期维护保养,,,C,3（中）,5（好）
,A-A-B-004,B（单选题）,,在生产过程中，如果发现设备异常，做法正确的是（）。,立即停机检查,继续使用直到故障发生,自行拆卸设备进行修理,忽略异常继续工作,,,A,3（中）,5（好）
,A-A-B-004,B（单选题）,,设备维护规程中的“五定”原则通常包括（）。,定时、定点、定量、定质、定人,定时、定位、定量、定质、定法,定人、定时、定位、定量、定质,定人、定时、定位、定量、定法,,,A,3（中）,5（好）
,A-A-B-004,B（单选题）,,（）步骤直接影响到产品的最终质量。,原材料采购,产品设计,工艺执行,品质检验,,,C,3（中）,5（好）
,A-A-B-004,C（判断题）,,执行工艺的优化通常需要考虑成本、时间、人力、资源、质量、效率等综合因素。（）,正确,错误,,,,,A,3（中）,5（好）
,A-A-B-004,C（判断题）,,执行工艺中的"工艺参数"主要是材料种类、设备型号两项。（）,正确,错误,,,,,B,3（中）,5（好）
,A-A-B-005,B（单选题）,,《吕氏春秋》中讲到，“万人操弓，共射一招，招无不中”，这说明了（）。,“宝剑锋自磨砺出，梅花香自苦寒来”,“小胜靠智，大胜靠德”,“一双筷子容易折，十双筷子断就难’,“成由勤俭败由奢”,,,C,3（中）,5（好）
,A-A-B-005,B（单选题）,,“单丝不成线，独木不成林”说明了（）。,要勇于坚持真理,要正确处理个人与集体的关系，注重集体力量,做事要更公平公正,要发扬勤劳节俭的优良传统,,,B,3（中）,5（好）
,A-A-B-005,B（单选题）,,“舟必漏而后人水，石必湿而后苔生”说明（）。,要努力实现自身的社会价值,个人品德修养要从细微处严格要求自己，对不好的品行要防微杜渐,要积极向前人学习,要正确处理公与私之间的关系,,,B,5（难）,5（好）
,A-A-B-005,B（单选题）,,符合“慎独”道德规范的是（）。,夜以继日，废寝忘食,精忠报国，反对侵略,修身为本，严于律已,立志勤学，持之以恒,,,C,3（中）,5（好）
,A-A-B-005,C（判断题）,,“慎独”就是在无人监督的情况下，也要坚持自己的内心真诚、光明磊落的道德信念，不做不道德的事情。（）,正确,错误,,,,,A,3（中）,5（好）
,A-A-B-005,C（判断题）,,团结同事首先要坦诚待人、热情忍让、宽厚仁慈，同时重点考虑本部门及个人利益。（）,正确,错误,,,,,B,3（中）,5（好）
,A-A-B-006,B（单选题）,,文明生产的核心价值之一是可持续性，这意味着（）。,生产过程不能消耗自然资源,生产过程不能产生废弃物,生产过程要尽可能减少对环境的影响,生产过程要保护野生动物,,,C,3（中）,5（好）
,A-A-B-006,B（单选题）,,在包装材料的选择上，（）选择更符合环保理念。,可降解材料,可回收材料,少量包装,使用可重复使用的包装,,,A,3（中）,5（好）
,A-A-B-006,B（单选题）,,在公共场所吸烟且不听从劝阻，这主要违背了（）。,治安管理规定,消防安全规定,公共场所禁烟规定,城市管理规定,,,C,3（中）,4（较好）
,A-A-B-006,B（单选题）,,企业通过（）处理生产废料以实现资源的最大化利用。,分类回收,循环利用,转售给专业回收公司,直接填埋或焚烧,,,B,3（中）,5（好）
,A-A-B-006,C（判断题）,,环境保护坚持保护优先、预防为主、综合治理、公众参与、损害担责的原则。（）,正确,错误,,,,,A,3（中）,5（好）
,A-A-B-006,C（判断题）,,绿色工厂是指原料无害化、生产洁净化、废物资源化、能源低碳化的企业，是绿色制造核心实施单元，对用地集约率没有要求。（）,正确,错误,,,,,B,3（中）,5（好）
,A-B-A-001,B（单选题）,,不是无人机特点的是（）。,无人驾驶,远程控制,超快速飞行,可执行任务,,,B,3（中）,5（好）
,A-B-A-001,B（单选题）,,无人机（UAV）的定义是（）。,一种由人类远程控制的飞行器,利用无线电遥控设备和自备的程序控制装置操纵的不载人飞行器,利用无线电遥控设备操纵的快速飞行的不载人飞行器,利用自备的程序控制装置操纵的快速飞行的不载人飞行器,,,B,3（中）,4（较好）
,A-B-A-001,B（单选题）,,不是无人机特点的是（）。,体积小,造价高,机动性好,使用方便,,,B,3（中）,5（好）
,A-B-A-001,B（单选题）,,无人机是利用（）设备和自备的程序控制装置操纵的不载人飞机。,遥控,导航,飞行,通讯,,,A,3（中）,5（好）
,A-B-A-001,C（判断题）,,无人机是完全不需要人工干预就能自主飞行的飞行器。（）,正确,错误,,,,,B,3（中）,5（好）
,A-B-A-001,C（判断题）,,无人机的飞行原理和有人驾驶飞机的飞行原理完全不同。（）,正确,错误,,,,,B,3（中）,5（好）
,A-B-A-002,B（单选题）,,（）不是无人机系统必备的组成部分。,飞行器,传感器,数据处理设备,操作员,,,D,3（中）,5（好）
,A-B-A-002,B（单选题）,,无人机系统中，（）部分主要负责飞行控制、导航与自主飞行能力的实现。,飞行平台,任务载荷,飞控系统,数据链系统,,,C,3（中）,4（较好）
,A-B-A-002,B（单选题）,,无人机系统中，负责提供升力和推进力的部分是（）。,机翼,发动机,螺旋桨,电池,,,C,3（中）,5（好）
,A-B-A-002,B（单选题）,,相比于人的大脑，无人机的'大脑'指的是（）。,机身,传感器,飞行控制系统,电机,,,C,3（中）,5（好）
,A-B-A-002,C（判断题）,,无人机系统只包括无人机本身，不包括地面控制站等部分。（）,正确,错误,,,,,B,3（中）,5（好）
,A-B-A-002,C（判断题）,,无人机系统中的数据链路主要用于传输无人机的位置信息。（）,正确,错误,,,,,B,3（中）,5（好）
,A-B-A-003,B（单选题）,,（）不是用于无人机模拟飞行的软件。,MicrosoftFlightSimulator,凤凰模拟器,DroneRacer:FlyStuntSimulator,RealFlightG7,,,A,3（中）,5（好）
,A-B-A-003,B（单选题）,,（）操作系统通常对无人机模拟飞行软件兼容性最好。,Windows,macOS,Linux,ChromeOS,,,A,3（中）,5（好）
,A-B-A-003,B（单选题）,,"在安装无人机模拟飞行软件时，首先应该做的是（）。
",插入加密狗（如果有）,检查系统配置是否满足要求,下载软件安装包,创建软件快捷方式,,,B,3（中）,5（好）
,A-B-A-003,B（单选题）,,使用无人机模拟飞行软件时，（）不是基本操作。,起飞和降落,悬停控制,飞行环境设置,物理引擎调整,,,D,3（中）,5（好）
,A-B-A-003,C（判断题）,,安装无人机模拟飞行软件之前，需要确保计算机的硬件配置符合该软件的最低要求。(),正确,错误,,,,,A,3（中）,5（好）
,A-B-A-003,C（判断题）,,所有无人机模拟飞行软件都需要连接到互联网才能运行。(),正确,错误,,,,,B,3（中）,5（好）
,A-B-A-004,B（单选题）,,多旋翼无人机模拟飞行训练时飞行姿态的改变是通过调整（）来实现。,改变电机转速,改变螺旋桨桨距,改变桨叶角度,改变电机大小,,,A,3（中）,5（好）
,A-B-A-004,B（单选题）,,在多旋翼无人机模拟飞行软件中，用于起飞的操作是（）。,向下推动油门杆,向上推动油门杆,向左推动方向杆,向右推动方向杆,,,B,3（中）,5（好）
,A-B-A-004,B（单选题）,,在多旋翼无人机模拟飞行中，用于下降的操作是（）。,向下推动油门杆,向上推动油门杆,向左推动方向杆,向右推动方向杆,,,A,3（中）,5（好）
,A-B-A-004,B（单选题）,,在模拟飞行中，无人机的悬停通常需要调整（）控制杆。,油门杆,俯仰杆,横滚杆,偏航杆,,,A,3（中）,5（好）
,A-B-A-004,C（判断题）,,多旋翼无人机模拟飞行训练可以完全替代实际飞行训练。(),正确,错误,,,,,B,3（中）,5（好）
,A-B-A-004,C（判断题）,,在模拟飞行训练中，学员可以练习无人机的起飞、悬停、降落和基本飞行操作。（）,正确,错误,,,,,A,3（中）,5（好）
,A-B-A-005,B（单选题）,,固定翼无人机模拟飞行时依靠（）调整飞行高度。,改变发动机功率,改变螺旋桨转速,使用升降舵,使用副翼和方向舵,,,C,3（中）,5（好）
,A-B-A-005,B（单选题）,,固定翼无人机模拟飞行时依靠（）调整飞行方向。,改变发动机功率,改变螺旋桨转速,使用升降舵,使用副翼和方向舵,,,D,3（中）,5（好）
,A-B-A-005,B（单选题）,,固定翼无人机模拟飞行五边航线的第一边是（）。,离场边,下风边,基地边,上风边,,,A,3（中）,5（好）
,A-B-A-005,B（单选题）,,固定翼无人机五边航线的每一边飞行过程中，主要的姿态控制由（）完成。,升降舵和方向舵,副翼和升降舵,副翼、升降舵和方向舵协同,副翼和方向舵,,,C,3（中）,5（好）
,A-B-A-005,C（判断题）,,固定翼无人机模拟飞行训练时，速度越快越好，因为这样能更快完成训练任务。（）,正确,错误,,,,,B,3（中）,5（好）
,A-B-A-005,C（判断题）,,通过固定翼无人机模拟飞行训练，可以提高飞行员在实际飞行中的应急处理能力。(),正确,错误,,,,,A,3（中）,5（好）
,A-B-A-006,B（单选题）,,大气的最外层是（）。,对流层,平流层,热层,散逸层,,,D,3（中）,5（好）
,A-B-A-006,B（单选题）,,大气中含量最多的气体是（）。,氧气,氮气,二氧化碳,氩气,,,B,3（中）,5（好）
,A-B-A-006,B（单选题）,,标准大气规定海平面的气温是（）。,0℃,15℃,20℃,25℃,,,B,3（中）,5（好）
,A-B-A-006,B（单选题）,,在标准大气中，海平面上的大气压是（）。,900hPa,1013.25hPa,1050hPa,1100hPa,,,B,3（中）,5（好）
,A-B-A-006,C（判断题）,,大气的主要成分是氮气和氧气，它们分别占大气体积的大约78%和21%。（）,正确,错误,,,,,A,3（中）,5（好）
,A-B-A-006,C（判断题）,,大气的温度随着高度的增加而逐渐升高，这种变化主要发生在对流层。(),正确,错误,,,,,B,3（中）,5（好）
,A-B-A-007,B（单选题）,,（）是最基本的气象要素之一。,能见度,云量,气温,日照时数,,,C,3（中）,5（好）
,A-B-A-007,B（单选题）,,（）气象要素主要反映大气的干湿程度。,风速,相对湿度,气压,降水,,,B,3（中）,5（好）
,A-B-A-007,B（单选题）,,气象观测中，用来衡量空气冷热程度的要素是（）。,露点温度,体感温度,气温,地温,,,C,3（中）,5（好）
,A-B-A-007,B（单选题）,,素通常用百帕（hPa）作为单位的气象要是（）。,风速,气温,气压,湿度,,,C,5（难）,5（好）
,A-B-A-007,C（判断题）,,气温、气压、湿度和风速都是气象中的基本要素。(),正确,错误,,,,,A,2（易）,5（好）
,A-B-A-007,C（判断题）,,在气象学中，露点温度是指空气中的水汽达到饱和并开始凝结成水滴的温度。(),正确,错误,,,,,A,2（易）,5（好）
,A-B-A-008,B（单选题）,,气象参数对飞行影响最大的是（）。,温度,湿度,风速,气压,,,C,2（易）,5（好）
,A-B-A-008,B（单选题）,,（）不属于影响飞机起降的主要气象因素。,风速和风向,空气的密度,大气压力,空中的水汽含量,,,D,2（易）,5（好）
,A-B-A-008,B（单选题）,,如果无人机在飞行过程中遭遇雷暴，应该（）。,继续飞行,尝试降落,返回起点,增加高度,,,B,2（易）,5（好）
,A-B-A-008,B（单选题）,,无人机飞行的最佳天气条件是（）。,多云且有雾,晴朗且微风,高温且多湿,阴天且有小雨,,,B,2（易）,5（好）
,A-B-A-008,C（判断题）,,降水只会影响飞机的能见度，对飞机的其他性能没有影响。（）,正确,错误,,,,,B,3（中）,5（好）
,A-B-A-008,C（判断题）,,顺风飞行时，风速越大对飞行越有利。（）,正确,错误,,,,,B,2（易）,5（好）
,A-B-A-009,B（单选题）,,雷暴天气对无人机飞行的主要威胁是（）。,能见度降低,强风和雷电,动力效率下降,通讯中断,,,B,3（中）,5（好）
,A-B-A-009,B（单选题）,,低空风切变是指在短时间内风速和风向的急剧变化，这对无人机飞行的影响主要是（）。,导航困难,能源消耗增加,控制难度加大，可能导致失控,发动机或电机过热,,,C,3（中）,5（好）
,A-B-A-009,B（单选题）,,无人机在（）天气现象中飞行，机身容易出现抖动和不稳定的飞行状态。,沙尘天气,高湿度天气,顺风飞行,轻雾天气,,,A,3（中）,5（好）
,A-B-A-009,B（单选题）,,（）会导致无人机的电池续航能力急剧下降。,低温天气,小雪天气,轻度雾霾天气,微风天气,,,A,3（中）,5（好）
,A-B-A-009,C（判断题）,,飞机积冰主要发生在含有过冷水滴的云层中。(),正确,错误,,,,,A,3（中）,5（好）
,A-B-A-009,C（判断题）,,高空激流通常出现在对流层顶部或平流层底部，对飞行影响较小。(),正确,错误,,,,,B,3（中）,5（好）
,A-B-A-010,B（单选题）,,理想气体状态方程PV=nRT中的R代表（）。,气体的密度,气体常数,气体的压力,气体的体积,,,B,3（中）,5（好）
,A-B-A-010,B（单选题）,,大气的粘性主要是由于（）。,大气分子的不规则热运动和相互碰撞,大气中的杂质颗粒,地球引力对大气分子的作用,太阳辐射对大气的影响,,,A,3（中）,5（好）
,A-B-A-010,B（单选题）,,大气的低密度特性使得在高海拔地区（）。,声音传播速度更快,飞行器需要更大的升力才能飞行,气压变化对天气影响较小,更容易出现雷电现象,,,B,3（中）,5（好）
,A-B-A-010,B（单选题）,,理想气体状态方程中，当体积V保持不变时，压力P与温度T的关系是（）。,成正比,成反比,无关,先增加后减少,,,A,3（中）,5（好）
,A-B-A-010,C（判断题）,,大气在任何情况下都可以被看作是不可压缩流体。（）,正确,错误,,,,,B,3（中）,5（好）
,A-B-A-010,C（判断题）,,根据基本气态方程，当温度不变时，气体的压力和体积成反比，这一规律在所有大气环境下都严格成立。（）,正确,错误,,,,,B,3（中）,5（好）
,A-B-A-011,B（单选题）,,根据伯努利原理，流体速度增加时，（）会减小。,温度,密度,压强,粘性,,,C,3（中）,5（好）
,A-B-A-011,B（单选题）,,升力是如何产生的（）。,通过增加飞机的重量,通过减少飞机的阻力,通过机翼上下表面气流速度的差异,通过增加发动机推力,,,C,3（中）,5（好）
,A-B-A-011,B（单选题）,,飞行速度对升力的影响是（）。,与飞行速度成正比,与飞行速度的平方成正比,与飞行速度成反比,升力与飞行速度无关,,,B,3（中）,5（好）
,A-B-A-011,B（单选题）,,升力公式“L=1/2ρV2ClS中的Cl代表什么（）。,空气密度,飞行速度,机翼面积,升力系数,,,D,3（中）,5（好）
,A-B-A-011,C（判断题）,,飞机的升力主要来源于机翼上下表面的压力差。(),正确,错误,,,,,A,2（易）,5（好）
,A-B-A-011,C（判断题）,,其他条件不变的情况下，增加飞机的速度可以增加升力。(),正确,错误,,,,,A,3（中）,5（好）
,A-B-A-012,B（单选题）,,多旋翼无人机在空中悬停主要依靠()力来平衡。,重力和电磁力,向心力和重力,重力和升力,升力和摩擦力,,,C,3（中）,5（好）
,A-B-A-012,B（单选题）,,多旋翼无人机通过改变（）部件的速度来实现上升和下降。,机身,起落架,螺旋桨,导航灯,,,C,3（中）,5（好）
,A-B-A-012,B（单选题）,,多旋翼无人机的方向控制主要依靠（）传感器来检测旋转运动。,陀螺仪校准,气压计,温度传感器,加速度计用于姿态感知,,,A,3（中）,5（好）
,A-B-A-012,B（单选题）,,多旋翼无人机在没有GPS信号的情况下，通常依靠（）技术来保持悬停位置。,光流传感器,红外传感器,激光雷达和摄像头,声波传感器,,,A,3（中）,5（好）
,A-B-A-012,C（判断题）,,多旋翼无人机主要依靠改变每个旋翼的转速来实现飞行姿态的控制。（）,正确,错误,,,,,A,3（中）,5（好）
,A-B-A-012,C（判断题）,,多旋翼无人机在悬停时，所有旋翼的转速是相同的，并且不会发生变化。（）,正确,错误,,,,,B,3（中）,5（好）
,A-B-A-013,B（单选题）,,固定翼无人机的升力主要来源于机翼物理特性中的（）。,重量,形状,颜色,材质,,,B,3（中）,5（好）
,A-B-A-013,B（单选题）,,固定翼无人机的前进动力主要来自（）。,副翼的控制力,机翼产生的升力,发动机推力,尾翼控制力,,,C,3（中）,4（较好）
,A-B-A-013,B（单选题）,,在固定翼无人机飞行中，升降舵控制飞机的（）。,俯仰姿态,滚转姿态,偏航姿态,飞行速度,,,A,2（易）,5（好）
,A-B-A-013,B（单选题）,,固定翼无人机在飞行中，机翼的迎角与升力的关系是（）。,增加迎角增加升力,减少迎角减少升力,迎角不变，升力不变,迎角与升力无关,,,A,2（易）,5（好）
,A-B-A-013,C（判断题）,,固定翼无人机是依靠机翼上下表面的压力差产生升力来飞行的，只要机翼形状合适，就能一直保持飞行。（）,正确,错误,,,,,B,3（中）,5（好）
,A-B-A-013,C（判断题）,,平凸翼翼型固定翼无人机在水平飞行时，机翼上下表面的气流速度是相同的。（）,正确,错误,,,,,B,3（中）,5（好）
,A-B-A-014,B（单选题）,,无人直升机的升力主要由（）产生。,机身,主旋翼,尾桨,发动机,,,B,3（中）,5（好）
,A-B-A-014,B（单选题）,,无人直升机的尾桨主要作用是（）。,提供额外升力,控制直升机的俯仰,平衡主旋翼产生的反扭矩,控制直升机的滚转,,,C,3（中）,5（好）
,A-B-A-014,B（单选题）,,在无人直升机飞行中，要使直升机上升，应该（）。,增大主旋翼的桨距,减小主旋翼的桨距,增大尾桨的桨距,减小尾桨的桨距,,,A,3（中）,5（好）
,A-B-A-014,B（单选题）,,无人直升机的前进、后退和左右移动主要通过（）实现。,改变旋翼的总距杆位置,改变自动倾斜器的周期变距杆位置,改变尾桨的螺距角,改变旋翼的转速,,,B,3（中）,5（好）
,A-B-A-014,C（判断题）,,无人直升机依靠旋翼产生升力来飞行。(),正确,错误,,,,,A,3（中）,5（好）
,A-B-A-014,C（判断题）,,无人直升机可以实现垂直起降和悬停。(),正确,错误,,,,,A,3（中）,5（好）
,A-B-A-015,B（单选题）,,（）不是无人机通信的主要技术类型。,卫星通信,地面站通信,WiFi通信,5G通信,,,C,3（中）,5（好）
,A-B-A-015,B（单选题）,,无人机通信主要用于长距离、高速度的数据传输的类型是（）。,蓝牙通信,Wi-Fi通信,5G通信,光纤通信,,,C,3（中）,3（中）
,A-B-A-015,B（单选题）,,（）通信方式适用于短距离无人机操作。,Wi-Fi,卫星通信,光纤通信,5G通信,,,A,3（中）,5（好）
,A-B-A-015,B（单选题）,,无人机与遥控器之间的通信通常是通过（）进行的。,无线电波,电缆连接,蓝牙,红外线,,,A,3（中）,5（好）
,A-B-A-015,C（判断题）,,遥控器的频率范围决定了其控制距离。（）,正确,错误,,,,,A,2（易）,5（好）
,A-B-A-015,C（判断题）,,遥控器的天线长度不影响其控制效果。（）,正确,错误,,,,,B,2（易）,5（好）
,A-B-A-016,B（单选题）,,在无人机长距离无线数据传输中，（）参数对于保持稳定的通信链路最为关键。,调制方式,发射功率,频率稳定性,数据编码方式,,,C,3（中）,5（好）
,A-B-A-016,B（单选题）,,（）可以实现远距离的数据传输的无线数据传输技术。,WiFi,Zigbee,LoRa,NFC,,,C,3（中）,5（好）
,A-B-A-016,B（单选题）,,无人机无线数据传输系统的抗干扰能力主要取决于（）。,发射功率,调制和编码技术,传输频率,传输带宽,,,B,3（中）,5（好）
,A-B-A-016,B（单选题）,,无线数据传输系统的传输速度通常用（）来衡量。,Mbps(Megabitspersecond),Hz(Hertz),dBm(Decibel-milliwatts),mW(Milliwatts),,,A,3（中）,5（好）
,A-B-A-016,C（判断题）,,无线数传系统的数据传输速率越高，其传输距离就越远。（）,正确,错误,,,,,B,3（中）,5（好）
,A-B-A-016,C（判断题）,,在无线数传系统中，只要信号强度足够，就不需要考虑信号干扰问题。（）,正确,错误,,,,,B,3（中）,5（好）
,A-B-A-017,B（单选题）,,（）不是无线图像传输系统的常用带宽。,20MHz,40MHz,60MHz,80MHz,,,C,3（中）,5（好）
,A-B-A-017,B（单选题）,,（）不是无线图像传输系统的常见分辨率。,VGA,HD,FHD,UHD,,,A,3（中）,5（好）
,A-B-A-017,B（单选题）,,无线图像传输系统的分辨率通常指的是（）。,图像传感器的像素数量,显示屏的显示质量,视频流的清晰度,数据传输速率,,,C,3（中）,5（好）
,A-B-A-017,B（单选题）,,无线图像传输系统的延迟通常指的是（）。,从摄像头拍摄到显示器显示所需的总时间,数据包在网络中的传输时间,图像压缩和解压缩所需的时间,从摄像头拍摄到存储介质写入所需的时间,,,A,3（中）,5（好）
,A-B-A-017,C（判断题）,,无线图传系统的图像分辨率越高，其传输所需的带宽就越小。（）,正确,错误,,,,,B,3（中）,5（好）
,A-B-A-017,C（判断题）,,无线图传系统的帧率越高，观看图像时就越流畅，但所需的数据传输速率也越高。（）,正确,错误,,,,,A,3（中）,5（好）
,A-B-A-018,B（单选题）,,在GNSS导航系统中，"卫星"的作用是（）。,接收并处理用户的请求,向用户发送导航信息,接收并处理来自地面站的数据,提供精确的位置信息,,,D,3（中）,5（好）
,A-B-A-018,B（单选题）,,惯性导航系统（INS）不依赖（）确定位置。,外部信号,加速度计,陀螺仪,地图数据库,,,A,3（中）,5（好）
,A-B-A-018,B（单选题）,,无人机常用的导航方法是（）。,地面站导航,星基导航,卫星导航,惯性导航系统,,,C,3（中）,5（好）
,A-B-A-018,B（单选题）,,（）不属于无人机的导航参数。,高度,温度,速度,方向,,,B,3（中）,5（好）
,A-B-A-018,C（判断题）,,GPS（全球定位系统）是唯一的全球卫星导航系统，其他导航系统都有区域限制。（）,正确,错误,,,,,B,3（中）,5（好）
,A-B-A-018,C（判断题）,,北斗（全球定位系统）是唯一的全球卫星导航系统，其他导航系统都有区域限制。（）,正确,错误,,,,,B,3（中）,5（好）
,A-B-A-019,B（单选题）,,组合导航系统中常用的传感器不包括（）。,全球导航卫星系统（GNSS）,惯性测量单元（IMU）,激光雷达（LiDAR）,声纳,,,D,3（中）,5（好）
,A-B-A-019,B（单选题）,,组合导航系统中，如果GNSS信号丢失，系统会（）。,立即停止工作,切换到单一传感器模式,使用INS进行短期定位,发送警报,,,C,3（中）,5（好）
,A-B-A-019,B（单选题）,,组合导航系统通常是将（）组合在一起。,GPS和惯性导航系统,地磁导航和视觉导航,无线电导航和卫星导航,激光导航和惯性导航系统,,,A,3（中）,5（好）
,A-B-A-019,B（单选题）,,在组合导航系统中，GNSS可以为惯性导航系统提供（）。,动力支持,初始对准和误差修正,信号干扰保护,备用通信通道,,,B,3（中）,5（好）
,A-B-A-019,C（判断题）,,组合导航系统通过融合多种导航技术来提高定位精度和可靠性。(),正确,错误,,,,,A,3（中）,5（好）
,A-B-A-019,C（判断题）,,组合导航系统无法在室内环境下提供准确的位置信息。(),正确,错误,,,,,B,3（中）,5（好）
,A-B-A-020,B（单选题）,,在无人机应用中，GNSS导航系统主要用于（）。,精确确定无人机的位置和飞行轨迹,检测无人机周围的障碍物,控制无人机的飞行姿态,调整无人机的动力输出,,,A,4（较难）,5（好）
,A-B-A-020,B（单选题）,,无人机在室内飞行时，会发挥主要作用的导航系统是（）。,视觉导航系统,全球导航卫星系统,远程无线电导航系统,惯性导航系统单独使用,,,A,3（中）,5（好）
,A-B-A-020,B（单选题）,,在无人机导航中，RTK（实时动态定位）技术的主要作用是（）。,提高图像分辨率,提供高精度定位,增加飞行速度,减少电池消耗,,,B,3（中）,5（好）
,A-B-A-020,B（单选题）,,为了提高无人机导航的精度和可靠性，常采用（）。,单一高精度导航系统,多种导航系统组合,降低导航系统的更新频率,增加导航系统的传感器数量,,,B,5（难）,5（好）
,A-B-A-020,C（判断题）,,所有无人机都必须配备高精度的卫星导航系统才能飞行。（）,正确,错误,,,,,B,3（中）,5（好）
,A-B-A-020,C（判断题）,,当无人机在室内飞行时，卫星导航系统完全无法工作，所以室内飞行的无人机不需要任何导航系统。（）,正确,错误,,,,,B,3（中）,5（好）
,A-B-A-021,B（单选题）,,在无人机测试前的装配过程中，必须采取的安全防护措施是（）。,确保所有螺丝紧固,穿戴防护眼镜,检查电池电量,关闭无人机电源,,,A,3（中）,5（好）
,A-B-A-021,B（单选题）,,在装配无人机螺旋桨时，为防止手部受伤，应该（）。,佩戴手套,加快装配速度,使用工具强行安装,先安装电机再装螺旋桨,,,A,3（中）,5（好）
,A-B-A-021,B（单选题）,,在组装无人机时，应避免在（）环境下进行。,干燥的房间,通风良好的室外,潮湿或多尘的地方,温度适宜的室内,,,C,3（中）,5（好）
,A-B-A-021,B（单选题）,,装配无人机的飞控系统时，为避免静电损坏电子元件，应该（）。,佩戴防静电手环,在潮湿环境下操作,用手触摸元件引脚来放电,增加操作现场的人员走动,,,A,2（易）,5（好）
,A-B-A-021,C（判断题）,,在进行无人机装配之前，确保所有工具都已检查无误，并放置在易于取用但不会妨碍工作的位置上，这是正确的做法。（）,正确,错误,,,,,A,3（中）,5（较好）
,A-B-A-021,C（判断题）,,装配无人机时，可以不穿戴任何个人防护装备（如护目镜、手套等），只要小心操作即可。（）,正确,错误,,,,,B,3（中）,5（较好）
,A-B-A-022,B（单选题）,,在无人机调试过程中，启动电机时，应该（）。,确保螺旋桨安装牢固且周围无人,用手握住螺旋桨检查动力,在人员密集区启动,不检查螺旋桨安装情况直接启动,,,A,3（中）,5（好）
,A-B-A-022,B（单选题）,,调试无人机飞行姿态时，为防止无人机失控伤人，应该（）。,在开阔、无人的场地进行调试,在室内狭窄空间调试,不设置飞行高度限制,减少对无人机状态的监控,,,A,3（中）,5（好）
,A-B-A-022,B（单选题）,,调试无人机通信系统时，为避免信号干扰，应该（）。,远离大型电子设备和金属障碍物,将无人机放置在金属盒内,使用多个通信频段同时调试,在强电磁辐射环境下进行,,,A,3（中）,5（好）
,A-B-A-022,B（单选题）,,在调试无人机的视觉系统时，为保护镜头，应该（）。,避免镜头直接暴露在强光下,用手指触摸镜头检查清晰度,让镜头接触尖锐物体,在沙尘环境下使用,,,A,3（中）,5（好）
,A-B-A-022,C（判断题）,,在无人机调试过程中，为了确保安全，操作人员无需穿戴任何防护装备。（）,正确,错误,,,,,B,3（中）,5（较好）
,A-B-A-022,C（判断题）,,调试无人机时，只需确保无人机本身的功能正常，无需检查其与其他设备的兼容性。（）,正确,错误,,,,,B,4（较难）,5（较好）
,A-B-A-023,B（单选题）,,在无人机测试飞行过程中，为确保飞行安全，（）措施是必要的。,使用高清摄像头进行拍摄,在人口密集区域进行飞行测试,对飞行区域进行充分的空域申请和检查,提高无人机的飞行速度,,,C,3（中）,5（好）
,A-B-A-023,B（单选题）,,在无人机测试飞行过程中，（）的行为容易导致飞行器失控。,遵守飞行规则并保持与地面的距离,避开高风险区域并保持飞行高度,与他人分享飞行数据并相互监督,长时间高速飞行并穿越密集人群区域,,,D,3（中）,5（好）
,A-B-A-023,B（单选题）,,在无人机测试飞行中，（）步骤是必不可少的。,选择飞行场地,调整摄像头角度,清洁无人机机身,起飞前的检查,,,D,3（中）,5（好）
,A-B-A-023,B（单选题）,,无人机测试飞行中，（）做法是错误的。,未经许可就进行测试,确保通讯畅通,事先规划好飞行路线,选择合适的天气条件,,,A,3（中）,5（好）
,A-B-A-023,C（判断题）,,无人机测试飞行时，操作人员可以边操作无人机边查看手机或其他电子设备。（）,正确,错误,,,,,B,3（中）,5（较好）
,A-B-A-023,C（判断题）,,为了确保无人机测试飞行的安全，操作人员只需在飞行前对无人机进行检查，飞行过程中无需再进行任何监控。（）,正确,错误,,,,,B,3（中）,5（较好）
,A-B-A-024,B（单选题）,,无人机飞行过程中，螺旋桨突然停止转动，这属于（）故障。,动力系统故障,飞控系统故障,通信系统故障,导航系统故障,,,A,3（中）,5（好）
,A-B-A-024,B（单选题）,,不是无人机常见的机械故障的是（）。,螺旋桨损坏,电机过热,GPS信号丢失,结构件断裂,,,C,3（中）,5（好）
,A-B-A-024,B（单选题）,,无人机的传感器故障可能会导致（）。,图像模糊,无法充电,飞行高度不稳定,自动返航失败,,,C,3（中）,5（好）
,A-B-A-024,B（单选题）,,无人机的通信故障可能会导致（）。,无法接收地面指令,飞行速度加快,摄像头分辨率下降,结构件松动,,,A,3（中）,5（好）
,A-B-A-024,C（判断题）,,无人机的通信故障通常只与遥控器的硬件问题有关。（）,正确,错误,,,,,B,3（中）,5（较好）
,A-B-A-024,C（判断题）,,一般情况下，无人机的环境适应性故障主要是由于恶劣天气条件导致的。（）,正确,错误,,,,,A,3（中）,5（较好）
,A-B-A-025,B（单选题）,,在无人机通信系统故障时，（）是无效的。,检查天线连接,重启通信模块,更换电池,检查周围环境是否有信号干扰,,,C,3（中）,5（好）
,A-B-A-025,B（单选题）,,无人机通信系统故障导致无法接收遥控指令，首先应该检查（）。,遥控器电池,无人机飞控板,通信模块固件,无人机电池,,,A,3（中）,5（好）
,A-B-A-025,B（单选题）,,无人机在飞行中失去视频传输，但遥控信号正常，是（）类型的通信故障。,视频链路故障,遥控链路故障,GNSS信号故障,数据链路故障,,,A,3（中）,5（好）
,A-B-A-025,B（单选题）,,无人机通信系统中，FHSS（跳频扩频）技术主要用于（）。,增加通信距离,减少通信干扰,提高视频质量,增强GPS信号,,,B,3（中）,5（好）
,A-B-A-025,C（判断题）,,无人机通信系统的故障仅发生在硬件出现问题时。（）,正确,错误,,,,,B,3（中）,5（较好）
,A-B-A-025,C（判断题）,,通过优化路径规划和避免已知的干扰源，可以有效降低无人机通信故障的发生率。（）,正确,错误,,,,,A,4（较难）,5（较好）
,A-B-A-026,B（单选题）,,无人机GNSS（全球导航卫星系统）无法定位，首先要检查（）。,GNSS天线是否连接良好,飞控系统的导航算法,电池电量是否充足,周围的磁场环境,,,A,2（易）,5（好）
,A-B-A-026,B（单选题）,,无人机GNSS信号弱的常见原因是（）。,周围有高大建筑物遮挡,飞行速度过快,搭载设备过重,相机处于拍摄状态,,,A,3（中）,5（好）
,A-B-A-026,B（单选题）,,无人机GNSS定位出现较大偏差，可能是因为（）。,卫星信号多径效应,螺旋桨产生的电磁干扰,起落架未收起,视觉传感器故障,,,A,3（中）,5（好）
,A-B-A-026,B（单选题）,,在城市环境中，无人机GNSS故障的概率较高，原因是（）。,电磁干扰较多,空气湿度大,风速变化快,温度过高,,,A,3（中）,5（好）
,A-B-A-026,C（判断题）,,无人机GNSS出现故障时，无人机将完全无法确定自己的位置。（）,正确,错误,,,,,B,3（中）,5（较好）
,A-B-A-026,C（判断题）,,使用多频段GNSS接收器能够改善在城市峡谷等复杂环境中的定位准确性。（）,正确,错误,,,,,A,3（中）,5（较好）
,A-B-A-027,B（单选题）,,无人机飞行中出现姿态摇摆不定的故障，可能是由于（）。,电机转速不平衡,电池电量不足,GNSS信号丢失,通信链路中断,,,A,3（中）,5（好）
,A-B-A-027,B（单选题）,,无人机在空中突然仰头或低头，可能是（）出现问题。,俯仰通道控制,横滚通道控制,偏航通道控制,油门通道控制,,,A,3（中）,5（好）
,A-B-A-027,B（单选题）,,无人机飞行姿态出现高频振动，可能是（）。,电机不平衡或螺旋桨损坏,高度传感器故障,通信系统受到干扰,GNSS系统不稳定,,,A,3（中）,5（好）
,A-B-A-027,B（单选题）,,为了防止飞行姿态故障，无人机操作员应该定期进行（）。,软件更新,硬件清洁和维护,飞行路线规划,飞行速度测试,,,B,3（中）,5（好）
,A-B-A-027,C（判断题）,,无人机飞行姿态故障不会影响其导航系统的准确性。（）,正确,错误,,,,,B,3（中）,5（较好）
,A-B-A-027,C（判断题）,,定期维护和检查无人机的传感器和飞行控制系统能够有效预防飞行姿态故障。（）,正确,错误,,,,,A,4（较难）,5（较好）
,A-B-A-028,B（单选题）,,多旋翼无人机起飞时桨叶旋转但无法离地，可能是因为（）。,螺旋桨转速不够,飞控系统软件更新,通信系统繁忙,视觉系统未启动,,,A,3（中）,5（好）
,A-B-A-028,B（单选题）,,无人机起飞离地几秒钟后迅速下降，可能是（）。,电池电量过低，无法维持飞行高度,起飞场地有斜坡,飞控系统的高度锁定功能开启,螺旋桨长度过长,,,A,3（中）,5（好）
,A-B-A-028,B（单选题）,,固定翼无人机降落时偏出跑道，可能是因为（）。,降落时风向改变,起落架轮胎损坏,相机在降落时拍摄,飞控系统重启,,,A,3（中）,5（好）
,A-B-A-028,B（单选题）,,在寒冷环境下，无人机起飞困难的原因可能是（）。,电池性能下降导致电量不足,电机过热保护启动,GNSS信号不稳定,摄像头结露影响视线,,,A,3（中）,5（好）
,A-B-A-028,C（判断题）,,无人机起飞和降落时遇到强风，可能导致其偏离预定位置或造成姿态不稳定。（）,正确,错误,,,,,A,3（中）,5（较好）
,A-B-A-028,C（判断题）,,即使无人机的传感器和飞行控制系统工作正常，如果起降场地选择不当，也可能导致起飞和降落故障。（）,正确,错误,,,,,A,2（易）,5（较好）
,A-B-A-029,B（单选题）,,在进行无人机故障检测前，首先需要掌握的是（）。,无人机的品牌与价格,无人机的系统构造及各部件功能,无人机的外观颜色与设计,无人机的飞行速度与高度,,,B,3（中）,5（好）
,A-B-A-029,B（单选题）,,无人机常见的故障类型中，不包括（）。,电机故障，如转速不稳或停止转动,遥控器信号丢失，无法控制无人机,电池老化，影响续航时间,飞行区域天气变化,,,D,3（中）,5（好）
,A-B-A-029,B（单选题）,,在识别无人机故障时，应遵循的首要原则是（）。,立即更换故障部件,观察现象，分析原因，逐步排查,忽略小故障，继续飞行,直接咨询制造商获取解决方案,,,B,3（中）,5（好）
,A-B-A-029,B（单选题）,,常用于无人机故障诊断方法是（）。,盲目拆解无人机寻找问题,使用专业的故障诊断软件和工具,仅凭经验判断，不进行任何测试,忽略故障，继续飞行直到无法工作,,,B,3（中）,5（好）
,A-B-A-029,C（判断题）,,在无人机中应用机器学习算法能够增强故障预测的能力，使得故障可以在发生之前被检测到。（）,正确,错误,,,,,A,3（中）,5（较好）
,A-B-A-029,C（判断题）,,无人机故障检测系统仅依赖单一类型的传感器数据即可实现高精度故障诊断。（）,正确,错误,,,,,B,3（中）,5（较好）
,A-B-A-030,B（单选题）,,无人机在飞行过程中，（）不属于常见故障类型。,电机不转或转速异常,电池电量迅速下降,遥控器信号不稳定,飞行区域风力过大,,,D,3（中）,5（好）
,A-B-A-030,B（单选题）,,在无人机故障维修中，（）能有效诊断故障。,随意更换疑似故障部件,使用专业的故障诊断工具和系统,仅凭经验判断，不进行专业检测,忽略微小异常，等待故障自行解决,,,B,3（中）,5（好）
,A-B-A-030,B（单选题）,,进行无人机维修时，（）不属于必备的维修工具或材料。,精密螺丝刀和扳手,专用焊台和焊锡,备用电机和螺旋桨,智能手机和社交媒体应用,,,D,3（中）,5（好）
,A-B-A-030,B（单选题）,,关于无人机电池的维护与保养，做法是正确的是（）。,长期将电池充满电存放,定期检查电池电量，避免过充或过放,随意更换不同品牌、型号的电池,飞行后立即用冷水冲洗电池以降温,,,B,3（中）,5（好）
,A-B-A-030,C（判断题）,,无人机故障维修只需要关注硬件故障，软件故障可以忽略。（）,正确,错误,,,,,B,3（中）,5（较好）
,A-B-A-030,C（判断题）,,在进行无人机故障维修时，遵循制造商提供的维修手册和指南是非常重要的。（）,正确,错误,,,,,A,4（较难）,5（较好）
,A-B-B-001,B（单选题）,,机械图纸中，视图通常包括（）基本类型。,前视图、右视图、顶视图,正视图、侧视图、底视图,主视图、左视图、俯视图,内视图、外视图、剖视图,,,C,2（易）,5（好）
,A-B-B-001,B（单选题）,,在机械图纸中，表面粗糙度的标注通常使用（）符号。,三角形,圆形,矩形,椭圆形,,,A,3（中）,5（好）
,A-B-B-001,B（单选题）,,机械图纸中，尺寸标注的数字后面带有“±0.1”表示（）。,长度为0.1单位,长度误差范围为0.1单位,直径为0.1单位,直径误差范围为0.1单位,,,B,3（中）,5（好）
,A-B-B-001,B（单选题）,,机械图纸中，（）符号用来表示零件的中心线。,实线,点画线,双点画线,虚线,,,D,3（中）,5（好）
,A-B-B-001,C（判断题）,,机械图纸上的所有线条都代表实体结构。（）,正确,错误,,,,,B,3（中）,5（较好）
,A-B-B-001,C（判断题）,,机械图纸必须遵循统一的标准，以确保不同工程师之间的沟通无误。（）,正确,错误,,,,,A,3（中）,5（较好）
,A-B-B-002,B（单选题）,,在识别无人机三视图时，（）视图通常用来展示物体的高度和宽度尺寸。,任何一个视图,左视图,俯视图,主视图,,,D,3（中）,5（好）
,A-B-B-002,B（单选题）,,无人机三视图中，（）视图可以提供物体深度的信息。,左视图,主视图,俯视图,任何一个视图,,,A,3（中）,5（好）
,A-B-B-002,B（单选题）,,在无人机三视图的识别中，（）视图通常用来展示物体的长度和宽度尺寸。,俯视图,主视图,左视图,任何一个视图,,,A,3（中）,5（好）
,A-B-B-002,B（单选题）,,三视图包括主视图、左视图和俯视图，其中主视图是从（）方向观察物体得到的视图。,物体的前面,物体的左面,物体的上面,物体的右面,,,A,3（中）,5（好）
,A-B-B-002,C（判断题）,,三视图包括主视图、俯视图和侧视图，这些视图是从三个正交方向投影得到的。（）,正确,错误,,,,,A,3（中）,5（较好）
,A-B-B-002,C（判断题）,,为了正确解读三视图，必须先理解其中一个视图，然后再将其与其他两个视图结合考虑。（）,正确,错误,,,,,A,3（中）,5（较好）
,A-B-B-003,B（单选题）,,在无人机机械装配图中，（）确定部件之间的装配顺序和相对位置。,仅依靠部件清单中的序号,通过观察部件的形状和大小,参考装配图中的指示箭头和标注,仅依赖装配图的标题说明,,,C,3（中）,5（好）
,A-B-B-003,B（单选题）,,在机械装配图中，用于传递运动和动力的部分是（）。,滚动轴承,轴承座,齿轮箱,皮带轮,,,C,3（中）,4（较好）
,A-B-B-003,B（单选题）,,在阅读无人机机械装配图时，（）是首先要做的。,查看图纸标题栏,分析各个视图,理解组件的功能,标注尺寸和公差,,,A,1（较易）,5（好）
,A-B-B-003,B（单选题）,,在无人机机械装配图中，（）提供了有关结构稳定性测试的结果。,主视图,结构分析图,加载测试报告,安全标准文件,,,B,2（易）,5（好）
,A-B-B-003,C（判断题）,,人机机械装配图中的明细栏只列出了零件的名称和数量，其他信息可以从零件图中获取。（）,正确,错误,,,,,B,1（较易）,5（好）
,A-B-B-003,C（判断题）,,无人机机械装配图中的尺寸公差标注只对加工零件有意义，对装配过程没有影响。（）,正确,错误,,,,,B,2（易）,5（好）
,A-B-B-004,B（单选题）,,机械零件在交变载荷作用下，经过长时间工作发生断裂，这种现象主要与零件的（ ）有关。,硬度,刚度,疲劳强度,韧性,,,C,3（中）,5（好）
,A-B-B-004,B（单选题）,,机械加工工艺过程中，将毛坯加工成零件的基本方法是（ ）。,铸造,锻造,切削加工,热处理,,,C,3（中）,5（好）
,A-B-B-004,B（单选题）,,衡量机械材料弹性变形能力的指标是（ ）。,弹性模量,泊松比,屈服强度,伸长率,,,A,2（易）,5（好）
,A-B-B-004,B（单选题）,,无人机机体通常使用（）材料以实现轻量化和高强度。,铝合金,碳纤维复合,不锈钢,木材,,,B,2（易）,5（好）
,A-B-B-004,C（判断题）,,在无人机机械系统中，金属部件之间的连接只要拧紧就不会出现松动问题。（）,正确,错误,,,,,B,2（易）,5（好）
,A-B-B-004,C（判断题）,,无人机的机械结构强度对于保障飞行安全至关重要。（）,正确,错误,,,,,A,2（易）,5（好）
,A-B-B-005,B（单选题）,,无人机的旋翼通常通过（）方式与电机连接。,焊接,卡扣固定,螺纹连接,磁力吸附,,,C,3（中）,5（好）
,A-B-B-005,B（单选题）,,无人机的机臂与机身连接通常采用（）类型的紧固件。,螺栓和螺母,焊接,胶水粘合,拉链,,,A,3（中）,5（好）
,A-B-B-005,B（单选题）,,无人机的电子设备（如飞控板）与结构件之间的连接通常采用（）方式。,机械固定,磁力吸附,粘接,焊接,,,A,2（易）,5（好）
,A-B-B-005,B（单选题）,,无人机的机械连接中，（）类型的连接最适合用于承受高扭矩。,焊接连接,螺栓连接,铆接连接,胶粘连接,,,B,2（易）,5（好）
,A-B-B-005,C（判断题）,,在高振动环境下飞行的无人机，其机械连接应该采用更具弹性的连接方式，以减少振动传递。（）,正确,错误,,,,,A,2（易）,5（好）
,A-B-B-005,C（判断题）,,对于一些对密封要求较高的无人机部件连接，如电池仓的连接，采用密封胶条配合适当的机械连接方式是一种合理的做法。（）,正确,错误,,,,,A,2（易）,5（好）
,A-B-B-006,B（单选题）,,在无人机的机械传动系统中，（）材料不适合用于制作传动齿轮。,铝合金,不锈钢,尼龙,工程塑料,,,C,3（中）,5（好）
,A-B-B-006,B（单选题）,,无人机的传动系统中，为了减少齿轮传动的噪音和磨损，通常会在齿轮上添加（）。,润滑油,防锈漆,冷却液,绝缘层,,,A,3（中）,4（较好）
,A-B-B-006,B（单选题）,,无人机的传动系统中，链条传动相比于齿轮传动的主要优点是（）。,更大的承载能力,更好的适应性，可以用于长距离传动,更高的传动效率,更好的自润滑性能,,,B,3（中）,5（好）
,A-B-B-006,B（单选题）,,无人机在高速飞行时，为了保持传动系统的稳定性，（）措施是不必要的。,增加传动部件的数量以分散负载,使用高精度的传动部件,定期检查传动部件的磨损情况,保持传动部件的清洁和润滑,,,A,3（中）,5（好）
,A-B-B-006,C（判断题）,,无人机的机械传动系统越复杂，其动力传递效率越高。（）,正确,错误,,,,,B,2（易）,5（好）
,A-B-B-006,C（判断题）,,在无人机机械传动中，链条传动的精度比齿轮传动的精度高。（）,正确,错误,,,,,B,2（易）,5（好）
,A-B-B-007,B（单选题）,,在无人机机械传动系统中，为了提高传动效率，常采用来连接两个轴的方式是（）。,带传动,链传动,齿轮传动,键传动,,,C,3（中）,5（好）
,A-B-B-007,B（单选题）,,在无人机机械传动系统中，为防止过载，通常会安装（）。,熔断器,制动器,弹簧,安全链,,,A,3（中）,4（较好）
,A-B-B-007,B（单选题）,,在大型无人机的机械传动系统中，（）的弹簧通常用于缓冲冲击。,螺旋弹簧,盘簧,气囊弹簧,膜片弹簧,,,B,3（中）,5（好）
,A-B-B-007,B（单选题）,,在大型无人机的机械传动系统中，（）的轴承最适合承受较大的径向负荷。,圆锥滚子轴承,深沟球轴承,角接触球轴承,推力轴承,,,A,3（中）,5（好）
,A-B-B-007,C（判断题）,,在无人机的机械传动部件中，增加润滑可以提高传动效率，但会增加重量。（）,正确,错误,,,,,A,2（易）,5（好）
,A-B-B-007,C（判断题）,,在设计无人机机械传动系统时，只要考虑动力传递的功能即可，不需要考虑散热问题。（）,正确,错误,,,,,B,1（较易）,4（较好）
,A-B-B-008,B（单选题）,,碳纤维复合材料的主要特点不包括（）。,高强度,高韧性,轻质,耐腐蚀,,,B,3（中）,5（好）
,A-B-B-008,B（单选题）,,碳纤维复合材料与其他传统材料相比，最大的缺点是（）。,生产工艺复杂成本高,易燃易爆,易变形寿命短,化学稳定性差,,,A,3（中）,5（好）
,A-B-B-008,B（单选题）,,碳纤维复合材料在无人机领域的应用主要是因为其（）的特点。,低成本,易于加工,高比强度和比刚度,良好的导电性,,,C,2（易）,5（好）
,A-B-B-008,B（单选题）,,碳纤维复合材料的一个主要缺点是（）。,成本较高,不易加工,易受湿气影响,导热性能好,,,A,1（较易）,5（好）
,A-B-B-008,C（判断题）,,碳纤维复合材料是一种良好的导电材料，因为碳纤维本身具有导电性。（）,正确,错误,,,,,A,1（较易）,5（好）
,A-B-B-008,C（判断题）,,碳纤维复合材料的韧性和碳纤维的韧性一样好，在受到撞击时不会断裂。（）,正确,错误,,,,,B,2（易）,5（好）
,A-B-B-009,B（单选题）,,木质材料通常具有（）显著的物理性质。,高导电性,高密度与低导热性,优良的透明性,较低的密度和良好的隔热性,,,D,3（中）,5（好）
,A-B-B-009,B（单选题）,,在力学性能方面，木质材料的一个显著优势是（）。,极高的抗压强度,较差的抗弯强度,优秀的抗拉强度与一定的韧性,极易破碎,,,C,3（中）,5（好）
,A-B-B-009,B（单选题）,,木质材料因（）常被用于提升产品的美观性。,鲜艳的颜色和光泽,独特的纹理和色泽,平滑的表面触感,强烈的反光效果,,,B,1（较易）,5（好）
,A-B-B-009,B（单选题）,,木质材料的吸湿性对其有影响的是（）。,吸水后强度显著增加,几乎不吸水，对性能无影响,吸水后易导致尺寸变化和性能下降,吸水性能取决于表面处理,,,C,3（中）,5（好）
,A-B-B-009,C（判断题）,,木质材料的吸湿性是因为木材会和水发生化学反应，吸收水分。（）,正确,错误,,,,,B,1（较易）,5（好）
,A-B-B-009,C（判断题）,,木材的细胞结构使其具有一定的吸声性能，可用于减少室内回声。（）,正确,错误,,,,,A,2（易）,5（好）
,A-B-B-010,B（单选题）,,塑料在制造过程中通常需要添加的物质是（）。,稳定剂,颜料,填充剂,润滑剂,,,B,3（中）,5（好）
,A-B-B-010,B（单选题）,,塑料的主要缺点是（）。,易变形,不易降解,易老化,易燃易爆,,,B,3（中）,5（好）
,A-B-B-010,B（单选题）,,塑料相比金属材料的一大优势是（）。,更高的熔点,更强的抗拉强度,更轻的重量,更好的导电性,,,C,2（易）,5（好）
,A-B-B-010,B（单选题）,,塑料在无人机制造中最常见的应用是（）。,结构框架,电路连接器,电机,螺旋桨叶片,,,D,2（易）,5（好）
,A-B-B-010,C（判断题）,,注塑成型的无人机塑料零件，其尺寸精度完全由模具决定，与塑料材料本身特性无关。（）,正确,错误,,,,,B,2（易）,5（好）
,A-B-B-010,C（判断题）,,用于无人机螺旋桨的塑料材料，其硬度越高越好，这样能保证螺旋桨的效率。（）,正确,错误,,,,,B,2（易）,5（好）
,A-B-B-011,B（单选题）,,玻璃纤维材料因其（）广泛应用于高温环境。,良好的导电性,高耐热性,易燃性,高吸湿性,,,B,3（中）,5（好）
,A-B-B-011,B（单选题）,,玻璃纤维材料相比金属材料，在（）下更具优势。,强磁场环境,导电性能要求高的场合,腐蚀性介质环境,高压环境,,,C,2（易）,3（中）
,A-B-B-011,B（单选题）,,玻璃纤维材料常用于增强塑料等复合材料中，主要因（）。,绝缘性好,机械强度高,重量重,吸湿性高,,,B,3（中）,5（好）
,A-B-B-011,B（单选题）,,在电气工程中，玻璃纤维材料常被用作（）。,导电材料,绝缘材料,磁性材料,半导体材料,,,B,3（中）,5（好）
,A-B-B-011,C（判断题）,,玻璃纤维在紫外线长时间照射下不会发生性能变化。（）,正确,错误,,,,,B,3（中）,5（好）
,A-B-B-011,C（判断题）,,玻璃纤维在断裂前不会发生明显的变形，属于脆性材料。（）,正确,错误,,,,,A,2（易）,3（中）
,A-B-B-012,B（单选题）,,使用螺丝刀时，（）握持方式是不正确的。,用手掌握住螺丝刀的手柄,用拇指和食指捏住螺丝刀的刀柄,用指尖轻触螺丝刀的刀柄,用整个手掌握住螺丝刀的手柄，手指环绕手柄,,,C,3（中）,5（好）
,A-B-B-012,B（单选题）,,当螺丝刀的刀头磨损或损坏时，（）做法是正确的。,更换新的螺丝刀,使用钳子强行拧动螺丝,用锉刀自行修磨刀头,继续使用，直到完全不能用为止,,,A,3（中）,5（好）
,A-B-B-012,B（单选题）,,使用螺丝刀拧紧螺丝时，（）力是不应该施加的。,侧向力,旋转力,轴向压力,轴向拉力,,,A,2（易）,5（好）
,A-B-B-012,B（单选题）,,当螺丝刀无法拧动紧固的螺丝时，（）做法是正确的。,使用合适的润滑油或松动剂，然后轻轻拧动,使用螺丝刀的刀头作为撬棍,使用螺丝刀的刀柄敲击螺丝,用更大的力气强行拧动,,,A,1（较易）,5（好）
,A-B-B-012,C（判断题）,,可以使用螺丝刀拆卸无人机螺旋桨上的螺丝来更换不同尺寸的螺旋桨，而无需考虑其他因素。(),正确,错误,,,,,B,1（较易）,5（好）
,A-B-B-012,C（判断题）,,在调整无人机相机支架螺丝时，不需要对螺丝刀进行任何清洁处理，直接使用即可。(),正确,错误,,,,,B,1（较易）,5（好）
,A-B-B-013,B（单选题）,,铝合金在常温下的塑性变形能力较差，因此主要用于制造（）。,压力容器,飞机零件,箱包外壳,建筑门窗,,,D,3（中）,5（好）
,A-B-B-013,B（单选题）,,适合用于制作厨房用具的铝合金是（）。,铝-镁合金,铝-铜合金,铝-硅合金,铝-锌合金,,,D,3（中）,4（较好）
,A-B-B-013,B（单选题）,,铝合金在无人机制造中的主要优点是（）。,高强度,重量大,硬度高,维护成本低,,,A,2（易）,5（好）
,A-B-B-013,B（单选题）,,铝合金在无人机制造中主要用于（）。,机身框架,发动机,电子设备,传感器,,,A,2（易）,5（好）
,A-B-B-013,C（判断题）,,铝合金的弹性模量比塑料高。(),正确,错误,,,,,A,2（易）,5（好）
,A-B-B-013,C（判断题）,,无人机使用铝合金材料主要是因为其密度大，可以增加无人机的稳定性。(),正确,错误,,,,,B,3（中）,4（较好）
,A-B-B-014,B（单选题）,,无人机机体结构中，（）部件不直接参与飞行动力的产生。,电机,螺旋桨,电池,机架,,,D,3（中）,5（好）
,A-B-B-014,B（单选题）,,在多旋翼无人机中，用于保持无人机稳定的部件是（）。,电机,电池,遥控器,飞控系统,,,D,3（中）,4（较好）
,A-B-B-014,B（单选题）,,在无人机机体结构中，用于传输飞控系统指令的部件是（）。,电调,GPS模块,电机,遥控器,,,A,2（易）,5（好）
,A-B-B-014,B（单选题）,,无人机机体结构中，用于接收和发送无线信号的部件是（）。,无线图传模块,遥控器,飞控系统,电机,,,A,2（易）,5（好）
,A-B-B-014,C（判断题）,,无人机的机体结构通常由机身、机翼、动力系统、控制系统和传感器等部分组成。（）,正确,错误,,,,,A,3（中）,5（好）
,A-B-B-014,C（判断题）,,无人机的机体结构中，控制系统仅包括飞行控制器，不涉及其他飞行器的控制部件。（）,正确,错误,,,,,B,3（中）,4（较好）
,A-B-B-015,B（单选题）,,无人机动力系统中，电机的主要作用是（）。,提供无人机飞行所需的电力,控制无人机的飞行方向,将电能转化为机械能，驱动螺旋桨旋转,储存无人机所需的能量,,,C,3（中）,5（好）
,A-B-B-015,B（单选题）,,无人机电机的KV值指的是（）。,电机每伏电压提升带来的每分钟转速的增加量,电机的电压,电机的电流,电机的功率,,,A,2（易）,5（好）
,A-B-B-015,B（单选题）,,无人机电机的电调（电子调速器）的主要作用是（）。,调节电机的电压,储存电能,转换电能为机械能,根据控制信号调节电动机的转速,,,D,1（较易）,5（好）
,A-B-B-015,B（单选题）,,无人机电机的外壳内直径和高度通常（）表示。,以毫米为单位，前两位代表直径，后两位代表高度,以英寸为单位，前两位代表直径，后两位代表高度,以毫米为单位，前两位代表高度，后两位代表直径,以英寸为单位，前两位代表高度，后两位代表直径,,,A,2（易）,5（好）
,A-B-B-015,C（判断题）,,无人机电机的转子部分是负责旋转并驱动螺旋桨产生推力的关键部件。（）,正确,错误,,,,,A,3（中）,5（好）
,A-B-B-015,C（判断题）,,电调（ESC）是无人机电机机械结构的组成部分，它负责直接产生推力。（）,正确,错误,,,,,B,3（中）,4（较好）
,A-B-B-016,B（单选题）,,无人机机械装配中，用于校准和调整设备精度的工具是（）。,长度规,角度尺,水平仪,坐标测量机,,,D,2（易）,5（好）
,A-B-B-016,B（单选题）,,在无人机机械装配中，（）用于测量角度和弧度的工具。,圆规,弧度尺,半圆规,角度尺,,,B,2（易）,5（好）
,A-B-B-016,B（单选题）,,在无人机的装配过程中为了高效及方便省力，（）工具被广泛用于拧紧螺丝和螺母。,手动扳手,气动扳手,电动扳手,焊枪,,,C,2（易）,5（好）
,A-B-B-016,B（单选题）,,无人机装配完成后，通常使用（）进行最终的质量检查。,三坐标测量机,微米螺旋测微仪,激光扫描仪,游标卡尺,,,A,2（易）,5（好）
,A-B-B-016,C（判断题）,,在无人机的装配过程中，使用游标卡尺可以精确测量零部件的外径、内径和深度。（）,正确,错误,,,,,A,3（中）,5（好）
,A-B-B-016,C（判断题）,,在无人机装配过程中，扭矩扳手用于测量螺栓的长度。（）,正确,错误,,,,,B,3（中）,4（较好）
,A-B-B-017,B（单选题）,,当使用扭力扳手拧紧螺栓或螺母时，应该（）。,快速、大力地拧紧,缓慢、轻柔地拧紧,慢慢用力，直到感觉到阻力,猛烈地用尽全力拧紧,,,C,3（中）,5（好）
,A-B-B-017,B（单选题）,,使用扭力扳手时，预设扭矩值是为（）。,为了确保螺栓或螺母不会过紧或过松,为了测量螺栓或螺母的大小,为了确定螺栓或螺母的材质,为了计算所需的力量,,,A,2（易）,5（好）
,A-B-B-017,B（单选题）,,在使用扭力扳手时，应该先调整到（）。,最小扭矩值,中间扭矩值,预期扭矩值,最大扭矩值,,,D,1（较易）,5（好）
,A-B-B-017,B（单选题）,,当扭力扳手发出“click”声时代表（）。,已达到预设扭矩值,需要继续施加力量,扭矩值过低,扭矩值过高,,,A,2（易）,5（好）
,A-B-B-017,C（判断题）,,在使用扭矩扳手时，应尽量用力快速施加，以确保扭矩值准确。（）,正确,错误,,,,,B,3（中）,5（好）
,A-B-B-017,C（判断题）,,使用扭矩扳手时，设置的扭矩值应该根据制造商的推荐值来调整。（）,正确,错误,,,,,A,2（易）,5（好）
,A-B-B-018,B（单选题）,,使用万用表测量时，若显示屏显示“OL”，意味着（）。,电路短路,电路断路,测量值超出当前量程的最大值,万用表电池电量不足,,,C,3（中）,5（好）
,A-B-B-018,B（单选题）,,使用万用表测量二极管时，下列正确的做法是（）。,将万用表设置到电阻档，并且红表笔接二极管的正极，黑表笔接负极,将万用表设置到二极管测试档，并且红表笔接二极管的正极，黑表笔接负极,将万用表设置到电压档，并且红表笔接二极管的负极，黑表笔接正极,将万用表设置到电流档，并且直接将表笔跨接在二极管两端,,,B,3（中）,5（好）
,A-B-B-018,B（单选题）,,使用万用表测量直流电压时，关于选择档位并连接测试笔说法正确的是（）。,将万用表设置到交流电压档，并将红表笔插入“VΩmA”孔，黑表笔插入“COM”孔, 将万用表设置到直流电压档，并将红表笔插入“10A”孔，黑表笔插入“COM”孔,将万用表设置到直流电压档，并将红表笔插入“VΩmA”孔，黑表笔插入“COM”孔,将万用表设置到直流电压档，并将红表笔插入“VΩmA”孔，黑表笔插入“COM”孔,,,C,3（中）,5（好）
,A-B-B-018,B（单选题）,,使用万用表测量电阻时，应注意的事项是（）。,测量前无需断开电源,确保被测电阻与电路中的其他元件断开连接,将万用表设置到电流档，并将红表笔插入“10A”孔，黑表笔插“COM”孔, 选择最小的电阻量程开始测量，以获得最精确的结果,,,B,3（中）,5（好）
,A-B-B-018,C（判断题）,,测量高电压时，无需佩戴绝缘手套，只需注意表笔位置即可。（ ）,正确,错误,,,,,B,3（中）,5（好）
,A-B-B-018,C（判断题）,, 使用万用表测量电流时，万用表应串联到电路中。（ ）,正确,错误,,,,,A,2（易）,5（好）
,A-B-B-019,B（单选题）,,无人机的机械装配中，（ ）是最常用工具。,刷子,螺丝刀,锤子,热熔枪,,,B,3（中）,4（较好）
,A-B-B-019,B（单选题）,,在无人机机械装配中，（）是最常见的连接方式。,螺纹连接,焊接连接,胶水粘合,电磁吸力连接,,,A,3（中）,5（好）
,A-B-B-019,B（单选题）,,在装配多旋翼无人机时，为了确保电机的平衡和对角线上的电机转动方向相反，应采取的措施是（）。,安装电机后，依靠飞控软件调整,仅依靠电机的外观来安装,使用标记或颜色编码来区分电机,仅依靠电机的型号来安装,,,C,2（易）,5（好）
,A-B-B-019,B（单选题）,,在无人机机械装配中，正确选择螺丝长度的方法是（）。,螺丝长度不重要，只要能拧紧即可,选择长度适中的螺丝以确保紧固,选择尽可能短的螺丝以便于安装,选择尽可能长的螺丝以确保牢固,,,B,1（较易）,5（好）
,A-B-B-019,C（判断题）,,在无人机机械装配时，所有螺钉都应紧固到位，但要避免过度拧紧，以免损坏框架或电机固定座。（）,正确,错误,,,,,A,3（中）,5（好）
,A-B-B-019,C（判断题）,,在装配无人机时，电池和电调连接时无需特别注意电池的极性，随便连接即可。（）,正确,错误,,,,,B,2（易）,5（好）
,A-B-B-020,B（单选题）,,无人机装配场地应保持良好通风，其主要目的是（ ）。,降低室内温度，提高装配舒适度,防止装配人员缺氧,排除焊接、胶接等过程产生的有害气体,让零件干燥，便于装配,,,C,3（中）,5（好）
,A-B-B-020,B（单选题）,,无人机机械装配区域应保持（）的环境条件以确保安全。,杂乱无章以显示工作的繁忙,干燥且通风良好,高温高湿以测试设备耐受性,充满强烈化学气味以提高警觉性,,,B,3（中）,5（好）
,A-B-B-020,B（单选题）,,在装配有电池的无人机部件时，为避免短路起火，最重要的是（ ）。,快速完成装配，减少电池暴露时间,装配前确保双手干燥,使用绝缘工具操作,边装配边用风扇给电池降温,,,C,1（较易）,5（好）
,A-B-B-020,B（单选题）,,在无人机机械装配过程中，使用个人防护装备的主要目的是（）。,提高装配效率,保护操作人员免受伤害,降低生产成本,增加设备美观度,,,B,2（易）,5（好）
,A-B-B-020,C（判断题）,,在进行无人机机械装配时，操作人员应该佩戴安全防护眼镜和手套，以防止螺钉或其他小零件飞溅伤人。（）,正确,错误,,,,,A,3（中）,5（好）
,A-B-B-020,C（判断题）,,在进行无人机电机和螺旋桨的安装时，应确保电机没有通电，以避免意外启动造成伤害。（）,正确,错误,,,,,A,2（易）,5（好）
,A-B-C-001,B（单选题）,,（）是电阻的单位。,Ohm(欧姆),Volt(伏特),Ampere(安培),Watt(瓦特),,,A,3（中）,5（好）
,A-B-C-001,B（单选题）,,（）是在电子电路中用来控制电流的流动的元件。,Resistor(电阻器),Capacitor(电容器),Transistor(晶体管),Inductor(电感器),,,C,3（中）,4（较好）
,A-B-C-001,B（单选题）,,电容器的作用是（）。,储存电荷,控制电流的流动,改变电压,产生电能,,,A,2（易）,5（好）
,A-B-C-001,B（单选题）,,电子电路中的“导线”通常用来（）。,控制电流的方向,连接电路组件,产生电能,存储能量,,,B,2（易）,5（好）
,A-B-C-001,C（判断题）,,在无人机电子电路中，电流的单位是伏特（V）。（）,正确,错误,,,,,B,3（中）,5（好）
,A-B-C-001,C（判断题）,,无人机电路中的电阻可以通过欧姆定律（V=IR）来计算，其中V表示电压，I表示电流，R表示电阻。（）,正确,错误,,,,,A,3（中）,4（较好）
,A-B-C-002,B（单选题）,,电容器的基本特性是（）。,存储电能并释放电能,转换电能与热能,放大电流,阻断直流电并允许交流电通过,,,A,3（中）,5（好）
,A-B-C-002,B（单选题）,,电容器在直流电路中的主要作用是（）。,放大电压,?存储电荷,消耗电能,阻止电流通过,,,B,3（中）,4（较好）
,A-B-C-002,B（单选题）,,电容的单位是（）。, 欧姆（Ω）,法拉（F）,亨利（H）,伏特（V）,,,D,2（易）,5（好）
,A-B-C-002,B（单选题）,,在交流电路中，与电容器对交流电的阻碍作用有关的因素是（）。,?交流电的频率,电容器的电容值,交流电的电压,交流电的相位,,,A,2（易）,5（好）
,A-B-C-002,C（判断题）,,电容器能够无限期地存储电荷而不泄漏。（）,正确,错误,,,,,B,3（中）,5（好）
,A-B-C-002,C（判断题）,,在交流电路中，电容器的阻抗随着交流电频率的增加而减小。（）,正确,错误,,,,,A,3（中）,4（较好）
,A-B-C-003,B（单选题）,,二极管的核心特性是（）。,双向导电性,单向导电性,恒流特性,恒压特性,,,B,2（易）,5（好）
,A-B-C-003,B（单选题）,,在正常工作时，二极管的正向电阻与反向电阻相比，两者相比（）。,?正向电阻远大于反向电阻,?两者相等,正向电阻远小于反向电阻,正向电阻大于或等于反向电阻,,,C,3（中）,5（好）
,A-B-C-003,B（单选题）,,二极管在反向截止状态下，其主要作用是,放大电流,允许大电流通过,几乎阻断电流,提供稳定的电压输出,,,C,3（中）,5（好）
,A-B-C-003,B（单选题）,,不影响二极管的导通电压的因素是（）。,二极管的材料,二极管的工作温度,通过二极管的电流大小,二极管的类型（如硅二极管或锗二极管）,,,C,3（中）,5（好）
,A-B-C-003,C（判断题）,,二极管在正向偏置时，其正向电流随正向电压的增加而线性增加。（）,正确,错误,,,,,B,2（易）,5（好）
,A-B-C-003,C（判断题）,,二极管可以作为整流器使用，将交流电转换为直流电。（）,正确,错误,,,,,A,3（中）,5（好）
,A-B-C-004,B（单选题）,,电气原理图中，连接线的交点如果没有特殊标记，则意味着()。,导线在此处连接,导线在此处断开,导线在此处有特殊要求,导线在此处有附加元件,,,A,3（中）,4（较好）
,A-B-C-004,B（单选题）,,在电气原理图中，“L1、L2、L3”一般表示()。,三相交流电的三个相序,三条不同颜色的导线,三个不同的电气元件,三个不同的电流等级,,,A,3（中）,5（好）
,A-B-C-004,B（单选题）,,在电气原理图中，电路的正极通常用什么符号表示()。,+,-,~,*,,,A,2（易）,5（好）
,A-B-C-004,B（单选题）,,"在电气原理图中，导线的编号“W1,W2,W3”代表了()。",导线颜色,导线长度,导线截面面积,导线的连接顺序,,,D,2（易）,5（好）
,A-B-C-004,C（判断题）,,在无人机的电气原理图中，如果一个电阻并联于电源电路中，则它的电阻值会直接影响整个电路的总电流。（）,正确,错误,,,,,A,2（易）,5（好）
,A-B-C-004,C（判断题）,,在无人机电路的电气图中，二极管的符号通常是一个三角形指向一条线，表示电流只能单方向流动。（）,正确,错误,,,,,A,3（中）,5（好）
,A-B-C-005,B（单选题）,,气压高度计是利用（）原理来测量高度的仪器。,激光测距,雷达探测,气压变化,立体几何计算,,,C,3（中）,5（好）
,A-B-C-005,B（单选题）,,随着海拔高度的上升，大气压力（）变化，这是气压高度计工作的基础原理之一。,上升,下降,保持不变,无法确定,,,B,3（中）,3（中）
,A-B-C-005,B（单选题）,,气压高度计中，（）部件是感应大气静压力的敏感元件。,机械传动机构,真空膜盒,静压导管,指示部件,,,B,4（较难）,5（好）
,A-B-C-005,B（单选题）,,气压高度计在（）领域有着广泛的应用。,医学诊断,农业灌溉,航空飞行,建筑施工,,,C,3（中）,5（好）
,A-B-C-005,C（判断题）,,气压高度计的读数可以直接与海平面高度对应，但需要根据当前的温度、气压和天气条件进行修正才能准确计算。（）,正确,错误,,,,,A,3（中）,5（好）
,A-B-C-005,C（判断题）,,气压高度计通过测量大气压的变化来确定飞行器的高度，因此其读数会随环境气压的变化而波动。（）,正确,错误,,,,,A,3（中）,3（中）
,A-B-C-006,B（单选题）,,无人机惯性测量单元（IMU）主要用于测量（）参数。,电磁信号强度,气压变化,物体姿态、角速度和加速度,地面高度,,,C,3（中）,5（好）
,A-B-C-006,B（单选题）,,IMU通过（）主要组件来实现其功能。,磁力计和超声波传感器,陀螺仪和加速度计,激光雷达和摄像头,气压计和温度传感器,,,B,3（中）,5（好）
,A-B-C-006,B（单选题）,,在无人机应用中，IMU主要用于（）方面。,地图绘制与导航,视频拍摄与传输,姿态控制、导航和定位,环境温度监测,,,C,5（难）,5（好）
,A-B-C-006,B（单选题）,,IMU相比其他定位技术，其显著特点是（）。,依赖GPS信号,抗干扰能力强，不依赖外界信号,精度随时间累积误差大,无法进行姿态测量,,,B,3（中）,5（好）
,A-B-C-006,C（判断题）,,惯性测量单元（IMU）通过加速度计、陀螺仪和磁力计的组合来测量无人机的加速度、角速度和航向，但无法直接测量速度和位置。（）,正确,错误,,,,,A,3（中）,5（好）
,A-B-C-006,C（判断题）,,IMU在长时间使用过程中，由于传感器的累积误差（如零偏和噪声），需要定期进行校准，以避免飞行状态误差的显著增加。（）,正确,错误,,,,,A,3（中）,5（好）
,A-B-C-007,B（单选题）,,无人机电气系统安装中，用于测量电阻的仪器是（）。,示波器,频率计数器,兆欧表,LCR测量表,,,D,3（中）,5（好）
,A-B-C-007,B（单选题）,,在无人机电气系统调试过程中，用于测试电机转向和转速的工具是（）。,伺服舵机测试仪,振动检测仪,遥控器,兆欧表,,,A,3（中）,5（好）
,A-B-C-007,B（单选题）,,无人机电气系统安装中，用于测量电流的仪器是（）。,兆欧表,万用表,示波器,LCR测量表,,,B,3（中）,5（好）
,A-B-C-007,B（单选题）,,无人机电气系统安装中，用于测量电路板或电线是否导通的工具是（）。,电压表,万用表,功率计,频率计,,,B,2（易）,5（好）
,A-B-C-007,C（判断题）,,电压表和电流表的接入方式不同：电压表通常串联在电路中，而电流表则应并联接入电路。（）,正确,错误,,,,,B,3（中）,5（好）
,A-B-C-007,C（判断题）,,在无人机电器系统的安装过程中，使用示波器可以实时观察电路中的电压波形，以便检查信号的质量和干扰情况。（）,正确,错误,,,,,A,3（中）,5（好）
,A-B-C-008,B（单选题）,,无人机电气系统一般包括（）三个部分。,电源、电缆、接插件,电缆、供电系统、用电设备,电池、电机、电调,电源、配电系统、用电设备,,,D,3（中）,4（较好）
,A-B-C-008,B（单选题）,,无人机电气系统中，电调（电子调速器）的主要功能是（）。,控制电机转速,存储飞行数据,测量电池电压,传输控制信号,,,A,3（中）,5（好）
,A-B-C-008,B（单选题）,,无人机电气系统中，（）部件不直接参与电能的传输。,电缆,电机,电池,电调,,,B,2（易）,5（好）
,A-B-C-008,B（单选题）,,无人机电气系统中，用电设备通常指的是（）设备。,电池和电机,电调和电缆,飞控系统和传感器,螺旋桨和机架,,,C,2（易）,5（好）
,A-B-C-008,C（判断题）,,无人机电器系统中的电缆通常使用铜线或铝线，而在高频信号传输中，更倾向于使用具有较低介电常数的材料来降低信号衰减。（）,正确,错误,,,,,A,3（中）,4（较好）
,A-B-C-008,C（判断题）,,在无人机电器系统中，使用镀金连接器可以提高电接触的可靠性，因为镀金层具有良好的导电性和抗腐蚀性。（）,正确,错误,,,,,A,3（中）,5（好）
,A-B-C-009,B（单选题）,,在无人机电气安装过程中，对于重要的部件或线路，通常需要进行的保护措施是（）。,涂漆,隔离,屏蔽,封装,,,D,3（中）,4（较好）
,A-B-C-009,B（单选题）,,无人机电气安装时，保证电气系统的稳定性与安全性的做法是（）。,合理布局、选择合适的元器件并确保电气系统接地良好,尽可能多的使用电容和电感进行滤波处理,使用高功率电源供电,在无人区域进行试验,,,A,3（中）,5（好）
,A-B-C-009,B（单选题）,,在无人机电气安装过程中，（）对于确保系统的可靠性至关重要。,使用尽可能多的电缆连接,高质量的接线端子和插头,电缆的颜色编码,电缆的长度,,,B,2（易）,5（好）
,A-B-C-009,B（单选题）,,为了减少电磁干扰，无人机的电气布线应该（）。,尽可能密集地布置所有电缆,使用屏蔽电缆并合理布局,使用非屏蔽电缆,不需要特别注意,,,C,2（易）,5（好）
,A-B-C-009,C（判断题）,,在无人机电气安装过程中，所有电缆的布线必须避免与高温部件直接接触，同时应使用抗干扰性强的屏蔽电缆，以减少电磁干扰。（）,正确,错误,,,,,A,3（中）,4（较好）
,A-B-C-009,C（判断题）,,无人机电气系统安装时，电缆应使用标准接头和插头进行连接，且插头的接触部分不应暴露在外部环境中，以防止水分和灰尘侵入。（）,正确,错误,,,,,A,3（中）,5（好）
,A-B-C-010,B（单选题）,,在进行无人机电气安装时，（）措施是确保电源线路安全的关键步骤。,仅使用标准电源线并随意接线,仔细检查电源线绝缘层是否有破损,直接将电源线焊接到电路板上,忽略电源线布局，以方便安装为主,,,B,3（中）,5（好）
,A-B-C-010,B（单选题）,,在安装无人机的电池管理系统时，（）处理电池之间的连接。,直接用导线将电池串联起来,使用电池管理模块进行连接,使用电烙铁焊接电池,使用插头连接电池,,,B,3（中）,3（中）
,A-B-C-010,B（单选题）,,在无人机电气安装中，（）有助于防止电路短路。,使用过长的电缆并缠绕在一起,使用合适的线束管理技术,使用尽可能多的连接器,安装尽可能多的电子设备,,,B,3（中）,5（好）
,A-B-C-010,B（单选题）,,无人机电气系统中，对电缆进行标记是为了（）。,使外观更美观,方便未来的故障排除和维护,增加电缆的重量,减少电缆的灵活性,,,B,2（易）,5（好）
,A-B-C-010,C（判断题）,,无人机电气系统中的接地系统安装时，所有接地线应确保直接连接至机身金属部分，并避免使用塑料和非导电材料作为接地线。（）,正确,错误,,,,,A,3（中）,5（好）
,A-B-C-010,C（判断题）,,在无人机电气系统的安装过程中，为了提高系统的可靠性，所有的电气元件应当通过快速连接器进行安装，这样便于后期的检修和更换。（）,正确,错误,,,,,B,3（中）,3（中）
,A-B-C-011,B（单选题）,,为了保证无人机电气系统的安全性，（）的步骤是必要的。,定期检查电线是否有磨损或损坏,在电池电量充足时进行飞行,使用非原装充电器为电池充电,将多台无人机的电源线连接在一起,,,A,3（中）,5（好）
,A-B-C-011,B（单选题）,,（）的行为可能会导致无人机电气系统的接触不良。,清洁无人机的电路板,更换电池时使用正确的工具,将无人机暴露在潮湿的环境中,将电源线连接到正确的插头,,,C,3（中）,5（好）
,A-B-C-011,B（单选题）,,无人机电气系统中使用绝缘胶带是为了（）。,仅为了美观,防止电线磨损和短路,增加系统的复杂性,减少信号干扰,,,B,3（中）,5（好）
,A-B-C-011,B（单选题）,,在无人机电气系统中安装保险丝或断路器的主要目的是（）。,增加系统的复杂性,提高传输距离,保护电路免受过载,减少信号干扰,,,C,3（中）,5（好）
,A-B-C-011,C（判断题）,,在无人机电气系统的安装过程中，为了防止电气短路，所有电缆应使用合适的电缆保护套管，且在安装过程中应避免电缆受拉或压迫。（）,正确,错误,,,,,A,3（中）,5（好）
,A-B-C-011,C（判断题）,,为了提高无人机电气系统的安全性，所有电气元件应当使用过载保护器，以防止电流过大引起设备损坏或火灾。（）,正确,错误,,,,,A,3（中）,5（好）
,A-B-C-012,B（单选题）,,如果在无人机飞行中电池电量突然耗尽，（）应急措施是正确的。,立即关闭所有非关键系统以节省电力,尝试重启无人机的电气系统,立即进行紧急降落,继续飞行直到找到安全着陆点,,,C,3（中）,5（好）
,A-B-C-012,B（单选题）,,无人机在飞行中失去动力时，应采取的应急措施包括（）。,切换到备用电源,立即执行紧急程序，包括可能的紧急着陆,尝试重新启动电机,增加电机的供电电压,,,B,3（中）,5（好）
,A-B-C-012,B（单选题）,,如果在无人机电气系统维护中发现电调（电子调速器）过热，应（）。,继续使用，直到出现故障,使用水冷却电调,立即停止使用并检查散热系统,增加电压以提高散热效率,,,C,5（难）,5（好）
,A-B-C-012,B（单选题）,,发现无人机电机在启动时发出异常噪音，应采取的应急措施是（）。,继续飞行，噪音可能很快消失,停止电机，检查电机和螺旋桨,增加电机供电电压以克服噪音,减少电机供电电压以克服噪音,,,B,3（中）,5（好）
,A-B-C-012,C（判断题）,,若在无人机电气系统安装后，出现系统电压不稳定的问题，应首先检查所有电气接头的连接是否紧固，必要时进行重新连接，并避免直接接触高压电气部件。（）,正确,错误,,,,,A,3（中）,5（好）
,A-B-C-012,C（判断题）,,在无人机电气安装过程中，如果发现电池连接出现异常（如电池过热或电流异常），应立即断开电池电源并进行冷却处理，以避免电池发生危险。（）,正确,错误,,,,,A,3（中）,5（好）
,A-B-D-001,B（单选题）,,计算机终端设备通常由（）部分组成。,显示器、键盘、鼠标、处理器、接口连接设备,显示器、打印机、扫描仪、路由器,键盘、音响、麦克风、摄像头,处理器、内存、硬盘、显卡,,,A,3（中）,5（好）
,A-B-D-001,B（单选题）,,在计算机终端设备中，显示器的作用是（）。,存储数据,运算数据,输入数据,输出数据,,,D,3（中）,5（好）
,A-B-D-001,B（单选题）,,在计算机终端设备中，负责处理和控制数据的是（）。,中央处理器（CPU）,存储设备,输入设备,输出设备,,,A,3（中）,5（好）
,A-B-D-001,B（单选题）,,计算机终端设备中的存储设备是用来做（）。,存储数据和程序,处理数据,控制数据传输,输入和输出数据,,,A,3（中）,5（好）
,A-B-D-001,C（判断题）,,无人机的飞行日志可以通过计算机终端设备进行存储和分析。（）,正确,错误,,,,,A,3（中）,5（好）
,A-B-D-001,C（判断题）,,无人机飞行前的检查可以通过计算机终端设备进行。（）,正确,错误,,,,,A,3（中）,5（好）
,A-B-D-002,B（单选题）,,计算机操作系统的主要功能不包括（）。,管理计算机硬件资源,提供用户界面,编写应用程序,管理文件和目录,,,A,3（中）,5（好）
,A-B-D-002,B（单选题）,,（）操作系统主要用于移动设备。,Android,Linux,WindowsServer,Unix,,,A,3（中）,5（好）
,A-B-D-002,B（单选题）,,在操作系统中，负责内存管理的组件是（）。,文件系统,内核,驱动程序,用户界面,,,B,2（易）,5（好）
,A-B-D-002,B（单选题）,,（）选项是开源操作系统。,Windows,macOS,Linux,iOS,,,C,2（易）,5（好）
,A-B-D-002,C（判断题）,,在无人机操作系统中，实时操作系统（RTOS）通常被用于飞行控制系统，因为它能够确保任务按严格的时间要求完成，避免延迟对飞行安全造成影响。（）,正确,错误,,,,,A,3（中）,5（好）
,A-B-D-002,C（判断题）,,无人机使用的计算机操作系统必须具备高效的任务调度能力和强大的资源管理功能，以确保多任务并行处理，同时保持系统稳定性和低功耗。（）,正确,错误,,,,,A,3（中）,5（好）
,A-B-D-003,B（单选题）,,计算机网络中，保障无人机数据传输有序进行的协议是（ ）。,HTTP,TCP,IP,UDP,,,B,3（中）,5（好）
,A-B-D-003,B（单选题）,,实现多架无人机在同一区域内同时与计算机网络稳定连接，（）是最合适的网络拓扑结构。,总线型,星型,环型,树型,,,B,3（中）,5（好）
,A-B-D-003,B（单选题）,,在利用计算机网络远程操控无人机时，（）对于减少网络延迟最为关键。,高性能显卡,快速的 CPU,高带宽网络适配器,大容量内存,,,C,3（中）,5（好）
,A-B-D-003,B（单选题）,,计算机网络中（）协议主要用于无线局域网中的通信。,HTTP,FTP,TCP/IP,Wi-Fi,,,D,3（中）,5（好）
,A-B-D-003,C（判断题）,,无人机在计算机网络中的 IP 地址是固定不变的，设定后就不能更改。(),正确,错误,,,,,B ,3（中）,5（好）
,A-B-D-003,C（判断题）,,无人机的飞行数据可以通过计算机网络进行存储和分析。(),正确,错误,,,,,A,3（中）,5（好）
,A-B-D-004,B（单选题）,,为了防止计算机病毒传播，最有效的措施是（）。,不使用外部存储设备,定期更新杀毒软件的病毒库,断开计算机与网络的连接,只使用正版软件,,,B,3（中）,5（好）
,A-B-D-004,B（单选题）,,（）是DDoS攻击。,拒绝服务攻击,分布式拒绝服务攻击,数据驱动的拒绝服务攻击,集中式拒绝服务攻击,,,B,3（中）,5（好）
,A-B-D-004,B（单选题）,,为了保护计算机不受恶意软件的侵害，（）做法是最有效的。,定期清理计算机垃圾文件,从不下载未知来源的文件,安装和更新防病毒软件,仅使用计算机进行文字处理,,,C,2（易）,5（好）
,A-B-D-004,B（单选题）,,为了保护个人隐私，（）密码设置方法是不推荐的。,所有账户使用相同的密码,使用包含数字、字母和特殊字符的复杂密码,定期更换密码,使用密码管理器生成和存储密码,,,A,2（易）,5（好）
,A-B-D-004,C（判断题）,,安装一款正版杀毒软件后，计算机就绝对安全，不会受到任何病毒或恶意软件的攻击。（）,正确,错误,,,,,B,3（中）,5（好）
,A-B-D-004,C（判断题）,,只要不连接互联网，计算机就不需要进行安全防护。（）,正确,错误,,,,,B,3（中）,5（好）
,A-B-D-005,B（单选题）,,在无人机调试过程中，（）软件通常用于配置和调试飞控系统。,QGroundControl,Adobe Photoshop,Microsoft Excel,Google Earth,,,A,3（中）,5（好）
,A-B-D-005,B（单选题）,,（）不属于无人机调试软件的主要功能。,代码编写,测试执行,错误诊断,报告生成,,,A,3（中）,5（好）
,A-B-D-005,B（单选题）,,无人机调试软件中的“地面控制站（GCS）”主要用于（）功能。,调整无人机的外观设计,实时监控飞行状态并做参数调整,提供飞行时的电池电量,查看无人机拍摄的画面,,,B,2（易）,5（好）
,A-B-D-005,B（单选题）,,无人机调试软件中的“校准传感器”功能是为了（）。,提升无人机最大飞行速度,提升无人机的最大飞行高度,提升无人机的飞行稳定性,提升无人机的机动性,,,C,2（易）,5（好）
,A-B-D-005,C（判断题）,,无人机调试软件可以随意从任何非官方渠道下载，不会对无人机的调试产生安全风险。（）,正确,错误,,,,,B,2（易）,5（好）
,A-B-D-005,C（判断题）,,只要无人机能正常飞行，就不需要使用调试软件对其进行参数检查和更新。（）,正确,错误,,,,,B,2（易）,5（好）
,A-B-D-006,B（单选题）,,（）软件通常用于无人机的飞行路径规划和模拟。,AdobePhotoshop,MissionPlanner,MicrosoftWord,GoogleChrome,,,B,3（中）,5（好）
,A-B-D-006,B（单选题）,,用于无人机实时参数监控和调试的软件是（）。,MAVProxy,Excel,PowerPoint,AutoCAD,,,A,3（中）,5（好）
,A-B-D-006,B（单选题）,,（）软件可以用于无人机的仿真测试和开发环境。,Gazebo,UnrealEngine,Audacity,Blender,,,A,2（易）,5（好）
,A-B-D-006,B（单选题）,,无人机飞控软件开发中，常用的编程环境软件是（）。,VLCMediaPlayer,iTunes,VisualStudioCode,Spotify,,,C,2（易）,5（好）
,A-B-D-006,C（判断题）,,大疆的Assistant2调参软件仅适用于大疆的消费级无人机。（）,正确,错误,,,,,B,2（易）,5（好）
,A-B-D-006,C（判断题）,,Betaflight调参软件只支持多旋翼无人机，不支持固定翼无人机。（）,正确,错误,,,,,B,2（易）,5（好）
,A-B-D-007,B（单选题）,,主要用于文档的创建、编辑、排版和格式化，广泛应用于报告、论文、简历等文档的制作，（）是常用软件。,Excel,PowerPoint,Word,Access,,,C,2（易）,5（好）
,A-B-D-007,B（单选题）,,专门用于电子表格的创建、数据输入、处理、分析和可视化，支持复杂的数据计算和图表生成的软件是（）。,Word,Excel,PowerPoint,Outlook,,,B,2（易）,5（好）
,A-B-D-007,B（单选题）,,用于制作幻灯片、演示文稿和演示报告，支持文本、图片、音频和视频等多种元素的整合与展示的软件是（）。,Excel,Word,PowerPoint,Access,,,C,3（中）,5（好）
,A-B-D-007,B（单选题）,,用于数据的定义、存储、查询、更新和管理，支持数据的结构化存储和高效检索的系统软件是（）。,PowerPoint,Word,Access,Outlook,,,C,3（中）,5（好）
,A-B-D-007,C（判断题）,,常用办公软件仅包括文档处理软件和电子表格软件。（）,正确,错误,,,,,B,3（中）,5（好）
,A-B-D-007,C（判断题）,,Microsoft Access 是一款专注于数据分析和处理的大数据分析工具，而非用于创建数据库（）。,正确,错误,,,,,B,3（中）,5（好）
,A-B-D-008,B（单选题）,,在Excel中，若要对数据进行筛选，以便只显示满足特定条件的行，应使用的功能是（）。,排序功能,条件格式,筛选器（在数据选项卡下）,查找和替换,,,C,3（中）,5（好）
,A-B-D-008,B（单选题）,,若要在Word中实现多人同时编辑文档，并实时查看他人的更改，应使用的功能是（）。,将文档保存为PDF格式,使用“共享”功能并邀请他人协作,将文档打印出来，然后分发给团队成员,插入选项卡下的“批注”功能,,,B,2（易）,5（好）
,A-B-D-008,B（单选题）,,在PowerPoint中，若要添加一张新的幻灯片，应点击的按钮是（）。,“文件”选项卡下的“新建”,“开始”选项卡下的“新建幻灯片”,幻灯片浏览窗格中的“+”图标,右键点击现有幻灯片，选择“新建幻灯片”,,,B,1（较易）,5（好）
,A-B-D-008,B（单选题）,,在Excel中，若要对表格中的数据按某一列进行排序，应执行的操作是（）。,使用“开始”选项卡下的“条件格式”,点击该列标题，选择排序方式,在“数据”选项卡下，选择“筛选”功能,插入新的列来手动排序,,,B,3（中）,5（好）
,A-B-D-008,C（判断题）,,在文字处理软件中，只能通过鼠标来进行文本的选中操作。（）,正确,错误,,,,,B,3（中）,5（好）
,A-B-D-008,C（判断题）,,在电子表格软件中，函数的参数是固定不变的，不能根据具体需求修改。（）,正确,错误,,,,,B,3（中）,5（好）
,A-B-E-001,B（单选题）,,用人单位违反劳动保护法的规定，对劳动者造成损害的，应当承担（）责任。,经济赔偿责任,行政责任,刑事责任,民事责任,,,D,3（中）,5（好）
,A-B-E-001,B（单选题）,,劳动保护的主要目的是（）。,增加工作时间,提高工作效率,保障员工健康和安全,减少企业利润,,,C,1（较易）,5（好）
,A-B-E-001,B（单选题）,,劳动保护措施包括（）。,工作环境、设备、培训等,工资、福利、假期等,工作时间、休息时间、加班费等,员工的个人喜好,,,A,2（易）,5（好）
,A-B-E-001,B（单选题）,,劳动保护对于经济发展有（）的作用。,阻碍经济发展,促进经济可持续发展,增加企业负担,减少就业机会,,,B,2（易）,5（好）
,A-B-E-001,C（判断题）,,劳动保护只涉及到劳动者在工作场所的人身安全，不包括心理健康。（）,正确,错误,,,,,B,3（中）,5（好）
,A-B-E-001,C（判断题）,,只要劳动者自己注意安全，用人单位就不需要提供劳动保护用品。（）,正确,错误,,,,,B,3（中）,5（好）
,A-B-E-002,B（单选题）,,在安全生产工作中，必须坚持“谁主管、谁负责”的原则请问，“谁主管”是指（）。,女职工和未成年工特殊保护,各级党委及其领导成员,各级安全生产监督管理部门,各级企业事业单位的主要负责人,,,D,3（中）,5（好）
,A-B-E-002,B（单选题）,,安全生产的“四不放过”原则是（）。,事故原因未查清不放过、责任人未处理不放过、整改措施未落实不放过、有关人员未受到教育不放过,事故损失未赔偿不放过、责任人未处理不放过、整改措施未落实不放过、受害者未安抚不放过,事故原因未查清不放过、受害者未安抚不放过、整改措施未落实不放过、有关人员未受到教育不放过,事故原因未查清不放过、责任人未处理不放过、受害者未安抚不放过、有关人员未受到教育不放过,,,A,2（易）,5（好）
,A-B-E-002,B（单选题）,,安全生产的“三同时”原则指的是（）。,同时设计、同时施工、同时投产,同时计划、同时实施、同时总结,同时设计、同时施工、同时验收,同时设计、同时施工、同时投产使用,,,D,2（易）,5（好）
,A-B-E-002,B（单选题）,,安全生产"预防为主"原则的核心内容是（）。,强调事故后果的补偿,强调消除事故隐患并防范风险,强调事后追责和整改,强调生产效率高于安全,,,B,2（易）,5（好）
,A-B-E-002,C（判断题）,,在安全生产中，只要最终产品质量合格，稍微违反一点安全原则也是可以的。（）,正确,错误,,,,,B,3（中）,5（好）
,A-B-E-002,C（判断题）,,安全生产原则只适用于一线生产工人，管理人员不需要遵循。（）,正确,错误,,,,,B,3（中）,5（好）
,A-B-E-003,B（单选题）,,（）最适合用于防火墙建设。,木材,石膏板,钢筋混凝土,泡沫塑料,,,C,3（中）,5（好）
,A-B-E-003,B（单选题）,,（）是有效的消防安全措施之一。,定期进行消防演练,只在发生火灾时进行处理,让员工自行判断火灾危险,关闭所有电器设备即可避免火灾,,,A,3（中）,5（好）
,A-B-E-003,B（单选题）,,如果身上着火了，应该（）自救。,快速奔跑呼救,就地打滚将火苗压灭,用手拍打火焰,穿过浓烟区域寻找出口,,,B,2（易）,5（好）
,A-B-E-003,B（单选题）,,为确保无人机产线消防安全，车间内灭火器的最大保护距离不宜超过（  ）。,15 米,20 米,25 米,30 米,,,C,1（较易）,5（好）
,A-B-E-003,C（判断题）,,只要安装了火灾自动报警系统，就可以完全不用担心火灾发生了。（）,正确,错误,,,,,B,1（较易）,5（好）
,A-B-E-003,C（判断题）,,消防通道在没有火灾的时候可以临时堆放一些物品。（）,正确,错误,,,,,B,1（较易）,5（好）
,A-B-E-004,B（单选题）,,在重大事故应急救援体系中，（）组织的重要职责是尽可能、尽快地控制并消除事故，营救受害人员。,应急救援专家组,医疗救治,消防与抢险,洗消去污组织,,,C,1（较易）,5（好）
,A-B-E-004,B（单选题）,,根据《生产安全事故报告和调查处理条例》规定，事故发生后，（）应当立即向本单位负责人报告。,单位主要负责人,事故受害者,事故目击者,现场安全员,,,A,3（中）,5（好）
,A-B-E-004,B（单选题）,,地方各级人民政府应急管理部门的应急预案，应当报（）级别的人民政府备案。,市级,县级,省级,国家级,,,B,2（易）,5（好）
,A-B-E-004,B（单选题）,,生产经营单位的应急预案经评审或者论证后，由（）签署。,主要负责人,部门经理,安全总监,工会主席,,,A,1（较易）,5（好）
,A-B-E-004,C（判断题）,,小型企业由于人员和规模较小，不需要制定安全生产事故应急救援预案。（）,正确,错误,,,,,B,3（中）,5（好）
,A-B-E-004,C（判断题）,,安全生产事故应急救援预案一旦制定就无需修改。（）,正确,错误,,,,,B,3（中）,5（好）
,A-B-E-005,B（单选题）,,（）不属于清洁能源。,太阳能,风能,石油,水能,,,C,3（中）,5（好）
,A-B-E-005,B（单选题）,,（）的行为不利于环境保护。,减少使用一次性塑料制品,积极参与植树造林活动,定期清理自家垃圾并分类投放,随意乱扔废弃物,,,D,3（中）,5（好）
,A-B-E-005,B（单选题）,,不属于工业污染控制的是（）。,安装净化装置,排放未经处理的废水,使用清洁能源,回收利用废弃物,,,B,2（易）,5（好）
,A-B-E-005,B（单选题）,,不符合节能减排的理念是（）。,分类投放垃圾,随意丢弃废电池,使用节能灯泡,骑自行车出行,,,B,1（较易）,5（好）
,A-B-E-005,C（判断题）,,个人在日常生活中的行为对环境保护影响不大，所以不需要特别注意。（）,正确,错误,,,,,B,1（较易）,5（好）
,A-B-E-005,C（判断题）,,只要企业安装了先进的污染处理设备，就可以随意排放污染物。（）,正确,错误,,,,,B,1（较易）,5（好）
,A-B-E-006,B（单选题）,,为了减少无人机的环境影响，（）措施不是有效的。,优化无人机的设计和飞行路径,采取更加环保的燃料和飞行技术,增加无人机的使用频率,提高无人机的能源效率,,,C,3（中）,5（好）
,A-B-E-006,B（单选题）,,无人机在飞行过程中可能对环境造成的负面影响之一是（）。,增加噪音污染,产生大量废气,改变空气成分,消耗大量水资源,,,A,1（较易）,5（好）
,A-B-E-006,B（单选题）,,电动无人机在野外飞行过程中对生态系统可能产生的影响是（）。,降低空气质量,扰乱野生动物栖息,减少植被覆盖,减少物种多样性,,,B,3（中）,5（好）
,A-B-E-006,B（单选题）,,为了减少无人机对环境的影响，（）措施是推荐的。,使用更加高效的能源系统,增加无人机的飞行高度以减少噪音,减少无人机的维护和检查,使用非环保材料制造无人机,,,A,3（中）,5（好）
,A-B-E-006,C（判断题）,,无人机体积小、重量轻，所以其飞行对环境没有任何影响。（）,正确,错误,,,,,B,3（中）,5（好）
,A-B-E-006,C（判断题）,,只要无人机不在禁飞区域飞行，就不会对环境造成不良影响。（）,正确,错误,,,,,B,3（中）,5（好）
,A-B-F-001,B（单选题）,,根据《中华人民共和国劳动法》，企业应当依法为员工缴纳社会保险费，下列不属于社会保险范畴的是（）。,养老保险,医疗保险,住房公积金,工伤保险,,,C,3（中）,5（好）
,A-B-F-001,B（单选题）,,根据《中华人民共和国劳动法》规定，用人单位由于生产经营需要，经与工会和劳动者协商后可以延长工作时间，一般每日不得超过（）。,1小时,2小时,3小时,4小时,,,A,3（中）,5（好）
,A-B-F-001,B（单选题）,,用人单位应当按照国家规定为劳动者缴纳（）。,社会保险,商业保险,意外伤害险,旅游保险,,,A,2（易）,5（好）
,A-B-F-001,B（单选题）,,根据《工伤保险条例》，当劳动者在工作过程中或与工作有关的情况下遭受事故伤害或者患职业病时，有权享受（）。,医疗费用自理,工伤保险待遇,单位支付一次性补偿,社会救助,,,B,2（易）,5（好）
,A-B-F-001,C（判断题）,,劳动者不必缴纳工伤保险费和生育保险费。（）,正确,错误,,,,,A,3（中）,5（好）
,A-B-F-001,C（判断题）,,依据《劳动法》规定，劳动者在严重违反用人单位规章制度的情况下，用人单位可以解除劳动合同，但应提前三十日通知劳动者。（）,正确,错误,,,,,B,3（中）,5（好）
,A-B-F-002,B（单选题）,,根据《中华人民共和国劳动合同法》的规定，用人单位()起即与劳动者建立劳动关系。,用工之日,签订劳动合同之日,劳动者报到之日,试用期开始之日,,,A,3（中）,5（好）
,A-B-F-002,B（单选题）,,劳动合同期限三个月以上不满一年的，试用期不得超过（）。,一个月,二个月,三个月,六个月,,,A,3（中）,5（好）
,A-B-F-002,B（单选题）,,劳动者在试用期的工资不得低于本单位相同岗位最低档工资或者劳动合同约定工资的（），并不得低于用人单位所在地的最低工资标准。,80%,70%,60%,50%,,,A,3（中）,5（好）
,A-B-F-002,B（单选题）,,用人单位解除劳动合同，应当提前（）以书面形式通知劳动者本人或者额外支付劳动者一个月工资。,15日,30日,45日,60日,,,B,3（中）,5（好）
,A-B-F-002,C（判断题）,,无人机操作员与用人单位签订劳动合同时，应当明确约定工作岗位、工作内容、工作地点等信息，确保劳动合同内容的明确性和合法性（）。,正确,错误,,,,,A,3（中）,5（好）
,A-B-F-002,C（判断题）,,如果无人机操作员与用人单位之间的劳动合同期满后，未进行续签，且双方未明确约定是否继续劳动关系，则劳动合同终止，操作员应无权要求继续就业（）。,正确,错误,,,,,B,3（中）,5（好）
,A-B-F-003,B（单选题）,,根据《中华人民共和国安全生产法》及相关法律法规的规定，从业人员在安全生产中有权拒绝（）。,正常的工作安排,佩戴个人防护用品的要求,违章指挥和强令冒险作业,工作环境的改善建议,,,C,2（易）,5（好）
,A-B-F-003,B（单选题）,,生产经营单位发生生产安全事故后，应当立即采取的行动是（）。,隐藏不报,组织抢救,等待调查结果再处理,只上报不处理,,,B,2（易）,5（好）
,A-B-F-003,B（单选题）,,生产经营单位必须为从业人员提供符合（）的劳动保护用品。,国家标准或者行业标准,国际标准,企业内部标准,地方政府规定,,,A,2（易）,5（好）
,A-B-F-003,B（单选题）,,生产经营单位应当对从业人员进行安全生产教育和培训，培训内容不包括（）。,安全生产规章制度,岗位安全操作技能,企业经济效益分析,事故应急处理措施,,,C,2（易）,5（好）
,A-B-F-003,C（判断题）,,生产经营单位使用被派遣劳动者的，可以与被派遣劳动者约定是否享有安全生产方面的权利、履行安全生产方面的义务。（）,正确,错误,,,,,A,3（中）,5（好）
,A-B-F-003,C（判断题）,,安全生产监督检查人员执行监督检查任务时，必须出示有效的行政执法证件；对涉及被检查单位的技术秘密和业务秘密，应当为其保密。（）,正确,错误,,,,,B,3（中）,5（好）
,A-B-F-004,B（单选题）,,环境保护坚持保护优先、（）、综合治理、公众参与、损害担责的原则。,防治结合,预防为主,源头控制,过程监管,,,B,2（易）,5（好）
,A-B-F-004,B（单选题）,,企业事业单位和其他生产经营者违反法律法规规定排放污染物，造成或者可能造成严重污染的，县级以上人民政府环境保护主管部门和其他负有环境保护监督管理职责的部门，可以（）。,责令其停产停业,对其进行罚款,查封、扣押造成污染物排放的设施、设备,对主要负责人进行行政拘留,,,C,2（易）,5（好）
,A-B-F-004,B（单选题）,,对保护和改善环境有显著成绩的单位和个人，由（）给予奖励。,环境保护部门,人民政府,社会公益组织,企业自身,,,B,2（易）,5（好）
,A-B-F-004,B（单选题）,,根据《中华人民共和国环境保护法》，因环境污染损害赔偿提起诉讼的时效期间为（）。,1年,2年,3年,4年,,,C,2（易）,5（好）
,A-B-F-004,C（判断题）,,各级人民政府应当加大保护和改善环境、防治污染和其他公害的财政投入，并提高财政资金的使用效益。（）,正确,错误,,,,,A,3（中）,5（好）
,A-B-F-004,C（判断题）,,企业事业单位和其他生产经营者，在污染物排放符合法定要求的基础上，进一步减少污染物排放的，人民政府应当依法采取财政、税收、价格、政府采购等方面的政策和措施予以鼓励和支持。（）,正确,错误,,,,,A,3（中）,5（好）
,A-B-F-005,B（单选题）,,"根据《中华人民共和国产品质量法》及相关法律法规的规定,生产者应当对其生产的产品质量负责，产品质量应当符合的要求中不包括（）。",不存在危及人身、财产安全的不合理的危险,具备产品应当具备的使用性能,符合在产品或者其包装上注明采用的产品标准,满足消费者的个性化需求,,,D,2（易）,5（好）
,A-B-F-005,B（单选题）,,销售者的产品质量义务不包括（）。,保证销售的产品不存在危及人身、财产安全的不合理危险,确保产品具备应有的使用性能，除非对存在的任何缺陷或限制进行了明确说明,对产品进行最终的质量检验和认证,遵守有关产品标识的规定，如标明产品名称、生产厂名和厂址等信息,,,C,2（易）,5（好）
,A-B-F-005,B（单选题）,,因产品存在缺陷造成人身、他人财产损害的，（）应当承担赔偿责任。,生产者,销售者,生产者和销售者,使用者,,,C,2（易）,5（好）
,A-B-F-005,B（单选题）,,"根据《中华人民共和国产品质量法》的规定,国家对产品质量实行以（）为主要方式的监督检查制度。",抽查,普查,自查,互查,,,A,2（易）,5（好）
,A-B-F-005,C（判断题）,,裸装的食品和其他根据产品的特点难以附加标识的裸装产品，可以不附加产品标识。（）,正确,错误,,,,,A,3（中）,5（好）
,A-B-F-005,C（判断题）,,因产品质量发生民事纠纷时，当事人只能通过协商或者调解解决。（）,正确,错误,,,,,B,3（中）,5（好）
,A-B-F-006,B（单选题）,,民用航空器的适航管理由（）负责。,国务院民用航空主管部门,航空器制造企业,航空器使用者,地方航空管理部门,,,A,2（易）,5（好）
,A-B-F-006,B（单选题）,,根据《中华人民共和国民用航空法》及相关法律法规的规定，民用航空器权利登记的主管部门是（）。,国务院民用航空主管部门,国家工商行政管理部门,国家知识产权局,中国民用航空局空中交通管理局,,,A,2（易）,5（好）
,A-B-F-006,B（单选题）,,根据《中华人民共和国民用航空法》及相关法律法规的规定，民用航空器优先权适用（）的法律。,航空器国籍登记国,航空器制造国,合同签订地国,航空器失事国,,,A,2（易）,5（好）
,A-B-F-006,B（单选题）,,搜寻援救民用航空器的具体办法，由（）规定。,国务院民用航空主管部门,国务院,全国人民代表大会常务委员会,地方人民政府,,,B,3（中）,5（好）
,A-B-F-006,C（判断题）,,民用航空器的机长或者机组其他人员有受到酒类饮料、麻醉剂或者其他药物的影响，损及工作能力的情况，不得执行飞行任务。（）,正确,错误,,,,,A,3（中）,5（好）
,A-B-F-006,C（判断题）,,国内航空运输合同的当事人可以选择合同适用的法律，但是法律另有规定的除外。（）,正确,错误,,,,,B,3（中）,5（好）
,A-B-F-007,B（单选题）,,从事通用航空飞行活动的单位、个人，根据飞行活动要求，需要划设临时飞行空域的，应当向有关飞行管制部门提出划设临时飞行空域的申请受理申请的飞行管制部门应当自受理申请之日起（）个工作日内作出批准或者不予批准的决定。,7,10,15,30,,,A,3（中）,5（好）
,A-B-F-007,B（单选题）,,在临时飞行空域内进行通用航空飞行活动的，可以在申请划设临时飞行空域时一并提出（）小时以内的短期飞行计划申请，不再另行申请。,12,24,36,48,,,B,2（易）,5（好）
,A-B-F-007,B（单选题）,,通用航空飞行任务的飞行计划申请，应当在拟飞行前（）提出。,1天,2天,3天,7天,,,A,2（易）,5（好）
,A-B-F-007,B（单选题）,,组织实施通用航空飞行活动的单位、个人，应当在飞行活动结束后（）内，将飞行活动情况报送有关飞行管制部门。,10分钟,30分钟,1小时,24小时,,,D,2（易）,5（好）
,A-B-F-007,C（判断题）,,通用航空飞行活动在非管制空域内飞行无需向任何部门报告。（）,正确,错误,,,,,B,3（中）,5（好）
,A-B-F-007,C（判断题）,,通用航空飞行的航空器只要购买了保险就可以随意飞行。（）,正确,错误,,,,,B,3（中）,5（好）
,A-B-F-008,B（单选题）,,根据《中华人民共和国民用航空法》及相关法律法规的规定，民用航空安全管理应当坚持（）的工作方针。,安全第一、预防为主、综合治理,安全至上、预防为主、严格管理,安全优先、防治结合、综合治理,安全为本、防治结合、严格管理,,,A,2（易）,5（好）
,A-B-F-008,B（单选题）,,民航生产经营单位应当依法建立并实施（），以保障航空安全。,安全管理体系,质量控制体系,风险评估体系,应急救援体系,,,A,2（易）,5（好）
,A-B-F-008,B（单选题）,,民航生产经营单位应当至少（）对本单位安全管理体系的运行情况进行一次评估。,每月,每季度,每半年,每年,,,D,2（易）,5（好）
,A-B-F-008,B（单选题）,,民用航空安全信息包括民用航空（）等信息。,事故、事故征候、其他不安全事件,飞行计划、飞行高度、飞行速度,机场设施、航空器设备、空管设备,航空公司财务状况、员工培训情况、航班安排,,,A,2（易）,5（好）
,A-B-F-008,C（判断题）,,根据《民用航空安全管理规定》，民航生产经营单位主要负责人对本单位的安全管理工作全面负责。（）,正确,错误,,,,,A,3（中）,5（好）
,A-B-F-008,C（判断题）,,《民用航空安全管理规定》中，安全管理体系的建立和运行与人员培训没有关联。（）,正确,错误,,,,,B,3（中）,5（好）
,A-B-F-009,B（单选题）,,无人机飞行需遵守的主要法规是（）。,《中华人民共和国治安管理处罚法》,《中华人民共和国道路交通安全法》,《中华人民共和国民用航空法》及《通用航空飞行管制条例》,《中华人民共和国劳动法》,,,C,2（易）,5（好）
,A-B-F-009,B（单选题）,,根据《民用无人机驾驶员管理规定》，关于无人机实名登记的说法正确的是：（）。,所有无人机均需实名登记，无论起飞重量大小,起飞重量小于250克的无人机无需实名登记,实名登记信息包括拥有者姓名、证件号码及无人机型号，但无需电子邮箱,未经实名登记的无人机不得飞行,,,D,3（中）,5（好）
,A-B-F-009,B（单选题）,,根据《民用无人机驾驶员管理规定》，民用无人机驾驶员在申请执照更新时，需在执照有效期届满前（  ）内提出申请。,一个月,两个月,三个月,六个月,,,C,3（中）,5（好）
,A-B-F-009,B（单选题）,,申请民用无人机驾驶员合格证，年龄应满（）周岁。,14,16,18,20,,,B,3（中）,5（好）
,A-B-F-009,C（判断题）,,视距内运行的无人机驾驶员无需取得任何资质。（）,正确,错误,,,,,B,2（易）,5（好）
,A-B-F-009,C（判断题）,,民用无人机驾驶员合格证仅在国内有效，不能在境外使用。（）,正确,错误,,,,,A,2（易）,5（好）
,A-B-F-010,B（单选题）,,根据《轻小无人机运行规定（试行）》的要求，轻小无人机在城市区域飞行时，最大飞行高度不得超过多少米。（）,50米,100米,120米,150米,,,B,3（中）,5（好）
,A-B-F-010,B（单选题）,,根据《轻小无人机运行规定（试行）》的要求，轻小无人机飞行前必须进行准备是（）。,确认天气情况,进行起飞前检查和飞行计划备案,检查电池电量,检查机体外观,,,B,3（中）,5（好）
,A-B-F-010,B（单选题）,,轻小无人机（）用于商业拍摄。,严禁, 在符合相关规定并取得许可的情况下,视情况而定,不需要任何许可即可自由使用,,,B,2（易）,5（好）
,A-B-F-010,B（单选题）,,根据《轻小无人机运行规定（试行）》规定，轻小无人机在夜间飞行时，必须配备（  ）。,强光手电筒,定位指示灯,防撞警示灯,红外探照灯,,,C,2（易）,5（好）
,A-B-F-010,C（判断题）,,根据《轻小无人机运行规定（试行）》，所有轻小无人机都可以在任何高度飞行。（）,正确,错误,,,,,B,3（中）,5（好）
,A-B-F-010,C（判断题）,,《轻小无人机运行规定（试行）》规定，在人口密集区域只要操作人员认为安全就可以飞行。（）,正确,错误,,,,,B,3（中）,5（好）
,A-B-F-011,B（单选题）,,民用无人驾驶航空器实名登记号码共（）位。,10,11,12,13,,,B,2（易）,5（好）
,A-B-F-011,B（单选题）,,民用无人驾驶航空器登记信息发生变化时，拥有者应当在（）内向原登记部门申请变更。,12小时,24小时,48小时,72小时,,,C,2（易）,5（好）
,A-B-F-011,B（单选题）,,当民用无人驾驶航空器丢失或者被盗后，拥有者应当在（）内向原登记部门报告。,12小时,24小时,48小时,72小时,,,A,2（易）,5（好）
,A-B-F-011,B（单选题）,,对于违反民用无人驾驶航空器实名制登记管理规定的行为，由相关部门责令改正，可以处（）以下的罚款。,100元,200元,500元,1000元,,,B,2（易）,5（好）
,A-B-F-011,C（判断题）,,根据《民用无人驾驶航空器实名制登记管理规定》，所有民用无人驾驶航空器都不需要进行实名制登记。（）,正确,错误,,,,,B,3（中）,5（好）
,A-B-F-011,C（判断题）,,按照规定，购买二手民用无人驾驶航空器后，不需要重新登记，原登记信息依然有效。（）,正确,错误,,,,,B,3（中）,5（好）
,B-A-A-001,B（单选题）,,无人机装配场地的消防设备应该（）。,根据场地面积随意配置数量,按照规定合理配置，并且放在明显易取的位置,放置在远离装配工位的角落，以免占用空间,只有在消防部门要求时才配置,,,B,2（易）,5（好）
,B-A-A-001,B（单选题）,,在无人机装配场地中，工位布置应优先考虑的因素是（）。,美观,安全,成本,空间利用率,,,B,2（易）,5（好）
,B-A-A-001,B（单选题）,,无人机装配完成后，进行首次飞行测试时场地应选择（）。,封闭空间,人群密集区,开阔且无障碍物的区域,装配厂房附近,,,C,2（易）,5（好）
,B-A-A-001,B（单选题）,,装配无人机时，工具应（）。,随身携带,放置在防静电垫上,悬挂空中,金属表面上,,,B,2（易）,5（好）
,B-A-A-001,C（判断题）,,装配时，不考虑工作台承重和安全问题，可以将重物随意放置在工作台上。（）,正确,错误,,,,,B,3（中）,5（好）
,B-A-A-001,C（判断题）,,装配场地内需要配备急救箱。（）,正确,错误,,,,,A,3（中）,5（好）
,B-A-A-002,B（单选题）,,在无人机装配中，使用游标卡尺测量无人机螺旋桨轴的直径时，应将游标卡尺的测量爪（  ）。,垂直于轴的轴线方向轻轻卡住,平行于轴的轴线方向轻轻卡住,斜向 45 度卡住轴，以适应轴的表面弧度,用力按压使测量爪贴合轴，再读数,,,A,3（中）,5（好）
,B-A-A-002,B（单选题）,,在使用游标卡尺测量无人机零件时，关于放置位置，零件应（  ）。,放置在主尺和游标之间,放置在主尺和副尺之间,放置在游标和副尺之间,放置在主尺和刻度之间,,,A,3（中）,5（好）
,B-A-A-002,B（单选题）,,在装配无人机时，使用游标卡尺测量螺栓长度，为了确保准确性，需要（）。,快速读取,测量多次取平均值,确保螺栓清洁无油污,直接测量,,,C,2（易）,5（好）
,B-A-A-002,B（单选题）,,测量无人机电机轴径时，游标卡尺的（）应接触电机轴。,内测量爪,外测量爪,深度尺,钩子,,,B,2（易）,5（好）
,B-A-A-002,C（判断题）,,游标卡尺的读数方法是将主尺的整数部分与游标的刻度相加。（）,正确,错误,,,,,A,3（中）,5（好）
,B-A-A-002,C（判断题）,,读取游标卡尺数据时，视线应垂直于刻度面。（）,正确,错误,,,,,A,2（易）,5（好）
,B-A-A-003,B（单选题）,,在无人机装配中，测量电控系统的电压，已知其电压为22.2V，万用表应选择的量程是（）。,20V,50V,200V,500V,,,B,3（中）,5（好）
,B-A-A-003,B（单选题）,,在测量电流时，万用表显示的单位是（）。,V（伏特）,A（安培）,Ω（欧姆）,W（瓦特）,,,B,3（中）,4（较好）
,B-A-A-003,B（单选题）,,在无人机装配中，使用万用表测量电压时，应先将旋钮调（）。,电阻档,电流档,交流电压档,直流电压档,,,D,2（易）,5（好）
,B-A-A-003,B（单选题）,,在无人机装配中，若要判断无人机电路板上某条导线是否导通，应使用万用表的（  ）功能。,电压测量,电流测量,电阻测量,电容测量,,,C,2（易）,5（好）
,B-A-A-003,C（判断题）,,万用表可以用于检测无人机的各种电气参数。（）,正确,错误,,,,,A,3（中）,5（好）
,B-A-A-003,C（判断题）,,在测量无人机电池电压时，万用表应置于交流档。（）,正确,错误,,,,,B,2（易）,5（好）
,B-A-A-004,B（单选题）,,在无人机装配过程中，钳类工具主要用于（）操作。,精确测量部件尺寸,切割和弯曲导线,高速旋转安装螺丝,焊接电路元件,,,B,3（中）,4（较好）
,B-A-A-004,B（单选题）,,（）最适合用于无人机电路中细小导线的剥皮操作。,钢丝钳,剥线钳,斜口钳,老虎钳,,,B,3（中）,5（好）
,B-A-A-004,B（单选题）,,在装配无人机时，若需要夹持小零件进行精细调整，应选用（）。,尖嘴钳,大力钳,绝缘钳,斜嘴钳,,,A,3（中）,5（好）
,B-A-A-004,B（单选题）,,对于无人机中的信号线接头端子，使用（）进行紧固最为合适。,鲤鱼钳,弯头钳,压线钳,尖嘴钳,,,C,2（易）,5（好）
,B-A-A-004,C（判断题）,,在无人机装配中，普通钢丝钳可以用于剥去导线绝缘层，无需专门使用剥线钳。,正确,错误,,,,,B,3（中）,5（好）
,B-A-A-004,C（判断题）,,尖嘴钳因其精细的夹持能力，在无人机装配中常用于夹取和安装微小部件。,正确,错误,,,,,A,2（易）,5（好）
,B-A-A-005,B（单选题）,,在装配高精度无人机部件时，螺丝刀刀头的硬度应（  ）。,比螺丝硬度低,与螺丝硬度相同,比螺丝硬度高,不需要考虑刀头硬度,,,C,3（中）,5（好）
,B-A-A-005,B（单选题）,,为防止在无人机装配过程中螺丝刀滑落伤人，螺丝刀的手柄应（  ）。,保持光滑,缠绕一些胶带，增加摩擦力,做成尖锐形状，便于握持,设计得很细，方便操作,,,B,3（中）,5（好）
,B-A-A-005,B（单选题）,,在无人机装配中使用频率最高的螺丝刀类型是（）。,一字螺丝刀,十字螺丝刀,内六角螺丝刀,梅花形螺丝刀,,,C,2（易）,5（好）
,B-A-A-005,B（单选题）,,若发现无人机上的螺丝生锈，使用螺丝刀拆卸前，可先（  ）。,用火烧一下螺丝,往螺丝上倒点白醋，等待片刻,拿砂纸大力打磨螺丝,直接用大力拧动,,,B,2（易）,5（好）
,B-A-A-005,C（判断题）,,在无人机装配中，只要能拧动螺丝，螺丝刀刀头有点磨损也没关系，不用更换。（  ）,正确,错误,,,,,B,3（中）,5（好）
,B-A-A-005,C（判断题）,,如果发现螺丝刀在使用过程中有异常声音或感觉卡滞，应立即停止使用并进行检查。（）,正确,错误,,,,,A,2（易）,5（好）
,B-A-A-006,B（单选题）,,用示波器检测无人机电机驱动电路的脉冲信号时，为了得到清晰准确的波形，需要（）。,不断更换探头,调整示波器的触发模式和时间、电压量程等参数,提高电机的转速,在电机和驱动电路之间串联更多电阻,,,B,3（中）,5（好）
,B-A-A-006,B（单选题）,,在无人机装配过程中，示波器主要用于检测（）的变化情况。,电池电量,电机转速,信号波形,飞行高度,,,C,3（中）,4（较好）
,B-A-A-006,B（单选题）,,当示波器显示的波形不稳定，上下跳动时，可通过（  ）方法来稳定波形。,调节示波器的垂直灵敏度,调节触发源和触发电平,更换示波器探头,关闭示波器重新开机,,,B,3（中）,5（好）
,B-A-A-006,B（单选题）,,示波器的垂直通道设置用于调整（）。,时间轴,电压幅度,频率,相位,,,B,2（易）,5（好）
,B-A-A-006,C（判断题）,,如果示波器屏幕上出现干扰或噪声，可能是由于外部电磁干扰造成的。（）,正确,错误,,,,,A,3（中）,5（好）
,B-A-A-006,C（判断题）,,示波器探头应直接接触电路板。（）,正确,错误,,,,,B,2（易）,5（好）
,B-A-A-007,B（单选题）,,在无人机装配中，常用的焊接工具是（）。, 电焊机,气焊机,焊锡枪,激光焊机,,,C,2（易）,4（较好）
,B-A-A-007,B（单选题）,,焊接无人机的电池连接片时，（）助焊剂是最合适的。,无机酸,无机盐,树脂型,有机酸,,,C,3（中）,5（好）
,B-A-A-007,B（单选题）,,对于焊接无人机小型精密传感器的焊点，选择（）形状烙铁头形状最合适。,马蹄形,刀形,尖锥形,圆形,,,C,3（中）,5（好）
,B-A-A-007,B（单选题）,,在无人机装配车间，焊接工具使用完毕后，正确放置方法是（）。,随意放在工作台上,专用的工具架或隔热垫上,放在工具箱中,靠近易燃物品旁,,,B,2（易）,5（好）
,B-A-A-007,C（判断题）,,电烙铁在焊接无人机部件过程中，为加快进度，可以同时用两把电烙铁分别焊接相邻焊点。（）,正确,错误,,,,,B,2（易）,5（好）
,B-A-A-007,C（判断题）,,无人机装配完成后，多余的焊锡可以用刀片刮除。（）,正确,错误,,,,,B,2（易）,5（好）
,B-A-A-008,B（单选题）,,在无人机装配中，水平仪主要用于（）。,测量电池电压,校准无人机的水平姿态, 测试电机转速,检查遥控器信号,,,B,2（易）,4（较好）
,B-A-A-008,B（单选题）,,水平仪在无人机装配中的主要作用是（）。,测量无人机的重量,确保无人机的重心平衡,测试无人机的飞行速度,检查无人机的电池容量,,,B,3（中）,5（好）
,B-A-A-008,B（单选题）,,使用水平仪校准无人机时，若水平仪显示不水平，调水平的做法是（）。,调整无人机的电池位置,调整无人机的摄像头角度,调整无人机的电机转速,调整无人机的脚架高度,,,D,3（中）,5（好）
,B-A-A-008,B（单选题）,,使用水平仪校准无人机时，应将无人机放置在（）。,倾斜的表面上,柔软的表面上,完全水平的表面上,任意表面上,,,C,2（易）,5（好）
,B-A-A-008,C（判断题）,,水平仪在无人机装配中通常用于校准无人机的螺旋桨。（ ）,正确,错误,,,,,B,2（易）,5（好）
,B-A-A-008,C（判断题）,,使用水平仪校准无人机时，若水平仪显示水平，说明无人机重心平衡。（ ）,正确,错误,,,,,B,2（易）,5（好）
,B-A-A-009,B（单选题）,,使用示波器测量无人机电机驱动信号时，应选择（）。,直流电压档位,交流电压档位,电流档位,频率档位,,,B,2（易）,4（较好）
,B-A-A-009,B（单选题）,,示波器在无人机装配中可以帮助检测（）。,电机的温度,螺旋桨的平衡性,电池的电量, 电气信号的波形与质量,,,D,3（中）,5（好）
,B-A-A-009,B（单选题）,,使用示波器测量无人机电池电压时，若波形有尖峰，可能的原因是（）。,电池电量不足,电源滤波不良,电机损坏,螺旋桨不平衡,,,B,3（中）,5（好）
,B-A-A-009,B（单选题）,,在使用示波器对无人机的电路进行全面检测时，正确的做法是（ ）。,随意连接探头，不考虑接地和信号类型,先了解电路原理和信号特性，再进行测量 ,只测量主要芯片的信号，忽略其他元件,测量过程中频繁切换示波器的各种设置,,,B,2（易）,5（好）
,B-A-A-009,C（判断题）,,示波器可以帮助检测无人机电机的温度。（ ）,正确,错误,,,,,B,2（易）,5（好）
,B-A-A-009,C（判断题）,,示波器在无人机装配中主要用于检测信号波形。（ ）,正确,错误,,,,,A,2（易）,5（好）
,B-A-A-0010,B（单选题）,,在无人机装配中，（）场景必须佩戴护目镜。,使用电钻打孔,拧紧螺丝,粘贴标识贴纸,整理线路,,,A,3（中）,5（好）
,B-A-A-0010,B（单选题）,,在无人机装配中，护目镜的防护等级通常指的是（）。,抗冲击能力,防水能力,防尘能力,防紫外线能力,,,A,3（中）,5（好）
,B-A-A-0010,B（单选题）,,装配无人机的碳纤维部件时，佩戴护目镜的主要目的是防止（）。,碳纤维碎屑飞溅,胶水挥发气味刺激,部件反光刺眼,装配工具掉落砸伤,,,A,2（易）,5（好）
,B-A-A-0010,B（单选题）,,在寒冷环境下进行无人机装配，护目镜出现雾蒙蒙的情况，（）是错误的解决方法。,用干布擦拭镜片表面,调整工作环境通风状况,使用防雾剂处理镜片,频繁摘下护目镜透气,,,D,2（易）,5（好）
,B-A-A-0010,C（判断题）,,在焊接等产生火花的工序中应佩戴护目镜。（）,正确,错误,,,,,A,2（易）,5（好）
,B-A-A-010,C（判断题）,,护目镜应定期更换，以确保透明清晰。（）,正确,错误,,,,,A,2（易）,5（好）
,B-A-A-011,B（单选题）,,安全帽佩戴时，帽箍应调整到适合头部大小并紧固的程度是（）。,松松垮垮,适中,越紧越好,随意,,,B,3（中）,5（好）
,B-A-A-011,B（单选题）,,如果发现安全帽有裂痕或明显的损坏，合适的做法是（）。,用胶水粘合后继续使用,更换新的安全帽,用水清洗后继续使用,用布擦拭后继续使用,,,B,3（中）,5（好）
,B-A-A-011,B（单选题）,,安全帽的颜色和设计通常用于（）。,增加美观,区分不同工种或部门,提升工作效率,增加安全帽强度,,,B,2（易）,5（好）
,B-A-A-011,B（单选题）,,安全帽的内衬有（）的作用。,提供缓冲保护,增加重量,方便携带,增加摩擦力,,,A,2（易）,5（好）
,B-A-A-011,C（判断题）,,安全帽必须保持清洁干燥，不得随意挪作他用。（）,正确,错误,,,,,A,3（中）,5（好）
,B-A-A-011,C（判断题）,,在室内装配无人机，环境安全，就可以不戴安全帽。（ ）,正确,错误,,,,,B,2（易）,5（好）
,B-A-A-012,B（单选题）,,在夜间操作时，防护服应具有（）特性来提高安全性。,时尚设计,轻便材料,反光条,多口袋设计,,,C,3（中）,5（好）
,B-A-A-012,B（单选题）,,防护服穿戴时袖口应（）才符合要求。,挽起袖口，方便操作,袖口敞开，保持通风,扎紧袖口，防止异物进入, 随意穿戴，只要不掉落,,,C,3（中）,5（好）
,B-A-A-012,B（单选题）,,防护服的主要作用是（）。,提升个人形象,防止身体受到伤害,增加体温,增加工作效率,,,B,2（易）,5（好）
,B-A-A-012,B（单选题）,,防护服的颜色和设计通常用于（）。,增加美观,区分不同工种或部门,提升工作效率,提升防护服质量,,,B,2（易）,5（好）
,B-A-A-012,C（判断题）,,防护服的穿戴顺序应该是“先上后下，先左后右”。 （）,正确,错误,,,,,A,3（中）,5（好）
,B-A-A-012,C（判断题）,,防护服使用完毕后，应该清洗干净并妥善存放。 (),正确,错误,,,,,A,2（易）,5（好）
,B-A-B-001,B（单选题）,,无人机电机型号中的KV值主要表示（）。,每伏特电压下电机的空载转速,电机的最大功率,电机的额定电流,电机的直径,,,A,3（中）,5（好）
,B-A-B-001,B（单选题）,,以下（）参数不是电机型号中常见的标识。,KV值,功率（W）,螺旋桨尺寸,重量（g）,,,B,4（较难）,5（好）
,B-A-B-001,B（单选题）,,无人机电机的型号中，若标注了 “2212”，其中 “22” 通常代表的含义是（  ）。,电机的直径（mm）,电机的高度（mm）,电机的 Kv 值,电机的磁极对数,,,A,2（易）,5（好）
,B-A-B-001,B（单选题）,,对于多轴无人机而言，选择电机时应优先考虑的因素是（）。, 尽可能高的KV值以获得更快的速度, 最大化电机的重量以提高稳定性,匹配螺旋桨尺寸和预期飞行任务的最佳KV值,最小化电机的功率以延长电池寿命,,,C,2（易）,5（好）
,B-A-B-001,C（判断题）,,无人机电机的尺寸越大，其动力就一定越强。（）,正确,错误,,,,,B,2（易）,5（好）
,B-A-B-001,C（判断题）,,无人机电机的KV值越高，其最大转速就越高。（）,正确,错误,,,,,A,2（易）,5（好）
,B-A-B-002,B（单选题）,,选择电子调速器时，最重要的参数是（）。,尺寸和重量,最大持续电流,颜色和外观,价格,,,B,3（中）,4（较好）
,B-A-B-002,B（单选题）,,电子调速器的“PWM频率”指的是（）。,电机的转速,信号更新的速度,电池的电压,遥控器的信号频率,,,B,3（中）,5（好）
,B-A-B-002,B（单选题）,,电子调速器的最大持续电流额定值主要用于确定（）。, ESC的物理尺寸,ESC可以控制的最大电机KV值,ESC能够长时间稳定工作的最大电流,ESC支持的最高电池电压,,,C,2（易）,5（好）
,B-A-B-002,B（单选题）,,电子调速器的“信号协议”指的是（）。,遥控器的信号类型,电机的控制方式,电池的通信协议,螺旋桨的控制方式,,,A,2（易）,5（好）
,B-A-B-002,C（判断题）,,电子调速器的“BEC”功能是为电机提供高电压电源。（ ）,正确,错误,,,,,B,2（易）,5（好）
,B-A-B-002,C（判断题）,,电子调速器的“同步整流”功能可提高电机效率。（ ）,正确,错误,,,,,A,2（易）,5（好）
,B-A-B-003,B（单选题）,,若无人机电池的“放电倍率”为30C，容量为2200mAh，其最大放电电流为（）。,30A,2200mA,66A,3.7A,,,C,3（中）,5（好）
,B-A-B-003,B（单选题）,,下列（）参数不是无人机电池型号中常见的标识。,电池的容量,放电倍率,支持的最大飞行高度,电芯串联数量,,,C,3（中）,5（好）
,B-A-B-003,B（单选题）,,无人机电池的“存储电压”是指（）。,电池的满电电压,电池的放电截止电压,电池长期存放时的推荐电压,电池的最大放电电压,,,C,2（易）,5（好）
,B-A-B-003,B（单选题）,,无人机电池的“S数”是指（）。,电池的容量,电芯串联数量,电池的放电速率,电池的重量,,,B,2（易）,5（好）
,B-A-B-003,C（判断题）,,无人机电池的“放电截止电压”是电池放电时的最低安全电压。（ ）,正确,错误,,,,,A,2（易）,5（好）
,B-A-B-003,C（判断题）,,无人机电池的“C数”表示电池的放电速率。（ ）,正确,错误,,,,,A,2（易）,5（好）
,B-A-B-004,B（单选题）,,在螺旋桨型号中，关于直径的标识是（ ）。,D100mm, L50cm, H30m,W20kg,,,A,3（中）,4（较好）
,B-A-B-004,B（单选题）,,小型无人机螺旋桨型号中经常出现的 “CW” 字样是指（ ）。,顺时针旋转,逆时针旋转,碳纤材质,冷却方式,,,A,3（中）,5（好）
,B-A-B-004,B（单选题）,,一个螺旋桨型号标注为 “4 - 15x8”，其中 “15” 表示（ ）。, 螺旋桨的桨毂直径为 15mm,螺旋桨的外径为 15cm,螺旋桨的螺距为 15mm,螺旋桨的重量为 15g,,,C,2（易）,5（好）
,B-A-B-004,B（单选题）,,关于螺旋桨的规格型号，不是螺旋桨型号中常见的标识（ ）。, 直径,桨距,最大转速,桨叶数量,,,C,3（中）,5（好）
,B-A-B-004,C（判断题）,,螺旋桨规格型号中的数字越大，代表螺旋桨的尺寸一定越大。（）,正确,错误,,,,,B,2（易）,5（好）
,B-A-B-004,C（判断题）,,小型无人机螺旋桨规格型号不会包含其噪音等级参数。（）,正确,错误,,,,,B,2（易）,5（好）
,B-A-B-005,B（单选题）,,在零部件识别方法中，（）对环境光线要求最高。,视觉识别系统,触觉识别（如用手触摸形状）,声音识别（通过敲击听声音）,嗅觉识别（通过气味判断）,,,A,3（中）,5（好）
,B-A-B-005,B（单选题）,,在进行无人机零部件识别时，最有效的方法是（ ）。,根据外观形状和个人经验判断,参考制造商提供的零件手册或图纸,使用通用量具测量尺寸,对比市场上类似产品,,,B,3（中）,4（较好）
,B-A-B-005,B（单选题）,,（）不是识别零部件的热性能的方法。,热膨胀系数测试,热传导率测试, 耐热性测试（如高温老化试验）,磁性测试,,,D,2（易）,5（好）
,B-A-B-005,B（单选题）,,对于外形相同但材质不同的零部件，（）方法最适合用于区分。,目视检查,磁性检测,条码扫描,光谱分析,,,D,2（易）,5（好）
,B-A-B-005,C（判断题）,,对于微小的电子零部件，仅依靠外观形状就能准确识别其型号和功能。（）,正确,错误,,,,,B,3（中）,5（好）
,B-A-B-005,C（判断题）,,当零部件上的标识模糊不清时，用砂纸打磨标识区域是恢复标识信息的有效方法。（）,正确,错误,,,,,B,3（中）,5（好）
,B-A-B-006,B（单选题）,,在无人机装配图中，（）通常用于展示无人机的整体外形和布局。,主视图,俯视图,左视图,爆炸图,,,D,3（中）,5（好）
,B-A-B-006,B（单选题）,,当查看无人机装配图上的零件尺寸标注时，（）符号表示直径。,R,Φ,L,H,,,B,3（中）,5（好）
,B-A-B-006,B（单选题）,,若在无人机装配图中看到表面粗糙度标注为 Ra3.2，这意味着该表面（  ）。,非常光滑，几乎无瑕疵,较为粗糙，加工精度低,表面加工后，微观不平度十点高度的算术平均值为 3.2μm,表面加工后，轮廓算术平均偏差为 3.2μm,,,D,2（易）,5（好）
,B-A-B-006,B（单选题）,,在无人机装配图中，若发现某条线画成了双点划线，它通常表示（  ）。,可见轮廓线,不可见轮廓线,假想投影线,尺寸界线,,,C,2（易）,5（好）
,B-A-B-006,C（判断题）,,能熟练使用绘图软件打开无人机装配图，就意味着已经掌握了装配图的识读方法。（  ）,正确,错误,,,,,B,3（中）,5（好）
,B-A-B-006,C（判断题）,,在无人机装配图中，箭头通常用于表示部件的连接关系。（）,正确,错误,,,,,A,2（易）,5（好）
,B-A-B-007,B（单选题）,, 在装配机臂时，为了保证机臂的水平度，应该使用（）。,水平仪,卡尺,千分尺,塞尺,,,A,3（中）,5（好）
,B-A-B-007,B（单选题）,,机臂装配完成后，需要进行（）来检查装配质量。,防水测试,颜色持久性测试,振动测试,静电测试,,,C,3（中）,5（好）
,B-A-B-007,B（单选题）,,机臂装配中，如果需要安装电线或电缆，正确的方法是（ ）。,直接将电线或电缆暴露在机臂表面,用扎带将电线或电缆简单固定在机臂上,为电线或电缆开设专用的线槽，并进行固定和保护,把电线或电缆缠绕在机臂的连接部位,,,C,2（易）,5（好）
,B-A-B-007,B（单选题）,,在机臂装配过程中，最适合用于检测装配后的同轴度的方法是（）。,目视检查,使用千分表测量,随意安装,敲击调整,,,B,2（易）,5（好）
,B-A-B-007,C（判断题）,,机臂与其他部件连接时，依靠部件自身的精度就能保证连接精度，不需要其他辅助措施。（）,正确,错误,,,,,B,3（中）,5（好）
,B-A-B-007,C（判断题）,,装配后的机臂垂直度可以通过直角尺测量来验证。（）,正确,错误,,,,,A,2（易）,5（好）
,B-A-B-008,B（单选题）,,在装配无人机螺旋桨时，如果发现电机轴有轻微变形，应该（ ）。,继续装配，轻微变形不影响螺旋桨旋转,用锤子将电机轴敲直后装配,更换电机或对电机轴进行修复后再装配,在变形的电机轴上套上一层橡胶后装配,,,C,4（较难）,5（好）
,B-A-B-008,B（单选题）,,装配无人机螺旋桨时，螺旋桨与电机轴之间的配合间隙应该（ )。,尽量大，方便安装和拆卸,越小越好，以保证动力传递和稳定性,根据螺旋桨的颜色来确定,保持在一个固定的标准值，不受螺旋桨尺寸影响,,,B,3（中）,5（好）
,B-A-B-008,B（单选题）,,对于不同尺寸的无人机螺旋桨，装配时主要的区别在于（ ）。,螺旋桨的颜色和材质,安装位置和连接方式的选择,螺旋桨的旋转方向不同,装配顺序不同,,,B,3（中）,5（好）
,B-A-B-008,B（单选题）,,对于多旋翼无人机，螺旋桨之间的平衡安装是指（ ）。,所有螺旋桨的重量完全相同,每个螺旋桨的静态和动态平衡，确保推力一致,螺旋桨的安装高度相同,螺旋桨的材质相同,,,B,2（易）,5（好）
,B-A-B-008,C（判断题）,,使用自锁螺母可以有效防止无人机螺旋桨在飞行中松动。（）,正确,错误,,,,,A,3（中）,5（好）
,B-A-B-008,C（判断题）,,?螺旋桨的变形可以通过敲击调整修复。（）,正确,错误,,,,,B,2（易）,5（好）
,B-A-B-009,B（单选题）,,若要提升多旋翼无人机的负载能力，在装配无刷电机时，可以考虑（  ）。,选用高 Kv 值电机，提高转速,选用低 Kv 值电机，增加扭矩,随意增大电机尺寸，不考虑适配性,只增加电机数量，不优化其他部件,,,B,3（中）,5（好）
,B-A-B-009,B（单选题）,,装配无刷电机时，电机与无人机电机座的固定方式，（）最为常见。,磁吸固定,螺丝连接,胶粘固定,卡扣连接,,,B,3（中）,5（好）
,B-A-B-009,B（单选题）,,无刷电机安装时，（）确保电机固定牢固。,锁紧螺丝打满螺丝胶并用全力旋紧,锁紧螺丝打2-3丝螺丝胶并用全力旋紧,锁紧螺丝打2-3丝螺丝胶并轻轻旋紧,锁紧螺丝打满螺丝胶并轻轻旋紧,,,C,2（易）,5（好）
,B-A-B-009,B（单选题）,,在装配无人机无刷电机时，应首先注意（）。,电机的尺寸,电机的旋转方向,电机的颜色,电机的重量,,,B,2（易）,5（好）
,B-A-B-009,C（判断题）,,只要无刷电机的尺寸与无人机机架预留孔位匹配，就可以直接安装使用。（）,正确,错误,,,,,B,2（易）,5（好）
,B-A-B-009,C（判断题）,,装配无刷电机时，拧紧固定螺丝后，需要检查电机轴是否与机架平面垂直。（）,正确,错误,,,,,A,2（易）,5（好）
,B-A-B-010,B（单选题）,,在装配多旋翼无人机电子调速器（ESC）前，首先要对其进行（）的操作。,测量调速器的外观尺寸，确保与安装位置匹配,检查调速器外壳有无破损、变形，保证内部元件安全,用万用表测试调速器的输出电流，判断其性能,查看调速器的品牌标识，评估质量,,,B,3（中）,5（好）
,B-A-B-010,B（单选题）,,电子调速器与无刷电机连接时，通常使用（）连接。,USB接头,香蕉插头,T插接头,XT接头,,,B,3（中）,5（好）
,B-A-B-010,B（单选题）,,对于一款四旋翼无人机，电子调速器的数量通常应为（  ）。,2 个,3个,4 个,8 个,,,C,2（易）,5（好）
,B-A-B-010,B（单选题）,,电子调速器的信号线在连接到飞控系统时，应该（）。,使用焊接的方式连接，确保牢固,通过配套的插头进行连接，保证连接良好,直接将裸露的信号线插入飞控接口,把多根信号线拧在一起再连接,,,B,2（易）,5（好）
,B-A-B-010,C（判断题）,,在装配多旋翼无人机电子调速器时，不需要考虑飞控板的型号。（  ）,正确,错误,,,,,B,2（易）,5（好）
,B-A-B-010,C（判断题）,,电子调速器连接线路可以随意布置。（）,正确,错误,,,,,B,2（易）,5（好）
,B-A-B-011,B（单选题）,,考虑对载重量要求不高和经济便宜的情况下，（）适合制作无人机脚架。,钛合金,碳纤维,塑料,铝合金,,,C,3（中）,5（好）
,B-A-B-011,B（单选题）,,无人机脚架用于连接无人机主体的部分是（）。,支撑杆,减震垫,安装接口或连接座,固定螺丝,,,B,3（中）,5（好）
,B-A-B-011,B（单选题）,,脚架安装时，（）确保固定牢固。,使用螺丝刀轻轻旋紧,使用扳手大力旋紧,用手旋紧,随意放置,,,A,2（易）,5（好）
,B-A-B-011,B（单选题）,,无人机脚架装配时，对多余的材料应该（）。,随意摆放,收纳整齐,任其悬垂,直接隐藏,,,B,2（易）,5（好）
,B-A-B-011,C（判断题）,,当无人机在平整、无障碍物但存在强电磁干扰的空旷场地低空慢速飞行时，可以在没有脚架的情况下使用无人机。（）,正确,错误,,,,,B,3（中）,5（好）
,B-A-B-011,C（判断题）,,无人机脚架装配无需考虑重心。（）,正确,错误,,,,,B,3（中）,5（好）
,B-A-B-012,B（单选题）,,在多旋翼无人机中心板装配过程中，用于固定飞行控制器的最佳方式是（）。,使用强力胶水粘贴, 通过螺丝和垫片紧固, 直接焊接至电路板上,利用磁铁吸附,,,B,3（中）,5（好）
,B-A-B-012,B（单选题）,,在多旋翼无人机的中心板装配过程中，需要确保所有电子设备能够正确供电，首先要完成的步骤是（）。, 安装并固定飞行控制器,测试各个传感器的功能,检查并规划电源分配和连接,连接电机和电调,,,C,3（中）,5（好）
,B-A-B-012,B（单选题）,,在装配多旋翼无人机中心板时，为了确保电机能够接收来自飞控系统的信号，（）是连接电机与飞控系统的关键桥梁。,电调,桨叶,机架,电池,,,A,4（较难）,5（好）
,B-A-B-012,B（单选题）,,在安装多旋翼无人机的中心板时，为了保证飞控系统能够稳定工作，必须优先固定（）。,电池架,中心板支架,遥控接收器,螺旋桨,,,B,3（中）,5（好）
,B-A-B-012,C（判断题）,,多旋翼无人机中心板装配无需平整。（）,正确,错误,,,,,B,3（中）,5（好）
,B-A-B-012,C（判断题）,,中心板装配应确保所有螺丝紧固。（）,正确,错误,,,,,A,3（中）,5（好）
,B-A-B-013,B（单选题）,,为增强无人机电机座的散热效果，可采取的措施是（  ）。,选用黑色的电机座材质,在电机座上增加散热鳍片,包裹隔热材料,减少电机座与空气接触面积,,,A,3（中）,5（好）
,B-A-B-013,B（单选题）,,在电机座装配过程中，为了确保螺栓能够被安全地拧紧至适当的扭矩，用来紧固螺栓的工具是（）。,螺丝刀,钳子,液压扳手,扭矩扳手,,,D,3（中）,5（好）
,B-A-B-013,B（单选题）,,电机座的安装位置通常在无人机的（）。,机身内部,机臂末端,机身底部,任意位置,,,B,2（易）,5（好）
,B-A-B-013,B（单选题）,,在安装无人机电机座之前，为了确保电机座能够稳固安装，需要确保（）已经正确安装在无人机的主体结构上。,螺旋桨,机臂,飞控系统,着陆架,,,B,3（中）,5（好）
,B-A-B-013,C（判断题）,,在无人机电机座上安装电机，应该顺时针或逆时针依次锁紧螺丝。（）,正确,错误,,,,,B,3（中）,5（好）
,B-A-B-013,C（判断题）,,确保所有无人机电机座都正确安装并紧固后，才能进行飞行测试。 (),正确,错误,,,,,A,2（易）,5（好）
,B-A-B-014,B（单选题）,,无人机机臂与机身连接时，为了保证连接的紧密性和稳定性，通常会使用（）。,胶水粘结,螺栓和螺母配合紧固件,焊接,插销和弹性卡扣,,,B,3（中）,5（好）
,B-A-B-014,B（单选题）,,无人机机臂装配过程中，需要安装电线，正确的做法是（）。,直接将电线放在机臂表面，用胶带固定,把电线穿入机臂内部预先设计的线槽或套管中,让电线缠绕在机臂的连接螺丝上,将电线与机臂一起包裹在塑料薄膜中,,,B,2（易）,5（好）
,B-A-B-014,B（单选题）,,对于需要安装在机臂上的小型配件（如指示灯），在装配无人机机臂时应该（）。,在机臂安装到机身之后再安装小型配件,根据配件的重量，决定安装顺序,先将小型配件安装在机臂上，再安装机臂到机身,随机安装，没有固定顺序,,,C,2（易）,5（好）
,B-A-B-014,B（单选题）,,当装配无人机机臂需要与其他部件（如起落架）协同安装时，正确的做法是（）。,先安装机臂，再安装起落架，不考虑两者之间的空间关系,同时安装机臂和起落架，边安装边调整位置,先安装起落架，然后根据起落架的位置安装机臂，确保两者不发生干涉,根据无人机的重心位置，先安装靠近重心的部件（机臂或起落架）,,,C,2（易）,5（好）
,B-A-B-014,C（判断题）,,耐磨涂层可以延长机臂的使用寿命，减少磨损。（）,正确,错误,,,,,A,3（中）,5（好）
,B-A-B-014,C（判断题）,,无人机机臂与机身连接时，胶水粘结是一种可靠的连接方式，因为它可以确保连接紧密。（）,正确,错误,,,,,B,3（中）,5（好）
,B-A-B-015,B（单选题）,,无人机脚架与机身连接的常见方式是（）。,焊接,卡扣连接,螺栓连接,胶水粘结,,,C,3（中）,5（好）
,B-A-B-015,B（单选题）,,在装配多旋翼无人机脚架时，关于脚架安装位置的说法正确的是（）。,脚架的安装位置可以随意调整，不影响无人机的起飞和降落,脚架应该安装在机身的重心下方，以保证平衡,为了增加稳定性，脚架应尽量向外伸展安装,根据螺旋桨的旋转方向来确定脚架的安装位置,,,B,2（易）,5（好）
,B-A-B-015,B（单选题）,,在装配无人机脚架时，首先应该进行的步骤是（）。,将脚架直接安装到机身上,检查所有零件是否齐全且无损坏,使用强力胶水固定脚架各部分,测试飞行器的平衡性,,,B,3（中）,5（好）
,B-A-B-015,B（单选题）,,无人机脚架的关节处通常需要加装（）部件来增加稳定性。,弹簧,垫片,减震器,不需要加装,,,C,2（易）,5（好）
,B-A-B-015,C（判断题）,,在装配无人机脚架时，为了便于后续的维修和更换，应该采用一体化设计，减少零部件数量。（）,正确,错误,,,,,B,3（中）,5（好）
,B-A-B-015,C（判断题）,,脚架的减震器应安装在关节处。（）,正确,错误,,,,,A,3（中）,5（好）
,B-A-B-016,B（单选题）,,无人机电机座装配过程中，为了防止螺栓松动，正确的方法是（）。,使用防松垫圈,减少螺栓的拧紧力矩,在螺栓上涂抹胶水,用绳子捆绑螺栓头部,,,A,3（中）,5（好）
,B-A-B-016,B（单选题）,,当装配无人机电机座需要与其他部件（如螺旋桨）协同安装时，正确的做法是（）。,直接将螺旋桨安装到未固定的电机座上,先安装并校准电机座，确保其位置正确且稳固，然后再安装螺旋桨,同时安装电机座和螺旋桨，最后一起紧固,只需关注螺旋桨的安装，电机座的位置可以后续调整,,,B,2（易）,5（好）
,B-A-B-016,B（单选题）,,电机座的安装位置偏移可能导致（）。,飞行速度增加,电池续航时间延长,飞行不稳定,信号更强,,,C,2（易）,5（好）
,B-A-B-016,B（单选题）,,电机座安装时，确保电机的平衡的原因是（）。,提高飞行速度,防止振动过大,增加电池寿命,降低噪音,,,B,2（易）,5（好）
,B-A-B-016,C（判断题）,,安装顺序不影响电机座的稳固性。（）,正确,错误,,,,,B,3（中）,5（好）
,B-A-B-016,C（判断题）,,确保电机平衡可以减少飞行中的振动。（）,正确,错误,,,,,A,3（中）,5（好）
,B-A-C-001,B（单选题）,,在填写多旋翼无人机电池报告单时，以下（ ）信息不是必须记录的内容。,电池型号和序列号,每次飞行的具体航线图,充电日期和时间,使用后的剩余电量,,,B,3（中）,5（好）
,B-A-C-001,B（单选题）,,多旋翼电池装配报告单中，需要记录电池的（）信息。,电池的容量和电压,电池的重量和颜色,电池的购买日期和保修期,电池的制造商和序列号,,,A,3（中）,5（好）
,B-A-C-001,B（单选题）,,在填写电池装配报告单时，如果电池存在性能下降，记录的方式是（）。,仅记录电池的当前性能数据,描述性能下降的具体表现，并注明日期,忽略性能问题，只记录电池的正常参数,记录电池的维修历史，不提性能问题,,,B,3（中）,5（好）
,B-A-C-001,B（单选题）,,多旋翼无人机电池装配报告单中，电池容量的单位通常应填写（）。,毫安时（mAh）,瓦时（Wh）,安培（A）, 伏特（V）,,,A,2（易）,5（好）
,B-A-C-001,C（判断题）,,多旋翼电池报告单上的22000mah 25C参数，25代表了电池的充电倍率。（）,正确,错误,,,,,B,3（中）,5（好）
,B-A-C-001,C（判断题）,,在填写多旋翼无人机电池装配报告单时，无需考虑电池的存放环境。（）,正确,错误,,,,,B,3（中）,5（好）
,B-A-C-002,B（单选题）,,多旋翼无人机电池装配报告单上报时，最优先考虑的上报途径是（  ）。,微信发送给上级领导,打印纸质版交给项目负责人,通过公司内部专门的设备管理系统提交,让同事帮忙转交给相关部门,,,C,2（易）,5（好）
,B-A-C-002,B（单选题）,,多旋翼电池报告单上报时，不需要包含（）信息。,电池的维护记录,电池的颜色,电池的故障记录,电池的使用历史,,,B,2（易）,5（好）
,B-A-C-002,B（单选题）,,发现多旋翼电池报告单中的错误，正确的处理方式是（）。,直接上报错误报告,更正错误后重新上报,标记错误，等待指示,忽略错误，继续上报,,,B,2（易）,5（好）
,B-A-C-002,B（单选题）,,多旋翼电池报告单的上报格式通常是（）。,手写记录在纸质表格中,电子表格或专用软件中的结构化数据,口头汇报给团队负责人,视频报告,,,B,3（中）,5（好）
,B-A-C-002,C（判断题）,,上报电池报告单时，如果电池性能测试结果未达到预期，可以重新测试，延迟上报。（）,正确,错误,,,,,B,3（中）,5（好）
,B-A-C-002,C（判断题）,,上报电池报告单时，可以忽略电池的常规检查结果，只上报电池的异常情况。（）,正确,错误,,,,,B,2（易）,5（好）
,B-B-A-001,B（单选题）,,固定桨距螺旋桨进行静平衡测试的目的是（）。,检查螺旋桨的材料强度,确定螺旋桨的最大飞行速度,确保螺旋桨在静止和低速旋转时的平衡性,评估螺旋桨的空气动力效率,,,C,2（易）,5（好）
,B-B-A-001,B（单选题）,,在静平衡测试中，若发现螺旋桨存在不平衡，通常采用（）。,增加或减少桨叶一侧的重量,调整桨叶的攻角,改变电机的转速,更换新的螺旋桨,,,A,2（易）,5（好）
,B-B-A-001,B（单选题）,,固定桨距螺旋桨静平衡测试一般应在（  ）环境下进行。,高湿度和高温,室外开阔场地,稳定且无振动的室内环境,强风或气流影响区域,,,C,3（中）,5（好）
,B-B-A-001,B（单选题）,,在固定桨距螺旋桨静平衡测试过程中，若发现螺旋桨有细微裂纹，应（ ）。,继续测试，观察裂纹对平衡有无影响,停止测试，标记裂纹位置并报废螺旋桨,用胶水修补裂纹后再测试,打磨掉裂纹周围材料，继续测试,,,B,3（中）,5（好）
,B-B-A-001,C（判断题）,,只要固定桨距螺旋桨外观看起来对称，就无需进行静平衡测试。（）,正确,错误,,,,,B,2（易）,5（好）
,B-B-A-001,C（判断题）,,螺旋桨静平衡测试的主要目的是提高螺旋桨的转速。（）,正确,错误,,,,,B,2（易）,5（好）
,B-B-A-002,B（单选题）,,静平衡测试主要用到的工具是（ ）。,卡尺,天平,转速计,扭矩扳手,,,B,2（易）,5（好）
,B-B-A-002,B（单选题）,,在静平衡测试中，螺旋桨的正确做法是（ ）。,垂直悬挂在一个细线上,水平放置在两个平行的刀刃状支撑物上,倾斜放置在一个 V 形槽内,直接放在平面上,,,B,3（中）,5（好）
,B-B-A-002,B（单选题）,,当多个螺旋桨都需要进行静平衡测试时，正确的做法是（ ）。,同时将多个螺旋桨放在测试装置上进行测试,只测试其中一个螺旋桨，认为其他螺旋桨和这个一样平衡,随机选择几个螺旋桨进行测试，其他的凭经验判断,逐个进行测试，每个螺旋桨测试完成后做好标记和记录,,,D,3（中）,5（好）
,B-B-A-002,B（单选题）,,在进行固定桨距螺旋桨静平衡测试之前，必须确保（）事项。,螺旋桨表面涂覆一层润滑油,螺旋桨叶片无损坏且清洁,测试环境温度达到最高值,使用最大规格的紧固件固定螺旋桨,,,B,3（中）,5（好）
,B-B-A-002,C（判断题）,,过度平衡螺旋桨可能导致性能问题。（）,正确,错误,,,,,A,3（中）,5（好）
,B-B-A-002,C（判断题）,,使用更重的螺旋桨总是能带来更好的平衡。（）,正确,错误,,,,,B,3（中）,5（好）
,B-B-A-003,B（单选题）,,对于静平衡测试的测试工具精度，正确的是（ ）。,精度越高越好，即使是微小的不平衡也能准确检测,精度适中即可，过高精度会增加测试成本和时间,精度低一些没关系，只要能大致判断平衡状态就行,根据螺旋桨的大小来选择，大螺旋桨用高精度工具，小螺旋桨用低精度工具,,,A,3（中）,5（好）
,B-B-A-003,B（单选题）,,静平衡测试的场地周围应该（ ）。,避免有大型设备或人员频繁走动，减少振动干扰,有一些振动源没关系，只要振动不强烈就行,可以放置其他正在运行的无人机，方便对比测试,靠近通风设备，保证空气流通良好,,,A,3（中）,5（好）
,B-B-A-003,B（单选题）,,在静平衡测试中，对待螺旋桨的包装材料正确的做法是（ ）。,保留包装材料，因为它可能对螺旋桨有保护作用,根据包装材料的重量来决定是否去除，轻的可以保留,在测试前应将包装材料完全去除，避免影响测试,只去除包装材料的一部分，观察其对测试的影响,,,C,2（易）,5（好）
,B-B-A-003,B（单选题）,,选择适合的平衡架进行静平衡测试时，应考虑（）。,平衡架的颜色,平衡架的材质,螺旋桨的重量,螺旋桨的尺寸,,,D ,2（易）,5（好）
,B-B-A-003,C（判断题）,,每次应只测试一个螺旋桨。（）,正确,错误,,,,,A,3（中）,5（好）
,B-B-A-003,C（判断题）,,同一批次的螺旋桨保证平衡。（）,正确,错误,,,,,B,2（易）,5（好）
,B-B-A-004,B（单选题）,,（）的方法可以用于固定桨距螺旋桨的动平衡测试。,旋转法,移位法,平衡仪法,振动法,,,C,3（中）,5（好）
,B-B-A-004,B（单选题）,,在固定桨距螺旋桨的动平衡测试中，通常使用的仪器是（）。,静平衡架,动平衡机或振动分析仪,扭矩扳手,温度计,,,B,3（中）,5（好）
,B-B-A-004,B（单选题）,,动平衡测试主要用于检测螺旋桨在高速旋转时的（）问题。,桨叶弯曲,桨叶磨损,不平衡力,材料缺陷,,,C,2（易）,5（好）
,B-B-A-004,B（单选题）,,动平衡测试通常在（）条件下进行。,在开放空间以利用自然风,在安静无振动的室内环境中,在高速旋转的状态下,在桨叶完全停止旋转时,,,B,5（难）,5（好）
,B-B-A-004,C（判断题）,,固定桨距螺旋桨动平衡测试时，试验机转速越高，测试结果越准确。（）,正确,错误,,,,,B,2（易）,5（好）
,B-B-A-004,C（判断题）,,动平衡测试过程中应关注振动情况。（）,正确,错误,,,,,A,2（易）,5（好）
,B-B-A-005,B（单选题）,,在动平衡测试过程中，螺旋桨的旋转方向（ ）。,必须按照无人机实际飞行时的旋转方向进行测试,可以随意设定，不影响动平衡测试结果,先正转测试，再反转测试，对比结果,根据测试设备的要求进行旋转，与实际飞行方向无关,,,A,3（中）,5（好）
,B-B-A-005,B（单选题）,,在动平衡测试中，测试设备正常工作的方法是（ ）。,用标准的平衡螺旋桨进行测试，观察设备的测量结果是否符合预期,根据设备的运行声音判断，没有异常声音即为正常,检查设备的电源指示灯是否正常亮起,查看设备的生产日期，较新的设备一般正常工作,,,A,3（中）,5（好）
,B-B-A-005,B（单选题）,,动平衡测试的环境要求包括（ ）。,可以有适度的气流，模拟实际飞行环境,环境亮度要高，方便观察螺旋桨的旋转情况,稳定且无振动的基础，避免气流干扰,周围可以有轻微的振动，只要不影响设备正常运行就行,,,C,2（易）,5（好）
,B-B-A-005,B（单选题）,,动平衡测试设备通常需要对螺旋桨进行正确的固定方式的是（ ）。,简单的夹具夹紧，保证螺旋桨不会掉落即可,按照螺旋桨的旋转轴中心进行精确的同心固定,采用磁性吸附，方便快捷,根据螺旋桨的大小随意固定，只要能旋转就行,,,B,3（中）,5（好）
,B-B-A-005,C（判断题）,,通过去除较重一侧的材料可以实现平衡。（）,正确,错误,,,,,A,2（易）,5（好）
,B-B-A-005,C（判断题）,,静态平衡测试和动态平衡测试是相同的。（）,正确,错误,,,,,B,2（易）,5（好）
,B-B-A-006,B（单选题）,,在进行无人机固定桨距螺旋桨动平衡测试时，测试环境的温度变化范围应（ ）。,尽量控制在较小范围内，因为温度变化可能影响螺旋桨材料性能和测试精度,可以较大，只要不超过螺旋桨材料的极限温度就行,没有严格要求，因为动平衡测试主要关注旋转状态，与温度无关,根据测试设备的要求来定，不同设备对温度敏感度不同,,,A,3（中）,5（好）
,B-B-A-006,B（单选题）,,当使用动平衡测试设备时，设备的校准频率应该是（ ）。,每次使用前都要校准，确保测试准确性,定期校准，例如每月一次，根据设备使用频率调整,只有在设备出现明显故障或测试结果异常时才校准,根据设备的使用寿命来决定，新设备不需要频繁校准,,,A,2（易）,5（好）
,B-B-A-006,B（单选题）,,在动平衡测试过程中，设备周围的气流情况应该（ ）。,有适度的气流是可以的，模拟实际飞行环境,保持无明显气流，避免气流干扰螺旋桨的旋转和振动检测,只要气流方向与螺旋桨旋转方向一致，就不会有影响,根据测试设备的抗风能力决定，有些设备可以在有风环境下测试,,,B ,3（中）,5（好）
,B-B-A-006,B（单选题）,,当对螺旋桨进行动平衡测试时，螺旋桨的初始状态检查应重点关注（ ）。,螺旋桨表面的颜色是否均匀，颜色不均可能表示质量有问题。,螺旋桨的边缘是否锋利，锋利程度与动平衡有关。,螺旋桨上的标识是否完整，标识完整性影响测试准确性。,螺旋桨是否有微小的弯曲或扭曲，这可能影响平衡测试。,,,D,2（易）,5（好）
,B-B-A-006,C（判断题）,,为平衡添加重量应在桨叶尖端。(),正确,错误,,,,,B,2（易）,5（好）
,B-B-A-006,C（判断题）,,螺旋桨应不对称地安装在测试设备上以检测不平衡。(),正确,错误,,,,,B,2（易）,5（好）
,B-B-A-007,B（单选题）,,（）的参数不是无人机电池电气测试中必须检测的。,容量,内阻,温度,导线型号,,,D,2（易）,5（好）
,B-B-A-007,B（单选题）,,在进行无人机电池的电气测试时，我们应该做第一步的是（ ）。,对电池进行外观检查，查看有无破损、鼓包等,测量电池电压,将电池连接到专业测试设备,查看电池的生产日期和批次信息,,,A,2（易）,5（好）
,B-B-A-007,B（单选题）,,在对无人机电池进行内阻测试时，通常使用（）。,万用表,绝缘电阻测试仪,内阻仪,电压表,,,C,2（易）,5（好）
,B-B-A-007,B（单选题）,,无人机电池容量测试时，常用的测试方法是（ ）。,恒流放电法,恒压充电法,脉冲充电法,随机充放电法,,,A,2（易）,5（好）
,B-B-A-007,C（判断题）,,在对使用电池供电的设备进行测试前，应仔细检查电池外观有无破损、鼓包、漏液现象以及连接线是否牢固、有无破损和腐蚀。（）,正确,错误,,,,,A,2（易）,5（好）
,B-B-A-007,C（判断题）,,对于有明确制造商规范的测试项目，在整个测试过程中，每一个操作步骤、测试参数的设定及测试环境的控制都应严格符合制造商规范。（）,正确,错误,,,,,A,2（易）,5（好）
,B-B-A-008,B（单选题）,,无人机电池的自放电测试用来测量（）。,电池的最高工作温度,电池在静态条件下的电量损失率,电池的快速充电能力,电池的最大起飞重量,,,B,3（中）,5（好）
,B-B-A-008,B（单选题）,,无人机电池的温度监测在电气测试中的作用是（）。,测量电池的容量,评估电池的充电状态,监控电池在使用过程中的热稳定性,确定电池的化学成分,,,C,3（中）,5（好）
,B-B-A-008,B（单选题）,,在进行无人机电池的充电效率测试时，需要关注（）。,无人机的最大飞行高度,无人机的遥控距离,电池的充电转化效率,电池的颜色,,,C,2（易）,5（好）
,B-B-A-008,B（单选题）,,在对无人机电池进行放电测试时，主要目的是评估（）性能。,电池的最大充电电流,电池的自放电率,电池在特定负载下的持续供电能力,电池的绝缘电阻,,,C,3（中）,5（好）
,B-B-A-008,C（判断题）,,无人机电池的电气测试包括容量测试、内阻测试和电压曲线测试等几个方面。（）,正确,错误,,,,,A,3（中）,5（好）
,B-B-A-008,C（判断题）,,无人机电池的电气测试主要是为了检测电池外观和重量，和安全性、性能、容量、使用要求等无关。（）,正确,错误,,,,,B,3（中）,5（好）
,B-B-A-009,B（单选题）,,在进行无人机电池性能测试时，以下（ ）是必须避免的操作。,使用符合安全标准的充电器对电池进行充电,将单片电池电压放电至3.7V作为报警阈值,对已经充满电的电池继续充电以确保其完全饱和,在阴凉干燥环境中存放未使用的电池,,,C,3（中）,5（好）
,B-B-A-009,B（单选题）,,无人机电池测试完成后，对于性能良好但长期不使用的电池，应该（）。,充满电后存放,放电至 50% - 60% 电量后存放,完全放电后存放,保持测试结束时的电量状态存放,,,B,3（中）,5（好）
,B-B-A-009,B（单选题）,,测试无人机电池容量时，理想的放电方式是（）。,以不断变化的电流放电,先快速放电，再缓慢放电,先小电流放电，再大电流放电,以恒定功率进行放电,,,D,3（中）,5（好）
,B-B-A-009,B（单选题）,,在测试无人机电池过程中，如果遇到下列（）情况应该立即停止测试并检查电池和设备。,电池电压随时间逐渐下降,电池温度异常升高或出现膨胀现象,电池容量在多次充放电循环后有所减少,电池内阻随着使用次数增加而略微上升,,,B,5（难）,5（好）
,B-B-A-009,C（判断题）,,无人机电池测试时，应避免将电池暴露在阳光下。（）,正确,错误,,,,,A,3（中）,5（好）
,B-B-A-009,C（判断题）,,测试前应确保电池电量在50%以上，以避免测试过程中电量不足。（）,正确,错误,,,,,B,2（易）,5（好）
,B-B-A-010,B（单选题）,,电机的转速测试的是（）。,测量电机运行时每分钟的旋转次数,测量电机启动时的速度,测量电机停止后的速度,测量电机的最大速度,,,A,3（中）,5（好）
,B-B-A-010,B（单选题）,,当使用霍尔传感器测量无人机电机转速时，其原理是基于（ ）。,电磁感应，电机旋转使磁场变化，传感器产生电信号,光电效应，光线被电机遮挡变化，触发传感器,电容变化，电机转动改变电容值，被传感器捕捉,热辐射差异，电机不同部位发热不均被传感器感知,,,A,3（中）,5（好）
,B-B-A-010,B（单选题）,,无人机电机转速测试中，通常使用（）来测量电机的转速。,测速仪,电压表,电流表,陀螺仪,,,A,3（中）,5（好）
,B-B-A-010,B（单选题）,,在进行无人机电机转速测试时，应该（）以获得准确的转速数据。,随意旋转电机,让电机自由运转,在恒定负载下测量,无需任何负载,,,C,5（难）,5（好）
,B-B-A-010,C（判断题）,,电机转速的测试结果通常以每分钟的旋转次数表示。（）,正确,错误,,,,,A,3（中）,5（好）
,B-B-A-010,C（判断题）,,在进行电机相关性能测试时，若测试结果受电机温度影响较大，保持电机温度恒定反而会影响测试。（）,正确,错误,,,,,B,2（易）,5（好）
,B-B-A-011,B（单选题）,,在进行电机转速测试之前，以下（ ）是确保测试准确性和安全性的重要准备步骤。,立即开始测试以获取冷启动时的数据,将电机设置在最大转速下预热至少一小时,检查所有连接是否牢固，并确认电机和测试设备处于良好的工作状态,使用未经校准的转速测量工具快速检查电机转速,,,C,3（中）,5（好）
,B-B-A-011,B（单选题）,,电机测试过程中，避免电机长时间满负荷运转的方法是（）。, 增加负载,定期休息,忽略负载,减少负载,,,D,3（中）,5（好）
,B-B-A-011,B（单选题）,,无人机电机转速测试时，应避免在（）表面上进行测试。,金属表面, 木质表面,塑料表面,任意表面,,,A,3（中）,5（好）
,B-B-A-011,B（单选题）,,测试无人机电机转速时，环境的电磁干扰源主要来自（ ）。,测试场地的照明灯具,测试人员携带的手机,附近的通信基站、高压线等,电机自身产生的电磁场,,,C,5（难）,5（好）
,B-B-A-011,C（判断题）,,测试过程中，应避免电机长时间满负荷运转。（）,正确,错误,,,,,A,3（中）,5（好）
,B-B-A-011,C（判断题）,,无人机电机转速测试时，应避免在金属表面上进行测试。（）,正确,错误,,,,,A,2（易）,5（好）
,B-B-A-012,B（单选题）,,下列属于电机的拉力测试的是（）。,测试电机的最大扭矩输出能力,测试电机的最大转速,测试电机的工作电流,测试电机的工作电压,,,A,3（中）,5（好）
,B-B-A-012,B（单选题）,,在进行无人机电机拉力测试时，通常需要使用（）。,万用表,拉力计,测速仪,电流表,,,B,2（易）,5（好）
,B-B-A-012,B（单选题）,,无人机电机的拉力测试主要用于测量（）。,电机的最大转速, 电机在不同负载下的电流消耗,电机能够提供的最大推力或拉力,电机的效率,,,C,2（易）,5（好）
,B-B-A-012,B（单选题）,,在完成拉力测试结束后，对得到的数据可以（）。,直接用于确定无人机的最大飞行高度,进行分析以评估电机与螺旋桨组合的性能,无需处理，因为直观感受已经足够判断性能,仅记录最大值，其他数据可以忽略,,,B,3（中）,5（好）
,B-B-A-012,C（判断题）,,无人机电机的拉力测试中，只需将电机连接到拉力计上，直接读取拉力值即可准确评估电机的性能。（）,正确,错误,,,,,B,3（中）,5（好）
,B-B-A-012,C（判断题）,,无人机电机拉力测试时应保持电机在空载状态下。（）,正确,错误,,,,,B,3（中）,5（好）
,B-B-A-013,B（单选题）,,如果在电机拉力测试环境中存在强电磁干扰，可能会对电机拉力测试造成（）。,增加电机温度,降低螺旋桨效率,影响测量精度,加速电池放电,,,C,3（中）,5（好）
,B-B-A-013,B（单选题）,,为了准确测量电机的最大拉力，下列正确的做法是（）。,在空载情况下启动电机,将电机设置为最低功率模式,施加逐步增加的负载直至达到极限,直接施加最大可能负载,,,C,2（易）,5（好）
,B-B-A-013,B（单选题）,,电机拉力测试结束后，等待一段时间再关闭电源的原因是（）。,让电机自然冷却下来,确保所有数据已经被保存,给系统足够的时间复位,避免突然断电损害设备,,,A,2（易）,5（好）
,B-B-A-013,B（单选题）,,对于无刷直流电机（BLDC），在执行拉力测试期间，下列不是直接用于评估电机效能的关键指标是（）。,电流消耗,转速,拉力输出,电压波动,,,D,3（中）,5（好）
,B-B-A-013,C（判断题）,,无人机电机拉力测试中，如果电机转速未达到预期值，可能是由于电池电压不足引起的。（）,正确,错误,,,,,A,3（中）,5（好）
,B-B-A-013,C（判断题）,,在进行电机拉力测试时，螺旋桨的选择不会影响测试的结果。（）,正确,错误,,,,,B,3（中）,5（好）
,B-B-A-014,B（单选题）,,在桨叶状态测试中，用于测量桨叶的扭转变形量的是仪器的是（）。,力矩传感器,转速表,温度计,压力计,,,A,3（中）,5（好）
,B-B-A-014,B（单选题）,,在检测桨叶的刚性时，适合采用的测试方法是（）。,弯曲试验,冲击试验,硬度试验,拉伸试验,,,A,3（中）,5（好）
,B-B-A-014,B（单选题）,,下列属于无人机桨叶状态测试的目的是（）。,检测桨叶的材料强度,测量桨叶的空气动力性能,检查桨叶是否有裂纹或损伤,确定桨叶的制造日期,,,C,2（易）,5（好）
,B-B-A-014,B（单选题）,,无人机桨叶的（）特征可能表明其状态不佳。,桨叶表面光滑无损,桨叶有明显的弯曲或扭曲,桨叶颜色均匀一致,桨叶连接处紧固可靠,,,B,3（中）,5（好）
,B-B-A-014,C（判断题）,,桨叶状态测试包括检查是否有裂纹或损伤。（）,正确,错误,,,,,A,2（易）,5（好）
,B-B-A-014,C（判断题）,,测试时应使用放大镜检查细节。（）,正确,错误,,,,,A,2（易）,5（好）
,B-B-A-015,B（单选题）,,飞行器姿态控制系统的主要功能是（）。,控制飞行器的姿态,控制飞行器的速度,控制飞行器的高度,控制飞行器的航向,,,A,3（中）,5（好）
,B-B-A-015,B（单选题）,,飞行器框架在承受载荷时，（）可以提高其稳定性。,减少框架的截面尺寸,使用高强度轻质材料,增加框架的弯曲部件,降低框架的连接强度,,,B,3（中）,5（好）
,B-B-A-015,B（单选题）,,飞行器框架稳定性测试的关键指标是（）。,框架的重量,框架的尺寸,框架的刚度和强度,框架的颜色,,,C,3（中）,5（好）
,B-B-A-015,B（单选题）,,为了测试飞行器框架的稳定性，通常需要使用（）设备。,电子秤,万能材料试验机,风速计,气压计,,,B,2（易）,5（好）
,B-B-A-015,C（判断题）,,在飞行器控制系统中，反馈是必要的。（）,正确,错误,,,,,A,3（中）,5（好）
,B-B-A-015,C（判断题）,,稳定性测试需要模拟各种飞行条件。（）,正确,错误,,,,,A,3（中）,5（好）
,B-B-A-016,B（单选题）,,无人机整体框架稳定性测试时，主要检测的是（）。,整体刚度,翼展大小,重量大小,控制系统,,,A,3（中）,5（好）
,B-B-A-016,B（单选题）,,无人机的整体框架稳定性会受到较大影响的是（）。,使用高强度材料制作,增加机翼数量,减轻整机重量,改变控制系统设计,,,D,3（中）,5（好）
,B-B-A-016,B（单选题）,,无人机整体框架稳定性的动态响应测试主要关注（）。,框架在高速飞行时的振动情况,框架在不同天气条件下的表现,框架的重量分布,框架的颜色选择,,,A,2（易）,5（好）
,B-B-A-016,B（单选题）,,为了确保无人机整体框架的稳定性，测试过程中应特别注意（）。,框架的外观质量,框架连接件的牢固程度,框架材料的环保等级,框架的价格,,,B,3（中）,5（好）
,B-B-A-016,C（判断题）,,风速是影响无人机整体框架稳定性的重要因素之一。（）,正确,错误,,,,,A,3（中）,5（好）
,B-B-A-016,C（判断题）,,测试时应关注结构变形和应力分布。（）,正确,错误,,,,,A,5（难）,5（好）
,B-B-A-017,B（单选题）,,可以用来评估无人机脚架稳定性的方法是（）。,按照标准规定的荷载进行静态加载试验,在特定条件下模拟无人机飞行状态下的振动试验,使用风洞设备模拟不同风速条件下的飞行试验,进行高空抛投试验,,,A,3（中）,4（较好）
,B-B-A-017,B（单选题）,,对于轻型无人机，通常采的脚架是（）。,单脚架,双脚架,三脚架,四脚架,,,B,3（中）,5（好）
,B-B-A-017,B（单选题）,,无人机脚架稳定性测试的主要目的是为了（）。,测量脚架的承重能力,检验脚架的耐腐蚀性,评估脚架的美观程度,评估脚架的刚性,,,A,3（中）,5（好）
,B-B-A-017,B（单选题）,,在进行无人机脚架稳定性测试时，通常会模拟（）。,无人机在空中飞行的状态,无人机着陆和起飞的瞬间,无人机在恶劣气候下的运行,无人机长时间悬停的状态,,,B,3（中）,5（好）
,B-B-A-017,C（判断题）,,脚架稳定性测试需要模拟不同地面条件。（）,正确,错误,,,,,A,2（易）,5（好）
,B-B-A-017,C（判断题）,,测试时应确保脚架与地面平行。（）,正确,错误,,,,,B,2（易）,5（好）
,B-B-A-018,B（单选题）,,在无人机电机稳定程度测试中，可以有效地检测电机的稳定性的方法是（）。,通过观察电机是否震动,通过测量电机转速,通过检测电机电流,通过比较不同电机的工作效率,,,A,3（中）,5（好）
,B-B-A-018,B（单选题）,,在无人机电机稳定程度测试中，（）参数的变化最能反映电机的稳定性。,电机电流的波动,电机温度的变化,螺旋桨转速的波动,电机控制信号的稳定性,,,D,3（中）,5（好）
,B-B-A-018,B（单选题）,,为了确保无人机电机的稳定运行，测试过程中应特别注意电机的（）。,电机的尺寸,电机的效率,电机的温升,电机的颜色,,,C,2（易）,5（好）
,B-B-A-018,B（单选题）,,无人机电机在承受过载情况下稳定性测试的目的是（）。,确定电机的最大起飞重量,检验电机在极端条件下的性能,评估电机的噪音水平,测试电机的电池续航能力,,,B,3（中）,5（好）
,B-B-A-018,C（判断题）,,电机稳定性测试需要模拟实际工作条件。（）,正确,错误,,,,,A,2（易）,5（好）
,B-B-A-018,C（判断题）,,测试时应关注电机发热情况。（）,正确,错误,,,,,A,2（易）,5（好）
,B-B-A-019,B（单选题）,,在无人机飞行控制系统电气测试中，下列（）是不需要测试的项目。,电源系统,控制系统,通信系统,视觉系统,,,D,3（中）,4（较好）
,B-B-A-019,B（单选题）,,无人机飞行控制系统的电气测试流程通常不包括（）。,静态测试,动态测试,环境适应性测试,结构强度测试,,,D,2（易）,5（好）
,B-B-A-019,B（单选题）,,在无人机飞行控制系统的静态测试中，主要目的是验证（）。,控制系统的响应时间,控制算法的准确性,控制系统各部件的电气连接,控制系统在高风速下的表现,,,C,3（中）,5（好）
,B-B-A-019,B（单选题）,,在无人机飞行控制系统的电气测试中，（）是用来确认系统组件之间的正确连接和电气特性的。,功能测试,集成测试,单元测试,压力测试,,,C,3（中）,5（好）
,B-B-A-019,C（判断题）,,在无人机飞行控制系统电气测试中，电源系统是最重要的一部分。（）,正确,错误,,,,,A,3（中）,5（好）
,B-B-A-019,C（判断题）,,飞控测试应包括所有传感器和连接线路。（）,正确,错误,,,,,A,2（易）,5（好）
,B-B-A-020,B（单选题）,,在无人机飞行控制系统电气测试中，（）是检测电源电压是否正常。,电阻测试,电流测试,电压测试,功率测试,,,C,3（中）,5（好）
,B-B-A-020,B（单选题）,,在无人机飞行控制系统电气测试中，检测电路板上元器件之间的连接正常最合适的工具是（）。,逻辑分析仪,示波器,连接性测试仪或万用表,飞行控制器内置自检功能,,,C,3（中）,5（好）
,B-B-A-020,B（单选题）,,无人机飞行控制系统的电气测试中，通常不包含（）。,对飞控软件的测试,对飞控硬件的测试,对无人机机体结构的测试,对无人机通信系统的测试,,,C,3（中）,5（好）
,B-B-A-020,B（单选题）,,在进行无人机飞行控制系统的电气测试时，（）不是用来评估系统在极端温度下的性能。,高低温测试,振动测试,盐雾测试,湿热测试,,,B,3（中）,5（好）
,B-B-A-020,C（判断题）,,在测试无人机飞行控制系统的电气部分时，只需要检查电池电压是否正常即可。（）,正确,错误,,,,,B,3（中）,5（好）
,B-B-A-020,C（判断题）,,无人机飞行控制系统的电气测试中，应当检查无人机的所有传感器是否正常工作，包括但不限于陀螺仪、加速度计、磁力计等。（）,正确,错误,,,,,A,3（中）,5（好）
,B-B-A-021,B（单选题）,,当测试无人机飞控的负载能力时，正确的做法是（）。,直接给无人机加载最大允许负载，看飞控系统能否正常工作,选择一个固定的负载，测试飞控系统在该负载下的飞行时间,逐步增加负载，同时观察飞控系统对无人机飞行性能的控制是否受到影响,根据无人机的大小估计其负载能力，不需要实际测试,,,C,3（中）,5（好）
,B-B-A-021,B（单选题）,,当测试无人机飞控的自动起飞和降落功能时，下列正确的做法是（ ）。,可以在有一定坡度的场地测试，看飞控系统能否适应不同地形,在平坦、开阔且无障碍物的场地进行，确保起飞和降落的安全性和准确性,先让无人机手动起飞，然后再测试自动降落功能，这样更简单,只测试自动起飞功能，因为降落可以手动完成，自动降落不是重点,,,B,3（中）,5（好）
,B-B-A-021,B（单选题）,,在测试无人机飞控的姿态控制功能时，下列正确的做法是（ ）。,要确保无人机的初始姿态是水平的，这样便于观察姿态控制效果,可以从任意姿态开始测试，飞控系统都能自动调整,先让无人机倾斜一个固定角度，然后再启动姿态控制功能，看能否恢复水平,重点关注无人机在快速旋转时的姿态控制，这是最关键的情况,,,A,3（中）,5（好）
,B-B-A-021,B（单选题）,,无人机飞控测试中，IMU（惯性测量单元）校准的目的是（）。,提高GPS定位精度,确保传感器数据准确,延长电池寿命,增加飞行速度,,,B,3（中）,5（好）
,B-B-A-021,C（判断题）,,?无人机飞控测试中，GPS信号丢失时，飞控系统应自动切换到姿态模式。（）,正确,错误,,,,,A,3（中）,5（好）
,B-B-A-021,C（判断题）,,无人机飞控测试中，高海拔飞行、低温环境和高温环境是必须测试的极限条件。（）,正确,错误,,,,,A,3（中）,5（好）
,B-B-A-022,B（单选题）,,不是无人机分电板电气测试需要使用的设备是（）。,高压电源,示波器,电流表,数字万用表,,,A,3（中）,5（好）
,B-B-A-022,B（单选题）,,在进行无人机分电板电气测试时，应该首先进行步骤的是（）。,测试电池电压,测试电路电阻,测试电机输出功率,测试电路短路保护功能,,,B,3（中）,5（好）
,B-B-A-022,B（单选题）,,无人机分电板的电气测试流程中，用于检测电路板上是否存在短路或开路现象的测试是（）。,功能测试,电阻测试,电容测试,电感测试,,,B,3（中）,5（好）
,B-B-A-022,B（单选题）,,无人机分电板的电气测试中，（）是为了确保所有电气连接正确无误并且有良好的接触。,视觉检查,绝缘电阻测试,连续性测试,负载测试,,,C,2（易）,5（好）
,B-B-A-022,C（判断题）,,分电板测试应包括电压和电流测试。（）,正确,错误,,,,,A,2（易）,5（好）
,B-B-A-022,C（判断题）,,测试时应关闭电源。（）,正确,错误,,,,,B,2（易）,5（好）
,B-B-A-023,B（单选题）,,无人机分电板的电气测试方法中最常用的（）。,静电放电测试,热量测试,滤波器测试,电压测试,,,D,3（中）,5（好）
,B-B-A-023,B（单选题）,,无人机分电板的电气测试流程中，用以确保电气元件没有绝缘损坏的测试是（）。,电气连通性测试,绝缘电阻测试,负载测试,短路测试,,,B,2（易）,5（好）
,B-B-A-023,B（单选题）,,为了检查无人机分电板上的焊点是否牢固，通常采用（）。,X射线检测,焊接热像仪检测,视觉检查,超声波检测,,,A,3（中）,5（好）
,B-B-A-023,B（单选题）,,在无人机分电板的电气测试中，（）是用来模拟实际工作环境下的温度变化，以检验分电板的热稳定性。,热冲击测试,热循环测试,温度升高测试,环境应力筛选测试,,,B,5（难）,5（好）
,B-B-A-023,C（判断题）,,无人机分电板的电气测试只需要进行输入电压和输出电压的测量即可。（）,正确,错误,,,,,B,3（中）,5（好）
,B-B-A-023,C（判断题）,,无人机分电板在进行电气测试时，需要模拟无人机上实际供电状态，检测配电控制器加载情况下的各项电气性能指标参数。（）,正确,错误,,,,,A,2（易）,5（好）
,B-B-A-024,B（单选题）,,无人机传感器电气测试的第一步是（）。,测试电池电压,连接传感器到无人机,检查传感器外观有无损坏,打开传感器电源,,,C,3（中）,5（好）
,B-B-A-024,B（单选题）,,在无人机传感器电气测试中，用于测量电流的设备是（）。,万用表,示波器,频谱分析仪,功率计,,,A,3（中）,5（好）
,B-B-A-024,B（单选题）,,在无人机传感器的电气测试中，首先进行的测试通常是（）。,灵敏度测试,噪声水平测试,线性度测试,频率响应测试,,,B,3（中）,5（好）
,B-B-A-024,B（单选题）,,为了确保无人机传感器能够准确地检测到外界信号，通常会进行（）。,精度测试,灵敏度测试,动态范围测试,时间响应测试,,,B,3（中）,5（好）
,B-B-A-024,C（判断题）,,传感器测试应包括校准和功能测试。（）,正确,错误,,,,,A,2（易）,5（好）
,B-B-A-024,C（判断题）,,测试应考虑环境因素的影响。（）,正确,错误,,,,,A,2（易）,5（好）
,B-B-A-025,B（单选题）,,无人机传感器的电气测试方法中，（）用来检测其电源电压是否稳定。,雷达波束测试,光学测距仪测试,GPS定位测试,电池电压测试,,,D,3（中）,5（好）
,B-B-A-025,B（单选题）,,在无人机传感器的电气测试方法中，（）用来检测传感器的信号传输是否正常。,温度传感器测试,加速度计测试,湿度传感器测试,航向角速度测试,,,B,3（中）,5（好）
,B-B-A-025,B（单选题）,,在无人机传感器的电气测试中，用于验证传感器在规定工作温度范围内的性能稳定性的测试是（）。,精度测试,温度漂移测试,噪声水平测试,动态范围测试,,,B,3（中）,5（好）
,B-B-A-025,B（单选题）,,无人机传感器的电气测试中，（）测试是为了确定传感器输出信号随输入信号变化的程度。,线性度测试,频率响应测试,动态范围测试,时间延迟测试,,,A,3（中）,5（好）
,B-B-A-025,C（判断题）,,在无人机传感器电气测试中，通常需要使用专门的测试设备来模拟各种飞行环境和条件，以确保传感器能够在实际飞行中准确地工作。（）,正确,错误,,,,,A,2（易）,5（好）
,B-B-A-025,C（判断题）,,在无人机传感器电气测试中，只需要关注传感器本身的性能，而不需要考虑无人机平台的电气系统对传感器的影响。（）,正确,错误,,,,,B,2（易）,5（好）
,B-B-A-026,B（单选题）,,在开始无人机图传设备测试之前，以下（）是最重要的准备工作。,将无人机飞到最大图传距离进行极限测试,确保地面站和无人机之间的通信链路畅通无阻,直接开启图传设备电源进行图像传输测试,在室内环境中进行初步的图传质量检查,,,B,3（中）,5（好）
,B-B-A-026,B（单选题）,,当评估图传系统的图像质量时，最关键指标是（）。,分辨率,帧率,传输延迟,设备重量,,,D,3（中）,3（中）
,B-B-A-026,B（单选题）,,在测试无人机图传设备时，如果遇到信号丢失或图像中断的问题，首先应该检查的是（）。,更换图传设备的天线类型以获得更好的增益,检查周围环境是否存在强电磁干扰源,增加无人机电池容量以延长飞行时间, 调整无人机飞行速度以减少图像抖动,,,B,3（中）,5（好）
,B-B-A-026,B（单选题）,,测试图传设备的实时性时，以下（）是衡量图传设备实时性的关键指标。,图像的分辨率和色彩还原度,  视频流的最大传输距离,从无人机到地面站的图像传输延迟时间,图像色彩还原度,,,C ,3（中）,5（好）
,B-B-A-026,C（判断题）,,无人机图传设备的图像分辨率设置越高，图传的效果就越好。（）,正确,错误,,,,,B,2（易）,5（好）
,B-B-A-026,C（判断题）,,测试无人机图传设备时，应该确保电池电量充足，以避免因电量不足而导致测试中断。（）,正确,错误,,,,,A,2（易）,5（好）
,B-B-A-027,B（单选题）,,在进行无人机图传设备测试时，以下（）方法不是用于评估图传性能的有效方法。,测量图像从无人机到地面站的传输延迟时间, 在不同距离下测试视频流的稳定性和清晰度,通过增加负载重量来测试无人机的最大承载能力,检查图传设备在存在电磁干扰环境下的抗干扰能力,,,C,3（中）,5（好）
,B-B-A-027,B（单选题）,,不是测试图传设备实时性的有效方法的是（）。,计算从拍摄到接收端显示的时间差,观察视频流是否流畅无卡顿,检查图像色彩是否鲜艳,测量数据包丢失率,,,C,3（中）,3（中）
,B-B-A-027,B（单选题）,,测试图传设备的软件更新便利性时，应该关注（）。,更新过程中是否有数据丢失风险,更新后是否需要重新配置参数,更新频率是否足够高,更新后的版本号,,,A,3（中）,5（好）
,B-B-A-027,B（单选题）,,测试图传设备的电源效率时，应当测量的是（）。,最大输出功率,平均功耗,充电时间, 电池尺寸,,,B,3（中）,5（好）
,B-B-A-027,C（判断题）,,H.264是一种广泛应用于无人机图传设备中的视频压缩标准。（）,正确,错误,,,,,A,2（易）,5（好）
,B-B-A-027,C（判断题）,,测试无人机图传设备的实时性时，主要考量的是图像的分辨率和色彩还原度。（）,正确,错误,,,,,B,2（易）,5（好）
,B-B-A-028,B（单选题）,,无人机图传设备测试中，为了保证信号稳定，设置无人机高度的正确做法是（）。,将无人机飞至尽可能高的高度以获得最大覆盖范围,根据图传设备的有效工作范围和测试环境选择适当的高度,保持无人机在低空飞行，避免任何高度变化,不考虑高度因素，专注于调整图传设备的发射功率,,,B,3（中）,5（好）
,B-B-A-028,B（单选题）,,无人机图传设备测试过程中如果遇到图传信号突然丢失，最不可能的原因是（）。,距离超出了设备的有效范围,设备受到强电磁干扰,无人机飞入了信号盲区,图像编码格式不兼容,,,D,3（中）,3（中）
,B-B-A-028,B（单选题）,,测试图传设备的图像质量时，应该考虑的主要因素是（）。,分辨率、帧率、色彩还原度,传输速度、文件大小、编码方式,设备价格、品牌声誉、市场占有率,使用说明书、保修政策、客户评价,,,A,3（中）,5（好）
,B-B-A-028,B（单选题）,,在测试图传设备的耐久性时，不应该做的是（）。,模拟长时间连续工作,忽略异常高温或低温的影响,记录设备故障发生的时间点,维持恒定的工作负载,,,B,3（中）,5（好）
,B-B-A-028,C（判断题）,,在进行图传设备传输距离测试时，应尽量选择开阔无遮挡的环境以获得最真实的数据。（）,正确,错误,,,,,A,2（易）,5（好）
,B-B-A-028,C（判断题）,,为了保证图传信号稳定，应根据图传设备的有效工作范围和测试环境选择适当的高度进行测试。（）,正确,错误,,,,,A,2（易）,5（好）
,B-B-A-029,B（单选题）,,测试数传设备的有效传输距离时，应该避免（）。,任何物理障碍物,多用户同时连接,使用加密数据传输,调整天线角度,,,A,3（中）,5（好）
,B-B-A-029,B（单选题）,,下列测试数传设备的热稳定性的不正确做法是（）。,在高温环境中运行一段时间,监测设备表面温度变化,检查散热装置的工作状态,封闭通风口来增加温度,,,D,3（中）,3（中）
,B-B-A-029,B（单选题）,,对于无人机数传设备来说，测试其最大有效负载时，应该关注（）。,数据包大小,图像分辨率,C: 传输延迟,频率响应,,,A,3（中）,5（好）
,B-B-A-029,B（单选题）,,在测试数传设备的可靠性和稳定性时，最常用的测试方法是（）。,快速开关机循环,变换不同的飞行模式,长时间连续传输数据,更换不同的电池,,,C,3（中）,5（好）
,B-B-A-029,C（判断题）,,测试数传设备的最大传输距离时，频率设置可以影响测试结果。（）,正确,错误,,,,,A,2（易）,5（好）
,B-B-A-029,C（判断题）,,测试数传设备的温度适应性时，主要考虑的是设备的颜色是否会发生变化。（）,正确,错误,,,,,B,2（易）,5（好）
,B-B-A-030,B（单选题）,,为了评估数传设备的数据传输速率，应该使用（）。,图像清晰度测试,信号强度测量工具,数据吞吐量测试工具,电磁兼容性测试设备,,,C,3（中）,5（好）
,B-B-A-030,B（单选题）,,在测试数传设备的抗振动性能时，正确做法是（）。,在不同海拔高度飞行,进行震动台测试,改变天线角度,更换不同的飞行模式,,,B,3（中）,3（中）
,B-B-A-030,B（单选题）,,在评估数传设备的安全性时，最关键的做法是（）。,图像清晰度,传输速度,电池寿命,数据加密技术,,,D,3（中）,5（好）
,B-B-A-030,B（单选题）,,对于无人机数传设备来说，测试其最大有效负载时，主要关注的是（）。,数据传输的最大距离,单位时间内可以传输的最大数据量,传输延迟,信号在复杂环境中的抗干扰能力,,,B,3（中）,5（好）
,B-B-A-030,C（判断题）,,测试结果应该全面反映数传设备在实际飞行环境中的性能表现。（）,正确,错误,,,,,A,2（易）,5（好）
,B-B-A-030,C（判断题）,,无人机数传设备测试应该在室内环境中进行。（）,正确,错误,,,,,B,2（易）,5（好）
,B-B-A-031,B（单选题）,,"在进行无人机数传设备测试时,地面端天线（）放置以优化信号接收。",竖直向上,水平, 倾斜,在地面,,,A,3（中）,5（好）
,B-B-A-031,B（单选题）,,在测试数传设备时，必须避免（）情况以防止模块烧毁。,天线未安装上电,设备在低温环境中运行,使用非原装充电器,连接过多外部设备,,,A,3（中）,3（中）
,B-B-A-031,B（单选题）,,（）不是评估无人机数传设备在不同环境下抗干扰能力的有效方法。,进行EMC测试,模拟不同电磁干扰场景进行测试,改变无人机的飞行速度,根据实际应用场景设计测试方案,,,C,3（中）,5（好）
,B-B-A-031,B（单选题）,,无人机数传设备在进行长期可靠性测试时，（）不是需要重点关注的指标。,设备故障率,数据传输的稳定性,平均无故障时间（MTBF）,设备外观的磨损情况,,,D,3（中）,5（好）
,B-B-A-031,C（判断题）,,无人机数传设备的跳频扩频技术可以有效避免干扰。（）,正确,错误,,,,,A,2（易）,5（好）
,B-B-A-031,C（判断题）,,无人机数传设备的抗干扰能力测试无需考虑电磁干扰。（）,正确,错误,,,,,B,2（易）,5（好）
,B-B-A-032,B（单选题）,,无人机电子调速器在进行电气测试前，首先需要进行的操作是（）。,直接连接电源,检查电池电压是否正常,打开调速器电源开关,连接所有电机,,,B,3（中）,5（好）
,B-B-A-032,B（单选题）,,在电气测试流程中，发现调速器信号输入异常，应该首先检查（）。,电机,遥控器,调速器本身,电源线路,,,B,3（中）,3（中）
,B-B-A-032,B（单选题）,,在进行无人机电子调速器的电气测试时，通常需要使用（）来模拟遥控器信号。,万用表,示波器,信号发生器,电压表,,,C,3（中）,5（好）
,B-B-A-032,B（单选题）,,在无人机电子调速器电气测试流程结束时，最后进行的操作是（）。,关闭电源,断开所有连接,记录测试数据,重新组装无人机,,,A,3（中）,5（好）
,B-B-A-032,C（判断题）,,测试流程中，首先需要对电子调速器进行外观检查，确认无明显损坏。（）,正确,错误,,,,,A,2（易）,5（好）
,B-B-A-032,C（判断题）,,测试流程中，测试结束后首先需要拔掉电调与电机的连接线。（）,正确,错误,,,,,B,2（易）,5（好）
,B-B-A-033,B（单选题）,,无人机电子调速器的电气测试中，（）可以测量调速器的电流输出。,使用万用表的电压测量功能,使用电流钳,通过测量电压和电阻来计算电流,仅通过观察调速器的指示灯,,,B,2（易）,5（好）
,B-B-A-033,B（单选题）,,在无人机电子调速器电气测试过程中，（）可以确保无人机电子调速器的电源输入是安全的。,使用超过额定输入电压的电源,使用适当的电源适配器,使用电阻代替电机进行测试,使用短路测试来检查调速器的反应,,,B,3（中）,5（好）
,B-B-A-033,B（单选题）,,测试无人机电子调速器的热稳定性，可以使用（）测试方法。,快速开关电源测试,长时间连续运行测试,高频率信号输入测试,低电压输入测试,,,B,3（中）,5（好）
,B-B-A-033,B（单选题）,,在进行无人机电子调速器的电气测试时，（）可以评估调速器的信号响应速度。,使用万用表测量电压,使用示波器观察信号波形,使用电流钳测量电流,手动调整遥控器并观察电机反应,,,B,3（中）,5（好）
,B-B-A-033,C（判断题）,,电调电气测试中，可以通过测量电子调速器在不同油门位置下的输出电流来评估其性能。（）,正确,错误,,,,,A,3（中）,5（好）
,B-B-A-033,C（判断题）,,电调电气测试中，不推荐使用模拟示波器来观察电子调速器的PWM信号波形。（）,正确,错误,,,,,B,3（中）,5（好）
,B-B-A-034,B（单选题）,,在测试无人机电子调速器时，如果遇到异常高温现象，最可能的原因是（）。,调速器设置的电流限制过低,使用了不适合的冷却方法,电机负载超过了调速器的最大额定值,测试环境温度过低,,,C,2（易）,5（好）
,B-B-A-034,B（单选题）,,不是影响无人机电调性能稳定性的因素是（）。,电池健康状况,电机效率,环境温度,无人机的重量,,,D,2（易）,5（好）
,B-B-A-034,B（单选题）,,不是无人机电调选型时需要考虑的效率与损耗指标的是（）。,电调的效率,电调的损耗,电池的容量,能源利用效率,,,C,3（中）,5（好）
,B-B-A-034,B（单选题）,,在进行无人机电调测试时，（）操作可能导致电机反向运转。,随意调换电调与电机的连接线,检查电池电量,清洁无人机,调整GPS设置,,,A,3（中）,5（好）
,B-B-A-034,C（判断题）,,无刷电调相比有刷电调效率更低。（）,正确,错误,,,,,B,3（中）,5（好）
,B-B-A-034,C（判断题）,,电调测试可以替代实际的飞行测试来验证无人机的飞行安全性。（）,正确,错误,,,,,B,3（中）,5（好）
,B-B-A-035,B（单选题）,,在进行无人机GNSS性能测试时，首先应该做（）。,将无人机飞到最大高度以获得最佳信号接收,确保无人机GNSS模块已更新至最新固件版本,直接执行飞行任务以验证实际定位精度,在室内环境中进行初步的位置锁定时间测试,,,B,3（中）,5（好）
,B-B-A-035,B（单选题）,,（）测试方法用于测量GNSS接收机的定位精度。,比较模拟数据与真实位置,测量信号强度,观察信号传播时间,测量接收机重量,,,A,3（中）,5（好）
,B-B-A-035,B（单选题）,,GNSS接收机的DOP值是指（）。,定位精度,定位误差,几何误差因子,信号强度,,,A,3（中）,5（好）
,B-B-A-035,B（单选题）,,GNSS系统通过（）方式提供定位服务。,光纤通信,卫星电视,微波传输,无线电信号,,,D,3（中）,5（好）
,B-B-A-035,C（判断题）,,在进行GNSS测试时，无人机必须处于飞行状态。（ ）,正确,错误,,,,,B,3（中）,5（好）
,B-B-A-035,C（判断题）,,GNSS接收机的捕获灵敏度是指其能够锁定的最低信号功率电平。（ ）,正确,错误,,,,,A,2（易）,5（好）
,B-B-A-036,B（单选题）,,（）不是测试无人机遥控器信号稳定性时得有效测试方法。,距离测试,干扰测试,信号强度测试,遥控器电池寿命测试,,,D,3（中）,5（好）
,B-B-A-036,B（单选题）,,无人机遥控器信号稳定性测试中，不是测试必要条件的是（）。,遥控器与无人机之间的直线距离,遥控器的电池电量,周围环境中可能存在的电磁干扰,遥控器的操作手感,,,D,3（中）,5（好）
,B-B-A-036,B（单选题）,,在进行无人机遥控器信号稳定性测试时，（）不是测试中应记录的数据。,信号延迟,信号丢失率,信号传输协议名称,信号覆盖范围,,,C,3（中）,5（好）
,B-B-A-036,B（单选题）,,无人机遥控器信号稳定性测试中，（）不是评估信号稳定性的指标。,信号的频率稳定性,信号的抗干扰能力,信号的颜色编码,信号的传输距离,,,C,3（中）,5（好）
,B-B-A-036,C（判断题）,,测试遥控器信号稳定性时，应在无干扰的环境中进行，以确保测试结果的准确性。（）,正确,错误, ,,,,B,3（中）,5（好）
,B-B-A-036,C（判断题）,,遥控器信号稳定性的测试方法中，可以采用模拟干扰的方式来测试遥控器在干扰环境下的表现。（）,正确,错误,,,,,A,3（中）,5（好）
,B-B-A-037,B（单选题）,,在对码过程中，无人机遥控器通常通过（）方式与无人机通信。,蓝牙,Wi-Fi,专用2.4GHz或5.8GHz频段,红外线,,,C,3（中）,5（好）
,B-B-A-037,B（单选题）,,对于大多数消费级无人机，遥控器对码（即绑定或配对）通常通过以下（）方式进行。,使用专用软件在电脑上进行复杂设置,通过无人机和遥控器上的物理按钮组合操作完成,在无人机飞行过程中自动完成对码,通过互联网连接远程服务器进行在线认证,,,B,3（中）,5（好）
,B-B-A-037,B（单选题）,,如果无人机遥控器与无人机无法成功对码，以下（）有助于解决问题。,更换无人机的电池,重启遥控器和无人机,调整无人机的飞行高度,升级无人机的摄像头,,,B,3（中）,5（好）
,B-B-A-037,B（单选题）,,在对码过程中，如果遥控器显示“信号弱”，下列正确做法是（）。,调整无人机的飞行姿态,更换遥控器电池,确保无人机和遥控器之间没有障碍物，并尽量靠近,升级无人机的操作系统,,,C,3（中）,5（好）
,B-B-A-037,C（判断题）,,无人机遥控器与无人机之间的对码是通过蓝牙技术实现的。（）,正确,错误,,,,,B,2（易）,5（好）
,B-B-A-037,C（判断题）,,对码过程中，遥控器和无人机必须处于相同的电源状态（如都开启或都关闭）。（）,正确,错误,,,,,B,2（易）,5（好）
,B-B-A-038,B（单选题）,,在检查无人机接收机天线时，不是必要的检查内容的是（）。,天线是否有物理损伤,天线是否正确安装,天线是否需要清洁,天线的生产日期,,,D,3（中）,5（好）
,B-B-A-038,B（单选题）,,如果发现无人机接收机天线有损坏，（）是正确的处理方法。,用胶带临时固定,继续使用，不予处理,立即更换天线,使用重型胶水修复,,,C,3（中）,5（好）
,B-B-A-038,B（单选题）,,在进行无人机接收机天线检查时，发现天线松动，正确的操作是（）。,忽略它，继续飞行,使用胶带临时固定,拧紧固定螺丝，确保天线牢固,用绳子将天线绑在无人机上,,,C,3（中）,5（好）
,B-B-A-038,B（单选题）,,若怀疑无人机接收机天线内部有进水情况，应该（）。,先将天线放置在干燥环境中自然干燥，再检查性能,拆开天线，用吹风机热风档吹干,立即通电烘干,往天线里注入干燥剂,,,A,3（中）,5（好）
,B-B-A-038,C（判断题）,,接收机天线的检查方法中，首先需要检查天线的物理外观，确认无损坏。（）,正确,错误,,,,,A,2（易）,5（好）
,B-B-A-038,C（判断题）,,在检查接收机天线时，可以不考虑天线的安装角度，因为它不会影响信号接收。（）,正确,错误,,,,,B,2（易）,5（好）
,B-B-B-001,B（单选题）,,在无人机螺旋桨的机械测试报告单中，（）参数是必须记录的。,螺旋桨的颜色,螺旋桨的重量,螺旋桨的材料,螺旋桨的直径,,,D,3（中）,5（好）
,B-B-B-001,B（单选题）,,下列（）不是在无人机螺旋桨的机械测试中可能使用的。,力传感器,温度计,压力计,高速摄影机,,,C,3（中）,5（好）
,B-B-B-001,B（单选题）,,在填写无人机螺旋桨的机械测试报告单时，（）是用来衡量螺旋桨在单位时间内完成工作的能力的。,螺旋桨的最大直径,螺旋桨的转速, 螺旋桨产生的推力,螺旋桨的功率输出,,,D,2（易）,5（好）
,B-B-B-001,B（单选题）,,在进行无人机螺旋桨的机械测试时，如果发现螺旋桨有异常噪音，应（）。,忽略不计,记录噪音大小和频率,仅描述噪音类型,只记录测试日期和时间,,,B,2（易）,5（好）
,B-B-B-001,C（判断题）,,螺旋桨的机械测试报告单中不需要记录螺旋桨的材质类型。（）,正确,错误,,,,,B,2（易）,5（好）
,B-B-B-001,C（判断题）,,测试报告单应包括螺旋桨在不同速度下的表现。（）,正确,错误,,,,,A,2（易）,5（好）
,B-B-B-002,B（单选题）,,下列（）可以用来测量无人机电调的电压。,万用表,示波器,频谱分析仪,功率计,,,A,2（易）,5（好）
,B-B-B-002,B（单选题）,,在填写无人机电调的电气测试报告单时，在下列（）不是必须记录的信息。,电调的最大电流输出,电调与电机匹配的KV值范围, 测试环境温度和湿度,飞行器的最大飞行高度,,,D,2（易）,5（好）
,B-B-B-002,B（单选题）,,无人机电调的电气测试中，用于评估电调在极端条件下的工作性能的测试是（）。,稳态测试,动态响应测试,温度测试,电磁兼容性测试,,,C,2（易）,5（好）
,B-B-B-002,B（单选题）,,在进行电调电气测试并填写报告单时，如果遇到异常高温现象，最合理的应对措施是（）。,忽略高温继续测试以获取完整数据,立即停止测试，并检查可能的原因,增加冷却风扇的数量来降低温度,减少电调设置的电流限制以避免过热,,,B,3（中）,5（好）
,B-B-B-002,C（判断题）,,在进行无人机电调电气测试时，可以直接使用交流电流。（）,正确,错误,,,,,B,3（中）,5（好）
,B-B-B-002,C（判断题）,,测试报告单应详细记录测试条件和测试设备的设置。（）,正确,错误,,,,,A,2（易）,5（好）
,B-C-A-001,B（单选题）,,日常维保作业场地应该保持清洁，（）不应该出现在工作区域内。,工具箱,垃圾桶,工作服,食品包装袋,,,D,3（中）,5（好）
,B-C-A-001,B（单选题）,,在日常维保作业场地布置中，工具和设备的存放应遵循（）原则。,随意放置，方便取用,分类存放，标识清晰,集中堆放，节省空间,地面放置，避免高处坠落,,,B,2（易）,5（好）
,B-C-A-001,B（单选题）,,为了提高日常维保作业场地的作业效率，应（）规划作业区域。,按作业流程划分区域,按设备类型划分区域,按作业人员分组划分区域,任意划分区域，灵活应变,,,A,3（中）,5（好）
,B-C-A-001,B（单选题）,,日常维保作业场地布置时，应首先考虑的是（）。,作业效率,安全原则,设备存放,照明条件,,,B,2（易）,5（好）
,B-C-A-001,C（判断题）,,在日常维保作业场地中，必须保证所有工作人员都佩戴安全帽。（）,正确,错误,,,,,A,3（中）,5（好）
,B-C-A-001,C（判断题）,,在布置日常维保作业场地时，应考虑到维修工具和设备的存放位置，以减少维修人员的移动距离和时间。（）,正确,错误,,,,,A,2（易）,5（好）
,B-C-A-002,B（单选题）,,（）不属于日常维保作业场地的安全要求。,场地整洁，无杂物堆积,使用合适的防护设备，如安全帽、防护眼镜等,避免在高温或低温环境下进行作业,进行高强度作业时不需要休息,,,A,4（较难）,3（中）
,B-C-A-002,B（单选题）,,无人机日常维保作业中，为防止工具或零件掉落伤人，应采取（）。,在作业区域内大声交谈，提醒他人,在工作台周围堆放杂物,使用工具袋或工具箱，并确保工具在使用后及时归位,穿着宽松衣物以方便携带工具,,,C,2（易）,3（中）
,B-C-A-002,B（单选题）,,无人机日常维保作业场地的照明应满足（），以确保作业安全。,仅在夜间提供最低限度的照明,使用单一光源，避免阴影,使用足够亮度的照明，确保作业区域无暗角,使用彩色灯光增加作业趣味性,,,C,2（易）,5（好）
,B-C-A-002,B（单选题）,,无人机日常维保作业中，为防止电池意外放电，应（）存放电池。,将电池存放在阳光直射的地方,将电池随意放在工作台上,将电池存放在干燥、阴凉且通风良好的环境中,将电池放在密闭容器内,,,C,2（易）,5（好）
,B-C-A-002,C（判断题）,,在日常维保作业场地上，必须设置足够的照明设备。（）,正确,错误,,,,,A,3（中）,5（好）
,B-C-A-002,C（判断题）,,维保场地周围应有明显的安全警示标志。（）,正确,错误,,,,,A,2（易）,5（好）
,B-C-A-003,B（单选题）,,电池保养的方法是（）。,经常充放电至电池电量耗尽,避免长时间放置未使用,使用不合格的充电器进行充电,在高温环境下存放电池,,,B,2（易）,5（好）
,B-C-A-003,B（单选题）,,锂离子电池在充电过程中，最容易发生热失控的阶段是（）。,充电初期,充电中期,充电后期,放电过程,,,A,4（较难）,5（好）
,B-C-A-003,B（单选题）,,无人机电池在日常使用中，（）行为可能会缩短电池寿命。,经常在极端温度下飞行,避免深度放电和过度充电,在飞行结束后立即将电池从无人机上取下,在飞行中频繁改变电池的输出功率,,,A,3（中）,5（好）
,B-C-A-003,B（单选题）,,无人机电池长时间未使用时，应该（）储存以维持电池性能。,储存于高温环境下,储存于低温环境下,充满电后储存,放电至50%电量后储存,,,D,2（易）,5（好）
,B-C-A-003,C（判断题）,,电池应定期充放电以保持其最佳状态。（）,正确,错误,,,,,A,2（易）,5（好）
,B-C-A-003,C（判断题）,,电池应暴露在极端温度环境中存储。（）,正确,错误,,,,,B,2（易）,5（好）
,B-C-A-004,B（单选题）,,活塞发动机在日常维保中，检查火花塞的主要目的是（ ）,查看火花塞的外观是否美观,验证火花塞的颜色是否与发动机机身颜色匹配,检查火花塞的重量是否达标,确定火花塞的电极间隙是否符合规定,,,D,3（中）,5（好）
,B-C-A-004,B（单选题）,,对无人机活塞发动机进行日常维保，清洁空气滤清器时，正确的方法是（ ）。,用压缩空气从里向外吹净,使用刷子大力刷洗,用高压水枪直接冲洗,浸泡在汽油中清洗,,,A,3（中）,5（好）
,B-C-A-004,B（单选题）,,在无人机活塞发动机的日常维保中，检查机油油位时，应在发动机（ ）状态下进行。,冷机,停机后等待一段时间,运行过程中,启动后立即检查,,,B,2（易）,5（好）
,B-C-A-004,B（单选题）,,活塞发动机日常维保中，紧固发动机各部位螺栓的扭矩应（ ）。,按照发动机制造商规定的扭矩值进行紧固,凭经验随意紧固,尽量拧得越紧越好,比规定扭矩值稍大一些进行紧固,,,A,2（易）,5（好）
,B-C-A-004,C（判断题）,,无人机活塞发动机的空气滤清器在日常维保中可以随意拆卸和安装，不会对发动机性能产生影响。（）,正确,错误,,,,,B,2（易）,5（好）
,B-C-A-004,C（判断题）,,对无人机活塞发动机进行日常维保时，拧紧发动机各部位的螺栓螺母时，越紧越好，这样可以确保发动机部件的牢固连接。（）,正确,错误,,,,,B,2（易）,5（好）
,B-C-A-005,B（单选题）,,在对无人机燃气涡轮发动机进行日常维保时，检查发动机进气道的主要目的是（ ）,查看进气道是否有划痕影响美观,确保进气道无异物堵塞，保证进气顺畅,测量进气道的直径是否符合标准,检查进气道的颜色是否正常,,,B,3（中）,5（好）
,B-C-A-005,B（单选题）,,燃气涡轮发动机日常维保中，检查燃油喷嘴的重点是（ ）。,燃油喷嘴的外观是否有磨损,燃油喷嘴的安装位置是否正确,燃油喷嘴的喷雾形状和雾化质量,?燃油喷嘴的重量是否均匀,,,C,2（易）,5（好）
,B-C-A-005,B（单选题）,,无人机燃气涡轮发动机的滑油系统在日常维保中，需要检查滑油的（ ）。,颜色、重量和温度,颜色、气味和液位,粘度、密度和酸碱度,闪点、燃点和凝点,,,B,3（中）,5（好）
,B-C-A-005,B（单选题）,,对无人机燃气涡轮发动机进行日常维保时，关于发动机叶片的检查，说法正确的是（ ）。,只需查看叶片表面是否有明显损伤,要检查叶片的表面损伤、变形以及是否有腐蚀迹象,重点检查叶片根部是否松动，无需关注叶片表面,叶片检查可每隔几个月进行一次，无需每次维保都检查,,,B,2（易）,5（好）
,B-C-A-005,C（判断题）,,在无人机燃气涡轮发动机日常维保中，定期检查发动机的外部管路连接是否松动是必要的维护措施之一。（）,正确,错误,,,,,A,2（易）,5（好）
,B-C-A-005,C（判断题）,,在检查燃气涡轮发动机的滑油液位时，只要滑油液位在最低刻度线以上，就无需添加滑油。（）,正确,错误,,,,,B,2（易）,5（好）
,B-C-A-006,B（单选题）,,清洁无人机云台镜头时，应使用（）工具。,干的纸巾,酒精棉球,专用的镜头清洁布和镜头清洁剂,湿布,,,C,3（中）,5（好）
,B-C-A-006,B（单选题）,,（）环境不适合对无人机云台进行维保作业。,干净、干燥、通风的室内,户外无风且干燥的平地,潮湿、灰尘多的仓库,温度适宜的工作室,,,B,3（中）,4（较好）
,B-C-A-006,B（单选题）,,无人机云台的减震球如果出现老化、变形，会导致（）。,云台的拍摄画质变差,云台的控制信号中断,云台的电池耗电量增加,云台在飞行中产生剧烈震动,,,D,2（易）,5（好）
,B-C-A-006,B（单选题）,,当无人机云台出现漂移现象时，做法正确的是（）。,检查云台的安装是否牢固,调整云台的 PID 参数,继续飞行，等漂移严重再处理,立即更换云台,,,A,3（中）,5（好）
,B-C-A-006,C（判断题）,,定期清理云台的散热孔可以有效防止云台过热。（）,正确,错误,,,,,A,2（易）,5（好）
,B-C-A-006,C（判断题）,,当云台拍摄的图像模糊时，一定是镜头脏了。（）,正确,错误,,,,,B,2（易）,5（好）
,B-C-A-007,B（单选题）,,检查无人机脚架是否有裂缝，最佳的检查方式是（）。,用手触摸大致感受,仅通过肉眼远距离观察,在强光下仔细查看并配合用手触摸,摇晃脚架听声音判断,,,C,3（中）,5（好）
,B-C-A-007,B（单选题）,,存放无人机时，脚架的最佳放置状态是（）。,随意放置，只要不压到就行,将脚架拆卸下来单独存放,保持折叠状态并固定好,展开脚架并确保其稳定支撑,,,D,2（易）,5（好）
,B-C-A-007,B（单选题）,,清洁无人机脚架底部的橡胶垫时，应使用（）。,湿布擦拭,酒精,开水浸泡清洗,刷子用力刷洗,,,A,3（中）,5（好）
,B-C-A-007,B（单选题）,,对于可伸缩式无人机脚架，在收纳时应该()。,随意伸缩，无需完全缩回,确保完全缩回并锁定,半缩回状态收纳,伸出一定长度收纳，方便下次使用,,,B ,2（易）,5（好）
,B-C-A-007,C（判断题）,,清洁塑料材质的无人机脚架时，使用强碱性清洁剂不会对其造成损害。(),正确,错误,,,,,B ,3（中）,5（好）
,B-C-A-007,C（判断题）,,当无人机脚架表面出现轻微划痕，涂抹指甲油可以真正修复脚架。(),正确,错误,,,,,B,2（易）,5（好）
,B-C-A-008,B（单选题）,,航拍系统光学相机的镜头应定期进行清洗，（）是最安全、最有效的。,用湿布擦拭,用压缩空气吹扫,用专门的清洁液和清洁工具,接用手触摸镜头,,,C,4（较难）,5（好）
,B-C-A-008,B（单选题）,,在维护航拍系统光学相机时，应该注意避免的环境因素是（）。,温、高湿度,烈光照、强磁场,温、低湿度,燥、无尘,,,B,3（中）,5（好）
,B-C-A-008,B（单选题）,,无人机航拍系统光学相机的存储环境应满足（）。,保持在干燥、无尘的环境中,可以存放在高温环境下,可以存放在直射日光下,可以存放在密封的塑料袋中,,,A,2（易）,5（好）
,B-C-A-008,B（单选题）,,在对无人机航拍系统的光学相机进行维护时，（）是不正确的。,使用专业镜头纸轻轻擦拭镜头,使用含有酒精的溶液清洁镜头,避免使用尖锐物品刮擦镜头,定期检查相机镜头的防紫外线涂层,,,B,2（易）,5（好）
,B-C-A-008,C（判断题）,,光学相机镜头应定期清洁。（）,正确,错误,,,,,A,2（易）,5（好）
,B-C-A-008,C（判断题）,,相机内部无需定期除尘。（）,正确,错误,,,,,B,2（易）,5（好）
,B-C-A-009,B（单选题）,,检查 FPV 天线连接时，应重点关注（）。,天线颜色,连接是否牢固，有无松动,天线长度,天线材质,,,B,3（中）,5（好）
,B-C-A-009,B（单选题）,,在进行FPV系统日常维护时，以下（）是最重要的清洁工作。,清洁飞行器外壳以保持美观,清洁FPV摄像头镜头以确保图像清晰度,清洁遥控器按键以提高操作手感,清洁电池接触点以保证电力传输,,,B,3（中）,5（好）
,B-C-A-009,B（单选题）,,为了确保FPV图传信号稳定，应该采取下列（）措施。, 使用最大功率发射图传信号, 确保天线方向正确并远离干扰源,在飞行前将FPV设备设置为最低分辨率,增加无人机飞行高度以获得更广的视野,,,B,2（易）,5（好）
,B-C-A-009,B（单选题）,,FPV 系统的摄像头视角出现偏差，正确的调整方式是（）。,通过软件设置调整,用力掰动摄像头,更换摄像头,拍打摄像头,,,A,2（易）,5（好）
,B-C-A-009,C（判断题）,,无人机FPV系统的信号传输模块在飞行过程中如出现干扰，可以立即关闭无人机。（）,正确,错误,,,,,B,2（易）,5（好）
,B-C-A-009,C（判断题）,,无人机FPV系统的电池在存放时应保持满电状态。（）,正确,错误,,,,,B,2（易）,5（好）
,B-C-A-010,B（单选题）,,为防止无人机植保喷洒系统的药液泵堵塞，建议使用（）过滤措施。,在药液箱入口安装粗过滤网,在药液出口处加装细滤网,仅在药液箱内加入清洁剂,不需特别过滤，直接喷洒即可,,,A,2（易）,5（好）
,B-C-A-010,B（单选题）,,无人机植保喷洒系统在维护过程中，对药液残留（）。,留在药液箱中，下次继续使用,排放到环境中，避免污染,按照当地环保规定进行无害化处理,随意倒入下水道,,,C,2（易）,5（好）
,B-C-A-010,B（单选题）,,无人机植保喷洒系统在日常维护中应注意（）。,仅在作业前检查药箱是否漏水,作业后不需要清洗药箱,每次使用完毕后用清水清洗药箱、桨、电机、机架,不需要特别注意保护电机、飞控、电调、插头等配件,,,C,2（易）,5（好）
,B-C-A-010,B（单选题）,,无人机植保喷洒系统在使用后需要进行（）检查。,不需要检查飞机上的桨是否有裂纹或断折现象,不需要检查电池表面有无孔洞或被尖锐物体刺穿,检查水泵、喷头是否堵塞，线路是否氧化,不需要检查飞控上的线有无松动或损坏,,,C,3（中）,5（好）
,B-C-A-010,C（判断题）,,在维护喷雾泵时，需要定期添加润滑油。（）,正确,错误,,,,,A,3（中）,5（好）
,B-C-A-010,C（判断题）,,喷洒系统无需检查泄漏情况。（）,正确,错误,,,,,B,2（易）,5（好）
,B-C-A-011,B（单选题）,,无人机整机日常维保中，（）不属于基本检查内容。,电池电量,传感器状态,航飞软件,机体结构,,,D,3（中）,5（好）
,B-C-A-011,B（单选题）,,（）的步骤不是无人机整机日常维保的重要环节。,清洁机身及螺旋桨,检查电机和电池,更新飞行日志,更换无人机外壳,,,D,2（易）,5（好）
,B-C-A-011,B（单选题）,,无人机整机的GPS定位系统在日常维保中应该（）进行维护。,定期清洁接收器上的灰尘,GPS模块不需要维护,GPS模块可以在强磁场附近放置,GPS模块可以暴露在雨水中,,,A,2（易）,5（好）
,B-C-A-011,B（单选题）,,无人机整机的机身清洁应该使用（）。,使用水直接清洗,使用高压水枪清洗,使用专用清洁剂和软布轻拭,使用刷子和硬毛刷清理,,,C,2（易）,5（好）
,B-C-A-011,C（判断题）,,整机维保只需关注外观，无需检查内部部件。（）,正确,错误,,,,,B,2（易）,5（好）
,B-C-A-011,C（判断题）,,整机维保应不包括所有系统的检查。（）,正确,错误,,,,,B,2（易）,5（好）
,B-C-A-012,B（单选题）,,（）不属于无人机电机日常维保的内容。,清洁电机外部灰尘,检查电机是否过热,更换电池,调整电机转速,,,C,3（中）,4（较好）
,B-C-A-012,B（单选题）,,在进行无人机电机日常维保时，处理磨损的电机线圈的方法是（）。,更换新的电机线圈,使用砂纸打磨,用胶水粘合,不需要处理，不影响使用,,,A,3（中）,5（好）
,B-C-A-012,B（单选题）,,无人机电机在每次飞行前后都需要进行（）检查。,仅检查电机外观,仅检查电机连接线,仅检查电机固定螺丝,检查电机外观、连接线和固定螺丝,,,D,2（易）,5（好）
,B-C-A-012,B（单选题）,,无人机电机的轴承在日常维保（）。,定期添加润滑油,不需要添加润滑油,使用机油代替专用润滑油,仅在轴承损坏时更换,,,A,2（易）,5（好）
,B-C-A-012,C（判断题）,,电机应定期清洁并检查碳刷和轴承。（）,正确,错误,,,,,A,2（易）,5（好）
,B-C-A-012,C（判断题）,,电机维护时可忽略润滑。（）,正确,错误,,,,,A,2（易）,5（好）
,B-C-A-013,B（单选题）,,无人机电子调速器的日常维保中，以下操作不符合维护要求的是（）。,定期检查连接线和端子是否有松动或腐蚀,使用高压水枪清洗ESC以去除灰尘和污垢, 确认固件版本并根据需要更新至最新版本,检查电调散热情况，确保没有过热现象,,,B,3（中）,5（好）
,B-C-A-013,B（单选题）,,无人机电子调速器在日常维保中，应（）检查其工作状态。,每次飞行前, 每周一次，无论是否使用,只有在出现问题时,每10次飞行后,,,A,3（中）,5（好）
,B-C-A-013,B（单选题）,,无人机电子调速器在维护过程中，应（）处理电调上的灰尘和污垢。,使用高压水枪清洗以确保彻底清洁,定期使用干燥、柔软的布料轻轻擦拭,只有在电调出现故障时才进行清洁, 每次飞行后都拆解ESC进行深度清洁,,,B,3（中）,5（好）
,B-C-A-013,B（单选题）,,当检查电子调速器的散热情况时，以下（）是最需要注意的。,确认散热片的颜色是否均匀一致,检查散热片是否有灰尘积累并清理,测量ESC外壳的温度是否低于室温,增加额外风扇来强制冷却ESC,,,B,3（中）,5（好）
,B-C-A-013,C（判断题）,,无人机电子调速器的日常维保主要是为了保证电调的正常运行和延长其使用寿命。（）,正确,错误,,,,,A,3（中）,5（好）
,B-C-A-013,C（判断题）,,电子调速器应该不用远离潮湿环境。（）,正确,错误,,,,,B,2（易）,5（好）
,B-C-A-014,B（单选题）,,无人机的飞控系统在每次飞行前应检查（）。,仅检查电池电量,仅检查固件版本,仅检查连接线,检查电池电量、固件版本、连接线和其他相关设置,,,D,3（中）,5（好）
,B-C-A-014,B（单选题）,,无人机的遥控器在日常维保中应该（）。,定期更换电池,仅在遥控器失灵时更换电池,遥控器无需保养,遥控器可以暴露在雨水中,,,A,2（易）,5（好）
,B-C-A-014,B（单选题）,,人机飞行控制系统中的IMU（惯性测量单元）在日常维保中（）。,定期校准,无需校准,只在校准失败时才校准,IMU无法自行校准，只能更换新的,,,A,2（易）,5（好）
,B-C-A-014,B（单选题）,,在日常维保中，清洁无人机飞行控制系统的传感器的方法是（）。,使用湿布擦拭,使用干布擦拭,使用酒精棉球擦拭,不需要清洁传感器,,,C,3（中）,5（好）
,B-C-A-014,C（判断题）,,飞控系统应定期更新软件和固件。（）,正确,错误,,,,,A,2（易）,5（好）
,B-C-A-014,C（判断题）,,飞控硬件需定期检查。（）,正确,错误,,,,,A,2（易）,5（好）
,B-C-A-015,B（单选题）,,在正常情况下，无人机遥控设备的电池每更换一次的间隔是（）。,每个月,每半年,每年,随机更换,,,B,3（中）,5（好）
,B-C-A-015,B（单选题）,,在无人机遥控设备使用过程中，（）的行为是不正确。,定期清理设备内部灰尘和污垢,避免在高温或低温环境下长时间存放设备,使用湿布擦拭设备表面,不定期检查设备连接线是否损坏,,,C,4（较难）,5（好）
,B-C-A-015,B（单选题）,,无人机遥控设备在日常维保中，应（）遥控器的天线。,天线可以随意弯折和拉扯,避免天线受到损伤和过度弯折,天线断裂后可以继续使用,遥控器不需要保养,,,B,2（易）,5（好）
,B-C-A-015,B（单选题）,,无人机遥控设备的摇杆在日常维保中应该（）检查。,仅检查外观,无需检查摇杆,检查摇杆灵敏度和反应速度,摇杆可以在潮湿环境下使用,,,C,2（易）,5（好）
,B-C-A-015,C（判断题）,,遥控设备应定期检查信号强度和电池状况。（）,正确,错误,,,,,A,2（易）,5（好）
,B-C-A-015,C（判断题）,,遥控设备无需定期校准。（）,正确,错误,,,,,B,2（易）,5（好）
,B-C-A-016,B（单选题）,,（）不属于无人机机体日常维保的内容。,清洁机身,检查电池,更换发动机,测试信号强度,,,C,3（中）,5（好）
,B-C-A-016,B（单选题）,,无人机机体的螺丝在日常维保中应该（）检查。,仅检查紧固情况,无需检查螺丝,螺丝可以随意拧动,螺丝可以在潮湿环境下生锈,,,A,2（易）,5（好）
,B-C-A-016,B（单选题）,,无人机维护保养的高级技巧不包括（）。,遥控器信号优化,固件升级,飞行器姿态校准,复杂故障排查,,,B,3（中）,5（好）
,B-C-A-016,B（单选题）,,在无人机维护保养中，（）需要对无人机进行深度清洁。,每次飞行后,每周一次,在恶劣环境飞行后,每月一次,,,C,2（易）,5（好）
,B-C-A-016,C（判断题）,,无人机机体日常维保只需要清洁机身和检查电池。（）,正确,错误,,,,,B,3（中）,5（好）
,B-C-A-016,C（判断题）,,机体维护时可忽略防腐处理。（）,正确,错误,,,,,B,2（易）,5（好）
,B-C-A-017,B（单选题）,,在无人机螺旋桨的日常维保中，应该（）。,定期检查螺旋桨是否磨损、断裂或变形,不需要检查螺旋桨是否有裂纹或损伤,只需要定期清洗螺旋桨即可,不需要定期润滑螺旋桨,,,A,3（中）,5（好）
,B-C-A-017,B（单选题）,,（）不是无人机螺旋桨日常维保的内容。,检查螺旋桨的平衡性,清洗螺旋桨上的灰尘和污垢,更换损坏的螺旋桨叶片,调整螺旋桨的角度,,,D,4（较难）,5（好）
,B-C-A-017,B（单选题）,,无人机螺旋桨的日常维护中，（）是不正确的做法。,每次飞行后，检查螺旋桨是否有裂纹或损伤,若发现螺旋桨有轻微损伤，可在不影响飞行安全的情况下继续使用,定期清洁螺旋桨，避免灰尘积累 ,飞行前确认螺旋桨是否牢固固定 ,,,B,2（易）,5（好）
,B-C-A-017,B（单选题）,,在无人机螺旋桨的日常维保中，（）是最重要的。,飞行前的检查,飞行后的清洁 ,螺旋桨的定期更换 ,避免非授权人员操作无人机,,,A,3（中）,5（好）
,B-C-A-017,C（判断题）,,螺旋桨无需定期平衡校验。（）,正确,错误,,,,,B,2（易）,5（好）
,B-C-A-017,C（判断题）,,螺旋桨应定期检查是否静态平衡。（）,正确,错误,,,,,B,2（易）,5（好）
,B-C-A-018,B（单选题）,,无人机变焦镜头在不使用时，储存在（）的条件下。,干燥阴凉环境,阳光直射的温暖环境,阴凉潮湿环境,不需要注意储存环境,,,A,3（中）,5（好）
,B-C-A-018,B（单选题）,,无人机变焦镜头的镜片上出现灰尘或污渍时，处理的方式是（）。,直接用手擦拭,使用嘴吹,使用专用的镜头清洁刷轻轻刷去灰尘,用硬物刮除,,,C,2（易）,5（好）
,B-C-A-018,B（单选题）,,不属于无人机变焦镜头日常维保内容的是（）。,镜头清洁,防尘处理,螺旋桨检查,镜头对焦检查,,,C,3（中）,5（好）
,B-C-A-018,B（单选题）,,无人机变焦镜头的保养中，正确的方法是（）。,使用化学物品清洁外壳和镜头,将热像仪暴露在化学物品中,避免接触化学物品，使用专用清洁剂,使用含有酒精的清洁剂清洁镜头,,,C,2（易）,5（好）
,B-C-A-018,C（判断题）,,无人机变焦镜头的日常维保中，应定期使用压缩空气清洁镜头，以去除灰尘和杂质。（）,正确,错误,,,,,A,3（中）,5（好）
,B-C-A-018,C（判断题）,,日常维保变焦镜头时，应定期检查镜头的变焦功能是否顺畅，无卡顿现象。（）,正确,错误,,,,,A,3（中）,5（好）
,B-C-A-019,B（单选题）,,不属于无人机光电吊舱维保操作的是（）。,清理吊舱外壳,运动关节加注油脂,光学镜头拆卸检查,空速计校准,,,,,5（好）
,B-C-A-019,B（单选题）,,无人机光电吊舱在不使用时，储存在（）的条件下。,干燥阴凉环境,阳光直射的温暖环境,阴凉潮湿环境,不需要注意储存环境,,,A,3（中）,3（中）
,B-C-A-019,B（单选题）,,无人机光电吊舱的镜片上出现灰尘或污渍时，处理的方式是（）。,直接用手擦拭,使用嘴吹,使用专用的镜头清洁刷轻轻刷去灰尘,用硬物刮除,,,C,2（易）,5（好）
,B-C-A-019,B（单选题）,,无人机光电吊舱的保养中，正确的方法是（）。,使用化学物品清洁外壳和镜头,将热像仪暴露在化学物品中,避免接触化学物品，使用专用清洁剂,使用含有酒精的清洁剂清洁镜头,,,C,2（易）,3（中）
,B-C-A-019,C（判断题）,,在光电吊舱的日常维保中，应检查吊舱的固定螺丝是否松动，并及时紧固。（）,正确,错误,,,,,A,3（中）,5（好）
,B-C-A-019,C（判断题）,,在光电吊舱的维保中，可以使用湿布清洁吊舱的外表面。（）,正确,错误,,,,,B,3（中）,5（好）
,B-C-A-020,B（单选题）,,无人机五目镜头在不使用时，储存在（）的条件下。,干燥阴凉环境,阳光直射的温暖环境,阴凉潮湿环境,不需要注意储存环境,,,A,3（中）,3（中）
,B-C-A-020,B（单选题）,,无人机五目镜头的镜片上出现灰尘或污渍时，处理的方式是（）。,直接用手擦拭,使用嘴吹,使用专用的镜头清洁刷轻轻刷去灰尘,用硬物刮除,,,C,2（易）,5（好）
,B-C-A-020,B（单选题）,,不属于无人机五目镜头日常维保内容的是（）。,镜头清洁,防尘处理,螺旋桨检查,镜头对焦检查,,,C,3（中）,5（好）
,B-C-A-020,B（单选题）,,无人机五目镜头的保养中，正确的方法是（）。,使用化学物品清洁外壳和镜头,将热像仪暴露在化学物品中,避免接触化学物品，使用专用清洁剂,使用含有酒精的清洁剂清洁镜头,,,C,2（易）,5（好）
,B-C-A-020,C（判断题）,,五目镜头在不使用时，应将其暴露在直射阳光下存放，以防止镜头发霉。（）,正确,错误,,,,,B,2（易）,5（好）
,B-C-A-020,C（判断题）,,五目镜头的日常维保中，应避免使用任何有机溶剂，以免损坏镜头的镀膜。（）,正确,错误,,,,,A,3（中）,5（好）
,B-C-A-021,B（单选题）,,（）的情况下需要对无人机通讯设备进行维护。,飞行距离超过50公里,已经使用了1年,已经使用了3个月,当电池电量低于20%时,,,C,3（中）,5（好）
,B-C-A-021,B（单选题）,,（）不是无人机通讯设备的常见故障。,信号不稳定,设备无法开机,通讯延迟,通讯速度过快,,,D,3（中）,5（好）
,B-C-A-021,B（单选题）,,无人机通讯设备的发射功率在日常维保中应该（）检查。,无需检查，只需确保能够通讯即可,使用专业设备定期检测,发射功率越高越好,发射功率越低越好,,,B,3（中）,5（好）
,B-C-A-021,B（单选题）,,无人机通讯设备的接收机在日常维保中应该（）保养。,接收机无需保养,接收机可以在潮湿环境下使用,定期,接收机可以在强磁场附近放置,,,C,2（易）,5（好）
,B-C-A-021,C（判断题）,,通讯设备应定期检查天线和连接线路。（）,正确,错误,,,,,A,2（易）,5（好）
,B-C-A-021,C（判断题）,,通讯设备无需定期测试信号质量。（）,正确,错误,,,,,B,2（易）,5（好）
,B-C-A-022,B（单选题）,,无人机红外镜头在不使用时，储存在（）的条件下。,干燥阴凉环境,阳光直射的温暖环境,阴凉潮湿环境,不需要注意储存环境,,,A,3（中）,5（好）
,B-C-A-022,B（单选题）,,无人机红外镜头的镜片上出现灰尘或污渍时，处理的方式是（）。,直接用手擦拭,使用嘴吹,使用专用的镜头清洁刷轻轻刷去灰尘,用硬物刮除,,,C,2（易）,5（好）
,B-C-A-022,B（单选题）,,不属于无人机红外镜头日常维保内容的是（）。,镜头清洁,防尘处理,螺旋桨检查,镜头对焦检查,,,C,3（中）,5（好）
,B-C-A-022,B（单选题）,,无人机红外热像仪的保养中，正确的方法是（）。,使用化学物品清洁外壳和镜头,将热像仪暴露在化学物品中,避免接触化学物品，使用专用清洁剂,使用含有酒精的清洁剂清洁镜头,,,C,2（易）,5（好）
,B-C-A-022,C（判断题）,,红外镜头在不使用时应存放在湿度较高的环境中，以防止镜头发霉。（）,正确,错误,,,,,B,3（中）,5（好）
,B-C-A-022,C（判断题）,,红外镜头的日常维保不包括对镜头进行定期的校准和对焦。（）,正确,错误,,,,,B,3（中）,5（好）
,B-C-A-023,B（单选题）,,（）不是无人机激光雷达日常维保的内容。,清洁外壳,清洁镜片,检查线和连接器,使用激光雷达测距,,,D,2（易）,5（好）
,B-C-A-023,B（单选题）,,无人机激光雷达的存放条件错误的是（）。,避光无尘环境,阴凉干燥环境,阴凉潮湿环境,无毒无腐蚀环境,,,C,3（中）,5（好）
,B-C-A-023,B（单选题）,,无人机激光雷达的日常清洁保养错误的是（）。,定期使用软毛刷清理电气接口灰尘,激光探测窗口灰尘使用压缩空气或软毛刷清理,探测窗口污点使用酒精或专用清洁剂配合镜头清洁布擦拭,作业后立即用随身衣物哈气清洁,,,D,3（中）,5（好）
,B-C-A-023,B（单选题）,,不同情境下无人机激光雷达日常维保方法错误的是（）。,检查存放箱体时箱体放有干燥剂即可,航空运输后激光雷达在恒温干燥环境静置12~24小时后使用,在湿度高的外场环境作业后激光雷达在恒温干燥环境静置12~24小时后存放,在转场运输时激光雷达从无人机上拆下置于三防箱内运输,,,A,5（难）,5（好）
,B-C-A-023,C（判断题）,,在激光雷达的日常维保中，应检查雷达外壳有无破损，支架安装是否牢固。（）,正确,错误,,,,,A,3（中）,5（好）
,B-C-A-023,C（判断题）,,在激光雷达的维保中，可以使用有机溶剂清洁雷达的光学部件。（）,正确,错误,,,,,B,3（中）,5（好）
,B-C-A-024,B（单选题）,,在进行无人机系留系统的日常维保时，以下（）是必须定期检查的内容。,使用高压水枪清洗系留电缆以去除灰尘和污垢,检查系留电缆是否有磨损、断裂或腐蚀迹象,测量无人机的最大飞行高度是否受影响,更换整个系留系统的所有组件,,,B,3（中）,5（好）
,B-C-A-024,B（单选题）,,在维护系留系统的电源供应装置时，下列（）不是推荐的做法。,定期检查电源装置的输出电压稳定性,在强电磁干扰环境下长时间测试电源性能,使用原装充电器为电源装置供电或充电,清洁电源装置的散热片以防止过热,,,B,3（中）,5（好）
,B-C-A-024,B（单选题）,,以下（）不是无人机系留系统日常维保的内容。,检查系留电缆的物理状态，包括磨损、断裂或腐蚀迹象,定期更新通信模块和控制系统的固件至最新版本,每次飞行后拆解整个系留系统进行用水清洁,检查并紧固所有机械连接点，确保没有松动,,,C,3（中）,5（好）
,B-C-A-024,B（单选题）,,下列不是无人机系留系统电机维护的正确做法是（）。,定时旋转电机检查顺畅性,清理电机上的农药残留（对于植保无人机）,用水管冲洗电机内部,定时检查电机动平衡,,,C,2（易）,5（好）
,B-C-A-024,C（判断题）,,系留无人机的机体表面可以用强腐蚀性清洁剂进行清洁。（）,正确,错误,,,,,B,3（中）,5（好）
,B-C-A-024,C（判断题）,,地面电源设备应定期检查通风口，保证通风良好，但在潮湿环境下，通风口关闭对设备更好。（）,正确,错误,,,,,B,3（中）,5（好）
,B-C-A-025,B（单选题）,,下列（）不是无人机导航系统日常维护的重点。,防止尘土进入传感器,检查螺旋桨是否受损,维护飞行控制器的稳定性,更新地图数据的频率,,,D,3（中）,5（好）
,B-C-A-025,B（单选题）,,无人机导航系统的传感器在日常维保中应该（）保养。,无需保养,可以在恶劣天气下使用,定期校准和测试,可以随意更改设置,,,C,2（易）,5（好）
,B-C-A-025,B（单选题）,,无人机导航系统的软件在日常维保中应该（）更新。,无需更新,可以随意更改设置,定期更新和备份,软件更新可以忽略,,,C,2（易）,5（好）
,B-C-A-025,B（单选题）,,无人机导航系统的IMU（惯性测量单元）在日常维保中（）。,无需检查,可以在高温环境下使用,定期检查和校准,IMU无需特别保养,,,C,2（易）,5（好）
,B-C-A-025,C（判断题）,,定期检查无人机导航系统的电池工作状态对于延长其使用寿命是非常重要的。（）,正确,错误,,,,,A,3（中）,5（好）
,B-C-A-025,C（判断题）,,导航系统应定期更新地图和软件。（）,正确,错误,,,,,A,2（易）,5（好）
,B-C-A-026,B（单选题）,,在进行无人机植保播种系统的日常维保时，以下（）是必须定期检查的内容。,每次飞行后拆解播种装置进行深度清洁,检查喷洒或播种设备的机械部件是否有磨损或松动,更换所有与播种相关的电子元件,更新飞行控制软件,,,B,3（中）,5（好）
,B-C-A-026,B（单选题）,,在维护植保播种系统的药箱或种子箱时，下列（）不是推荐的做法。,使用高压水枪清洗药箱或种子箱以去除残留物,定期检查药箱或种子箱的密封性以防止泄漏,清洁药箱或种子箱内部，确保没有残留物或堵塞,检查药箱或种子箱的固定装置是否牢固,,,A,3（中）,5（好）
,B-C-A-026,B（单选题）,,无人机植保播种系统在日常维保中，应（）处理喷嘴。,无需清洁,使用强力清洁剂清洗,定期清洁，防止堵塞,喷嘴可以随意更换,,,C,2（易）,5（好）
,B-C-A-026,B（单选题）,,"无人机植保播种系统的电路连接,在日常维保中应该（）检查。",无需检查,只需检查电源线,定期检查所有连接是否牢固,可以在潮湿环境下操作,,,C,2（易）,5（好）
,B-C-A-026,C（判断题）,,植保播种系统应定期检查喷头和喷雾模式。（）,正确,错误,,,,,A,2（易）,5（好）
,B-C-A-026,C（判断题）,,植保播种系统无需定期检查药箱密封性。（）,正确,错误,,,,,B,2（易）,5（好）
,B-C-A-027,B（单选题）,, 无人机抛投系统的抛投精度下降，最有可能的原因是（）。,电池电量不足,无人机飞控系统故障,抛投机构磨损 ,遥控器信号干扰,,,C,2（易）,5（好）
,B-C-A-027,B（单选题）,,无人机抛投系统在未使用时应该放在（）。,在阳光直射的地方,在阴凉干燥的地方,在温度过高的地方,在湿度过大的地方,,,B,4（较难）,4（较好）
,B-C-A-027,B（单选题）,,无人机抛投系统在日常维保中，应（）检查抛投机构。,仅检查外观,不需要检查,定期进行功能测试和维护,只需检查电池电量,,,C,2（易）,5（好）
,B-C-A-027,B（单选题）,,无人机抛投系统的抛投箱在日常维保中应该（）保养。,无需清洁,使用强力清洁剂清洗,定期清洁内部和外部,可以忽略轻微破损,,,C,3（中）,5（好）
,B-C-A-027,C（判断题）,,抛投系统应定期检查释放机构的可靠性。（）,正确,错误,,,,,A,2（易）,5（好）
,B-C-A-027,C（判断题）,,抛投系统无需定期测试重量限制。（）,正确,错误,,,,,B,2（易）,5（好）
,B-C-A-028,B（单选题）,,在无人机喊话系统的日常维护中，不需要做的的行为是（）。,清洁传感器,更换备用电池,调整飞行高度,检查无人机的连接线,,,C,3（中）,4（较好）
,B-C-A-028,B（单选题）,,无人机喊话系统在日常维保中，应（）处理麦克风。,无需清洁,使用酒精擦拭,可以在雨中使用,时间不用时也需定期检查,,,D,2（易）,5（好）
,B-C-A-028,B（单选题）,,无人机喊话系统的控制模块在日常维保中应该（）保养。,无需保养,可以在高温环境下使用,定期检查和校准,可以随意更改设置,,,C,2（易）,5（好）
,B-C-A-028,B（单选题）,,无人机喊话系统的电源线在日常维保中应该（）检查。,无需检查，只需确保能够通讯即可,只需检查外皮是否有破损,定期检查电源线的完好性,可以随意更换,,,C,2（易）,5（好）
,B-C-A-028,C（判断题）,,无人机喊话系统的摄像头不需要定期清理。（）,正确,错误,,,,,B,3（中）,5（好）
,B-C-A-028,C（判断题）,,喊话系统应定期检查音质和音量。（）,正确,错误,,,,,A,2（易）,5（好）
,B-C-A-029,B（单选题）,,（）的行为不是无人机照明系统的日常维保内容。,检查电池电量,清洁摄像头镜头,更换飞行器外壳,检查灯光亮度,,,C,3（中）,5（好）
,B-C-A-029,B（单选题）,,检查无人机照明系统的电池电量的方法是（）。,使用专用的电池检测工具,观察灯光亮度,听取电池发出的声音,触摸电池温度,,,B,3（中）,5（好）
,B-C-A-029,B（单选题）,,无人机照明系统在日常维保中，对灯泡的处理应该（）。,无需检查,使用湿布擦拭,定期检查灯泡的亮度和稳定性,可以在雨中使用,,,C,2（易）,5（好）
,B-C-A-029,B（单选题）,,无人机照明系统的电路板在日常维保中应该（）处理。,无需检查,只需检查电源线,定期检查电路板的完好性,可以在恶劣天气下使用,,,C,3（中）,5（好）
,B-C-A-029,C（判断题）,,照明系统应定期检查灯具亮度和色温。（）,正确,错误,,,,,A,2（易）,5（好）
,B-C-A-029,C（判断题）,,照明系统无需定期更换灯泡。（）,正确,错误,,,,,B,2（易）,5（好）
,B-C-A-030,B（单选题）,,不属于无人机飞行控制系统维保内容的是（）。,陀螺仪校准,GNSS模块校准,磁罗盘校准,遥控器校准,,,D,3（中）,5（好）
,B-C-A-030,B（单选题）,,无人机飞行控制系统软件与硬件不匹配，应该进行的操作是（）。,直接升级飞控系统软件,查找硬件对应的软件版本再进行升级,对飞控进行零件更换,更换无人机机架,,,C,3（中）,5（好）
,B-C-A-030,B（单选题）,,不属于无人机飞行控制系统软件维保内容的是（）。,飞控软件更新,飞控固件升级,飞控参数调节,飞控传感器校准,,,C,3（中）,5（好）
,B-C-A-030,B（单选题）,,日常飞行任务下尽量避免飞行控制系统在（）环境下工作。,水体海面上空,城区广场,变电站变压器附近,森林草原上空,,,C,3（中）,5（好）
,B-C-A-030,C（判断题）,,飞行控制系统的日常维保中，应检查GNSS模块、陀螺仪、加速度计等传感器的功能是否正常。（）,正确,错误,,,,,A,3（中）,5（好）
,B-C-A-030,C（判断题）,,在飞行控制系统的维保中，可以忽略指南针的校准，因为它对飞行方向的准确性没有影响。（）,正确,错误,,,,,B,3（中）,5（好）
,B-C-B-001,B（单选题）,,无人机电池日常维保报告单中，电池外观检查情况应（ ）填写。,细记录电池表面的每一处划痕,只写外观正常或不正常,简单描述是否有损坏、变形等情况,无需填写外观检查情况,,,C,3（中）,5（好）
,B-C-B-001,B（单选题）,,在填写无人机电池日常维保报告单时，关于电池电压的记录，正确的是（ ）。,只记录电池组的总电压,只需口记录电池电压的大概范围即可头告知相关人员,分别记录每节电池的电压,根据电池外观判断电压是否正常，无需实际测量记录,,,C,2（易）,3（中）
,B-C-B-001,B（单选题）,,无人机电池日常维保报告单中，电池充放电循环次数应（ ）。,根据估算填写,无需填写，此信息不重要,通过电池管理系统查询准确记录,每半年更新一次记录,,,C,2（易）,5（好）
,B-C-B-001,B（单选题）,,对于无人机电池日常维保报告单中的电池容量测试结果，应（ ）填写。,填写电池标称容量,填写电池容量是否满足飞行要求，无需具体数值,填写本次测试得到的实际容量及与标称容量的对比情况,若容量无明显变化则无需填写,,,C,3（中）,3（中）
,B-C-B-001,C（判断题）,,无人机电池日常维保报告单中，电池的型号和序列号可填可不填，因为只要记录了电池的外观状况和测试数据就能确定是哪块电池。（）,正确,错误,,,,,B,2（易）,5（好）
,B-C-B-001,C（判断题）,,在填写无人机电池日常维保报告单时，若电池外观无明显损伤，只需在外观状况一栏填写 “无损伤” 即可，无需详细描述。（）,正确,错误,,,,,B,2（易）,5（好）
,B-C-B-002,B（单选题）,,（）不是无人机机体日常维保报告单的内容。,进行电池性能测试,记录电池充放电循环次数,检查电池外观,填写电池基本信息,,,D,3（中）,
,B-C-B-002,B（单选题）,,无人机电池日常维保报告单填写流程的第一步应该是（ ）。,填写电池容量测试结果,对电池进行充电测试,确定电池的健康状态评估,填写正确的型号与基础信息,,,D,3（中）,5（好）
,B-C-B-002,B（单选题）,,在填写无人机电池日常维保报告单时，操作应该在检查电池外观之后进行的是（）。,?电池外观检查之前,电池容量测试之后,电池电压测量之后,整个维保工作结束后，作为总结性信息填写,,,B,2（易）,3（中）
,B-C-B-002,B（单选题）,,无人机电池日常维保报告单填写流程的最后一步是（ ）。,签名并标注日期,再次检查报告单内容是否完整,根据测试结果提出维护建议,将报告单存档,,,A,2（易）,3（中）
,B-C-B-002,C（判断题）,,在填写无人机电池日常维保报告单时，应先填写电池信息，再进行电池的检查和测试工作。（）,正确,错误,,,,,B,2（易）,5（好）
,B-C-B-002,C（判断题）,,按照无人机电池日常维保报告单的填写流程要求，在完成所有检查和测试项目后，需要有专人对填写内容进行审核，审核通过后才可存档。（）,正确,错误,,,,,A,2（易）,5（好）
,B-C-B-003,B（单选题）,,无人机发动机日常维保报告单填写完毕后，正确的保存方法是（）。,随意丢弃,存入个人档案,归档保存以备查阅,无需保存,,,C,3（中）,5（好）
,B-C-B-003,B（单选题）,,在填写无人机发动机的日常维保报告单时，下列（）是必须记录的关键信息。,发动机的最大飞行高度,发动机的启动时间和累计运行时间,飞行器的颜色和外观设计,螺旋桨的直径和螺距,,,B,3（中）,3（中）
,B-C-B-003,B（单选题）,,下列不是无人机发动机日常维保报告单中必须包含的信息（）。,发动机的启动时间和累计运行时间,检查并记录发动机机油量和质量,记录每次飞行前后的发动机温度,飞行器的颜色和外观设计,,,D,3（中）,5（好）
,B-C-B-003,B（单选题）,,在填写无人机发动机日常维保报告单时，对故障现象的描述应做到（）。,客观、准确、全面,主观、片面,模糊、笼统,简短、随意,,,A,2（易）,3（中）
,B-C-B-003,C（判断题）,,报告单中，无人机发动机的型号和编号是必填项。（）,正确,错误,,,,,A,3（中）,5（好）
,B-C-B-003,C（判断题）,,报告单中，可以省略对维保人员技术水平的描述。（）,正确,错误,,,,,B,2（易）,5（好）
,B-C-B-004,B（单选题）,,在无人机导航通讯系统的日常维保中，（）的步骤是调整飞行高度。,使用遥控器上的上升或下降按钮,打开GPS定位功能,手动控制飞行姿态,检查飞行器下方的障碍物,,,A,4（较难）,5（好）
,B-C-B-004,B（单选题）,,无人机导航通讯系统日常维保报告单中，应（）记录GPS信号强度。,无需记录,记录最大信号强度,记录平均信号强度,仅记录信号丢失次数,,,C,2（易）,5（好）
,B-C-B-004,B（单选题）,,无人机导航通讯系统日常维保报告单最最重要的项目是（）。,无人机外观检查,无人机飞行性能测试,无人机控制系统校准,无人机通讯链路检查,,,D,2（易）,5（好）
,B-C-B-004,B（单选题）,,人机导航通讯系统日常维保报告单中的“维保结果分析”指的是（）。,对维保过程中出现的故障进行分析,对维保后的设备性能进行分析,对维保人员的绩效进行分析,维保计划的合理性进行分析,,,B,2（易）,5（好）
,B-C-B-004,C（判断题）,,在无人机导航通讯系统的日常维保中，定期清理传感器可以提高其工作性能和寿命。（）,正确,错误,,,,,A,3（中）,5（好）
,B-C-B-004,C（判断题）,,导航通讯系统维保报告单只需记录信号强度。（）,正确,错误,,,,,B,2（易）,5（好）
,B-C-B-005,B（单选题）,,在填写无人机螺旋桨的日常维保报告单时，下列（）是必须记录的关键信息。,螺旋桨的颜色和外观设计,检查螺旋桨是否有裂纹、变形或其他损坏,飞行器的最大飞行高度, 螺旋桨的材质成分分析,,,B,3（中）,5（好）
,B-C-B-005,B（单选题）,,无人机螺旋桨日常维保报告单中（）是必须填写的。,无人机品牌,维修人员爱好,天气情况,螺旋桨型号,,,D,3（中）,5（好）
,B-C-B-005,B（单选题）,,在填写无人机螺旋桨的维保报告单时，如果发现螺旋桨有轻微划痕，最合理的应对措施是（）。,忽略划痕继续使用以获取完整数据,立即停止使用，并评估划痕对性能的影响,使用砂纸打磨划痕直到平滑,更换为全新螺旋桨以确保安全,,,B,3（中）,5（好）
,B-C-B-005,B（单选题）,,在进行螺旋桨的日常维护时，以下（）是最不需要频繁执行的操作。,定期检查螺旋桨的磨损情况,每次飞行后清洁螺旋桨表面,每次飞行后拆解螺旋桨进行全面检查,检查螺旋桨安装是否牢固,,,C,3（中）,5（好）
,B-C-B-005,C（判断题）,,螺旋桨的维护报告单中，应记录维护过程中发现的所有问题及处理措施。（）,正确,错误,,,,,A,2（易）,5（好）
,B-C-B-005,C（判断题）,,?螺旋桨的振动测试结果如果正常，可以不在报告单中记录。（）,正确,错误,,,,,B,2（易）,5（好）
,B-C-B-006,B（单选题）,,下列（）不是无人机机体日常维保报告单的内容。,飞行数据记录,故障修复记录,维护保养情况,使用环境描述,,,D,3（中）,5（好）
,B-C-B-006,B（单选题）,,如果无人机机体出现故障，应当先进行的操作是（）。,立即拆解无人机进行全面内部检查,直接更换所有可能存在故障的部件,记录故障现象并停止使用无人机,继续飞行以获取更多故障数据,,,C,3（中）,5（好）
,B-C-B-006,B（单选题）,,无人机机体日常维保报告单中的“检查项目”应该包含（）。,仅包含外观检查,包含所有关键部件和系统的检查,可以省略小问题,只需记录故障项,,,B,2（易）,5（好）
,B-C-B-006,B（单选题）,,下列（）是无人机日常维保中最常见的检查项目。,拆解并清洁所有内部电子元件,检查螺旋桨是否有裂纹、变形或其他损坏,测试无人机的最大飞行高度和速度,更换所有的电池和电线,,,B,3（中）,5（好）
,B-C-B-006,C（判断题）,,机体维保报告单中无需记录划痕或损伤情况。（）,正确,错误,,,,,B,2（易）,5（好）
,B-C-B-006,C（判断题）,,报告单应包括清洁和防腐处理的详细信息。（）,正确,错误,,,,,A,2（易）,5（好）
,B-C-B-007,B（单选题）,,在填写无人机导航通讯系统的维保报告单时，如果发现通信链路不稳定，最合理的应对措施是（）。,忽略不稳定现象继续测试以获取完整数据,立即停止使用，并检查可能的原因如天线位置、干扰源等,增加额外的中继设备来增强信号覆盖范围,减少飞行高度以接近地面减少信号衰减,,,B,3（中）,5（好）
,B-C-B-007,B（单选题）,,如果无人机导航通讯系统的日常维保报告单中缺少了某些必要的信息，在时间充裕的情况下，应该（）。,忽略缺失信息，继续使用报告单,补充缺失信息后再使用报告单,重新填写一份完整的报告单,将缺失信息口头告知相关人员,,,C,4（较难）,5（好）
,B-C-B-007,B（单选题）,,在导航通讯系统日常维保报告单的填写中，发现通讯系统存在问题，正确的记录方式是（）。,仅在报告单上打勾,描述问题并提出可能的解决方案,忽略不记,只写“通讯系统故障”不进一步说明,,,B,2（易）,5（好）
,B-C-B-007,B（单选题）,,在导航通讯系统维保报告单中，如果无人机导航系统的GNSS模块需要校准，正确的记录方式是（）。,写下“GPS模块需要校准”,详细记录校准过程和结果,仅记录“GPS模块故障”,不需要记录，因为这属于常规操作,,,B,2（易）,5（好）
,B-C-B-007,C（判断题）,,在填写维保报告单时，如果导航通讯系统没有发现任何问题，可以不记录测试过程。（）,正确,错误,,,,,B,2（易）,5（好）
,B-C-B-007,C（判断题）,,维保报告单的填写可以忽略通讯系统的信号干扰测试，因为这不是常规测试项目。（）,正确,错误,,,,,B,2（易）,5（好）
,B-C-B-008,B（单选题）,,在无人机航拍系统的日常维保中，以下（）不属于外观检查的内容。,机身表面有无划痕,镜头是否有裂痕,飞行记录查询,电池外观是否破损,,,C,3（中）,5（好）
,B-C-B-008,B（单选题）,,无人机航拍系统的相机日常维保中，需要清洁的部位是（）。,机身内部,相机镜头和传感器,飞机的脚架,遥控器的屏幕,,,B,2（易）,5（好）
,B-C-B-008,B（单选题）,,以下关于无人机航拍系统日常维保报告单的填写，说法正确的是（ ）。,只要飞机能正常起飞和降落，就无需填写维保报告单,报告中应详细记录每一项检查的结果，无论是否正常,可以随意填写，不用按照实际检查结果,只有发现故障时才需要填写维保报告单,,,B,3（中）,5（好）
,B-C-B-008,B（单选题）,,无人机航拍系统日常维保报告单中不是主要目的的是（）。,确保摄像头和云台的工作状态良好,确保存储卡能够正确保存和读取数据,改善飞行器的颜色和外观设计,检查并记录电池的充电状态和健康状况,,,C,3（中）,5（好）
,B-C-B-008,C（判断题）,,航拍系统维保报告单只需记录摄像头的清洁情况。（）,正确,错误,,,,,B,2（易）,5（好）
,B-C-B-008,C（判断题）,,报告单应记录图像质量和传输功能。（）,正确,错误,,,,,B,2（易）,5（好）
,B-C-B-009,B（单选题）,,无人机植保系统维保报告单填写完毕后，应由（）签字确认。,无人机操作人员,维保人员,无人机制造商代表,无人机制造商代表,,,B,2（易）,5（好）
,B-C-B-009,B（单选题）,,在无人机植保系统的日常维护中，应该进行定期润滑的部件是（）。,电机,齿轮箱,传感器,控制器,,,B,2（易）,5（好）
,B-C-B-009,B（单选题）,,无人机植保系统日常维保报告单中，应（）记录喷洒系统的状态。,无需记录,记录是否能正常开关,记录喷洒泵的压力,详细记录喷洒系统的工作状态,,,D,3（中）,5（好）
,B-C-B-009,B（单选题）,,在进行无人机植保系统的日常维保时，（）操作是不必要的。,定期清洁喷洒设备和相关管道,每次飞行后拆解整个植保系统进行全面内部检查,检查并紧固所有外部连接件,确认药箱或种子箱的固定装置是否牢固,,,B,3（中）,5（好）
,B-C-B-009,C（判断题）,,植保系统维保报告单只需记录喷洒系统的水量。（）,正确,错误,,,,,B,2（易）,5（好）
,B-C-B-009,C（判断题）,,报告单应记录药箱的清洗和消毒情况。（）,正确,错误,,,,,A,3（中）,5（好）
,B-C-B-010,B（单选题）,,无人机物流系统的日常维保报告单中，以下（）内容是不必须包含的。,检查并记录飞行控制器和传感器的工作状态,测试飞行器的最大飞行高度和速度,检查并确认货物固定装置的安全性和可靠性,记录每次飞行前后的电池充电状态和健康状况,,,B,3（中）,5（好）
,B-C-B-010,B（单选题）,,关于无人机物流系统的“维保项目”，描述最准确的是（）。,每次飞行后拆解整个系统进行全面内部检查,定期测试飞行器的最大飞行高度和速度,检查并记录飞行控制器、传感器、电池状态及货物固定装置的安全性,改善飞行器的颜色和外观设计以提高辨识度,,,C,3（中）,5（好）
,B-C-B-010,B（单选题）,,以下（）不是无人机物流系统维保报告单中必须填写的信息。,无人机的飞行高度,系统部件的更换记录,维保过程中发现的问题,维保建议与措施,,,A,2（易）,5（好）
,B-C-B-010,B（单选题）,,下列不是无人机物流系统维保报告单填写时需要注意的事项（）。,检查并记录飞行控制器和传感器的工作状态,测试飞行器的最大飞行高度和速度,记录每次飞行前后的电池充电状态和健康状况,确认货物固定装置的安全性和可靠性,,,B,3（中）,5（好）
,B-C-B-010,C（判断题）,,物流无人机维护报告单中，应记录物流系统的电池更换日期和更换原因。（）,正确,错误,,,,,A,2（易）,5（好）
,B-C-B-010,C（判断题）,,物流无人机通信系统的信号强度测试结果如果正常，可以不在报告单中记录。（）,正确,错误,,,,,B,2（易）,5（好）
