题目ID,题目陈述,题目类型,内容分类,难度等级,分值,是否启用,选项A,选项B,选项C,选项D,选项E,选项F,正确答案,题目解析,出题人,创建时间,最后修改时间
00001,社会主义职业道德的基石和最高境界是（ ）。,单选题,飞行安全,中等,2,是,奉献社会,服务群众,诚实守信,爱岗敬业,,,奉献社会,,超级管理员,2025-09-18 15:36:09,2025-09-18 15:36:10
00002,不属于职业道德行为评价方式的是（ ）。,单选题,飞行安全,中等,2,是,社会舆论,职业习俗,内心信念,群体评议,,,群体评议,,超级管理员,2025-09-18 15:36:09,2025-09-18 15:36:10
00003,职业道德评价标准中，不属于职业道德基本要求的是（ ）。,单选题,飞行安全,中等,2,是,爱岗敬业,诚实守信,追求利益最大化,办事公道,,,追求利益最大化,,超级管理员,2025-09-18 15:36:09,2025-09-18 15:36:10
00004,在无人机装调检修工作中，不符合职业道德要求的行为是（）。,单选题,飞行安全,中等,2,是,严格按照操作规范进行检修,为了赶进度，跳过部分非关键检测环节,主动学习新技术，提升自身业务能力,对客户反馈的问题及时响应并解决,,,为了赶进度，跳过部分非关键检测环节,,超级管理员,2025-09-18 15:36:09,2025-09-18 15:36:10
00005,职业道德的评价标准不包括（）。,单选题,飞行安全,中等,2,是,诚信和正直,专业能力和持续学习,公正和公平对人,个人利益最大,,,个人利益最大,,超级管理员,2025-09-18 15:36:09,2025-09-18 15:36:10
00007,作为无人机检修工，在完成飞行器修理任务时，如果发现设备出现了严重的安全隐患，而客户要求按照原计划交付设备，这时最合适的做法是（ ）。,单选题,飞行安全,中等,2,是,向客户隐瞒问题，按时交付设备，确保公司不受经济损失,向客户详细说明隐患，并提出暂停交付，建议重新评估并进行修复,仅向客户简要通报隐患，给出一个表面上的解决方案，继续执行交付,向客户提出加速修理进度，在保证安全的情况下尽快完成任务,,,仅向客户简要通报隐患，给出一个表面上的解决方案，继续执行交付,,超级管理员,2025-09-18 15:36:09,2025-09-18 15:36:10
00008,职业道德的社会功能主要体现在（ ）。,单选题,飞行安全,中等,2,是,提高个人收入,促进社会和谐与行业发展,增强企业竞争力,提升个人技能水平,,,促进社会和谐与行业发展,,超级管理员,2025-09-18 15:36:09,2025-09-18 15:36:10
00009,职业道德的社会功能不包括（）。,单选题,飞行安全,中等,2,是,促进社会和谐,提升行业形象,增加个人财富,规范职业行为,,,增加个人财富,,超级管理员,2025-09-18 15:36:09,2025-09-18 15:36:10
00010,作为无人机检修工，在完成飞行器修理任务时，如果发现设备出现了严重的安全隐患，而客户要求按照原计划交付设备，这时最合适的做法是（）。,单选题,飞行安全,中等,2,是,向客户隐瞒问题，按时交付设备，确保公司不受经济损失,向客户详细说明隐患，并提出暂停交付，建议重新评估并进行修复,仅向客户简要通报隐患，给出一个表面上的解决方案，继续执行交付,向客户提出加速修理进度，在保证安全的情况下尽快完成任务,,,向客户详细说明隐患，并提出暂停交付，建议重新评估并进行修复,,超级管理员,2025-09-18 15:36:09,2025-09-18 15:36:10
00011,精益求精要求在工作中持续改进工艺，注重每一个环节的质量提升（ ）。,单选题,飞行安全,中等,2,是,正确,错误,,,,,正确,,超级管理员,2025-09-18 15:36:09,2025-09-18 15:36:10
00012,精益求精的具体要求包括以下（）方面。,多选题,飞行安全,中等,3,是,追求质量，不放过任何细节，力求产品或服务达到最高标准,不断学习新知识、新技能，提升自身专业素养，以更好地实现精益求精,满足于现有水平，只要能完成任务即可，无需过度追求完美,对工作流程进行持续优化，去除繁琐和不必要的环节，提高效率与质量,注重团队协作，成员间相互学习、监督，共同朝着精益求精的目标前进,,追求质量，不放过任何细节，力求产品或服务达到最高标准;不断学习新知识、新技能，提升自身专业素养，以更好地实现精益求精;对工作流程进行持续优化，去除繁琐和不必要的环节，提高效率与质量;注重团队协作，成员间相互学习、监督，共同朝着精益求精的目标前进,,超级管理员,2025-09-18 15:36:09,2025-09-18 15:36:10
00013,“精益求精”在无人机装调检修工作中具体体现为（）。,单选题,飞行安全,中等,2,是,仅满足最低标准即可,持续优化维修工艺，追求更高的质量标准,只关注结果，不注重过程,避免任何技术更新,,,持续优化维修工艺，追求更高的质量标准,,超级管理员,2025-09-18 15:36:09,2025-09-18 15:36:10
00014,精益求精在无人机装调检修工作中的具体要求不包括（）。,单选题,飞行安全,中等,2,是,不断优化检修流程,提高检修精度和质量,降低对新技术的学习要求,严格把控每一个细节,,,降低对新技术的学习要求,,超级管理员,2025-09-18 15:36:09,2025-09-18 15:36:10
00015,无人机行业中，探索创新要求从业者要敢于突破传统思维，勇于尝试新方法（）。,单选题,飞行安全,中等,2,是,正确,错误,,,,,正确,,超级管理员,2025-09-18 15:36:09,2025-09-18 15:36:10
00016,探索创新的具体要求包括（）。,多选题,飞行安全,中等,3,是,勇于尝试新技术和新方法,仅关注传统技术的应用,不断提升技术水平和创新能力,积极参与行业标准的制定,避免与同行交流和合作,,勇于尝试新技术和新方法;不断提升技术水平和创新能力;积极参与行业标准的制定,,超级管理员,2025-09-18 15:36:09,2025-09-18 15:36:10
00017,探索创新的具体要求中，关键要素是（）。,单选题,飞行安全,中等,2,是,严格遵循传统方法,鼓励尝试新技术和新方法,避免任何风险,仅关注现有技术,,,鼓励尝试新技术和新方法,,超级管理员,2025-09-18 15:36:09,2025-09-18 15:36:10
00018,探索创新在无人机装调检修工作中具体要求包括（）。,多选题,飞行安全,中等,3,是,持续关注新技术发展，尝试将其应用于实际工作,仅依赖传统方法，避免尝试新技术,在检修工艺中引入创新工具或方法,与行业专家合作，共同解决技术难题,忽视行业标准，自行探索方法,,持续关注新技术发展，尝试将其应用于实际工作;在检修工艺中引入创新工具或方法;与行业专家合作，共同解决技术难题,,超级管理员,2025-09-18 15:36:09,2025-09-18 15:36:10
00019,探索创新在无人机装调检修工作中的具体要求不包括（）。,单选题,飞行安全,中等,2,是,持续学习新技术,勇于尝试新方法,固守传统，拒绝改变,积极参与技术研讨,,,固守传统，拒绝改变,,超级管理员,2025-09-18 15:36:09,2025-09-18 15:36:10
00020,执行工艺的具体要求是确保无人机装调检修工作质量的重要保障，必须严格按照工艺流程操作（）。,单选题,飞行安全,中等,2,是,正确,错误,,,,,正确,,超级管理员,2025-09-18 15:36:09,2025-09-18 15:36:10
00021,执行工艺的具体要求包括（）。,多选题,飞行安全,中等,3,是,严格按照工艺文件操作,确保设备和工具的正确使用,定期进行工艺流程的优化,保证工艺过程的可追溯性,忽视工艺文件中的细节,,严格按照工艺文件操作;确保设备和工具的正确使用;定期进行工艺流程的优化;保证工艺过程的可追溯性,,超级管理员,2025-09-18 15:36:09,2025-09-18 15:36:10
00022,在执行无人机装调检修工艺时，严格遵守工艺要求是确保设备性能和安全的关键。（）,单选题,飞行安全,中等,2,是,正确,错误,,,,,正确,,超级管理员,2025-09-18 15:36:09,2025-09-18 15:36:10
00023,执行工艺的具体要求包括( )。,多选题,飞行安全,中等,3,是,严格按照工艺文件和技术规范进行操作,确保工具和设备的精度与适用性,在操作过程中做好质量记录和追溯,对工艺流程进行优化以提高效率,仅凭经验操作，无需参考工艺文件,,严格按照工艺文件和技术规范进行操作;确保工具和设备的精度与适用性;在操作过程中做好质量记录和追溯;对工艺流程进行优化以提高效率,,超级管理员,2025-09-18 15:36:09,2025-09-18 15:36:10
00024,在执行检修工艺时，需要遵循严格的技术标准和操作规范。因此（）。,单选题,飞行安全,中等,2,是,在进行电池更换时，可忽略电池的充电状态，只要检查电池外观无明显损伤即可,对于机体的每个部件，在检修时必须使用与原始设备相同型号的备件,可以使用任何品牌的润滑油进行马达的润滑，只要能减少摩擦,无人机检修工在处理机载系统时，可以跳过对固件版本的检查,,,对于机体的每个部件，在检修时必须使用与原始设备相同型号的备件,,超级管理员,2025-09-18 15:36:09,2025-09-18 15:36:10
00025,团队协作在无人机装调检修工作中非常重要，良好的沟通和分工可以提高工作效率和质量（）。,单选题,飞行安全,中等,2,是,正确,错误,,,,,正确,,超级管理员,2025-09-18 15:36:09,2025-09-18 15:36:10
00026,团队协作在无人机装调检修工作中是可有可无的，个人能力才是关键。（）,单选题,飞行安全,中等,2,是,正确,错误,,,,,错误,,超级管理员,2025-09-18 15:36:09,2025-09-18 15:36:10
00027,为了实现严于律己的工作态度，提高工作质量和确保安全操作，要做到（）。,多选题,飞行安全,中等,3,是,始终依照设备手册执行检查，确保所有操作步骤不被忽略,进行设备检修时，不按顺序执行操作，依据经验灵活调整步骤,进行复杂系统检查时，主动对操作步骤进行详细记录，确保操作可追溯,当工作中遇到困难时，独立解决，不与团队成员讨论，避免浪费时间,定期进行自我反省和回顾，对每次检修中的失误进行分析并采取改进措施,,始终依照设备手册执行检查，确保所有操作步骤不被忽略;进行复杂系统检查时，主动对操作步骤进行详细记录，确保操作可追溯;定期进行自我反省和回顾，对每次检修中的失误进行分析并采取改进措施,,超级管理员,2025-09-18 15:36:09,2025-09-18 15:36:10
00028,在团队中，面对多个同时进行的修理任务，如果某个成员提出一个未经过充分讨论的解决方案，且该方案需要牺牲某些检修质量来提高效率，团队领导应该采取的做法是（）。,单选题,飞行安全,中等,2,是,直接接受该成员的方案，并优先执行，以便按时完成任务,召集团队讨论，评估该方案可能带来的质量风险与后果，寻找合适的替代方案高效沟通,向成员发出警告，要求其停止提出不合适的解决方案，并独自决定方案,忽略团队成员的建议，依靠自己的判断独立做出决策，不告知团队,,,召集团队讨论，评估该方案可能带来的质量风险与后果，寻找合适的替代方案高效沟通,,超级管理员,2025-09-18 15:36:09,2025-09-18 15:36:10
00029,关于爱岗敬业的具体要求，正确的选项有（）。,多选题,飞行安全,中等,3,是,严格遵守工作纪律和操作规范,主动学习新技术，提升自身业务能力,为了赶进度，可以跳过部分非关键检测环节,对客户反馈的问题及时响应并解决,工作中可以忽视团队合作，独立完成任务,,严格遵守工作纪律和操作规范;主动学习新技术，提升自身业务能力;对客户反馈的问题及时响应并解决,,超级管理员,2025-09-18 15:36:09,2025-09-18 15:36:10
00030,（）严于律己的行为规范要求无人机检修工在面对操作错误时，必须立刻向上级汇报，并主动停工，以确保无人机的检修安全不受影响（）。,单选题,飞行安全,中等,2,是,正确,错误,,,,,正确,,超级管理员,2025-09-18 15:36:09,2025-09-18 15:36:10
00031,对于无人机检修工而言，执行严格的职业道德要求时，应重点遵循（）。,多选题,飞行安全,中等,3,是,始终保持个人的责任心，对每一项任务的完成质量负责,可以依据个人经验轻微调整维修操作，忽视部分标准流程,严格遵守工作期间的操作流程和安全规定,在检修任务中随意依赖同事的工作成果，不需要验证,在维修中，适当忽视设备的细节问题，集中解决主要故障,,始终保持个人的责任心，对每一项任务的完成质量负责;严格遵守工作期间的操作流程和安全规定,,超级管理员,2025-09-18 15:36:09,2025-09-18 15:36:10
00033,在无人机生产车间中，不符合文明生产具体要求的行为是（）。,单选题,飞行安全,中等,2,是,工具和物料摆放整齐，标识清晰,操作人员佩戴安全帽和防护手套,生产过程中随意丢弃废弃物料,定期清理工作区域，保持环境整洁,,,生产过程中随意丢弃废弃物料,,超级管理员,2025-09-18 15:36:09,2025-09-18 15:36:10
00034,（）在无人机检修工作中，文明生产要求中包含的“安全生产第一”的原则，应当优先于检修过程中所有技术性要求的实施（）。,单选题,飞行安全,中等,2,是,正确,错误,,,,,正确,,超级管理员,2025-09-18 15:36:09,2025-09-18 15:36:10
00035,以下关于文明生产的具体要求的选项中，正确的有（ ）。,多选题,飞行安全,中等,3,是,生产现场应保持整洁，工具和物料摆放有序,操作人员需佩戴必要的防护装备，如安全帽、手套等,生产过程中应尽量减少噪音和粉尘污染,废弃物料应分类存放，并及时清理,生产设备无需定期维护，只需在故障时修理,,生产现场应保持整洁，工具和物料摆放有序;操作人员需佩戴必要的防护装备，如安全帽、手套等;生产过程中应尽量减少噪音和粉尘污染;废弃物料应分类存放，并及时清理,,超级管理员,2025-09-18 15:36:09,2025-09-18 15:36:10
00036,爱岗敬业在实际工作中的具体表现不包括以下（）行为。,单选题,飞行安全,中等,2,是,对工作充满热情,定期进行技能提升,忽视安全规程，追求效率,不断学习新技术，适应行业发展,,,忽视安全规程，追求效率,,超级管理员,2025-09-18 15:36:09,2025-09-18 15:36:10
00037,爱岗敬业的具体要求包括遵守职业道德、提高工作效率和积极参与团队合作。（ ）,单选题,飞行安全,中等,2,是,正确,错误,,,,,正确,,超级管理员,2025-09-18 15:36:09,2025-09-18 15:36:10
00038,无人机行业的具体要求包括严格遵守航空法规、确保飞行安全和保护用户隐私（ ）。,单选题,飞行安全,中等,2,是,正确,错误,,,,,正确,,超级管理员,2025-09-18 15:36:09,2025-09-18 15:36:10
00039,无人机行业的具体要求包括（ ）。,多选题,飞行安全,中等,3,是,操作人员需具备扎实的机械原理知识,严格遵守相关空域管理规定,产品设计应追求极致的轻量化，可牺牲部分稳定性,维护保养需按照固定的时间间隔进行，无需考虑实际使用情况,不断提升飞行控制系统的智能化水平,,操作人员需具备扎实的机械原理知识;严格遵守相关空域管理规定;不断提升飞行控制系统的智能化水平,,超级管理员,2025-09-18 15:36:09,2025-09-18 15:36:10
00040,无人机行业对于飞行场地的具体要求，以下说法正确的是（ ）。,单选题,飞行安全,中等,2,是,要远离人口密集区域，保证安全,场地面积越小越好，便于操作,不需要考虑周边的气候条件,可以随意选择在禁飞区域内,,,要远离人口密集区域，保证安全,,超级管理员,2025-09-18 15:36:09,2025-09-18 15:36:10
00041,无人机系统基础知识中，无人机的核心组成部分是（ ）。,单选题,飞行原理,中等,2,是,电池,飞行控制系统,机架,电机,,,飞行控制系统,,超级管理员,2025-09-18 15:36:09,2025-09-18 15:36:10
00042,无人机系统的组成不包括（）。,单选题,飞行原理,中等,2,是,机身结构,飞行控制系统,动力系统,燃料加注设备,,,燃料加注设备,,超级管理员,2025-09-18 15:36:09,2025-09-18 15:36:10
00043,无人机操控基础知识中，飞行前必须检查的内容是（）。,单选题,飞行原理,中等,2,是,无人机的颜色,无人机的音乐播放功能,电池电量和飞行模式,无人机的外观设计,,,电池电量和飞行模式,,超级管理员,2025-09-18 15:36:09,2025-09-18 15:36:10
00044,在高海拔地区进行无人机飞行时，最可能导致飞行性能的显著下降的是（）。,单选题,飞行原理,中等,2,是,低气压导致螺旋桨效率降低,空气温度过高使得电池放电效率提升,高湿度导致机载传感器的工作温度升高,风速增加使得GPS信号接收不稳定,,,低气压导致螺旋桨效率降低,,超级管理员,2025-09-18 15:36:09,2025-09-18 15:36:10
00045,不是无人机产生升力的主要因素有（）。,单选题,飞行原理,中等,2,是,旋翼叶片的旋转速度,旋翼叶片的形状和角度（攻角）,空气密度,无人机的型号,,,无人机的型号,,超级管理员,2025-09-18 15:36:09,2025-09-18 15:36:10
00046,在无人机的电气安装过程中，以下对确保电气系统正常运行最为重要的是（ ）。,单选题,飞行原理,中等,2,是,电池连接的防护措施,电气线路的合理布局,电气系统的故障诊断功能,电气系统的无线通信模块安装,,,电气线路的合理布局,,超级管理员,2025-09-18 15:36:09,2025-09-18 15:36:10
00047,在无人机导航系统中，主要用于精确定位的技术是（ ）。,单选题,飞行原理,中等,2,是,气压计高度测量,全球定位系统（GPS）,惯性测量单元（IMU）,超声波传感器,,,全球定位系统（GPS）,,超级管理员,2025-09-18 15:36:09,2025-09-18 15:36:10
00048,在无人机测试飞行中，安全防护不包括（ ）。,单选题,飞行原理,中等,2,是,佩戴安全帽,检查无人机电池电量,确保飞行场地周围无障碍物,随意在禁飞区进行飞行测试,,,随意在禁飞区进行飞行测试,,超级管理员,2025-09-18 15:36:09,2025-09-18 15:36:10
00049,在无人机故障检测中，关于传感器故障检测，以下正确的是（ ）。,单选题,飞行原理,中等,2,是,利用专业检测设备读取传感器数据判断,只要无人机能起飞，就不用检测传感器,直接更换所有传感器来排查故障,仅通过观察外观就能确定传感器是否故障,,,利用专业检测设备读取传感器数据判断,,超级管理员,2025-09-18 15:36:09,2025-09-18 15:36:10
00050,无人机故障维修的基础知识中，首要步骤是（ ）。,单选题,飞行原理,中等,2,是,更换所有可疑部件,重启无人机,检查故障代码,检查电源系统,,,检查故障代码,,超级管理员,2025-09-18 15:36:09,2025-09-18 15:36:10
00051,在机械识图中，粗实线通常用于表示可见轮廓线。（ ）。,单选题,结构组成,中等,2,是,正确,错误,,,,,正确,,超级管理员,2025-09-18 15:36:09,2025-09-18 15:36:10
00052,机械识图中，三视图包括主视图、俯视图和左视图，用于全面展示无人机的结构和尺寸。（ ）。,单选题,结构组成,中等,2,是,正确,错误,,,,,正确,,超级管理员,2025-09-18 15:36:09,2025-09-18 15:36:10
00053,机械技术基础知识对于无人机装调检修工来说是可有可无的，实际操作经验更为重要。（ ）。,单选题,结构组成,中等,2,是,正确,错误,,,,,错误,,超级管理员,2025-09-18 15:36:09,2025-09-18 15:36:10
00054,机械技术基础知识对于无人机装调检修工来说非常重要，因为它直接关系到设备的维护和故障排除。（ ）,单选题,结构组成,中等,2,是,正确,错误,,,,,正确,,超级管理员,2025-09-18 15:36:09,2025-09-18 15:36:10
00055,材料基础知识对于无人机装调检修工来说并不重要，实际操作经验更为关键。（ ）。,单选题,结构组成,中等,2,是,正确,错误,,,,,错误,,超级管理员,2025-09-18 15:36:09,2025-09-18 15:36:10
00056,（）钛合金作为无人机机体的主要材料之一，其抗腐蚀性和强度远超过常见的铝合金，因此在所有环境条件下，钛合金都是最佳选择。,单选题,结构组成,中等,2,是,正确,错误,,,,,错误,,超级管理员,2025-09-18 15:36:09,2025-09-18 15:36:10
00057,（）无人机的机械结构设计中，蜂窝结构的机身设计能够有效提升抗冲击能力，因此在大多数无人机的机身中都会广泛使用这种设计。,单选题,结构组成,中等,2,是,正确,错误,,,,,错误,,超级管理员,2025-09-18 15:36:09,2025-09-18 15:36:10
00058,在无人机机械装配过程中，游标卡尺和千分尺是常用的测量工具，用于精确测量零部件的尺寸。（ ）,单选题,结构组成,中等,2,是,正确,错误,,,,,正确,,超级管理员,2025-09-18 15:36:09,2025-09-18 15:36:10
00059,在无人机机械装配过程中，使用扭矩扳手可以确保螺丝紧固力度符合设计要求（ ）。,单选题,结构组成,中等,2,是,正确,错误,,,,,正确,,超级管理员,2025-09-18 15:36:09,2025-09-18 15:36:10
00060,无人机机械装配时，工具的定期维护保养对于保障装配安全十分重要（ ）。,单选题,结构组成,中等,2,是,正确,错误,,,,,正确,,超级管理员,2025-09-18 15:36:09,2025-09-18 15:36:10
00061,电子电路基础知识中，关于电路的基本组成，以下说法准确的是（ ）。,单选题,控制算法,中等,2,是,电路仅由电源和负载组成,电路包括电源、负载和中间环节,电路不需要闭合回路,电路中的电流只能由正极流向负极,,,电路不需要闭合回路,,超级管理员,2025-09-18 15:36:09,2025-09-18 15:36:10
00062,在电子电路中，主要用于整流的原件是（）。,单选题,控制算法,中等,2,是,电阻,电容,二极管,三极管,,,二极管,,超级管理员,2025-09-18 15:36:09,2025-09-18 15:36:10
00063,电气识图中，用于表示交流电源的符号是（ ）。,单选题,控制算法,中等,2,是,AC,DC,GND,VCC,,,AC,,超级管理员,2025-09-18 15:36:09,2025-09-18 15:36:10
00064,电气识图知识中，代表电阻的符号是 （）。,单选题,控制算法,中等,2,是,R,C,L,V,,,R,,超级管理员,2025-09-18 15:36:09,2025-09-18 15:36:10
00065,传感器基础知识中，用于测量无人机飞行姿态的传感器是,单选题,控制算法,中等,2,是,温度传感器,气压传感器,陀螺仪,光流传感器,,,陀螺仪,,超级管理员,2025-09-18 15:36:09,2025-09-18 15:36:10
00066,无人机在执行飞行任务时，对惯性测量单元（IMU）传感器的误差影响最大的是（）。,单选题,控制算法,中等,2,是,传感器的温度漂移和温度变化,重力加速度的变化,地球磁场的变化,电池电压的波动,,,传感器的温度漂移和温度变化,,超级管理员,2025-09-18 15:36:09,2025-09-18 15:36:10
00067,无人机电气安装中，必不可少的工具是（ ）。,单选题,控制算法,中等,2,是,电钻,螺丝刀,万用表,剪刀,,,万用表,,超级管理员,2025-09-18 15:36:09,2025-09-18 15:36:10
00068,在无人机电气安装过程中，用于测量电路中电流大小的仪器是（）。,单选题,控制算法,中等,2,是,万用表,兆欧表,钳形表,示波器,,,钳形表,,超级管理员,2025-09-18 15:36:09,2025-09-18 15:36:10
00069,无人机调试软件操作过程中，遇到以下情况时，最需要首先进行硬件检查（ ）。,单选题,控制算法,中等,2,是,无人机飞行速度不稳定,飞行控制器不响应输入指令,遥控器信号丢失,电池电量显示正常但飞行时间异常,,,飞行控制器不响应输入指令,,超级管理员,2025-09-18 15:36:09,2025-09-18 15:36:10
00070,在无人机电气安装过程中，可以有效防止电气火灾的措施是（）。,单选题,控制算法,中等,2,是,使用非阻燃材料包裹电线,增加电源线长度以分散电流,安装过载保护装置和保险丝,将电源线与信号线平行布线,,,安装过载保护装置和保险丝,,超级管理员,2025-09-18 15:36:09,2025-09-18 15:36:10
00071,计算机终端设备中，以下不是常见的输入设备（）。,单选题,传感器融合,中等,2,是,键盘,鼠标,显示器,扫描仪,,,显示器,,超级管理员,2025-09-18 15:36:09,2025-09-18 15:36:10
00072,计算机终端设备中，无人机操作中常用的设备是（）。,单选题,传感器融合,中等,2,是,打印机,扫描仪,遥控器,显示器,,,遥控器,,超级管理员,2025-09-18 15:36:09,2025-09-18 15:36:10
00073,计算机终端设备中，负责处理数据的核心部件是（）。,单选题,传感器融合,中等,2,是,显示器,键盘,中央处理器（CPU）,鼠标,,,中央处理器（CPU）,,超级管理员,2025-09-18 15:36:09,2025-09-18 15:36:10
00074,某型号无人机使用的是基于实时操作系统（RTOS）的控制系统。在RTOS环境下，最能保障系统的及时响应的特性是（）。,单选题,传感器融合,中等,2,是,支持多线程并发处理，允许同时处理多个任务,支持任务优先级的动态调整，保证高优先级任务的实时执行,采用虚拟化技术隔离任务，以减少任务间的干扰,使用大容量内存，以确保数据可以长时间存储并随时调取,,,支持任务优先级的动态调整，保证高优先级任务的实时执行,,超级管理员,2025-09-18 15:36:09,2025-09-18 15:36:10
00075,无人机调试软件操作时，为了准确设置飞行参数，需要（）。,单选题,传感器融合,中等,2,是,参考软件操作手册和无人机技术文档,随意设置参数，看无人机飞行效果,模仿他人的参数设置，不考虑自身机型,只设置部分关键参数，忽略其他参数,,,随意设置参数，看无人机飞行效果,,超级管理员,2025-09-18 15:36:09,2025-09-18 15:36:10
00076,无人机调试软件操作基础知识中，调试前必须完成的步骤是（）。,单选题,传感器融合,中等,2,是,安装游戏软件,连接无人机与电脑,播放音乐,拍照留念,,,连接无人机与电脑,,超级管理员,2025-09-18 15:36:09,2025-09-18 15:36:10
00077,太阳能动力系统在无人机中的主要作用是（ ）。,单选题,传感器融合,中等,2,是,提供飞行器的动力源,提供飞行器的电池充电,为飞行器的电气系统提供备用电源,调节飞行器的飞行高度,,,提供飞行器的电池充电,,超级管理员,2025-09-18 15:36:09,2025-09-18 15:36:10
00078,在使用电子表格软件进行数据分析时，可以快速计算一列数据平均值的操作是,单选题,传感器融合,中等,2,是,使用“SUM”函数,使用“AVERAGE”函数,使用“COUNT”函数,使用“MAX”函数,,,使用“AVERAGE”函数,,超级管理员,2025-09-18 15:36:09,2025-09-18 15:36:10
00079,空中回收系统主要组成部分是（）。,单选题,传感器融合,中等,2,是,阻拦网,捕获装置、回收绳索和缓冲装置,弹射装置,机翼和尾翼,,,捕获装置、回收绳索和缓冲装置,,超级管理员,2025-09-18 15:36:09,2025-09-18 15:36:10
00080,在使用Excel进行维修数据分析时，最合适去使用Excel的3D引用功能的情景是（）。,单选题,传感器融合,中等,2,是,当需要在同一工作表的不同单元格之间进行平均计算时,当需要跨多个工作簿中的相同单元格范围进行数据汇总时,当需要对多个不同工作表中相同位置的数据进行计算时,当需要对某个数据表中的部分数据进行条件筛选时,,,当需要对多个不同工作表中相同位置的数据进行计算时,,超级管理员,2025-09-18 15:36:09,2025-09-18 15:36:10
00081,根据《中华人民共和国劳动法》和《中华人民共和国劳动合同法》，劳动者有权拒绝执行存在安全隐患的劳动任务。（）,单选题,飞行安全,中等,2,是,正确,错误,,,,,正确,,超级管理员,2025-09-18 15:36:09,2025-09-18 15:36:10
00082,根据《中华人民共和国安全生产法》，无人机装调检修工在工作中必须严格遵守安全生产规定，以防止事故发生。（）,单选题,飞行安全,中等,2,是,正确,错误,,,,,正确,,超级管理员,2025-09-18 15:36:09,2025-09-18 15:36:10
00083,根据《中华人民共和国安全生产法》，无人机检修单位在进行高风险作业时，可以在没有安全生产许可证的情况下进行操作，但需在作业前进行风险评估。,单选题,飞行安全,中等,2,是,正确,错误,,,,,错误,,超级管理员,2025-09-18 15:36:09,2025-09-18 15:36:10
00084,（）根据《中华人民共和国环境保护法》，在无人机进行检修时，如果产生废油、废气等污染物，必须按照国家环境保护相关法规对其进行妥善处理，否则可能构成违法行为。,单选题,飞行安全,中等,2,是,正确,错误,,,,,正确,,超级管理员,2025-09-18 15:36:09,2025-09-18 15:36:10
00085,《中华人民共和国民用航空法》规定，无人机飞行无需向空管部门报备，只需遵守飞行高度限制即可。（ ）,单选题,飞行安全,中等,2,是,正确,错误,,,,,错误,,超级管理员,2025-09-18 15:36:09,2025-09-18 15:36:10
00086,根据《通用航空飞行管制条例》，无人机飞行无需向空管部门报备，只需遵守飞行高度限制即可。,单选题,飞行安全,中等,2,是,正确,错误,,,,,错误,,超级管理员,2025-09-18 15:36:09,2025-09-18 15:36:10
00087,《民用航空安全管理规定》中明确规定了无人机在特定空域飞行需要提前申请。,单选题,飞行安全,中等,2,是,正确,错误,,,,,正确,,超级管理员,2025-09-18 15:36:09,2025-09-18 15:36:10
00088,《民用无人机驾驶员管理规定》中，操控轻型无人机在管制空域内飞行，不需要申请飞行计划。,单选题,飞行安全,中等,2,是,正确,错误,,,,,错误,,超级管理员,2025-09-18 15:36:09,2025-09-18 15:36:10
00089,根据《轻小无人机运行规定（试行）》，无人机操作人员必须经过专业培训并取得相应资质后才能进行飞行作业。,单选题,飞行安全,中等,2,是,正确,错误,,,,,正确,,超级管理员,2025-09-18 15:36:09,2025-09-18 15:36:10
00090,根据《民用无人驾驶航空器实名制登记管理规定》，所有民用无人机在使用前必须完成实名制登记。,单选题,飞行安全,中等,2,是,正确,错误,,,,,正确,,超级管理员,2025-09-18 15:36:09,2025-09-18 15:36:10
00091,太阳能等新能源动力系统的特点包括（）。,多选题,结构组成,中等,3,是,环保且可再生，适合长期任务,能量来源不稳定，受天气影响大,初始投资成本较高,运行维护简单,需要较大的表面积用于能量收集,,环保且可再生，适合长期任务;能量来源不稳定，受天气影响大;初始投资成本较高;需要较大的表面积用于能量收集,,超级管理员,2025-09-18 15:36:09,2025-09-18 15:36:10
00092,在无人机行业中，太阳能等新能源动力系统应用场景有（）。,多选题,结构组成,中等,3,是,高海拔地区的长航时无人机监测任务,城市内短距离快递配送无人机,深海无人潜水器的动力补充,极地环境的科研无人机项目,大型农业植保无人机在阳光充足地区的作业,,高海拔地区的长航时无人机监测任务;城市内短距离快递配送无人机;极地环境的科研无人机项目;大型农业植保无人机在阳光充足地区的作业,,超级管理员,2025-09-18 15:36:09,2025-09-18 15:36:10
00093,太阳能等新能源动力系统在无人机中的应用场景包括（）。,多选题,结构组成,中等,3,是,长时间的环境监测任务,高海拔地区的侦察任务,太阳能充电的混合动力系统用于延长续航,作为地面充电站的补充能源,仅用于小型无人机的短距离飞行,,长时间的环境监测任务;高海拔地区的侦察任务;太阳能充电的混合动力系统用于延长续航;作为地面充电站的补充能源,,超级管理员,2025-09-18 15:36:09,2025-09-18 15:36:10
00094,太阳能等新能源动力系统通常由以下（ ）部分组成。,多选题,结构组成,中等,3,是,太阳能电池板,储能电池,传动链条,控制器,转换电路,,太阳能电池板;储能电池;控制器;转换电路,,超级管理员,2025-09-18 15:36:09,2025-09-18 15:36:10
00095,电动、油动、太阳能及其他新能源混合动力系统的差异是（）。,多选题,结构组成,中等,3,是,动力来源不同,续航能力不同,维护成本不同,环境影响不同,飞行速度不同,,动力来源不同;续航能力不同;维护成本不同;环境影响不同,,超级管理员,2025-09-18 15:36:09,2025-09-18 15:36:10
00096,电动、油动、太阳能及其他新能源混合动力系统的选型方法包括（）。,多选题,结构组成,中等,3,是,根据任务需求选择动力类型,考虑续航能力和负载能力,评估系统的可靠性和安全性,分析成本和维护难度,忽略环境适应性,,根据任务需求选择动力类型;考虑续航能力和负载能力;评估系统的可靠性和安全性;分析成本和维护难度,,超级管理员,2025-09-18 15:36:09,2025-09-18 15:36:10
00097,空中发射系统的主要组成部分不包括（）。,单选题,结构组成,中等,2,是,发射平台,发射控制系统,发射轨道,发射动力系统,,,发射轨道,,超级管理员,2025-09-18 15:36:09,2025-09-18 15:36:10
00098,空中发射系统的工作原理包括（）。,多选题,结构组成,中等,3,是,通过地面设备提供初始动力,利用弹射装置将无人机发射到空中,无人机在空中自动展开机翼或旋翼,飞行控制系统接管并引导无人机进入预定航线,仅依靠无人机自身动力起飞,,通过地面设备提供初始动力;利用弹射装置将无人机发射到空中;无人机在空中自动展开机翼或旋翼;飞行控制系统接管并引导无人机进入预定航线,,超级管理员,2025-09-18 15:36:09,2025-09-18 15:36:10
00099,空中发射系统工作原理中，关键因素是（）。,单选题,结构组成,中等,2,是,发射平台的外观,发射角度和推力,发射平台的音乐播放功能,发射平台的颜色,,,发射角度和推力,,超级管理员,2025-09-18 15:36:09,2025-09-18 15:36:10
00100,请简述无人机空中发射系统的配型原则，并说明这些原则在实际应用中的重要性。,单选题,结构组成,中等,2,是,选项A,选项B,,,,,选项A,,超级管理员,2025-09-18 15:36:09,2025-09-18 15:36:10
00101,空中发射系统的配型原则包括（）。,多选题,结构组成,中等,3,是,发射系统的载荷能力需满足无人机重量要求,发射方式需与无人机的设计和任务需求相匹配,发射系统的可靠性需符合安全标准,发射系统的成本需在预算范围内,发射系统的尺寸需适应无人机的尺寸和形状,,发射系统的载荷能力需满足无人机重量要求;发射方式需与无人机的设计和任务需求相匹配;发射系统的可靠性需符合安全标准;发射系统的成本需在预算范围内;发射系统的尺寸需适应无人机的尺寸和形状,,超级管理员,2025-09-18 15:36:09,2025-09-18 15:36:10
00102,在空中发射系统设计时，选择合适的配型方案是确保系统性能和安全性的关键。若需要为一个无人机系统选择一个配型方案，对系统性能和稳定性起到决定性作用的因素有（）。(B-A-B-003),单选题,结构组成,中等,2,是,发射平台的机动性和灵活性,发射角度与飞行路线的匹配,系统的地面支援人员数量,发射系统与载荷之间的质量比,,,发射角度与飞行路线的匹配,,超级管理员,2025-09-18 15:36:09,2025-09-18 15:36:10
00103,请简述空中发射系统配型方法的主要内容，并说明这些方法在实际应用中的重要性。,单选题,结构组成,中等,2,是,选项A,选项B,,,,,选项A,得分要点：,超级管理员,2025-09-18 15:36:09,2025-09-18 15:36:10
00104,在天钩回收系统的构成中，确保回收过程的精准和效率所必需的组成部分有（）。,多选题,结构组成,中等,3,是,高精度激光测距仪,环境传感器模块,自动飞行控制算法,实时视频监控系统,电动伺服驱动回收钩,,高精度激光测距仪;自动飞行控制算法;实时视频监控系统;电动伺服驱动回收钩,,超级管理员,2025-09-18 15:36:09,2025-09-18 15:36:10
00105,在进行无人机检修作业时，工作环境的安全防护至关重要。为了减少因噪音引起的听力损伤，适合维修人员的个人防护装备是（）。,单选题,结构组成,中等,2,是,防护耳罩,透气工作服,透气工作服,高亮反光衣,,,防护耳罩,,超级管理员,2025-09-18 15:36:09,2025-09-18 15:36:10
00106,论述太阳能动力系统在无人机中的应用原理，并探讨其在长时间飞行及能效管理方面的优缺点。,单选题,结构组成,中等,2,是,选项A,选项B,,,,,选项A,,超级管理员,2025-09-18 15:36:09,2025-09-18 15:36:10
00107,在选择用于无人机检修作业的输送带时，考虑到设备在工作过程中可能遇到的高负荷、恶劣环境和长时间运行的条件，是决定输送带选择的关键技术参数有（）。,多选题,结构组成,中等,3,是,抗拉强度应足以承受无人机组件的重量和外力冲击,表面摩擦系数越高越有利，能够提高无人机零部件运输的稳定性,耐温性能应高于常规操作温度，考虑到高温作业环境,宽度应匹配无人机各部件的尺寸，确保运输过程中的紧凑性,耐腐蚀性应考虑可能遇到的化学物质对材料的影响，如清洁剂、润滑油等,,抗拉强度应足以承受无人机组件的重量和外力冲击;耐温性能应高于常规操作温度，考虑到高温作业环境;宽度应匹配无人机各部件的尺寸，确保运输过程中的紧凑性;耐腐蚀性应考虑可能遇到的化学物质对材料的影响，如清洁剂、润滑油等,,超级管理员,2025-09-18 15:36:09,2025-09-18 15:36:10
00108,天钩回收系统中，最常用于确保回收过程平稳和安全的技术是（ ）。,单选题,结构组成,中等,2,是,激光定位系统,无线通信导航系统,风速传感器与自动化控制系统,紧急刹车系统,,,风速传感器与自动化控制系统,,超级管理员,2025-09-18 15:36:09,2025-09-18 15:36:10
00109,天钩回收系统中，主要用于确保无人机平稳降落的技术是（）。,单选题,结构组成,中等,2,是,激光定位系统,缓冲网和阻尼装置,电磁铁吸附系统,液压升降装置,,,电磁铁吸附系统,,超级管理员,2025-09-18 15:36:09,2025-09-18 15:36:10
00110,简述天钩回收系统的工作原理，并阐述其在无人机回收中的应用关键技术要点。,单选题,结构组成,中等,2,是,选项A,选项B,,,,,选项A,,超级管理员,2025-09-18 15:36:09,2025-09-18 15:36:11
00111,以下关于天钩回收系统工作原理的选项中，正确的有（）。,多选题,结构组成,中等,3,是,通过机械臂捕获无人机并固定,利用电磁铁吸附无人机实现回收,使用回收网拦截无人机并缓冲降落,通过液压装置将无人机拉回载机,利用气动装置将无人机推入回收舱,,使用回收网拦截无人机并缓冲降落;通过液压装置将无人机拉回载机,,超级管理员,2025-09-18 15:36:09,2025-09-18 15:36:11
00112,关于天钩回收系统配型原则，正确的选项有（）。,多选题,结构组成,中等,3,是,根据任务需求选择适合的回收系统类型和规格,回收系统与无人机、载机的兼容性无需特别考虑,回收系统需具备高安全性和可靠性,回收系统的性能参数无需与无人机匹配,回收系统的设计应优先考虑成本，而非性能,,根据任务需求选择适合的回收系统类型和规格;回收系统需具备高安全性和可靠性,,超级管理员,2025-09-18 15:36:09,2025-09-18 15:36:11
00113,天钩回收系统配型时，不需要考虑的因素是（）。,单选题,结构组成,中等,2,是,回收目标的重量,天气状况,回收系统的成本,回收场地的颜色,,,回收场地的颜色,,超级管理员,2025-09-18 15:36:09,2025-09-18 15:36:11
00114,请简述天钩回收系统配型原则的主要内容，并说明这些原则在实际应用中的重要性。,单选题,结构组成,中等,2,是,选项A,选项B,,,,,选项A,答出任务需求匹配并简要解释，得2分；,超级管理员,2025-09-18 15:36:09,2025-09-18 15:36:11
00115,请简述天钩回收系统配型方法的主要内容，并说明这些方法在实际应用中的重要性。,单选题,结构组成,中等,2,是,选项A,选项B,,,,,选项A,答出任务需求分析并简要解释，得2分；答出系统兼容性设计并简要解释，得2分；答出性能匹配与优化并简要解释，得1分。,超级管理员,2025-09-18 15:36:09,2025-09-18 15:36:11
00116,天钩回收系统配型方法涉及有（）。,多选题,结构组成,中等,3,是,根据回收无人机的尺寸和重量选择合适的天钩型号,依据不同的气象条件配置相应的防护装置,按照操作人员的经验随意搭配各部件,考虑回收场地的地形地貌特征来确定系统的安装方式,结合无人机的飞行速度和高度范围选择匹配的捕获机构,,根据回收无人机的尺寸和重量选择合适的天钩型号;依据不同的气象条件配置相应的防护装置;考虑回收场地的地形地貌特征来确定系统的安装方式;结合无人机的飞行速度和高度范围选择匹配的捕获机构,,超级管理员,2025-09-18 15:36:09,2025-09-18 15:36:11
00117,天钩回收系统配型时，首要考虑的因素是（）。,单选题,结构组成,中等,2,是,无人机的尺寸和重量,回收系统的颜色搭配,操作人员的操作习惯,回收场地的地理位置,,,无人机的尺寸和重量,,超级管理员,2025-09-18 15:36:09,2025-09-18 15:36:11
00118,简要描述空中回收系统通常由哪些主要部分组成。,单选题,结构组成,中等,2,是,选项A,选项B,,,,,选项A,答对一点给一分，答对四点给五分,超级管理员,2025-09-18 15:36:09,2025-09-18 15:36:11
00119,空中回收系统一般由以下（）部分组成。,多选题,结构组成,中等,3,是,回收平台,引导装置,机械手臂,气象监测设备,通信天线,,回收平台;引导装置;机械手臂;气象监测设备;通信天线,,超级管理员,2025-09-18 15:36:09,2025-09-18 15:36:11
00120,混合动力系统工作原理中，描述正确的是（）。,单选题,结构组成,中等,2,是,仅使用燃油发动机,仅使用电动发动机,燃油发动机和电动发动机交替工作,燃油发动机和电动发动机协同工作,,,燃油发动机和电动发动机协同工作,,超级管理员,2025-09-18 15:36:09,2025-09-18 15:36:11
00121,简述空中回收系统的工作原理，包括其关键环节及各环节的作用。,单选题,结构组成,中等,2,是,选项A,选项B,,,,,选项A,答出定位引导环节及作用得 2 分。答出接触捕获环节及作用得 2 分。答出稳定固定环节及作用得 1 分。,超级管理员,2025-09-18 15:36:09,2025-09-18 15:36:11
00122,空中回收系统的工作原理包括的步骤有（）。,多选题,结构组成,中等,3,是,飞机自动导航至回收区域,使用降落伞降低飞行速度,利用地面设备进行捕捉,通过无线电控制飞机降落,飞机自主寻找跑道降落,,飞机自动导航至回收区域;使用降落伞降低飞行速度;利用地面设备进行捕捉,,超级管理员,2025-09-18 15:36:09,2025-09-18 15:36:11
00123,空中回收系统的工作原理中，关键环节是（）。,单选题,结构组成,中等,2,是,飞行姿态调整,捕获装置的精准触发,燃料消耗控制,飞行高度调整,,,捕获装置的精准触发,,超级管理员,2025-09-18 15:36:09,2025-09-18 15:36:11
00124,空中回收系统的配型原则包括（）。,多选题,结构组成,中等,3,是,回收系统的容量与无人机尺寸匹配,回收系统的安全性符合行业标准,回收系统的可靠性满足任务需求,回收系统的成本效益分析,回收系统的操作简便性,,回收系统的容量与无人机尺寸匹配;回收系统的安全性符合行业标准;回收系统的可靠性满足任务需求;回收系统的成本效益分析;回收系统的操作简便性,,超级管理员,2025-09-18 15:36:09,2025-09-18 15:36:11
00125,请简述空中回收系统配型原则的主要内容，并说明这些原则在实际应用中的重要性。,单选题,结构组成,中等,2,是,选项A,选项B,,,,,选项A,答出任务需求匹配并简要解释，得2分；答出系统兼容性并简要解释，得2分；答出安全性与可靠性并简要解释，得1分。,超级管理员,2025-09-18 15:36:09,2025-09-18 15:36:11
00126,请简述空中回收系统配型方法的主要内容，并说明这些方法在实际应用中的重要性。,单选题,结构组成,中等,2,是,选项A,选项B,,,,,选项A,答出任务需求分析并简要解释，得2分；答出系统兼容性设计并简要解释，得2分；答出性能匹配与优化并简要解释，得1分。,超级管理员,2025-09-18 15:36:09,2025-09-18 15:36:11
00127,关于太阳能等新能源动力系统特点，正确的选项有（）。,多选题,飞行原理,中等,3,是,太阳能动力系统依赖光照强度，输出功率不稳定,新能源动力系统通常具有较高的能量转换效率,太阳能电池板在高温环境下性能会显著下降,新能源动力系统无需维护，使用寿命长,太阳能动力系统可以为无人机提供持续稳定的动力输出,,太阳能动力系统依赖光照强度，输出功率不稳定;新能源动力系统通常具有较高的能量转换效率;太阳能电池板在高温环境下性能会显著下降,,超级管理员,2025-09-18 15:36:09,2025-09-18 15:36:11
00128,燃气涡轮发动机的工作原理基于（）。,单选题,飞行原理,中等,2,是,奥托循环,狄塞尔循环,布雷顿循环,卡诺循环,,,布雷顿循环,,超级管理员,2025-09-18 15:36:09,2025-09-18 15:36:11
00129,燃气涡轮发动机调试方法中，首要步骤是（）。,单选题,飞行原理,中等,2,是,检查发动机外观,检查燃油系统,启动发动机,调整发动机参数,,,检查燃油系统,,超级管理员,2025-09-18 15:36:09,2025-09-18 15:36:11
00130,请详细论述燃气涡轮发动机调试过程中的注意事项，并结合实际说明这些注意事项对发动机性能和安全运行的影响。,单选题,飞行原理,中等,2,是,选项A,选项B,,,,,选项A,得分要点：,超级管理员,2025-09-18 15:36:09,2025-09-18 15:36:11
00131,关于燃气涡轮发动机调试过程中的油温控制，正确的描述是（）。,单选题,飞行原理,中等,2,是,调试过程中油温应尽量保持在最高工作温度下，以验证发动机承受极限,油温过高会导致油品粘度增加，影响燃油供给与流动性,调试油温较低有助于减少发动机磨损，特别是在初期运行阶段,油温必须保持在常温下，过高或过低都不会影响发动机的运行,,,油温过高会导致油品粘度增加，影响燃油供给与流动性,,超级管理员,2025-09-18 15:36:09,2025-09-18 15:36:11
00132,关于无人机动力系统的差异，体现了电动、油动、太阳能和混合动力系统在实际应用中的优势和局限性的技术有（）。,多选题,飞行原理,中等,3,是,电动系统因其较低的维护成本和噪音优势，适合短时间内高精度飞行任务，但其续航能力与负载能力仍受限于电池容量,油动系统具有较长的续航时间和更高的负载能力，适合长时间飞行任务，但存在高噪音、较高的维护成本以及对环境的污染,太阳能系统由于不依赖传统能源，适合环境友好的长期监测任务，但在低光环境下无法有效工作,混合动力系统通过结合电动与油动系统的优势，可以灵活应对多种飞行任务，但复杂的动力系统要求更高的维护水平，并存在控制难度,所有类型的动力系统均在高温环境下表现相似，且具有相同的抗过载能力，因此在极端环境下选择不影响系统性能,,电动系统因其较低的维护成本和噪音优势，适合短时间内高精度飞行任务，但其续航能力与负载能力仍受限于电池容量;油动系统具有较长的续航时间和更高的负载能力，适合长时间飞行任务，但存在高噪音、较高的维护成本以及对环境的污染;太阳能系统由于不依赖传统能源，适合环境友好的长期监测任务，但在低光环境下无法有效工作;混合动力系统通过结合电动与油动系统的优势，可以灵活应对多种飞行任务，但复杂的动力系统要求更高的维护水平，并存在控制难度,,超级管理员,2025-09-18 15:36:09,2025-09-18 15:36:11
00133,请详细论述燃气涡轮发动机调试工具的使用方法，并结合实际说明这些方法在调试过程中的重要性。,单选题,飞行原理,中等,2,是,选项A,选项B,,,,,选项A,得分要点：,超级管理员,2025-09-18 15:36:09,2025-09-18 15:36:11
00134,在高精度无人机传动系统中，齿轮不仅需要承担较高的负载，还要求传动系统具有较低的功率损耗和优异的抗疲劳性能。针对此类应用，齿轮的选型不仅要考虑材料的强度和齿形的设计，还需特别注意（）。,单选题,飞行原理,中等,2,是,齿轮啮合区的局部变形特性与润滑油的黏度对齿轮寿命的影响,齿轮的热处理工艺以及齿面硬度对抗疲劳性能的影响,齿轮间的误差修正技术，如微调齿面，确保传动效率最大化,齿轮的重量与转动惯量对系统振动特性的影响，尤其在高速运行时,,,齿轮的热处理工艺以及齿面硬度对抗疲劳性能的影响,,超级管理员,2025-09-18 15:36:09,2025-09-18 15:36:11
00135,在进行无人机电气安装时，对于保障电气系统的正常运行至关重要的操作有（）。,多选题,飞行原理,中等,3,是,在安装过程中，检查电气元件的防水性和耐腐蚀性不需要特别关注,电缆走向和电气组件的布置可以根据方便性随意调整,在高压电缆连接时，必须穿戴防护手套和眼镜,为了提高工作效率，可以省略部分电气部件的接地工作,使用标准化的接线工具，确保每个电气接头的牢固与可靠,,在高压电缆连接时，必须穿戴防护手套和眼镜;使用标准化的接线工具，确保每个电气接头的牢固与可靠,,超级管理员,2025-09-18 15:36:09,2025-09-18 15:36:11
00137,在太阳能动力系统工作原理中，以下表述是正确的（ ）。,单选题,飞行原理,中等,2,是,太阳能电池直接通过电池提供飞行器动力,太阳能电池的输出电压受外界光照强度影响,太阳能电池组只能在高温环境下工作,太阳能电池组通过风力发电转换为电能,,,太阳能电池的输出电压受外界光照强度影响,,超级管理员,2025-09-18 15:36:09,2025-09-18 15:36:11
00138,以下关于混合动力系统选型方法的选项中，正确的有（ ）,多选题,飞行原理,中等,3,是,根据任务需求选择适合的动力组合，如电动-油动混合,优先选择能量密度高的动力系统，以延长续航时间,无需考虑环境适应性，只需满足性能要求即可,选择具有高可靠性和低维护成本的动力系统,动力系统的选型无需考虑与无人机的兼容性,,根据任务需求选择适合的动力组合，如电动-油动混合;优先选择能量密度高的动力系统，以延长续航时间;选择具有高可靠性和低维护成本的动力系统,,超级管理员,2025-09-18 15:36:09,2025-09-18 15:36:11
00139,在太阳能动力系统调试过程中，最需要实时监控的参数是（）。,单选题,飞行原理,中等,2,是,太阳能电池板的温度,电池的充电电流和电压,无人机的飞行高度,控制器的通信信号强度,,,电池的充电电流和电压,,超级管理员,2025-09-18 15:36:09,2025-09-18 15:36:11
00141,太阳能动力系统调试时，错误的做法是（）。,单选题,飞行原理,中等,2,是,校准太阳能板的角度,不考虑光照强度的变化,监测电池的充放电状态,检查系统的连接线路,,,不考虑光照强度的变化,,超级管理员,2025-09-18 15:36:09,2025-09-18 15:36:11
00142,请详细论述太阳能动力系统调试过程中的注意事项，并结合实际说明这些注意事项对系统性能和安全运行的影响。,单选题,飞行原理,中等,2,是,选项A,选项B,,,,,选项A,答出调试前的准备工作并简要解释，得1分；,超级管理员,2025-09-18 15:36:09,2025-09-18 15:36:11
00143,请详细论述太阳能动力系统调试工具的使用方法，并结合实际说明这些方法在调试过程中的重要性。,单选题,飞行原理,中等,2,是,选项A,选项B,,,,,选项A,答出工具选择与准备并详细解释，得4分；答出工具安装与校准并详细解释，得4分；答出调试过程中的工具操作并详细解释，得4分；答出调试后的工具维护与记录并详细解释，得3分。,超级管理员,2025-09-18 15:36:09,2025-09-18 15:36:11
00144,太阳能动力系统调试时，测量太阳能电池板输出电压需用到（）。,单选题,飞行原理,中等,2,是,功率计,示波器,频谱分析仪,万用表,,,万用表,,超级管理员,2025-09-18 15:36:09,2025-09-18 15:36:11
00145,请详细论述无人机混合动力系统的工作原理，并分析该系统相较于单一动力系统的优势。,单选题,飞行原理,中等,2,是,选项A,选项B,,,,,选项A,系统组成（3分）：准确写出5个主要组成部分得3分，每少1个扣1分。工作原理（6分）：起降、巡航、降落三个阶段动力及能量转换描述各得2分，缺关键信息酌情扣分。优势分析（6分）：续航、可靠性、环境适应性三点分析合理且有简单实例各得2分。,超级管理员,2025-09-18 15:36:09,2025-09-18 15:36:11
00146,空中回收系统联调方法中，关键步骤是（）。,单选题,飞行原理,中等,2,是,调整飞行高度,调整回收绳索长度,检查传感器数据,模拟回收过程并调整参数,,,模拟回收过程并调整参数,,超级管理员,2025-09-18 15:36:09,2025-09-18 15:36:11
00147,在无人机领域，混合动力系统结合了多种动力源，以提升无人机的性能和续航能力。请详细论述混合动力系统的调试方法，包括调试前的准备工作、调试过程中的关键步骤以及调试后的检查要点。,单选题,飞行原理,中等,2,是,选项A,选项B,,,,,选项A,调试前准备：答出确认组件完好、检查线路、熟悉文档3点，得3分，每少一点扣1分。调试关键步骤：答出单独调试动力源、动力切换测试、调整动力分配策略3点，每点3分，共9分。调试后检查：答出复查部件及参数、模拟飞行测试、检查稳定性3点，得3分，每少一点扣1分.,超级管理员,2025-09-18 15:36:09,2025-09-18 15:36:11
00148,混合动力系统调试方法中，首要步骤是（）。,单选题,飞行原理,中等,2,是,检查电源连接,调整发动机功率,测试传感器数据,进行飞行测试,,,检查电源连接,,超级管理员,2025-09-18 15:36:09,2025-09-18 15:36:11
00149,请详细论述混合动力系统调试过程中的注意事项，并结合实际说明这些注意事项对系统性能和安全运行的影响。,单选题,飞行原理,中等,2,是,选项A,选项B,,,,,选项A,答出调试前的准备工作并详细解释，得4分；答出参数监控与调整并详细解释，得4分；答出安全防护措施并详细解释，得4分；答出调试后的检查与记录并详细解释，得3分。,超级管理员,2025-09-18 15:36:09,2025-09-18 15:36:11
00150,请详细论述混合动力系统调试工具的使用方法，并结合实际说明这些方法在调试过程中的重要性。,单选题,飞行原理,中等,2,是,选项A,选项B,,,,,选项A,答出工具选择与准备并详细解释，得4分；答出工具安装与校准并详细解释，得4分；答出调试过程中的工具操作并详细解释，得4分；答出调试后的工具维护与记录并详细解释，得3分。,超级管理员,2025-09-18 15:36:09,2025-09-18 15:36:11
00151,关于空中发射系统联调方法，正确的选项有（）。,多选题,飞行原理,中等,3,是,在不同风速下测试发射系统的稳定性,通过模拟飞行验证发射系统与无人机的兼容性,无需测试发射系统的抗干扰能力,在极端环境下测试发射系统的可靠性,联调过程中无需记录数据，只需观察结果,,在不同风速下测试发射系统的稳定性;通过模拟飞行验证发射系统与无人机的兼容性;在极端环境下测试发射系统的可靠性,,超级管理员,2025-09-18 15:36:09,2025-09-18 15:36:11
00152,空中发射系统联调时，首先应做的是（）。,单选题,飞行原理,中等,2,是,直接进行发射测试,检查所有硬件设备是否连接正确,随意设置软件参数,不考虑发射场地的环境因素,,,检查所有硬件设备是否连接正确,,超级管理员,2025-09-18 15:36:09,2025-09-18 15:36:11
00153,空中发射系统联调时，只需关注发射装置与无人机的连接，无需考虑发射环境（）。,单选题,飞行原理,中等,2,是,正确,错误,,,,,错误,,超级管理员,2025-09-18 15:36:09,2025-09-18 15:36:11
00154,空中发射系统的联调方法包括,多选题,飞行原理,中等,3,是,检查发射平台的稳定性,调整发射角度和方向,测试发射信号的准确性,模拟发射流程进行测试,仅进行地面测试，无需模拟发射,,检查发射平台的稳定性;调整发射角度和方向;测试发射信号的准确性;模拟发射流程进行测试,,超级管理员,2025-09-18 15:36:09,2025-09-18 15:36:11
00155,在空中发射系统联调过程中，首要关注的是（）。,单选题,飞行原理,中等,2,是,系统的外观设计,系统的发射精度,系统的色彩搭配,系统的音乐播放功能,,,系统的发射精度,,超级管理员,2025-09-18 15:36:09,2025-09-18 15:36:11
00156,空中发射系统联调时，只需要确保无人机的飞行性能良好，无需考虑发射系统的稳定性。（）,单选题,飞行原理,中等,2,是,正确,错误,,,,,错误,,超级管理员,2025-09-18 15:36:09,2025-09-18 15:36:11
00157,在天钩回收系统联调过程中，对精确协调至关重要的因素有（）。,多选题,飞行原理,中等,3,是,各系统之间的通信协议一致性,系统硬件的电磁兼容性,无人机飞行稳定性与路径控制,回收臂的机械手臂柔性设计,信号传输与反馈延迟控制,,各系统之间的通信协议一致性;无人机飞行稳定性与路径控制;信号传输与反馈延迟控制,,超级管理员,2025-09-18 15:36:09,2025-09-18 15:36:11
00158,在高性能无人机的气垫着陆系统中，为了确保飞行器在复杂地形环境下的高效着陆，气垫设计不仅要考虑气流量的需求，还要根据气垫的工作模式和工作效率进行优化。最能影响系统的长期稳定性与性能的配型原则是（）。,单选题,飞行原理,中等,2,是,气垫系统的气流调节装置对负载能力的实时响应与调整能力,气垫系统中的电动泵工作效率与气体密度对压缩空气流量的影响,飞行器在不同高度、速度下的动能与气垫产生的浮力匹配性,着陆系统中的气垫膜材料弹性与耐久性对气压分布均匀性的影响,,,着陆系统中的气垫膜材料弹性与耐久性对气压分布均匀性的影响,,超级管理员,2025-09-18 15:36:09,2025-09-18 15:36:11
00159,在空中发射系统联调过程中，无需测试发射系统与载机的兼容性，只需确保发射装置正常工作即可。（ ）,单选题,飞行原理,中等,2,是,正确,错误,,,,,错误,,超级管理员,2025-09-18 15:36:09,2025-09-18 15:36:11
00160,在天钩回收系统联调过程中，无需测试回收系统与无人机的兼容性，只需确保回收装置正常工作即可（）。,单选题,飞行原理,中等,2,是,正确,错误,,,,,错误,,超级管理员,2025-09-18 15:36:09,2025-09-18 15:36:11
00161,天钩回收系统联调方法包括（）。,多选题,飞行原理,中等,3,是,对天钩的机械结构进行反复的开合测试以确保灵活性,调试控制系统的信号传输稳定性和准确性,仅需关注天钩部分，无需对与之配合的无人机进行调整,模拟不同的回收场景进行系统整体性能测试,校准传感器的数据采集精度，确保能准确捕捉无人机位置,,对天钩的机械结构进行反复的开合测试以确保灵活性;调试控制系统的信号传输稳定性和准确性;模拟不同的回收场景进行系统整体性能测试;校准传感器的数据采集精度，确保能准确捕捉无人机位置,,超级管理员,2025-09-18 15:36:09,2025-09-18 15:36:11
00162,天钩回收系统联调过程中，必不可少的步骤是（）。,单选题,飞行原理,中等,2,是,进行模拟回收测试，检查各环节配合,只检查天钩的机械结构，不测试其他,先不连接无人机，直接调试回收系统,调试完成后不进行任何记录,,,只检查天钩的机械结构，不测试其他,,超级管理员,2025-09-18 15:36:09,2025-09-18 15:36:11
00163,天钩回收系统联调时，只需确保无人机能够准确进入回收区域，无需对回收系统的机械装置进行调试（）。,单选题,飞行原理,中等,2,是,正确,错误,,,,,错误,,超级管理员,2025-09-18 15:36:09,2025-09-18 15:36:11
00164,天钩回收系统的联调方法包括（）。,多选题,飞行原理,中等,3,是,检查天钩系统的机械结构,调整天钩的捕捉精度,测试天钩的信号传输稳定性,模拟回收过程进行测试,仅进行静态测试，不进行动态模拟,,检查天钩系统的机械结构;调整天钩的捕捉精度;测试天钩的信号传输稳定性;模拟回收过程进行测试,,超级管理员,2025-09-18 15:36:09,2025-09-18 15:36:11
00166,天钩回收系统联调方法中，关键环节是（）。,单选题,飞行原理,中等,2,是,检查天钩的颜色,检查天钩的音乐播放功能,检查天钩的机械性能和连接稳定性,检查天钩的外观设计,,,检查天钩的机械性能和连接稳定性,,超级管理员,2025-09-18 15:36:09,2025-09-18 15:36:11
00167,（）在无人机的天钩回收系统联调过程中，系统的稳定性和信号传输的可靠性是必须优先测试的关键点，而系统的负载能力在初期调试阶段可以忽略不计。,单选题,飞行原理,中等,2,是,正确,错误,,,,,错误,,超级管理员,2025-09-18 15:36:09,2025-09-18 15:36:11
00168,在设计无人机检修作业过程中使用的阻拦网回收系统时，考虑到系统的高效性与无人机损害最小化，应被优先考虑以确保系统的稳定性和安全性的技术特点有（）。,多选题,飞行原理,中等,3,是,系统的网格材料应选择高强度合金，能承受快速飞行中无人机的冲击力,系统设计需考虑可调节的网格孔径，以适应不同型号无人机的结构,需要配备精密的传感器，能够在无人机接触网格时自动触发回收机制,系统必须配有抗风设计，以确保在高风速环境下依旧能够稳定工作,系统的机械结构应尽量简化，以减少系统故障的概率并降低维护成本,,系统的网格材料应选择高强度合金，能承受快速飞行中无人机的冲击力;系统设计需考虑可调节的网格孔径，以适应不同型号无人机的结构;需要配备精密的传感器，能够在无人机接触网格时自动触发回收机制;系统必须配有抗风设计，以确保在高风速环境下依旧能够稳定工作,,超级管理员,2025-09-18 15:36:09,2025-09-18 15:36:11
00169,在天钩回收系统联调方法中，最关键的步骤是（ ）。,单选题,飞行原理,中等,2,是,天钩与回收网之间的距离调整,系统功能的全面检查和校准,天钩的电气系统测试,确保回收网的张力适中,,,系统功能的全面检查和校准,,超级管理员,2025-09-18 15:36:09,2025-09-18 15:36:11
00170,在空中回收系统联调过程中，最为关键的测试是,单选题,飞行原理,中等,2,是,回收网的张力测试,无人机与回收系统的通信测试,回收系统的抗风性能测试,回收装置的机械强度测试,,,无人机与回收系统的通信测试,,超级管理员,2025-09-18 15:36:09,2025-09-18 15:36:11
00171,空中回收系统联调时，确保各部件之间的机械连接稳固是首要任务，而电气连接的调试可以后续进行（）。,单选题,飞行原理,中等,2,是,正确,错误,,,,,错误,,超级管理员,2025-09-18 15:36:09,2025-09-18 15:36:11
00172,空中回收系统联调需要采用以下（）方法,多选题,飞行原理,中等,3,是,进行模拟回收测试，通过多次模拟真实场景，检验系统各部分配合情况,仅检查回收平台的机械结构稳定性，无需关注其他设备,对引导装置进行精度测试，确保能准确引导无人机回收,忽略通信系统的联调，认为其不会影响回收过程,测试不同气象条件下回收系统的性能，确保适应各种环境,,进行模拟回收测试，通过多次模拟真实场景，检验系统各部分配合情况;对引导装置进行精度测试，确保能准确引导无人机回收;测试不同气象条件下回收系统的性能，确保适应各种环境,,超级管理员,2025-09-18 15:36:09,2025-09-18 15:36:11
00173,垂直起降固定翼无人机防雨性能优化方法中，有效的措施是（）。,单选题,飞行原理,中等,2,是,增加电池容量,使用防水材料覆盖关键部件,提高飞行速度,增加机翼面积,,,使用防水材料覆盖关键部件,,超级管理员,2025-09-18 15:36:09,2025-09-18 15:36:11
00174,空中回收系统联调时，需要确保无人机与回收系统的通信、机械连接和控制逻辑均正常工作（）。,单选题,飞行原理,中等,2,是,正确,错误,,,,,正确,,超级管理员,2025-09-18 15:36:09,2025-09-18 15:36:11
00175,空中回收系统联调时，仅需关注无人机与回收设备之间的通信信号，无需考虑回收场地的环境因素。（）,单选题,飞行原理,中等,2,是,正确,错误,,,,,正确,,超级管理员,2025-09-18 15:36:09,2025-09-18 15:36:11
00176,空中回收系统的联调方法包括（）。,多选题,飞行原理,中等,3,是,检查回收系统的机械部件是否正常工作,调整回收系统的传感器和控制逻辑以确保准确性,进行模拟回收测试以验证系统的整体性能,确保回收系统的通信链路稳定可靠,对回收系统的安全性进行评估和优化,,检查回收系统的机械部件是否正常工作;调整回收系统的传感器和控制逻辑以确保准确性;进行模拟回收测试以验证系统的整体性能;确保回收系统的通信链路稳定可靠;对回收系统的安全性进行评估和优化,,超级管理员,2025-09-18 15:36:09,2025-09-18 15:36:11
00177,在空中回收系统联调过程中，为了减小时延对回收精度的影响，最有效的调节措施是（）。,单选题,飞行原理,中等,2,是,增强无人机与回收系统之间的通信频率,提升无人机控制系统的处理速度,增加回收系统的信号传输带宽,使用更高精度的导航系统来预测回收时机,,,提升无人机控制系统的处理速度,,超级管理员,2025-09-18 15:36:09,2025-09-18 15:36:11
00178,在无人机的空中回收系统联调过程中，飞行控制系统和回收装置的联动调试是独立进行的，无需考虑两者之间的实时反馈关系（）。,单选题,飞行原理,中等,2,是,正确,错误,,,,,错误,,超级管理员,2025-09-18 15:36:09,2025-09-18 15:36:11
00179,以下关于空中回收系统联调方法的选项中，正确的有（ ）,多选题,飞行原理,中等,3,是,在不同风速下测试回收系统的稳定性,通过模拟飞行验证回收系统的兼容性,无需测试回收系统的抗干扰能力,在极端环境下测试回收系统的可靠性,联调过程中无需记录数据，只需观察结果,,在不同风速下测试回收系统的稳定性;通过模拟飞行验证回收系统的兼容性;在极端环境下测试回收系统的可靠性,,超级管理员,2025-09-18 15:36:09,2025-09-18 15:36:11
00180,空中发射系统联调方法中，关键步骤是（）。,单选题,飞行原理,中等,2,是,检查发射轨道,调整发射角度,测试通信链路,模拟发射过程,,,模拟发射过程,,超级管理员,2025-09-18 15:36:09,2025-09-18 15:36:11
00181,在进行无人机抗电磁干扰性能优化时，对于不同类型的电磁干扰源，有效优化措施有（）。,多选题,飞行原理,中等,3,是,在飞行控制系统中增加电磁干扰感知模块，实时监测干扰环境,通过使用抗电磁干扰的电源模块来减少电源系统对其他设备的干扰,在通信链路中应用高频滤波技术，降低通信信号受到干扰的概率,优化飞控算法，利用信号调制技术增强信号的抗干扰性,优化飞控算法，利用信号调制技术增强信号的抗干扰性,,在飞行控制系统中增加电磁干扰感知模块，实时监测干扰环境;通过使用抗电磁干扰的电源模块来减少电源系统对其他设备的干扰;在通信链路中应用高频滤波技术，降低通信信号受到干扰的概率,,超级管理员,2025-09-18 15:36:09,2025-09-18 15:36:11
00182,为了提高多旋翼无人机的抗风性能，能够有效减少风力对飞行稳定性的影响的方法有（）。,多选题,飞行原理,中等,3,是,通过增加电池容量来提高飞行器重量，增加惯性，使其对风力的抗扰性更强。,采用更高性能的电动机和增大螺旋桨尺寸，以增加推力来对抗风力。,设计可变角度螺旋桨系统，通过调整螺旋桨的角度以适应不同的风力变化。,降低飞行器的最大飞行速度，避免在高风速情况下过度操控。,提高飞行器的飞行高度，因为较高的飞行高度通常可以避开更强的地面风速。,,采用更高性能的电动机和增大螺旋桨尺寸，以增加推力来对抗风力。;设计可变角度螺旋桨系统，通过调整螺旋桨的角度以适应不同的风力变化。;提高飞行器的飞行高度，因为较高的飞行高度通常可以避开更强的地面风速。,,超级管理员,2025-09-18 15:36:09,2025-09-18 15:36:11
00183,为了提高固定翼无人机在恶劣气候条件下的抗风性能，最为关键的优化方法有（）。,多选题,飞行原理,中等,3,是,增加机翼展长，并通过设计较大弹性翼型来增加空气动力学效应，提高抗风稳定性。,降低机翼的弯曲度，通过增加机身重量来保持飞行稳定性。,在机身内加入液压舵系统，以便更精确地控制飞行器在强风中的姿态和稳定性。,配备自动飞行控制系统（Autopilot），自动调整飞行器的飞行参数，实时应对风速变化。,在飞行控制系统中增加气流传感器，实时监测风速变化并调整飞行器的飞行路径。,,增加机翼展长，并通过设计较大弹性翼型来增加空气动力学效应，提高抗风稳定性。;在机身内加入液压舵系统，以便更精确地控制飞行器在强风中的姿态和稳定性。;配备自动飞行控制系统（Autopilot），自动调整飞行器的飞行参数，实时应对风速变化。;在飞行控制系统中增加气流传感器，实时监测风速变化并调整飞行器的飞行路径。,,超级管理员,2025-09-18 15:36:09,2025-09-18 15:36:11
00184,多旋翼无人机抗电磁干扰性能的优化方法包括（）。,多选题,飞行原理,中等,3,是,使用屏蔽材料对关键电子部件进行封装,优化电路设计，减少电磁泄漏,增加无人机的飞行高度以避开干扰源,采用抗干扰能力强的通信模块,定期对无人机进行电磁兼容性测试,,使用屏蔽材料对关键电子部件进行封装;优化电路设计，减少电磁泄漏;采用抗干扰能力强的通信模块;定期对无人机进行电磁兼容性测试,,超级管理员,2025-09-18 15:36:09,2025-09-18 15:36:11
00185,以下关于无人机培训组织的要求及行业标准的选项中，正确的有（ ）,多选题,飞行原理,中等,3,是,培训组织需具备相关部门的认证资质,培训课程应涵盖理论知识和实操技能,培训设备无需符合行业标准，只需满足基本需求,培训组织需配备专业的讲师团队,培训场地无需满足安全要求，只需空间足够,,培训组织需具备相关部门的认证资质;培训课程应涵盖理论知识和实操技能;培训组织需配备专业的讲师团队,,超级管理员,2025-09-18 15:36:09,2025-09-18 15:36:11
00186,关于无人机培训组织技巧及培训计划，正确的选项有（）。,多选题,飞行原理,中等,3,是,根据学员背景和行业需求设计培训内容,培训计划无需考虑实操训练，只需注重理论教学,整合师资力量、教学设备和训练场地等资源,通过学员反馈和考核结果优化培训方案,培训计划无需定期更新，只需满足当前需求,,根据学员背景和行业需求设计培训内容;整合师资力量、教学设备和训练场地等资源;通过学员反馈和考核结果优化培训方案,,超级管理员,2025-09-18 15:36:09,2025-09-18 15:36:11
00187,固定翼无人机抗电磁干扰性能的优化方法包括（）。,多选题,飞行原理,中等,3,是,在机翼和机身表面使用电磁屏蔽涂层,优化天线布局，减少信号干扰,采用冗余设计，提高系统的可靠性,使用抗干扰能力强的导航系统,定期对无人机进行电磁兼容性测试,,在机翼和机身表面使用电磁屏蔽涂层;优化天线布局，减少信号干扰;采用冗余设计，提高系统的可靠性;使用抗干扰能力强的导航系统;定期对无人机进行电磁兼容性测试,,超级管理员,2025-09-18 15:36:09,2025-09-18 15:36:11
00189,垂直起降固定翼无人机抗电磁干扰性能的优化方法包括（）。,多选题,飞行原理,中等,3,是,在起降阶段使用抗干扰能力强的传感器,优化飞行控制系统，减少电磁干扰对飞行姿态的影响,使用电磁屏蔽材料对关键部件进行保护,采用低频通信模块以减少干扰,定期对无人机进行电磁兼容性测试,,在起降阶段使用抗干扰能力强的传感器;优化飞行控制系统，减少电磁干扰对飞行姿态的影响;使用电磁屏蔽材料对关键部件进行保护;采用低频通信模块以减少干扰;定期对无人机进行电磁兼容性测试,,超级管理员,2025-09-18 15:36:09,2025-09-18 15:36:11
00191,优化无人直升机的抗电磁干扰性能时，针对电磁干扰源的防护设计，通常采用的策略有（）。,多选题,飞行原理,中等,3,是,增强直升机外壳的导电性，以防止外部电磁波的干扰,使用高效的电磁屏蔽材料来减少电磁波的传播,采用专门设计的低电磁辐射组件，减小直升机自身的辐射干扰,在关键电路中使用滤波器，消除信号传导干扰,对直升机的电子系统进行频谱扩展，以提高其抗干扰能力,,增强直升机外壳的导电性，以防止外部电磁波的干扰;使用高效的电磁屏蔽材料来减少电磁波的传播;采用专门设计的低电磁辐射组件，减小直升机自身的辐射干扰;在关键电路中使用滤波器，消除信号传导干扰,,超级管理员,2025-09-18 15:36:09,2025-09-18 15:36:11
00192,无人直升机抗电磁干扰性能的优化方法包括（）。,多选题,飞行原理,中等,3,是,使用电磁屏蔽材料对旋翼控制系统进行封装,优化通信链路以提高抗干扰能力,采用冗余设计以提高系统的可靠性,使用抗干扰能力强的导航系统,定期对无人机进行电磁兼容性测试,,使用电磁屏蔽材料对旋翼控制系统进行封装;优化通信链路以提高抗干扰能力;采用冗余设计以提高系统的可靠性;使用抗干扰能力强的导航系统;定期对无人机进行电磁兼容性测试,,超级管理员,2025-09-18 15:36:09,2025-09-18 15:36:11
00193,在设计和配置植保无人机的播种系统时，确保系统性能的最大化与农业作业的高效性至关重要。考虑到植保播种系统的工作环境与作业任务，针对不同农作物及地形，进行配型时需重点考虑（）。,多选题,飞行原理,中等,3,是,播种设备的重量与无人机机身承载能力的匹配,播种器喷嘴类型与作物种类的相符性,无人机电池容量与播种速度的匹配,精确度要求与无人机GPS定位系统的匹配,播种作物的水分需求与无人机播种量的调节,,播种设备的重量与无人机机身承载能力的匹配;播种器喷嘴类型与作物种类的相符性;无人机电池容量与播种速度的匹配;精确度要求与无人机GPS定位系统的匹配,,超级管理员,2025-09-18 15:36:09,2025-09-18 15:36:11
00194,提高多旋翼无人机抗电磁干扰性能的有效方法是（）。,单选题,飞行原理,中等,2,是,增加无人机的重量,降低飞行高度,采用屏蔽材料包裹关键电子部件,减少电池容量,,,采用屏蔽材料包裹关键电子部件,,超级管理员,2025-09-18 15:36:09,2025-09-18 15:36:11
00195,在自动驾驶模式下调试无人机的飞行控制系统时，对保障飞行的稳定性与安全性至关重要的设置有（）。,多选题,飞行原理,中等,3,是,风速补偿参数与飞行环境中风速变化的关联,自动驾驶系统对障碍物探测灵敏度与飞行高度的关系,飞行稳定性算法中的偏航角设定与航线的协调性,起飞与降落时的陀螺仪灵敏度与设备负载的关系,飞行过程中电池电量与飞行路线调整的实时反馈机制,,风速补偿参数与飞行环境中风速变化的关联;自动驾驶系统对障碍物探测灵敏度与飞行高度的关系;飞行稳定性算法中的偏航角设定与航线的协调性;起飞与降落时的陀螺仪灵敏度与设备负载的关系;飞行过程中电池电量与飞行路线调整的实时反馈机制,,超级管理员,2025-09-18 15:36:09,2025-09-18 15:36:11
00196,以下关于优化其他机型无人机抗电磁干扰性能的选项中，正确的有（ ）,多选题,飞行原理,中等,3,是,使用屏蔽电缆并确保良好接地,增加无人机的飞行高度以避开干扰源,在电子设备周围加装电磁屏蔽罩,优化飞控算法以增强抗干扰能力,无需考虑电磁干扰，只需提高飞行速度。,,使用屏蔽电缆并确保良好接地;在电子设备周围加装电磁屏蔽罩;优化飞控算法以增强抗干扰能力,,超级管理员,2025-09-18 15:36:09,2025-09-18 15:36:11
00197,关于多旋翼无人机抗风性能优化方法，正确的选项有（）。,多选题,飞行原理,中等,3,是,增加螺旋桨的尺寸和数量,优化飞控算法以增强稳定性,提高电机的功率和响应速度,减少无人机的整体重量,增加电池容量以延长续航时间,,增加螺旋桨的尺寸和数量;优化飞控算法以增强稳定性;提高电机的功率和响应速度,,超级管理员,2025-09-18 15:36:09,2025-09-18 15:36:11
00198,固定翼无人机抗风性能优化的关键在于（）。,单选题,飞行原理,中等,2,是,增加机翼面积,提高飞行速度,优化机翼形状和布局,减少机身长度,,,优化机翼形状和布局,,超级管理员,2025-09-18 15:36:09,2025-09-18 15:36:11
00199,多旋翼无人机抗风性能优化的关键在于（）。,单选题,飞行原理,中等,2,是,增加无人机的重量,优化飞行控制算法,减少电池容量,增加无人机的尺寸,,,优化飞行控制算法,,超级管理员,2025-09-18 15:36:09,2025-09-18 15:36:11
00200,在伞降回收系统的联调过程中，针对伞降过程中的气流影响和伞具展开速度调节，需要采取来保证回收成功的措施有（）。,多选题,飞行原理,中等,3,是,调节伞具开伞延迟时间，以适应不同高度的气流变化,利用气动模型模拟伞具展开过程，校验伞具展开状态,通过监控回收系统的电气接触点，确保每个电路的正常连接,在回收过程中使用强风来加速伞具的降落速度,调整伞具的伞绳长度，使其适应不同重量的无人机,,调节伞具开伞延迟时间，以适应不同高度的气流变化;利用气动模型模拟伞具展开过程，校验伞具展开状态;调整伞具的伞绳长度，使其适应不同重量的无人机,,超级管理员,2025-09-18 15:36:09,2025-09-18 15:36:11
00201,以下关于优化多旋翼无人机抗风性能的选项中，正确的有（ ）,多选题,飞行原理,中等,3,是,增加螺旋桨的尺寸和数量,优化飞控算法以增强稳定性,提高电机的功率和响应速度,减少无人机的整体重量,增加电池容量以延长续航时间,,增加螺旋桨的尺寸和数量;优化飞控算法以增强稳定性;提高电机的功率和响应速度,,超级管理员,2025-09-18 15:36:09,2025-09-18 15:36:11
00202,关于固定翼无人机抗风性能优化方法，正确的选项有（）。,多选题,飞行原理,中等,3,是,增加机翼的面积和厚度,优化飞控算法以增强稳定性,提高发动机的功率和响应速度,减少无人机的整体重量,增加电池容量以延长续航时间,,增加机翼的面积和厚度;优化飞控算法以增强稳定性;提高发动机的功率和响应速度,,超级管理员,2025-09-18 15:36:09,2025-09-18 15:36:11
00203,固定翼无人机抗风性能的关键优化方法有（）。,多选题,飞行原理,中等,3,是,设计更加符合空气动力学的机翼外形，减小风阻,增加无人机的自重，提高稳定性,安装可调节的襟翼和副翼，增强飞行姿态控制能力,采用高性能的飞行控制算法，实时应对风向风速变化,给无人机表面涂抹特殊的防风涂层,,设计更加符合空气动力学的机翼外形，减小风阻;安装可调节的襟翼和副翼，增强飞行姿态控制能力;采用高性能的飞行控制算法，实时应对风向风速变化,,超级管理员,2025-09-18 15:36:09,2025-09-18 15:36:11
00204,垂直起降固定翼无人机抗风性能优化时，需要特别关注（）。,单选题,飞行原理,中等,2,是,起降阶段的风向和风速,飞行过程中的温度变化,无人机的颜色,无人机的音乐播放系统,,,起降阶段的风向和风速,,超级管理员,2025-09-18 15:36:09,2025-09-18 15:36:11
00205,固定翼无人机抗风性能优化的有效方法是（）。,单选题,飞行原理,中等,2,是,增加机翼面积,优化机翼形状和布局,减少机身长度,增加电池容量,,,优化机翼形状和布局,,超级管理员,2025-09-18 15:36:09,2025-09-18 15:36:11
00206,在优化固定翼无人机在强风环境下的抗风性能中，对减轻风扰影响最直接有效的改进是（）。,单选题,飞行原理,中等,2,是,增加机翼的展弦比,优化机身气动外形，使其更具流线性,提升发动机推力,采用更大的尾翼面积,,,采用更大的尾翼面积,,超级管理员,2025-09-18 15:36:09,2025-09-18 15:36:11
00207,在垂直起降固定翼无人机的起飞与着陆过程中，会显著影响无人机的起降稳定性和精度的因素有（）。,多选题,飞行原理,中等,3,是,起飞时机翼的升力分布与推进系统的推力分配,飞行控制系统对风速和风向的动态响应能力,起降平台的固定精度以及平台的水平度,着陆阶段无人机的水平飞行速度与降落角度的匹配,无人机外部光照条件对传感器的影响,,起飞时机翼的升力分布与推进系统的推力分配;飞行控制系统对风速和风向的动态响应能力;起降平台的固定精度以及平台的水平度;着陆阶段无人机的水平飞行速度与降落角度的匹配,,超级管理员,2025-09-18 15:36:09,2025-09-18 15:36:11
00208,以下关于优化固定翼无人机抗风性能的选项中，正确的有（ ）,多选题,飞行原理,中等,3,是,增加机翼的面积和厚度,优化飞控算法以增强稳定性,提高发动机的功率和响应速度,减少无人机的整体重量,增加电池容量以延长续航时间,,增加机翼的面积和厚度;优化飞控算法以增强稳定性;提高发动机的功率和响应速度,,超级管理员,2025-09-18 15:36:09,2025-09-18 15:36:11
00209,关于垂直起降固定翼无人机抗风性能优化方法，正确的选项有（）。,多选题,飞行原理,中等,3,是,增加机翼的面积和厚度,优化飞控算法以增强稳定性,提高发动机的功率和响应速度,减少无人机的整体重量,增加电池容量以延长续航时间,,增加机翼的面积和厚度;优化飞控算法以增强稳定性;提高发动机的功率和响应速度,,超级管理员,2025-09-18 15:36:09,2025-09-18 15:36:11
00210,垂直起降固定翼无人机抗风性能的优化方法包括（）。,多选题,飞行原理,中等,3,是,优化垂直起降阶段的动力分配策略，增强抗风能力,加强起落架的结构强度，防止在大风中受损,直接使用固定翼无人机的抗风措施，无需特殊设计,利用传感器实时监测风向风速，提前调整飞行姿态,在机身底部安装防风裙，减少气流干扰,,优化垂直起降阶段的动力分配策略，增强抗风能力;加强起落架的结构强度，防止在大风中受损;利用传感器实时监测风向风速，提前调整飞行姿态;在机身底部安装防风裙，减少气流干扰,,超级管理员,2025-09-18 15:36:09,2025-09-18 15:36:11
00211,垂直起降固定翼无人机抗风性能的优化方法有（）。,多选题,飞行原理,中等,3,是,优化机翼设计，增加机翼的抗风载荷能力,降低无人机的自重，认为重量越轻越抗风,改进飞控系统算法，使其能更好地应对风的干扰,安装风传感器，实时感知风向和风速，为飞控提供数据,减少起落架的支撑强度，以减轻整体重量来抗风,,优化机翼设计，增加机翼的抗风载荷能力;改进飞控系统算法，使其能更好地应对风的干扰;安装风传感器，实时感知风向和风速，为飞控提供数据,,超级管理员,2025-09-18 15:36:09,2025-09-18 15:36:12
00212,多旋翼无人机防雨性能优化的有效措施是（）。,单选题,飞行原理,中等,2,是,增加无人机的飞行高度,采用防水材料和密封设计,减少电池容量,增加无人机的重量,,,采用防水材料和密封设计,,超级管理员,2025-09-18 15:36:09,2025-09-18 15:36:12
00214,在垂直起降固定翼无人机的设计中，为了有效提升其抗风性能在强风条件下执行任务，最有效的方案是（）。,单选题,飞行原理,中等,2,是,增加机翼的升力系数，提升升力,优化机身重量分布，降低重心,提高尾翼和垂直尾翼的面积比,增加电池容量，延长飞行时间,,,提高尾翼和垂直尾翼的面积比,,超级管理员,2025-09-18 15:36:09,2025-09-18 15:36:12
00215,在无人机的物流运载系统中，考虑到载重与稳定性的平衡，配置适当的运载系统组件至关重要。为了保证系统的高效运行，选择合适的驱动装置和承载材料，通常需要进行最为严格的优化的因素是（）。,单选题,飞行原理,中等,2,是,传动系统的摩擦系数与传动效率的匹配,载荷的动态分布与各组件的热稳定性,驱动装置的功率与重量比以及电池的容量适配性,运载系统对振动和冲击的容忍度与空气动力学性能,,,驱动装置的功率与重量比以及电池的容量适配性,,超级管理员,2025-09-18 15:36:09,2025-09-18 15:36:12
00216,无人直升机抗风性能的优化方法为（）。,多选题,飞行原理,中等,3,是,调整旋翼的桨距和转速，适应不同风力条件,增加直升机的机体高度，提高受风稳定性,安装风向仪和风速传感器，辅助飞行控制,改进直升机的尾桨设计，增强抗风偏航能力,采用高强度的旋翼材料，防止在大风中损坏,,调整旋翼的桨距和转速，适应不同风力条件;安装风向仪和风速传感器，辅助飞行控制;改进直升机的尾桨设计，增强抗风偏航能力;采用高强度的旋翼材料，防止在大风中损坏,,超级管理员,2025-09-18 15:36:09,2025-09-18 15:36:12
00217,无人直升机抗风性能的优化方法包含（）。,多选题,飞行原理,中等,3,是,增强旋翼的刚度，提高其在风中的稳定性,调整尾桨的角度和功率，抵消风造成的扭矩影响,随意改变机身外形，不考虑空气动力学原理,优化发动机性能，确保在大风环境下动力稳定,增加机身的高度，越高越能避开强风,,增强旋翼的刚度，提高其在风中的稳定性;调整尾桨的角度和功率，抵消风造成的扭矩影响;优化发动机性能，确保在大风环境下动力稳定,,超级管理员,2025-09-18 15:36:09,2025-09-18 15:36:12
00218,无人直升机抗风性能的优化方法包括（）。,多选题,飞行原理,中等,3,是,增强旋翼的刚性,提高飞行控制系统精度,增加机身重量,优化旋翼的气动设计,减少飞行高度,,增强旋翼的刚性;提高飞行控制系统精度;优化旋翼的气动设计,,超级管理员,2025-09-18 15:36:09,2025-09-18 15:36:12
00219,无人直升机抗风性能优化的关键在于（）。,单选题,飞行原理,中等,2,是,优化旋翼形状,采用防水材料,增加电池容量,提高飞行速度,,,优化旋翼形状,,超级管理员,2025-09-18 15:36:09,2025-09-18 15:36:12
00220,优化无人直升机的抗风性能时，能够显著提升其在横风环境下的飞行稳定性的改进是（）。,单选题,飞行原理,中等,2,是,增加主旋翼的直径，以增加升力和稳定性,提高尾旋翼的转速，增加旋翼产生的反扭矩,增加主旋翼桨叶的攻角，提升升力,优化旋翼的气动形状，减少气动阻力,,,增加主旋翼的直径，以增加升力和稳定性,,超级管理员,2025-09-18 15:36:09,2025-09-18 15:36:12
00221,在无人机检修过程中，皮带的张力是影响传动效率和系统稳定性的关键因素。在实际操作中，调试皮带时考虑到温度变化和负载波动，为了确保传动系统的长期稳定性要（）。,单选题,飞行原理,中等,2,是,在高负载情况下应适当增大皮带张力，以提高动力传递的稳定性,随着环境温度的升高，应适当增加皮带张力，避免因温度升高导致皮带松弛,皮带张力应根据负载波动实时调整，避免在高负载状态下产生过大的张力波动,皮带张力应设置在最低张力范围内，减少摩擦和功率损失，提升整体运行效率,,,皮带张力应根据负载波动实时调整，避免在高负载状态下产生过大的张力波动,,超级管理员,2025-09-18 15:36:09,2025-09-18 15:36:12
00222,无人直升机在抗风性能优化过程中，以下措施是最常见的（ ）。,单选题,飞行原理,中等,2,是,加强螺旋桨的气动设计,通过调节动力系统增加飞行速度,降低直升机的重量以提高抗风能力,增强飞行控制器的稳定性和响应速度,,,增强飞行控制器的稳定性和响应速度,,超级管理员,2025-09-18 15:36:09,2025-09-18 15:36:12
00223,在优化其他机型无人机的抗风性能时，最为有效的措施是（）。,单选题,飞行原理,中等,2,是,增加机身重量,优化飞控算法以增强稳定性,提高电池容量,增加螺旋桨数量,,,优化飞控算法以增强稳定性,,超级管理员,2025-09-18 15:36:09,2025-09-18 15:36:12
00224,其他机型无人机抗风性能的优化方法包括以下（）。,多选题,飞行原理,中等,3,是,根据机型独特的空气动力学特点，设计专门的防风结构,拆除部分非关键设备，减轻重量来提高抗风能力，但不考虑对飞行功能的影响,安装主动扰流装置，通过改变气流来减少风对无人机的作用力,对机身材料进行强化处理，提高整体结构强度以抵抗风力,调整飞行姿态控制算法，针对不同风力条件做出更精准的调整,,根据机型独特的空气动力学特点，设计专门的防风结构;安装主动扰流装置，通过改变气流来减少风对无人机的作用力;对机身材料进行强化处理，提高整体结构强度以抵抗风力;调整飞行姿态控制算法，针对不同风力条件做出更精准的调整,,超级管理员,2025-09-18 15:36:09,2025-09-18 15:36:12
00225,其他机型无人机抗风性能的优化方法包括（）。,多选题,飞行原理,中等,3,是,采用更高效的电机,增加机翼面积,优化机身外形设计,提高电池容量,使用更先进的导航系统,,增加机翼面积;优化机身外形设计;使用更先进的导航系统,,超级管理员,2025-09-18 15:36:09,2025-09-18 15:36:12
00227,为了提升无人机的抗风能力，以确保飞行稳定性要综合的因素有（）。,单选题,飞行原理,中等,2,是,增加机翼的厚度和面积，减少气动阻力,优化机翼前缘的形状，使气流更加稳定，减少涡流产生,改善机翼的材质，以提高强度和减轻重量,增加机翼的弯曲度，以提高升力产生能力,,,优化机翼前缘的形状，使气流更加稳定，减少涡流产生,,超级管理员,2025-09-18 15:36:09,2025-09-18 15:36:12
00228,无人机的飞行控制与导航系统通过多个传感器和算法实现飞行稳定性与精确性。假设飞行控制系统出现姿态漂移问题，最有可能的原因是（）。,单选题,飞行原理,中等,2,是,加速度计的零偏误差,GPS位置数据丢失,磁力计的校准误差,气压计的高度数据偏差,,,磁力计的校准误差,,超级管理员,2025-09-18 15:36:09,2025-09-18 15:36:12
00229,气垫着陆系统广泛应用于无人机的垂直起降操作中，尤其在复杂或不规则地形中。若无人机发生气垫着陆失败，最有可能导致气垫着陆系统的性能严重下降的因素是（）。,单选题,飞行原理,中等,2,是,风速过高导致气流扰动,气垫下方地面不平整,飞行器与地面接触角度过小,气垫材料的气体渗透性过高,,,气垫下方地面不平整,,超级管理员,2025-09-18 15:36:09,2025-09-18 15:36:12
00230,在其他机型无人机抗风性能的优化方法中，最有效的改进措施通常是（ ）。(,单选题,飞行原理,中等,2,是,增加机体尺寸和重量,优化机翼的气动外形,强化电池容量,调整飞行器的飞行速度,,,优化机翼的气动外形,,超级管理员,2025-09-18 15:36:09,2025-09-18 15:36:12
00231,在优化多旋翼无人机防雨性能时，最为关键的措施是（ ）。,单选题,飞行原理,中等,2,是,提高机身的密封性和防水性,增加螺旋桨的尺寸,提高飞行速度,增加电池容量,,,提高机身的密封性和防水性,,超级管理员,2025-09-18 15:36:09,2025-09-18 15:36:12
00232,多旋翼无人机防雨性能优化中，不合理的方法是（ ）。,单选题,飞行原理,中等,2,是,对无人机外壳进行防水处理,增加无人机的重量来抵御雨水冲击,改进电机的防水设计,优化无人机的飞行姿态控制算法,,,增加无人机的重量来抵御雨水冲击,,超级管理员,2025-09-18 15:36:09,2025-09-18 15:36:12
00233,多旋翼无人机防雨性能的优化方法包括（ ）。,多选题,飞行原理,中等,3,是,采用防水材料,增加防水涂层,优化电子设备的密封性,提高飞行速度,增加电池容量,,采用防水材料;增加防水涂层;优化电子设备的密封性,,超级管理员,2025-09-18 15:36:09,2025-09-18 15:36:12
00235,无人直升机防雨性能优化的关键在于（）。,单选题,飞行原理,中等,2,是,优化旋翼形状,采用防水材料和密封设计,增加电池容量,提高飞行速度,,,采用防水材料和密封设计,,超级管理员,2025-09-18 15:36:09,2025-09-18 15:36:12
00236,多旋翼无人机防雨性能优化时，以下措施最为有效（ ）。,单选题,飞行原理,中等,2,是,提高机身的密封性和防水性,安装专门的水泵排水系统,使用高强度合金材料制造机身,增加机翼的防护层,,,提高机身的密封性和防水性,,超级管理员,2025-09-18 15:36:09,2025-09-18 15:36:12
00237,在优化固定翼无人机防雨性能时，最为重要的措施是,单选题,飞行原理,中等,2,是,增加机翼面积,使用防水涂层保护机身,提高发动机功率,增加电池容量,,,使用防水涂层保护机身,,超级管理员,2025-09-18 15:36:09,2025-09-18 15:36:12
00238,关于混合动力系统的分类，以下描述正确的是（ ）。,单选题,飞行原理,中等,2,是,混合动力系统按照结构可以分为串联式、并联式和混联式三种。,混合动力系统按照混合度可以分为微混合动力系统、中度混合动力系统和全混合动力系统。,混合动力系统按照驱动形式可以分为单桥驱动式和双桥驱动式。,混合动力系统按照能源类型可以分为电动混合动力系统和燃油混合动力系统。,,,混合动力系统按照结构可以分为串联式、并联式和混联式三种。,,超级管理员,2025-09-18 15:36:09,2025-09-18 15:36:12
00239,固定翼无人机防雨性能优化，较为有效的方法是（ ）。,单选题,飞行原理,中等,2,是,在机翼和机身结合处安装导水槽,拆除机身表面的防水层以减轻重量,增加机身表面的粗糙度，让雨水快速滑落,改变机翼的形状来提高防雨效果,,,增加机身表面的粗糙度，让雨水快速滑落,,超级管理员,2025-09-18 15:36:09,2025-09-18 15:36:12
00240,固定翼无人机防雨性能的优化方法包括（ ）。,多选题,飞行原理,中等,3,是,采用防水涂层覆盖机身表面,优化机翼和机身的排水设计,提高电子设备的密封等级,使用防水材料制作关键部件,增加无人机的飞行速度以减少雨水接触,,采用防水涂层覆盖机身表面;优化机翼和机身的排水设计;提高电子设备的密封等级;使用防水材料制作关键部件,,超级管理员,2025-09-18 15:36:09,2025-09-18 15:36:12
00241,固定翼无人机防雨性能优化的有效方法是（）。,单选题,飞行原理,中等,2,是,增加无人机的重量,采用防水材料和密封设计,减少电池容量,降低飞行高度,,,采用防水材料和密封设计,,超级管理员,2025-09-18 15:36:09,2025-09-18 15:36:12
00242,固定翼无人机的防雨性能优化时，最关键的考虑因素是（ ）。,单选题,飞行原理,中等,2,是,机翼的抗腐蚀性,机体外壳的防水涂层,动力系统的防水设计,机身空隙的排水能力,,,机体外壳的防水涂层,,超级管理员,2025-09-18 15:36:09,2025-09-18 15:36:12
00243,在优化垂直起降固定翼无人机防雨性能时，最为有效的措施是（ ）。,单选题,飞行原理,中等,2,是,增加机翼厚度,优化电气系统的防水设计,提高飞行高度,增加电池容量,,,优化电气系统的防水设计,,超级管理员,2025-09-18 15:36:09,2025-09-18 15:36:12
00244,垂直起降固定翼无人机防雨性能优化时，不应（ ）。,单选题,飞行原理,中等,2,是,增强起落架的防滑性能,忽略机身的排水设计,提高飞控系统对雨水干扰的抗干扰能力,更换防水性能更好的材料制作机翼,,,忽略机身的排水设计,,超级管理员,2025-09-18 15:36:09,2025-09-18 15:36:12
00245,垂直起降固定翼无人机防雨性能优化，合理的做法是（ ）。,单选题,飞行原理,中等,2,是,为关键电子设备配备防水外壳,改变螺旋桨的材质来提高防雨性能,降低机体整体的密封性，便于排水,减少起落架的防水处理，节省成本,,,改变螺旋桨的材质来提高防雨性能,,超级管理员,2025-09-18 15:36:09,2025-09-18 15:36:12
00246,多旋翼无人机抗低温性能优化方法中，不合适的措施是（ ）。,单选题,飞行原理,中等,2,是,使用低温电池,增加电机功率,使用保温材料包裹关键部件,降低飞行高度,,,降低飞行高度,,超级管理员,2025-09-18 15:36:09,2025-09-18 15:36:12
00247,垂直起降固定翼无人机的防雨性能优化，通常依赖于防水设计及系统集成。对提升防雨能力影响最大的设计方案是（）。,单选题,飞行原理,中等,2,是,在飞行控制系统上增加防水涂层,采用气动外壳设计，避免雨水直接接触机体表面,选择更高效的电池系统，减少水分侵入的风险,采用高强度材料制作机身，提高结构的抗压性,,,采用气动外壳设计，避免雨水直接接触机体表面,,超级管理员,2025-09-18 15:36:09,2025-09-18 15:36:12
00248,无人直升机防雨性能优化可采取的措施是（ ）。,单选题,飞行原理,中等,2,是,拆除不必要的外部设备以减少雨水附着面积,降低直升机的飞行速度在雨中飞行,安装防雨罩在关键部位,不进行任何防护，依靠直升机自身结构防水,,,安装防雨罩在关键部位,,超级管理员,2025-09-18 15:36:09,2025-09-18 15:36:12
00249,无人直升机防雨性能优化时，以下做法正确的是（ ）。,单选题,飞行原理,中等,2,是,对发动机进气口安装防水罩,增加旋翼的旋转速度来甩掉雨水,降低机身的高度，减少雨水接触,拆除尾桨的防雨保护装置,,,增加旋翼的旋转速度来甩掉雨水,,超级管理员,2025-09-18 15:36:09,2025-09-18 15:36:12
00250,无人直升机抗低温性能优化方法中，关键措施是（ ）。,单选题,飞行原理,中等,2,是,增加旋翼直径,使用防冻液,提高发动机功率,优化机身结构,,,使用防冻液,,超级管理员,2025-09-18 15:36:09,2025-09-18 15:36:12
00251,无人直升机防雨性能优化方法中，有效的措施是（ ）。,单选题,飞行原理,中等,2,是,增加旋翼直径,使用防水涂层,提高发动机功率,增加机身重量,,,使用防水涂层,,超级管理员,2025-09-18 15:36:09,2025-09-18 15:36:12
00252,固定翼无人机抗低温性能优化的有效方法是（）。,单选题,飞行原理,中等,2,是,增加无人机的重量,采用保暖材料包裹关键部件,减少电池容量,降低飞行高度,,,采用保暖材料包裹关键部件,,超级管理员,2025-09-18 15:36:09,2025-09-18 15:36:12
00253,多旋翼无人机的异常振动故障维修过程中，常见的故障排查方法之一是检查电动机的运行状态。若电动机存在异常振动，为了进一步分析，通常需要采取的措施是（）。,单选题,飞行原理,中等,2,是,直接更换电动机，并不需要进行其他检查,检查电动机与机体的连接螺栓是否松动，并对电动机进行动平衡校准,增加电动机的负载以降低振动强度,强制调整电动机的转速，以避免振动加剧,,,检查电动机与机体的连接螺栓是否松动，并对电动机进行动平衡校准,,超级管理员,2025-09-18 15:36:09,2025-09-18 15:36:12
00254,其他机型无人机防雨性能优化，通常会采用（ ）。,单选题,飞行原理,中等,2,是,根据机型特点设计定制化的防雨结构,统一使用一种标准的防雨方案,不做任何防雨措施，依靠飞行速度躲避雨水,只对机身表面进行简单防水处理,,,不做任何防雨措施，依靠飞行速度躲避雨水,,超级管理员,2025-09-18 15:36:09,2025-09-18 15:36:12
00255,垂直起降固定翼无人机抗高温性能优化方法中，有效的措施是（ ）。,单选题,飞行原理,中等,2,是,增加散热装置,减少飞行时间,使用高密度电池,提高飞行速度,,,增加散热装置,,超级管理员,2025-09-18 15:36:09,2025-09-18 15:36:12
00257,其他机型无人机防雨性能优化的关键在于（）。,单选题,飞行原理,中等,2,是,优化飞行控制算法,采用防水材料和密封设计,增加电池容量,增加无人机的尺寸,,,采用防水材料和密封设计,,超级管理员,2025-09-18 15:36:09,2025-09-18 15:36:12
00258,在其他机型无人机防雨性能的优化中，最重要的设计调整是（ ）。,单选题,飞行原理,中等,2,是,优化电气系统的防水措施,采用抗水蒸气的电子元件,增强飞行器的抗风能力,提高电池的防水性,,,优化电气系统的防水措施,,超级管理员,2025-09-18 15:36:09,2025-09-18 15:36:12
00259,在优化多旋翼无人机抗低温性能时，最为关键的措施是（ ）。,单选题,飞行原理,中等,2,是,采用低温适应型电池,增加螺旋桨数量,提高飞行速度,增加机身重量,,,采用低温适应型电池,,超级管理员,2025-09-18 15:36:09,2025-09-18 15:36:12
00260,其他机型无人机装调检修作业规范制定方法中，首要步骤是（ ）。,单选题,飞行原理,中等,2,是,确定维修工具,制定维修流程,分析无人机结构,确定维修人员资质,,,分析无人机结构,,超级管理员,2025-09-18 15:36:09,2025-09-18 15:36:12
00261,固定翼无人机抗低温性能优化方法中，有效的措施是（ ）。,单选题,飞行原理,中等,2,是,增加机翼面积,使用低温润滑油,提高发动机功率,增加电池容量,,,使用低温润滑油,,超级管理员,2025-09-18 15:36:09,2025-09-18 15:36:12
00262,为了提高多旋翼无人机在低温环境下的抗低温性能，最为有效的方法是（）。,单选题,飞行原理,中等,2,是,通过改进电池内部材料的导热性，增加电池的热容量，以减缓低温环境对电池性能的影响。,通过改进电池内部材料的导热性，增加电池的热容量，以减缓低温环境对电池性能的影响。,采用更高能量密度的电池，减少电池的自放电速率，提高电池在低温下的持续放电能力。,在电池外部增加保温层，通过外部加热装置维持电池的工作温度范围。,,,在电池外部增加保温层，通过外部加热装置维持电池的工作温度范围。,,超级管理员,2025-09-18 15:36:09,2025-09-18 15:36:12
00263,固定翼无人机抗低温性能优化，错误的是（ ）。,单选题,飞行原理,中等,2,是,使用耐寒材料制作关键部件,给无人机安装加热装置,减少无人机的飞行次数以避免低温影响,对电池进行保温处理,,,减少无人机的飞行次数以避免低温影响,,超级管理员,2025-09-18 15:36:09,2025-09-18 15:36:12
00265,多旋翼无人机装配检修作业规范制定的首要原则是（）。,单选题,飞行原理,中等,2,是,美观,安全,速度,成本,,,安全,,超级管理员,2025-09-18 15:36:09,2025-09-18 15:36:12
00266,为了提高固定翼无人机的飞行效率，优化飞行高度至关重要。针对不同任务需求，飞行高度对燃油消耗和飞行稳定性具有显著影响。在飞行高度过低时，最可能出现的现象是（）。,单选题,飞行原理,中等,2,是,燃油消耗增加，飞行稳定性降低,燃油消耗减少，但飞行稳定性提升,飞行稳定性下降，但燃油消耗无明显变化,燃油消耗显著增加，飞行效率无变化,,,燃油消耗增加，飞行稳定性降低,,超级管理员,2025-09-18 15:36:09,2025-09-18 15:36:12
00267,垂直起降固定翼无人机抗低温性能优化，有效的措施是（ ）。,单选题,飞行原理,中等,2,是,采用耐寒的电池材料,降低无人机的飞行高度来保暖,拆除无人机的加热装置以减轻重量,增加机翼的厚度来提高抗低温能力,,,降低无人机的飞行高度来保暖,,超级管理员,2025-09-18 15:36:09,2025-09-18 15:36:12
00268,垂直起降固定翼无人机抗低温性能优化的有效方法是（）。,单选题,飞行原理,中等,2,是,增加无人机的重量,采用保暖材料包裹关键部件,减少电池容量,降低飞行高度,,,采用保暖材料包裹关键部件,,超级管理员,2025-09-18 15:36:09,2025-09-18 15:36:12
00269,垂直起降固定翼无人机抗低温性能优化时，下列最关键的是（ ）。,单选题,飞行原理,中等,2,是,采用低温适应型电池,提高发动机的起动温度范围,增强机身保温层,优化传感器的低温工作性能,,,采用低温适应型电池,,超级管理员,2025-09-18 15:36:09,2025-09-18 15:36:12
00270,在优化无人直升机抗低温性能时，最为有效的措施是（ ）。,单选题,飞行原理,中等,2,是,增加旋翼转速,采用低温适应型润滑油,提高发动机功率,增加电池容量,,,采用低温适应型润滑油,,超级管理员,2025-09-18 15:36:09,2025-09-18 15:36:12
00271,多旋翼无人机装配保养报告单编制方法中，必须包含的内容是（ ）。,单选题,飞行原理,中等,2,是,飞行记录,维修人员照片,维修日期和内容,用户反馈,,,维修日期和内容,,超级管理员,2025-09-18 15:36:09,2025-09-18 15:36:12
00272,在无人直升机的低温环境适应设计中，传感器和控制系统的稳定性至关重要。有助于提高无人直升机在低温环境下的系统稳定性的设计改进是（）。,单选题,飞行原理,中等,2,是,增加传感器的热隔离结构，防止低温影响传感器的输出精度。,改善控制系统的硬件抗低温性能，使其能够在低温下稳定运行。,采用更低功耗的传感器，减少系统整体功耗，从而减少低温对电源系统的负担。,引入自适应算法，根据实时温度变化自动调整传感器的灵敏度和数据处理方式。,,,改善控制系统的硬件抗低温性能，使其能够在低温下稳定运行。,,超级管理员,2025-09-18 15:36:09,2025-09-18 15:36:12
00273,其他机型无人机抗低温性能优化的错误做法是（ ）。,单选题,飞行原理,中等,2,是,增加无人机的隔热层,不采取任何措施，让无人机自然适应低温,优化无人机的动力系统在低温下的性能,对无人机的传感器进行低温校准,,,不采取任何措施，让无人机自然适应低温,,超级管理员,2025-09-18 15:36:09,2025-09-18 15:36:12
00274,多旋翼无人机高海拔飞行性能优化方法中，关键措施是（）。,单选题,飞行原理,中等,2,是,增加电池容量,提高电机功率,使用高海拔专用桨叶,减少飞行时间,,,使用高海拔专用桨叶,,超级管理员,2025-09-18 15:36:09,2025-09-18 15:36:12
00275,垂直起降固定翼无人机的抗高温性能优化主要通过增加散热系统和优化机体材料来实现。（）,单选题,飞行原理,中等,2,是,正确,错误,,,,,错误,,超级管理员,2025-09-18 15:36:09,2025-09-18 15:36:12
00276,垂直起降固定翼无人机的飞行高度优化过程中，考虑到飞行器的燃料消耗、飞行效率以及大气条件等因素，飞行高度的调整对航程和稳定性有显著影响。为了确保飞行效率和航程的最大化，飞行高度的优化应侧重于（）。,单选题,飞行原理,中等,2,是,固定翼无人机在较高飞行高度下的气动性能提升,垂直起降无人机起飞时的推力要求,飞行高度与气压和气温的变化对动力系统的影响,飞行过程中飞行员对飞行器操作的影响,,,飞行高度与气压和气温的变化对动力系统的影响,,超级管理员,2025-09-18 15:36:09,2025-09-18 15:36:12
00277,多旋翼无人机抗高温性能优化，可采取的方法是（）。,单选题,飞行原理,中等,2,是,优化电机的散热风道,增加电机的负载，让电机产生更多热量,降低飞行控制器的性能，减少热量产生,给无人机表面覆盖隔热但不透气的材料,,,降低飞行控制器的性能，减少热量产生,,超级管理员,2025-09-18 15:36:09,2025-09-18 15:36:12
00278,多旋翼无人机在高温环境下飞行时，优化散热系统和调整电池性能是提高抗高温性能的关键措施。（）,单选题,飞行原理,中等,2,是,正确,错误,,,,,正确,,超级管理员,2025-09-18 15:36:09,2025-09-18 15:36:12
00279,在多旋翼无人机抗高温性能优化中，以下措施最为有效的是（ ）。,单选题,飞行原理,中等,2,是,增加机身散热设计,采用高温耐受电池,提高螺旋桨的耐高温材料,采用温控系统保护电路,,,增加机身散热设计,,超级管理员,2025-09-18 15:36:09,2025-09-18 15:36:12
00280,在优化固定翼无人机抗高温性能时，最为重要的措施是（ ）。,单选题,飞行原理,中等,2,是,增加机翼面积,采用耐高温材料,提高飞行速度,增加电池容量,,,采用耐高温材料,,超级管理员,2025-09-18 15:36:09,2025-09-18 15:36:12
00281,无人机培训组织技巧中，关键要素是（ ）。,单选题,飞行原理,中等,2,是,增加培训时长,提供丰富的实操机会,减少理论课程,仅使用线上培训,,,提供丰富的实操机会,,超级管理员,2025-09-18 15:36:09,2025-09-18 15:36:12
00282,（）固定翼无人机的抗高温性能优化主要依赖于其发动机和电池的散热设计，而外壳的材料选择对抗高温性能影响较小。,单选题,飞行原理,中等,2,是,正确,错误,,,,,错误,,超级管理员,2025-09-18 15:36:09,2025-09-18 15:36:12
00283,垂直起降固定翼无人机抗高温性能优化，不合适的是（）。,单选题,飞行原理,中等,2,是,安装散热风扇在机身内部,增加无人机的表面积以散热,采用耐高温材料制造发动机部件,优化无人机的散热风道设计,,,增加无人机的表面积以散热,,超级管理员,2025-09-18 15:36:09,2025-09-18 15:36:12
00284,其他机型无人机装调检修作业规范的优化方法中，首要步骤是（）。,单选题,飞行原理,中等,2,是,分析现有规范的不足,增加维修工具种类,提高维修人员技能,增加维修预算,,,分析现有规范的不足,,超级管理员,2025-09-18 15:36:09,2025-09-18 15:36:12
00285,无人直升机的抗高温性能优化可以通过改进发动机散热系统和优化旋翼设计来实现。（）,单选题,飞行原理,中等,2,是,正确,错误,,,,,正确,,超级管理员,2025-09-18 15:36:09,2025-09-18 15:36:12
00286,（）在垂直起降固定翼无人机的抗高温性能优化过程中，增加电池的散热设计不会影响飞行性能，因此可以不考虑飞行器其他部件的温度变化。,单选题,飞行原理,中等,2,是,正确,错误,,,,,错误,,超级管理员,2025-09-18 15:36:09,2025-09-18 15:36:12
00287,无人直升机抗高温性能优化，正确的做法是（ ）。,单选题,飞行原理,中等,2,是,定期清理发动机散热片上的杂物,提高发动机的工作温度设定值,降低燃油的标号，减少燃烧热量,增加直升机的飞行时间，让发动机适应高温,,,降低燃油的标号，减少燃烧热量,,超级管理员,2025-09-18 15:36:09,2025-09-18 15:36:12
00288,多旋翼无人机在高海拔地区飞行时，由于空气密度降低，其飞行性能会下降，需要优化动力系统。（）,单选题,飞行原理,中等,2,是,正确,错误,,,,,正确,,超级管理员,2025-09-18 15:36:09,2025-09-18 15:36:12
00289,无人直升机的抗高温性能优化主要通过增加发动机功率来实现，无需考虑散热系统的设计。（）,单选题,飞行原理,中等,2,是,正确,错误,,,,,错误,,超级管理员,2025-09-18 15:36:09,2025-09-18 15:36:12
00290,优化无人直升机抗高温性能的方法包括使用耐高温材料和增加散热装置。（ ）,单选题,飞行原理,中等,2,是,正确,错误,,,,,正确,,超级管理员,2025-09-18 15:36:09,2025-09-18 15:36:12
00291,优化其他机型无人机抗高温性能的方法包括使用耐高温材料和增加散热装置。,单选题,飞行原理,中等,2,是,正确,错误,,,,,正确,,超级管理员,2025-09-18 15:36:09,2025-09-18 15:36:12
00292,无人机培训考评体系架构中，重要组成部分是（ ）。,单选题,飞行原理,中等,2,是,培训场地,考评标准,培训教材,培训人员,,,考评标准,,超级管理员,2025-09-18 15:36:09,2025-09-18 15:36:12
00293,无人机培训考评体系的架构包括理论知识考核、实操技能评估以及飞行安全意识测试。（）,单选题,飞行原理,中等,2,是,正确,错误,,,,,正确,,超级管理员,2025-09-18 15:36:09,2025-09-18 15:36:12
00294,其他机型无人机的抗高温性能优化方法与多旋翼无人机完全相同，无需针对具体机型进行调整。（）,单选题,飞行原理,中等,2,是,正确,错误,,,,,错误,,超级管理员,2025-09-18 15:36:09,2025-09-18 15:36:12
00295,（）为了有效提高无人机抗高温能力，增加热传导系数较大的金属材料虽然可以提升散热性能，但可能会对其他系统的功能造成负面影响，尤其是电池和电子组件的安全性。,单选题,飞行原理,中等,2,是,正确,错误,,,,,正确,,超级管理员,2025-09-18 15:36:09,2025-09-18 15:36:12
00296,多旋翼无人机在高海拔地区飞行，降低飞行速度可以在一定程度上提升飞行性能。（ ）,单选题,飞行原理,中等,2,是,正确,错误,,,,,正确,,超级管理员,2025-09-18 15:36:09,2025-09-18 15:36:12
00297,多旋翼无人机装配保养报告单的优化方法中，必须包含的是（ ）,单选题,飞行原理,中等,2,是,飞行记录,维修人员照片,维修日期和内容,用户反馈,,,维修日期和内容,,超级管理员,2025-09-18 15:36:09,2025-09-18 15:36:12
00298,无人机在低温环境下飞行时，电池性能会下降，因此需要对电池进行保温处理。（）,单选题,飞行原理,中等,2,是,正确,错误,,,,,正确,,超级管理员,2025-09-18 15:36:09,2025-09-18 15:36:12
00299,多旋翼无人机在高海拔地区飞行时，由于空气密度降低，其升力会显著下降，因此需要优化动力系统。（）,单选题,飞行原理,中等,2,是,正确,错误,,,,,正确,,超级管理员,2025-09-18 15:36:09,2025-09-18 15:36:12
00300,（）多旋翼无人机在高海拔地区飞行时，较高的气压变化使得螺旋桨的推力增加，从而提升飞行性能。,单选题,飞行原理,中等,2,是,正确,错误,,,,,错误,,超级管理员,2025-09-18 15:36:09,2025-09-18 15:36:12
00301,固定翼无人机在高海拔飞行时，增大发动机进气量可以优化其飞行性能。,单选题,飞行原理,中等,2,是,正确,错误,,,,,正确,,超级管理员,2025-09-18 15:36:09,2025-09-18 15:36:12
00302,固定翼无人机在高海拔飞行时，优化机翼设计和调整发动机参数是提高飞行性能的重要手段。,单选题,飞行原理,中等,2,是,正确,错误,,,,,正确,,超级管理员,2025-09-18 15:36:09,2025-09-18 15:36:12
00303,优化固定翼无人机高海拔飞行性能的方法包括增加机翼面积和提高发动机功率。（ ）,单选题,飞行原理,中等,2,是,正确,错误,,,,,正确,,超级管理员,2025-09-18 15:36:09,2025-09-18 15:36:12
00304,优化垂直起降固定翼无人机高海拔飞行性能的方法包括使用高能量密度电池和优化飞控算法。,单选题,飞行原理,中等,2,是,正确,错误,,,,,正确,,超级管理员,2025-09-18 15:36:09,2025-09-18 15:36:12
00305,垂直起降固定翼无人机在高海拔飞行时，优化动力系统和调整机翼迎风面积是提高飞行性能的关键措施。,单选题,飞行原理,中等,2,是,正确,错误,,,,,正确,,超级管理员,2025-09-18 15:36:09,2025-09-18 15:36:13
00306,（）多旋翼无人机的防雨性能可以通过增加电机功率来优化。,单选题,飞行原理,中等,2,是,正确,错误,,,,,正确,,超级管理员,2025-09-18 15:36:09,2025-09-18 15:36:13
00307,无人直升机高海拔飞行性能优化主要通过增加旋翼尺寸来实现。,单选题,飞行原理,中等,2,是,正确,错误,,,,,错误,,超级管理员,2025-09-18 15:36:09,2025-09-18 15:36:13
00308,无人直升机在高海拔飞行时，主要通过优化发动机性能和调整旋翼桨叶角度来提高飞行性能。,单选题,飞行原理,中等,2,是,正确,错误,,,,,正确,,超级管理员,2025-09-18 15:36:09,2025-09-18 15:36:13
00309,（）在无人直升机的高海拔飞行性能优化中，减小主旋翼叶片的升力系数可以有效提高高海拔飞行时的稳定性。,单选题,飞行原理,中等,2,是,正确,错误,,,,,错误,,超级管理员,2025-09-18 15:36:09,2025-09-18 15:36:13
00310,其他机型无人机在高海拔飞行时，采用轻质材料制造机体有助于提升飞行性能。,单选题,飞行原理,中等,2,是,正确,错误,,,,,正确,,超级管理员,2025-09-18 15:36:09,2025-09-18 15:36:13
00311,对于其他机型无人机，通过改进机身材料的强度来优化高海拔飞行性能是可行的。,单选题,飞行原理,中等,2,是,正确,错误,,,,,正确,,超级管理员,2025-09-18 15:36:09,2025-09-18 15:36:13
00312,优化垂直起降固定翼无人机高海拔飞行性能的方法包括使用高能量密度电池和优化飞控算法。（ ）,单选题,飞行原理,中等,2,是,正确,错误,,,,,正确,,超级管理员,2025-09-18 15:36:09,2025-09-18 15:36:13
00313,优化无人直升机高海拔飞行性能的方法包括增加旋翼转速和减少机身重量。,单选题,飞行原理,中等,2,是,正确,错误,,,,,正确,,超级管理员,2025-09-18 15:36:09,2025-09-18 15:36:13
00314,多旋翼无人机防尘性能优化只需要对电机部分进行密封处理就可以有效防止灰尘进入。,单选题,飞行原理,中等,2,是,正确,错误,,,,,错误,,超级管理员,2025-09-18 15:36:09,2025-09-18 15:36:13
00315,多旋翼无人机通过安装高效空气过滤器能有效优化其防尘等环境适应性能。,单选题,飞行原理,中等,2,是,正确,错误,,,,,正确,,超级管理员,2025-09-18 15:36:09,2025-09-18 15:36:13
00316,多旋翼无人机的防尘性能优化主要通过增加防护罩和优化电机散热系统来实现。,单选题,飞行原理,中等,2,是,正确,错误,,,,,正确,,超级管理员,2025-09-18 15:36:09,2025-09-18 15:36:13
00317,固定翼无人机适应恶劣环境时，在机翼前缘安装特殊的防护装置能有效减少灰尘和异物的影响。,单选题,飞行原理,中等,2,是,正确,错误,,,,,正确,,超级管理员,2025-09-18 15:36:09,2025-09-18 15:36:13
00318,固定翼无人机采用表面光滑处理可以提升其防尘等环境适应性能。,单选题,飞行原理,中等,2,是,正确,错误,,,,,正确,,超级管理员,2025-09-18 15:36:09,2025-09-18 15:36:13
00319,固定翼无人机的防尘性能优化可以通过增加机身密封性和优化进气口设计来实现。（）。,单选题,飞行原理,中等,2,是,正确,错误,,,,,正确,,超级管理员,2025-09-18 15:36:09,2025-09-18 15:36:13
00320,固定翼无人机在高湿度环境下工作时，不需要特别的防护措施。（）。,单选题,飞行原理,中等,2,是,正确,错误,,,,,错误,,超级管理员,2025-09-18 15:36:09,2025-09-18 15:36:13
00321,垂直起降固定翼无人机增加起落架的密封性无助于其防尘等环境适应性能的优化（）。,单选题,飞行原理,中等,2,是,正确,错误,,,,,错误,,超级管理员,2025-09-18 15:36:09,2025-09-18 15:36:13
00322,垂直起降固定翼无人机的防尘性能优化与无人直升机的防尘性能优化方法完全相同，无需针对具体机型进行调整（）。,单选题,飞行原理,中等,2,是,正确,错误,,,,,错误,,超级管理员,2025-09-18 15:36:09,2025-09-18 15:36:13
00323,垂直起降固定翼无人机的防水性能可以通过简单地将电子元件包裹在塑料袋中来实现。（ ）,单选题,飞行原理,中等,2,是,正确,错误,,,,,错误,,超级管理员,2025-09-18 15:36:09,2025-09-18 15:36:13
00324,无人直升机的防尘性能优化主要通过增加旋翼防护和优化机身密封性来实现，以减少灰尘对飞行性能的影响。（ ）,单选题,飞行原理,中等,2,是,正确,错误,,,,,正确,,超级管理员,2025-09-18 15:36:09,2025-09-18 15:36:13
00325,为提高无人直升机的防尘性能，可以在设计时增加密封性，使用高质量的密封材料。（ ）,单选题,飞行原理,中等,2,是,正确,错误,,,,,正确,,超级管理员,2025-09-18 15:36:09,2025-09-18 15:36:13
00326,其他机型无人机的防尘性能优化方法与无人直升机完全相同，无需根据具体机型进行调整。（ ）,单选题,飞行原理,中等,2,是,正确,错误,,,,,错误,,超级管理员,2025-09-18 15:36:09,2025-09-18 15:36:13
00327,请详细论述多旋翼无人机装配检修工艺流程的制定方法，并结合实际说明这些方法对提高装配检修效率和质量的作用。,单选题,飞行原理,中等,2,是,选项A,选项B,,,,,选项A,得分要点：,超级管理员,2025-09-18 15:36:09,2025-09-18 15:36:13
00328,请详细论述多旋翼无人机装配检修工艺流程的优化方法，并结合实际说明这些方法对提高装配检修效率和质量的作用。,单选题,飞行原理,中等,2,是,选项A,选项B,,,,,选项A,得分要点：,超级管理员,2025-09-18 15:36:09,2025-09-18 15:36:13
00329,论述制定固定翼无人机装配与检修工艺流程的方法，特别是如何确保飞行安全、减少维护周期和优化维修质量。,单选题,飞行原理,中等,2,是,选项A,选项B,,,,,选项A,,超级管理员,2025-09-18 15:36:09,2025-09-18 15:36:13
00330,论述多旋翼无人机装配检修作业规范的制定方法，并解释这些规范如何确保无人机的安全运行和维护效率。,单选题,飞行原理,中等,2,是,选项A,选项B,,,,,选项A,,超级管理员,2025-09-18 15:36:09,2025-09-18 15:36:13
00331,请详细论述垂直起降固定翼无人机装配检修工艺流程的制定方法，并结合实际说明这些方法对提高装配检修效率和质量的作用。,单选题,飞行原理,中等,2,是,选项A,选项B,,,,,选项A,垂直起降固定翼无人机装配检修工艺流程的制定方法主要包括需求分析与任务分解、工艺流程设计、资源与工具配置以及质量控制与反馈优化四个方面。首先，需求分析与任务分解是制定工艺流程的基础，需要根据无人机的型号、用途及检修目标，明确装配检修的具体任务，并将其分解为可操作的步骤。其次，工艺流程设计是核心环节，需制定详细的装配检修流程，包括零部件的检查、组装、调试、测试等环节，确保每个环节的科学性和可操作性。此外，资源与工具配置是保障工艺流程顺利实施的关键，需根据工艺流程需求，配置必要的工具、设备和技术人员。最后，质量控制与反馈优化是提升工艺流程效率和质量的重要手段，需在工艺流程中设置关键质量控制点，记录装配检修数据，并根据反馈不断优化流程。这些方法能够显著提高垂直起降固定翼无人机装配检修的效率和质量，确保无人机的可靠性和性能。,超级管理员,2025-09-18 15:36:10,2025-09-18 15:36:13
00332,请详细论述垂直起降固定翼无人机装配检修工艺流程的优化方法，并结合实际说明这些方法对提高装配检修效率和质量的作用。,单选题,飞行原理,中等,2,是,选项A,选项B,,,,,选项A,答出流程分析与瓶颈识别并详细解释，得4分；答出标准化操作流程并详细解释，得4分；答出引入自动化工具与设备并详细解释，得4分；答出持续改进与反馈机制并详细解释，得3分。,超级管理员,2025-09-18 15:36:10,2025-09-18 15:36:13
00333,论述详细阐述如何制定无人直升机装配检修工艺流程，并分析可能影响工艺流程的因素及应对措施。,单选题,飞行原理,中等,2,是,选项A,选项B,,,,,选项A,装配流程（9分）：准备（3分）、装配（4分）、检修（2分），各环节关键步骤完整得满分，缺要点按比例扣分。影响与应对（6分）：四个因素及对应措施各1.5分，答对一个因素及措施得1.5分，上限6分。,超级管理员,2025-09-18 15:36:10,2025-09-18 15:36:13
00334,无人直升机的装配检修工艺流程对于保障其飞行安全和性能至关重要，请论述如何对无人直升机装配检修工艺流程进行优化，从流程规划、人员管理、质量控制等方面展开分析。,单选题,飞行原理,中等,2,是,选项A,选项B,,,,,选项A,流程规划：答出梳理流程、去除冗余、优化顺序3点，得3分，每少一点扣1分。人员管理：答出技能培训、明确责任分工2点，每点3分，共6分。质量控制：答出制定标准、增加检测、建立追溯体系3点，得6分，每少一点扣2分。,超级管理员,2025-09-18 15:36:10,2025-09-18 15:36:13
00335,请详细论述其他机型无人机装调检修工艺流程的制定方法，并结合实际说明这些方法对提高装调检修效率和质量的作用。,单选题,飞行原理,中等,2,是,选项A,选项B,,,,,选项A,答出需求分析与任务分解并详细解释，得4分；答出工艺流程设计并详细解释，得5分；答出资源与工具配置并详细解释，得3分；答出质量控制与反馈优化并详细解释，得3分。,超级管理员,2025-09-18 15:36:10,2025-09-18 15:36:13
00336,请详细论述其他机型无人机装调检修工艺流程的优化方法，并结合实际说明这些方法对提高装调检修效率和质量的作用。,单选题,飞行原理,中等,2,是,选项A,选项B,,,,,选项A,答出流程分析与瓶颈识别并详细解释，得4分；答出标准化操作流程并详细解释，得4分；答出引入自动化工具与设备并详细解释，得4分；答出持续改进与反馈机制并详细解释，得3分。,超级管理员,2025-09-18 15:36:10,2025-09-18 15:36:13
00337,多旋翼无人机装配检修报告单编制时，必须包含的内容是（）。,单选题,飞行原理,中等,2,是,无人机的颜色,检修人员的个人喜好,检修日期和检修内容,无人机的音乐播放功能,,,检修日期和检修内容,,超级管理员,2025-09-18 15:36:10,2025-09-18 15:36:13
00338,多旋翼无人机装配检修作业规范优化的首要原则是（）。,单选题,飞行原理,中等,2,是,美观,安全,速度,成本,,,安全,,超级管理员,2025-09-18 15:36:10,2025-09-18 15:36:13
00339,在固定翼无人机装配检修过程中，作业规范的制定应特别注意确保工作的安全性与规范性。若规范中未详细描述某一零部件的安装顺序，最佳的做法是（）。,单选题,飞行原理,中等,2,是,依赖工作人员的经验判断，灵活调整装配顺序,咨询零部件供应商，获取产品的技术规格说明书,按照通用装配标准来执行，忽略特定产品要求,根据无人机型号历史记录，使用类似项目的装配方案,,,咨询零部件供应商，获取产品的技术规格说明书,,超级管理员,2025-09-18 15:36:10,2025-09-18 15:36:13
00340,假设一款多旋翼无人机在较低飞行高度时消耗的电量较高，而在较高飞行高度时则由于空气密度的变化导致推进效率变化。在这种情况下，关于飞行高度优化的目标应该优先考虑（）。,单选题,飞行原理,中等,2,是,优化飞行高度以减少电池负荷并延长飞行时间,选择最大飞行高度以确保飞行器的稳定性,降低飞行高度以增加飞行器的机动性,提高飞行高度以减少飞行过程中的干扰和噪音,,,优化飞行高度以减少电池负荷并延长飞行时间,,超级管理员,2025-09-18 15:36:10,2025-09-18 15:36:13
00341,垂直起降固定翼无人机装配检修作业规范的制定方法中，最重要的内容是（ ）。,单选题,飞行原理,中等,2,是,明确装配检修的安全操作流程,规定检修工具的标准和使用方法,制定详细的装配检修时间表,确定装配后的测试步骤,,,明确装配检修的安全操作流程,,超级管理员,2025-09-18 15:36:10,2025-09-18 15:36:13
00342,在优化垂直起降固定翼无人机装配检修作业规范时，最为关键的内容是（ ）。,单选题,飞行原理,中等,2,是,明确安全操作流程,增加检修工具的种类,缩短检修时间,减少检修人员数量,,,明确安全操作流程,,超级管理员,2025-09-18 15:36:10,2025-09-18 15:36:13
00343,无人直升机装配检修作业规范制定时，不需要的是（ ）。,单选题,飞行原理,中等,2,是,明确各部件的装配顺序,规定检修工具的使用方法,随意更改装配流程,制定安全操作规程,,,随意更改装配流程,,超级管理员,2025-09-18 15:36:10,2025-09-18 15:36:13
00344,无人直升机装配检修作业规范优化，关键在于（ ）。,单选题,飞行原理,中等,2,是,制定详细且合理的操作流程,减少检修项目，提高工作效率,不考虑检修人员的技能水平差异,随意更改已有的检修标准,,,随意更改已有的检修标准,,超级管理员,2025-09-18 15:36:10,2025-09-18 15:36:13
00345,装调检修新技术研究方法中，首要步骤是（ ）。,单选题,飞行原理,中等,2,是,实验验证,理论研究,市场调研,技术应用,,,理论研究,,超级管理员,2025-09-18 15:36:10,2025-09-18 15:36:13
00346,无人机培训考评体系的架构及操作评估中，重要组成部分是（ ）。,单选题,飞行原理,中等,2,是,培训场地,考评标准,培训教材,培训人员,,,考评标准,,超级管理员,2025-09-18 15:36:10,2025-09-18 15:36:13
00347,评价多旋翼无人机培训效果的关键指标是（）。,单选题,飞行原理,中等,2,是,学员的出勤率,学员的满意度,学员的操作技能掌握程度,培训的时长,,,学员的操作技能掌握程度,,超级管理员,2025-09-18 15:36:10,2025-09-18 15:36:13
00348,多旋翼无人机装配检修报告单优化时，必须包含的内容是（）。,单选题,飞行原理,中等,2,是,无人机的颜色,检修人员的个人喜好,检修日期和检修内容,无人机的音乐播放功能,,,检修日期和检修内容,,超级管理员,2025-09-18 15:36:10,2025-09-18 15:36:13
00349,当维修过程涉及到复杂电路组件的检查时，装配检修报告中应明确列出（）。,单选题,飞行原理,中等,2,是,检查过的每一项电路的具体工作状态与电流、电压数据,仅记录出现异常的电路位置和维修建议，不列出常规检查项,只需记录电路部分的维修更换清单，忽略详细的故障分析,仅提供电路系统的总体测试结果，缺少具体数值,,,检查过的每一项电路的具体工作状态与电流、电压数据,,超级管理员,2025-09-18 15:36:10,2025-09-18 15:36:13
00350,无人直升机装配检修报告单编制时，以下错误的是（ ）。,单选题,飞行原理,中等,2,是,详细记录装配检修的时间,不记录发现的问题及解决方案,填写所使用的零部件型号,注明装配检修人员的姓名,,,不记录发现的问题及解决方案,,超级管理员,2025-09-18 15:36:10,2025-09-18 15:36:13
00351,无人直升机装配检修报告单优化，应着重的方面是（ ）。,单选题,飞行原理,中等,2,是,不填写检修时间和检修人员信息,只记录关键故障，忽略小问题,采用复杂的格式，显示专业性,确保数据的准确性和完整性,,,不填写检修时间和检修人员信息,,超级管理员,2025-09-18 15:36:10,2025-09-18 15:36:13
00352,常用办公软件操作基础知识中，无人机装调检修工作中常用的软件功能是（ ）。,单选题,飞行原理,中等,2,是,文字处理,数据分析,图像编辑,视频制作,,,数据分析,,超级管理员,2025-09-18 15:36:10,2025-09-18 15:36:13
00353,无人机培训考评体系的建立方法及评估方法中，关键环节是（ ）。,单选题,飞行原理,中等,2,是,确定培训目标,设计考核流程,选择培训场地,评估培训效果,,,评估培训效果,,超级管理员,2025-09-18 15:36:10,2025-09-18 15:36:13
00354,请简述无人机培训组织的要求及行业标准的主要内容，并说明这些要求和标准对培训质量的影响。,单选题,飞行原理,中等,2,是,选项A,选项B,,,,,选项A,答出资质要求并简要解释，得1分；答出课程设置并简要解释，得1分；答出师资力量并简要解释，得1分；答出设备与场地并简要解释，得2分。,超级管理员,2025-09-18 15:36:10,2025-09-18 15:36:13
00355,无人直升机专业技能指导方案编制中，错误的是（ ）。,单选题,飞行原理,中等,2,是,提供直升机的操作演示视频,只讲解理论知识，不安排实践操作,制定训练计划和考核标准,分析常见故障及排除方法,,,只讲解理论知识，不安排实践操作,,超级管理员,2025-09-18 15:36:10,2025-09-18 15:36:13
00356,无人机培训组织符合行业标准的要求包括（ ）。,单选题,飞行原理,中等,2,是,具备完善的培训教材和教案,培训场地无需专门规划,培训教员可以没有无人机相关经验,培训课程无需经过审核,,,培训课程无需经过审核,,超级管理员,2025-09-18 15:36:10,2025-09-18 15:36:13
00357,无人机培训组织的要求及行业标准规定了培训内容、师资资质和考核方式，以确保培训质量和飞行安全（ ）。,单选题,飞行原理,中等,2,是,正确,错误,,,,,正确,,超级管理员,2025-09-18 15:36:10,2025-09-18 15:36:13
00358,无人机培训组织的要求及行业标准包括（ ）。,多选题,飞行原理,中等,3,是,培训机构需具备合法资质,培训内容需符合行业标准,培训师资需具备相关经验和资质,培训设施需满足教学需求,培训效果需进行评估和反馈,,培训机构需具备合法资质;培训内容需符合行业标准;培训师资需具备相关经验和资质;培训设施需满足教学需求;培训效果需进行评估和反馈,,超级管理员,2025-09-18 15:36:10,2025-09-18 15:36:13
00359,请简述无人机培训组织的基本要求及行业标准，并说明这些要求和标准对无人机行业发展的意义。,单选题,飞行原理,中等,2,是,选项A,选项B,,,,,选项A,得分要点：,超级管理员,2025-09-18 15:36:10,2025-09-18 15:36:13
00360,垂直起降固定翼无人机培训效果评价中，最重要的环节是（）。,单选题,飞行原理,中等,2,是,理论知识考核,实操技能考核,学员的自我评价,培训师的评价,,,实操技能考核,,超级管理员,2025-09-18 15:36:10,2025-09-18 15:36:13
00361,在固定翼无人机的培训考评体系中，有助于有效评估学员的飞行能力与操作水平的是（）。,多选题,飞行原理,中等,3,是,飞行模拟器的使用比例,真实飞行操作中的应急反应能力,理论知识测试的频次与难度,团队合作与协调能力的考察,飞行计划和任务执行的执行效率,,真实飞行操作中的应急反应能力;团队合作与协调能力的考察;飞行计划和任务执行的执行效率,,超级管理员,2025-09-18 15:36:10,2025-09-18 15:36:13
00362,固定翼无人机在飞行过程中出现异常振动，且经过初步检查后，无法直接确定振动的来源。根据相关维修方案，可能是导致该振动的原因有（）。,多选题,飞行原理,中等,3,是,动力系统的平衡不良，尤其是发动机或螺旋桨的固定问题,飞行控制系统的算法参数误差导致的振动增幅,机体结构疲劳或裂纹，在长时间使用后未及时检测,高频电磁干扰引发的机载电子设备不稳定,空气动力学设计问题，导致在特定飞行姿态下产生共振现象,,动力系统的平衡不良，尤其是发动机或螺旋桨的固定问题;飞行控制系统的算法参数误差导致的振动增幅;机体结构疲劳或裂纹，在长时间使用后未及时检测;空气动力学设计问题，导致在特定飞行姿态下产生共振现象,,超级管理员,2025-09-18 15:36:10,2025-09-18 15:36:13
00363,简述在组织无人机培训时，有哪些技巧可以有效提高培训效果。,单选题,飞行原理,中等,2,是,选项A,选项B,,,,,选项A,写出一点给两分，三点及以上给五分,超级管理员,2025-09-18 15:36:10,2025-09-18 15:36:13
00364,在无人机培训组织技巧及培训计划制定中，重要的是（ ）。,单选题,飞行原理,中等,2,是,根据学员基础和目标制定个性化计划,所有学员采用相同的培训进度,培训过程中不进行任何考核,不安排实践操作课程，只讲理论,,,不安排实践操作课程，只讲理论,,超级管理员,2025-09-18 15:36:10,2025-09-18 15:36:13
00366,无人机培训组织的技巧及培训计划应包括理论知识、实操技能、安全教育以及考核评估等内容，以确保培训效果（ ）。,单选题,飞行原理,中等,2,是,正确,错误,,,,,正确,,超级管理员,2025-09-18 15:36:10,2025-09-18 15:36:13
00367,无人机培训组织的技巧及培训计划包括（）。,多选题,飞行原理,中等,3,是,制定详细的培训大纲，明确培训目标和内容,选择合适的培训场地和设备，确保培训效果,采用多样化的教学方法，如理论讲解、实践操作和案例分析,定期评估学员的培训进度，及时调整培训计划,仅关注理论知识的传授，忽略实践操作,,制定详细的培训大纲，明确培训目标和内容;选择合适的培训场地和设备，确保培训效果;采用多样化的教学方法，如理论讲解、实践操作和案例分析;定期评估学员的培训进度，及时调整培训计划,,超级管理员,2025-09-18 15:36:10,2025-09-18 15:36:13
00368,请简述无人机培训组织的技巧及培训计划的主要内容，并说明这些内容和技巧对培训效果的影响。,单选题,飞行原理,中等,2,是,选项A,选项B,,,,,选项A,得分要点：,超级管理员,2025-09-18 15:36:10,2025-09-18 15:36:13
00369,以下关于无人机专业技能指导方案编制方法的选项中，正确的有（ ）,多选题,飞行原理,中等,3,是,根据学员背景和行业需求设计培训内容,培训方案无需考虑实操训练，只需注重理论教学,整合师资力量、教学设备和训练场地等资源,通过学员反馈和考核结果优化培训方案,培训方案无需定期更新，只需满足当前需求,,根据学员背景和行业需求设计培训内容;整合师资力量、教学设备和训练场地等资源;通过学员反馈和考核结果优化培训方案,,超级管理员,2025-09-18 15:36:10,2025-09-18 15:36:13
00370,关于无人机培训效果评价方法，正确的选项是（ ）。,多选题,飞行原理,中等,3,是,通过理论考核评估学员的知识掌握程度,通过实操考核评估学员的操作技能水平,通过学员反馈了解培训内容的满意度,无需进行综合评估，只需关注单项成绩,通过数据分析优化培训内容和教学方法,,通过理论考核评估学员的知识掌握程度;通过实操考核评估学员的操作技能水平;通过学员反馈了解培训内容的满意度;无需进行综合评估，只需关注单项成绩,,超级管理员,2025-09-18 15:36:10,2025-09-18 15:36:13
00371,简述无人机培训考评体系的架构，并说明如何对学员的操作进行评估。,单选题,飞行原理,中等,2,是,选项A,选项B,,,,,选项A,准确阐述架构三部分得 3 分。答出操作评估的三个要点得 2 分。,超级管理员,2025-09-18 15:36:10,2025-09-18 15:36:13
00372,其他机型无人机抗高温性能优化方法中，不合适的措施是（ ）。,单选题,飞行原理,中等,2,是,增加散热装置,使用高温电池,提高飞行高度,增加飞行时间,,,增加飞行时间,,超级管理员,2025-09-18 15:36:10,2025-09-18 15:36:13
00373,装调检修新工艺研究方法中，首要步骤是（ ）。,单选题,飞行原理,中等,2,是,实验验证,理论研究,市场调研,技术应用,,,理论研究,,超级管理员,2025-09-18 15:36:10,2025-09-18 15:36:13
00374,其他机型无人机的抗高温性能优化主要通过增加机体重量和提高发动机功率来实现。（）,单选题,飞行原理,中等,2,是,正确,错误,,,,,错误,,超级管理员,2025-09-18 15:36:10,2025-09-18 15:36:13
00375,无人机培训考评体系的架构及操作评估包括（）。,多选题,飞行原理,中等,3,是,制定明确的培训目标和考核标准,设计多样化的考核方式，包括理论考试和实践操作,评估学员的操作技能和飞行安全意识,提供反馈和改进建议以促进学员进步,建立档案记录学员的培训和考核过程,,制定明确的培训目标和考核标准;设计多样化的考核方式，包括理论考试和实践操作;评估学员的操作技能和飞行安全意识;提供反馈和改进建议以促进学员进步;建立档案记录学员的培训和考核过程,,超级管理员,2025-09-18 15:36:10,2025-09-18 15:36:13
00376,请简述无人机混合动力系统的工作原理。,单选题,飞行原理,中等,2,是,选项A,选项B,,,,,选项A,,超级管理员,2025-09-18 15:36:10,2025-09-18 15:36:13
00377,以下关于无人机培训效果评价方法的选项中，正确的有（ ）,多选题,飞行原理,中等,3,是,通过理论考核评估学员的知识掌握程度,通过实操考核评估学员的操作技能水平,通过学员反馈了解培训内容的满意度,无需进行综合评估，只需关注单项成绩,通过数据分析优化培训内容和教学方法,,通过理论考核评估学员的知识掌握程度;通过实操考核评估学员的操作技能水平;通过学员反馈了解培训内容的满意度;通过数据分析优化培训内容和教学方法,,超级管理员,2025-09-18 15:36:10,2025-09-18 15:36:13
00378,关于无人机飞行操作指导方法，正确的选项有（ ）。,多选题,飞行原理,中等,3,是,将飞行操作分解为起飞、悬停、航线飞行、降落等步骤,利用飞行模拟器进行虚拟训练，降低实操风险,在实操训练中，教练无需实时观察学员操作,通过课堂互动和定期考核了解学员的学习进度,飞行操作指导无需考虑学员的个体差异,,将飞行操作分解为起飞、悬停、航线飞行、降落等步骤;利用飞行模拟器进行虚拟训练，降低实操风险;通过课堂互动和定期考核了解学员的学习进度,,超级管理员,2025-09-18 15:36:10,2025-09-18 15:36:13
00379,无人机培训考评体系中，实践操作考核的成绩占比应该高于理论考试成绩（ ）。,单选题,飞行原理,中等,2,是,正确,错误,,,,,正确,,超级管理员,2025-09-18 15:36:10,2025-09-18 15:36:13
00380,建立无人机培训考评体系及评估方法时应包含以下（ ）方面,多选题,飞行原理,中等,3,是,制定明确的理论知识考核标准，涵盖无人机原理、法规等内容,仅通过一次实操考核就判定学员是否合格，无需多次评估,建立多元化的评估方式，如实操考核、项目作业、日常表现等综合评估,不考虑学员的学习进度差异，采用统一的考评标准,定期对考评体系进行审查和更新，确保其有效性和适应性,,制定明确的理论知识考核标准，涵盖无人机原理、法规等内容;建立多元化的评估方式，如实操考核、项目作业、日常表现等综合评估;定期对考评体系进行审查和更新，确保其有效性和适应性,,超级管理员,2025-09-18 15:36:10,2025-09-18 15:36:13
00381,请简述无人机培训考评体系的建立方法及评估方法的主要内容，并说明这些方法对培训质量提升的作用。,单选题,飞行原理,中等,2,是,选项A,选项B,,,,,选项A,答出考评指标设计并简要解释，得2分；答出考评工具开发并简要解释，得2分；答出数据分析与反馈并简要解释，得1分。,超级管理员,2025-09-18 15:36:10,2025-09-18 15:36:13
00382,其他机型无人机抗低温性能优化方法中，不合适的措施是（ ）。,单选题,飞行原理,中等,2,是,增加散热装置,使用低温电池,提高发动机功率,增加机身保温层,,,增加散热装置,,超级管理员,2025-09-18 15:36:10,2025-09-18 15:36:13
00383,固定翼无人机培训效果评价中，最重要的环节是（）。,单选题,飞行原理,中等,2,是,理论知识考核,实操技能考核,学员的自我评价,培训师的评价,,,实操技能考核,,超级管理员,2025-09-18 15:36:10,2025-09-18 15:36:13
00384,无人机培训考评体系的建立方法及评估方法应涵盖理论知识、实操技能和安全意识等多个方面，以确保培训效果。（）,单选题,飞行原理,中等,2,是,正确,错误,,,,,正确,,超级管理员,2025-09-18 15:36:10,2025-09-18 15:36:13
00385,分析固定翼无人机培训中常见的教学技巧，特别是在飞行器检修方面的培训要求。,单选题,飞行原理,中等,2,是,选项A,选项B,,,,,选项A,,超级管理员,2025-09-18 15:36:10,2025-09-18 15:36:13
00386,垂直起降固定翼无人机专业技能指导方案编制时，不应该的是（ ）,单选题,飞行原理,中等,2,是,涵盖飞行原理知识,忽略垂直起降的特殊操作技巧,包括维护保养的要点,讲解安全注意事项,,,忽略垂直起降的特殊操作技巧,,超级管理员,2025-09-18 15:36:10,2025-09-18 15:36:13
00387,建立无人机培训指导体系时，制定详细的教学大纲是可有可无的（ ）。,单选题,飞行原理,中等,2,是,正确,错误,,,,,错误,,超级管理员,2025-09-18 15:36:10,2025-09-18 15:36:13
00388,无人机培训指导体系的建立方法及教学流程包括（ ）。,多选题,飞行原理,中等,3,是,制定培训大纲和教学计划,选择合适的培训场地和设备,进行理论知识和实践操作教学,组织考核和颁发证书,仅进行理论知识教学，不进行实践操作,,制定培训大纲和教学计划;选择合适的培训场地和设备;进行理论知识和实践操作教学;组织考核和颁发证书,,超级管理员,2025-09-18 15:36:10,2025-09-18 15:36:13
00389,请简述无人机培训指导体系的建立方法及教学流程的主要内容，并说明这些内容对培训效果的影响。,单选题,飞行原理,中等,2,是,选项A,选项B,,,,,选项A,答出需求分析与目标设定并简要解释，得2分；答出课程设计与资源整合并简要解释，得2分；答出教学实施与反馈优化并简要解释，得1分。,超级管理员,2025-09-18 15:36:10,2025-09-18 15:36:13
00390,装调检修新技术研究方法中，首要步骤是（）。,单选题,飞行原理,中等,2,是,实验验证,市场调研,理论分析,问题提出,,,问题提出,,超级管理员,2025-09-18 15:36:10,2025-09-18 15:36:13
00391,固定翼无人机培训效果评价的关键指标是（）。,单选题,飞行原理,中等,2,是,学员的出勤率,学员的满意度,学员的操作技能掌握程度,培训的时长,,,学员的操作技能掌握程度,,超级管理员,2025-09-18 15:36:10,2025-09-18 15:36:13
00392,针对无人直升机的培训组织，对提高培训效果至关重要的因素有（）。,多选题,飞行原理,中等,3,是,教官与学员的互动频率,固定的培训场地,实践操作和理论学习的比例,培训前的飞行基础能力评估,培训时间的灵活性，根据学员的进度调整,,教官与学员的互动频率;固定的培训场地;实践操作和理论学习的比例;培训前的飞行基础能力评估,,超级管理员,2025-09-18 15:36:10,2025-09-18 15:36:13
00394,多旋翼无人机在飞行时出现异响，维修人员在检测过程中发现异响来源主要集中在旋翼部位。根据维修方案，造成此类异响的原因有（）。,多选题,飞行原理,中等,3,是,电机轴承损坏或缺乏润滑,旋翼叶片的安装角度不均，导致空气动力不对称,飞控系统未进行及时的固件升级，导致控制信号滞后,电池电量不足，导致电机运转异常,旋翼桨叶表面结冰，导致重量分布不均匀,,电机轴承损坏或缺乏润滑;旋翼叶片的安装角度不均，导致空气动力不对称;旋翼桨叶表面结冰，导致重量分布不均匀,,超级管理员,2025-09-18 15:36:10,2025-09-18 15:36:13
00395,（）在进行多旋翼无人机培训时，教练员应该避免使用模拟飞行软件来教授学员基本的飞行操作技巧。,单选题,飞行原理,中等,2,是,正确,错误,,,,,错误,,超级管理员,2025-09-18 15:36:10,2025-09-18 15:36:13
00396,（）无人直升机培训考评体系中，飞行员的操作技能评估仅应关注飞行器操作的精度，忽视飞行环境适应能力的考察。,单选题,飞行原理,中等,2,是,正确,错误,,,,,错误,,超级管理员,2025-09-18 15:36:10,2025-09-18 15:36:13
00397,优化无人直升机高海拔飞行性能的方法包括增加旋翼转速和减少机身重量。（ ）,单选题,飞行原理,中等,2,是,正确,错误,,,,,正确,,超级管理员,2025-09-18 15:36:10,2025-09-18 15:36:13
00398,优化其他机型无人机高海拔飞行性能的方法包括使用高功率电机和增加电池容量（ ）。,单选题,飞行原理,中等,2,是,正确,错误,,,,,正确,,超级管理员,2025-09-18 15:36:10,2025-09-18 15:36:14
00399,在多旋翼无人机的飞行速度优化中，飞行速度提升的一个重要因素是机动性。为了在提高飞行速度的同时确保稳定性和效率，最高效的优化的方法是（）。,单选题,飞行原理,中等,2,是,增加电机功率，提升推力,调整机翼的空气动力学设计，提高升力,降低电池容量，以减轻重量,采用更高比压的涡轮引擎提高推力,,,增加电机功率，提升推力,,超级管理员,2025-09-18 15:36:10,2025-09-18 15:36:14
00400,垂直起降固定翼无人机装配检修报告单的编制方法中，最关键的是（ ）。,单选题,飞行原理,中等,2,是,精确记录每个部件的使用情况,规范检修过程的每一步,完整记录飞行测试数据,确保报告单符合法律规定,,,规范检修过程的每一步,,超级管理员,2025-09-18 15:36:10,2025-09-18 15:36:14
00401,在优化垂直起降固定翼无人机装配检修报告单时，最为重要的内容是（ ）。,单选题,飞行原理,中等,2,是,记录每个部件的使用情况,规范检修过程的每一步,增加报告单的长度,使用复杂的专业术语,,,规范检修过程的每一步,,超级管理员,2025-09-18 15:36:10,2025-09-18 15:36:14
00402,请简述无人机专业技能指导方案的主要内容，并说明这些内容对提升学员技能水平的作用。,单选题,飞行原理,中等,2,是,选项A,选项B,,,,,选项A,答出理论知识教学并简要解释，得2分；答出实操技能训练并简要解释，得2分；答出考核与评估并简要解释，得1分。,超级管理员,2025-09-18 15:36:10,2025-09-18 15:36:14
00403,无人机专业技能指导方案通常应包含的内容是（ ）,多选题,飞行原理,中等,3,是,详细的技能培训目标，明确学员应达到的技能水平,只针对高级技能进行指导，忽略基础技能的讲解,分阶段的培训计划，根据技能难度逐步推进教学,实践操作指导，包括操作要点、注意事项等,不设置考核环节，认为这会给学员造成压力,,详细的技能培训目标，明确学员应达到的技能水平;分阶段的培训计划，根据技能难度逐步推进教学;实践操作指导，包括操作要点、注意事项等,,超级管理员,2025-09-18 15:36:10,2025-09-18 15:36:14
00404,无人机专业技能指导方案的内容包括（ ）。,多选题,飞行原理,中等,3,是,技能目标和培训对象,培训内容和方法,实践操作和案例分析,考核标准和评估方法,仅关注理论知识的传授,,技能目标和培训对象;培训内容和方法;实践操作和案例分析;考核标准和评估方法,,超级管理员,2025-09-18 15:36:10,2025-09-18 15:36:14
00407,在垂直起降固定翼无人机的培训中，为了确保学员对飞行操作的精确掌握，并且达到高效的培训效果，要做到（）。,单选题,飞行原理,中等,2,是,通过强化学员对理论知识的记忆，忽略模拟训练和实操练习,采用阶段性的飞行任务测试，并结合飞行日志分析学员操作的每个环节,集中训练飞行员的机械维修技能，减少飞行操作的训练时间,让学员在理论学习过程中进行模拟飞行操作，避免实际飞行训练,,,采用阶段性的飞行任务测试，并结合飞行日志分析学员操作的每个环节,,超级管理员,2025-09-18 15:36:10,2025-09-18 15:36:14
00408,在优化固定翼无人机的飞行速度时，通常需要对飞行控制系统进行调整。以下哪项措施对于提升固定翼无人机的飞行速度影响最为直接且有效（）。,单选题,飞行原理,中等,2,是,增加航程以提高能源效率,调整升降舵的配置，改善飞行稳定性,减小机翼面积，以减少空气阻力,采用更加轻便的机身材料，以减轻结构重量,,,减小机翼面积，以减少空气阻力,,超级管理员,2025-09-18 15:36:10,2025-09-18 15:36:14
00409,（）垂直起降固定翼无人机的培训效果评价中，飞行员对垂直起降模式的掌握程度与其水平飞行的能力无关。,单选题,飞行原理,中等,2,是,正确,错误,,,,,错误,,超级管理员,2025-09-18 15:36:10,2025-09-18 15:36:14
00411,请简述无人机专业技能指导方案的编制方法，并说明这些方法在方案设计中的重要性。,单选题,飞行原理,中等,2,是,选项A,选项B,,,,,选项A,答出需求分析并简要解释，得1分；答出内容设计并简要解释，得2分；答出资源整合并简要解释，得1分；答出评估与优化并简要解释，得1分。,超级管理员,2025-09-18 15:36:10,2025-09-18 15:36:14
00412,简述编制无人机专业技能指导方案时，需要考虑哪些关键因素。,单选题,飞行原理,中等,2,是,选项A,选项B,,,,,选项A,写出一点给两分，三点及以上给五分,超级管理员,2025-09-18 15:36:10,2025-09-18 15:36:14
00413,无人机专业技能指导方案的编制方法包括（ ）。,多选题,飞行原理,中等,3,是,分析行业需求和岗位要求,确定培训目标和内容,选择合适的教学方法和工具,设计考核和评估机制,不考虑学员的实际需求,,分析行业需求和岗位要求;确定培训目标和内容;选择合适的教学方法和工具;设计考核和评估机制,,超级管理员,2025-09-18 15:36:10,2025-09-18 15:36:14
00417,无人机培训组织的技巧包括分层教学、理论与实践结合以及互动与反馈，这些方法能够显著提高培训效果。（ ）,单选题,飞行原理,中等,2,是,正确,错误,,,,,正确,,超级管理员,2025-09-18 15:36:10,2025-09-18 15:36:14
00418,无人机培训考评体系的架构中，操作评估主要包括理论考试和实操考核两部分（ ）。,单选题,飞行原理,中等,2,是,正确,错误,,,,,正确,,超级管理员,2025-09-18 15:36:10,2025-09-18 15:36:14
00419,简述如何全面评价无人机培训的效果。,单选题,飞行原理,中等,2,是,选项A,选项B,,,,,选项A,答对一点给一分，答对四点给五分,超级管理员,2025-09-18 15:36:10,2025-09-18 15:36:14
00420,简述有哪些方法可以用于评价无人机培训效果。,单选题,飞行原理,中等,2,是,选项A,选项B,,,,,选项A,每答出一个评价方法得1分，若回答内容完整、逻辑清晰，额外加1分。,超级管理员,2025-09-18 15:36:10,2025-09-18 15:36:14
00421,无人机培训效果的评价方法包括（ ）。,多选题,飞行原理,中等,3,是,理论知识考试成绩,实践操作考核结果,学员的反馈和建议,培训后的实际应用能力,培训过程中的出勤率,,理论知识考试成绩;实践操作考核结果;学员的反馈和建议;培训后的实际应用能力;培训过程中的出勤率,,超级管理员,2025-09-18 15:36:10,2025-09-18 15:36:14
00422,无人机培训效果的评价方法包括（）。,多选题,飞行原理,中等,3,是,理论知识考试成绩，检验学员对基础知识的掌握程度,实践操作考核，评估学员的实际操作能力,学员的反馈和建议，用于改进培训内容和方法,培训后的实际应用效果，跟踪学员在工作中的表现,培训过程中的出勤率，确保学员参与度,,理论知识考试成绩，检验学员对基础知识的掌握程度;实践操作考核，评估学员的实际操作能力;学员的反馈和建议，用于改进培训内容和方法;培训后的实际应用效果，跟踪学员在工作中的表现;培训过程中的出勤率，确保学员参与度,,超级管理员,2025-09-18 15:36:10,2025-09-18 15:36:14
00423,请简述无人机培训效果的评价方法，并说明这些方法在培训质量提升中的作用。,单选题,飞行原理,中等,2,是,选项A,选项B,,,,,选项A,得分要点：,超级管理员,2025-09-18 15:36:10,2025-09-18 15:36:14
00424,请简述在组织固定翼无人机培训时，可以采取哪些有效的培训技巧以提高培训效果。,单选题,飞行原理,中等,2,是,选项A,选项B,,,,,选项A,,超级管理员,2025-09-18 15:36:10,2025-09-18 15:36:14
00425,无人机培训考评体系的架构中，最重要的是（ ）。,单选题,飞行原理,中等,2,是,确定培训内容的深度与广度,明确考评的标准和流程,设立专门的培训评估机构,通过在线平台进行学员评估,,,明确考评的标准和流程,,超级管理员,2025-09-18 15:36:10,2025-09-18 15:36:14
00426,在建立无人机培训考评体系时，最为科学的评估方法是,单选题,飞行原理,中等,2,是,仅通过理论考试评估学员,理论考试与实践操作相结合,仅通过学员自评完成评估,仅通过飞行测试评估学员,,,理论考试与实践操作相结合,,超级管理员,2025-09-18 15:36:10,2025-09-18 15:36:14
00427,无人机飞行操作中，合理的指导方法有（ ）。,多选题,飞行原理,中等,3,是,由经验丰富的教员进行一对一的现场示范教学,利用虚拟现实技术让学员沉浸式体验飞行操作,让学员自行摸索操作，不提供任何指导,制作详细的操作视频教程，供学员反复观看学习,根据学员的不同水平制定个性化的训练计划,,由经验丰富的教员进行一对一的现场示范教学;利用虚拟现实技术让学员沉浸式体验飞行操作;制作详细的操作视频教程，供学员反复观看学习;根据学员的不同水平制定个性化的训练计划,,超级管理员,2025-09-18 15:36:10,2025-09-18 15:36:14
00428,简述无人机飞行操作的指导方法，包括飞行前、飞行中及飞行后的指导要点。,单选题,飞行原理,中等,2,是,选项A,选项B,,,,,选项A,答出飞行前要点得 1 分。答出飞行中要点得 2 分。答出飞行后要点得 2 分。,超级管理员,2025-09-18 15:36:10,2025-09-18 15:36:14
00429,请简述无人机飞行操作的指导方法的主要内容，并说明这些方法对提升学员操作技能的作用。,单选题,飞行原理,中等,2,是,选项A,选项B,,,,,选项A,答出分步教学并简要解释，得2分；答出模拟训练并简要解释，得2分；答出实时指导与反馈并简要解释，得1分。,超级管理员,2025-09-18 15:36:10,2025-09-18 15:36:14
00430,无人机飞行操作的指导方法包括（）。,多选题,飞行原理,中等,3,是,通过模拟器训练，帮助学员熟悉操作流程,在实际飞行中进行一对一指导，纠正学员的操作错误,使用视频教程和操作手册辅助教学,通过飞行数据分析，优化学员的操作技巧,仅依靠学员自主学习，不进行指导,,通过模拟器训练，帮助学员熟悉操作流程;在实际飞行中进行一对一指导，纠正学员的操作错误;使用视频教程和操作手册辅助教学;通过飞行数据分析，优化学员的操作技巧,,超级管理员,2025-09-18 15:36:10,2025-09-18 15:36:14
00431,无人机飞行操作的培训指导流程包括（）。,多选题,飞行原理,中等,3,是,初步理论学习,模拟器训练,实际飞行训练,安全检查与维护培训,法规与合规性教育,,初步理论学习;模拟器训练;实际飞行训练;安全检查与维护培训;法规与合规性教育,,超级管理员,2025-09-18 15:36:10,2025-09-18 15:36:14
00432,请简述编制多旋翼无人机专业技能指导方案时，应包含哪些关键内容。,单选题,飞行原理,中等,2,是,选项A,选项B,,,,,选项A,,超级管理员,2025-09-18 15:36:10,2025-09-18 15:36:14
00433,简述无人直升机检修工技能指导方案的编制方法，特别是如何根据无人机类型制定个性化检修要求。,单选题,飞行原理,中等,2,是,选项A,选项B,,,,,选项A,,超级管理员,2025-09-18 15:36:10,2025-09-18 15:36:14
00434,无人机培训考评体系的建立方法及评估方法中，最常采用的评估手段是（ ）。,单选题,飞行原理,中等,2,是,理论考试与实践操作相结合,专业技术面试评估,通过学员自评和互评完成,无人机飞行测试与模拟操作评估,,,理论考试与实践操作相结合,,超级管理员,2025-09-18 15:36:10,2025-09-18 15:36:14
00435,在建立无人机培训指导体系时，最为关键的内容是（ ）。,单选题,飞行原理,中等,2,是,设计理论与实践结合的课程,增加培训设备的数量,缩短培训时间,减少培训内容,,,设计理论与实践结合的课程,,超级管理员,2025-09-18 15:36:10,2025-09-18 15:36:14
00436,无人机操作指导教材编写方法需要（ ）。,多选题,飞行原理,中等,3,是,收集大量实际案例，丰富教材内容,用专业的学术语言编写，无需考虑初学者的理解难度,结合最新的无人机技术发展动态进行更新,按照操作流程的先后顺序，系统地组织教材结构,邀请行业专家对教材内容进行审核和把关,,收集大量实际案例，丰富教材内容;结合最新的无人机技术发展动态进行更新;按照操作流程的先后顺序，系统地组织教材结构;邀请行业专家对教材内容进行审核和把关,,超级管理员,2025-09-18 15:36:10,2025-09-18 15:36:14
00437,编写无人机操作指导教材时，应采用的方法有（ ）。,多选题,飞行原理,中等,3,是,以清晰易懂的语言阐述操作步骤，避免使用过于专业晦涩的术语,只注重理论知识讲解，无需包含实际操作案例,按照操作流程的先后顺序，系统地组织教材内容,插入大量复杂的图表，不考虑是否有助于读者理解,收集用户反馈，根据实际需求对教材内容进行优化,,以清晰易懂的语言阐述操作步骤，避免使用过于专业晦涩的术语;按照操作流程的先后顺序，系统地组织教材内容;收集用户反馈，根据实际需求对教材内容进行优化,,超级管理员,2025-09-18 15:36:10,2025-09-18 15:36:14
00438,请简述无人机操作指导教材编写方法的主要内容，并说明这些方法对教材质量的影响。,单选题,飞行原理,中等,2,是,选项A,选项B,,,,,选项A,答出内容结构化设计并简要解释，得2分；答出图文结合与实例分析并简要解释，得2分；答出更新与优化机制并简要解释，得1分。,超级管理员,2025-09-18 15:36:10,2025-09-18 15:36:14
00440,无人机操作指导教材编写方法包括（）。,多选题,飞行原理,中等,3,是,明确教材的编写目标和适用对象,结合实际案例和操作流程进行讲解,使用清晰的图表和示意图辅助说明,包括安全操作规程和应急处理方法,定期更新教材内容以反映行业最新技术和发展,,明确教材的编写目标和适用对象;结合实际案例和操作流程进行讲解;使用清晰的图表和示意图辅助说明;包括安全操作规程和应急处理方法;定期更新教材内容以反映行业最新技术和发展,,超级管理员,2025-09-18 15:36:10,2025-09-18 15:36:14
00441,（）在单旋翼无人机的培训中，强调学员在操作过程中应始终保持无人机在其视线范围内，以确保安全和有效的控制。,单选题,飞行原理,中等,2,是,正确,错误,,,,,正确,,超级管理员,2025-09-18 15:36:10,2025-09-18 15:36:14
00442,讨论如何评估多旋翼无人机检修工培训的效果，并提出评估标准及改进措施。,单选题,飞行原理,中等,2,是,选项A,选项B,,,,,选项A,,超级管理员,2025-09-18 15:36:10,2025-09-18 15:36:14
00444,（）固定翼无人机在装配过程中，为了提高飞行稳定性，可以忽略机翼的对称性和平衡性。,单选题,飞行原理,中等,2,是,正确,错误,,,,,正确,,超级管理员,2025-09-18 15:36:10,2025-09-18 15:36:14
00445,（）在固定翼无人机培训效果评价中，通过模拟飞行训练获得的成绩可以完全代替实际飞行的评估。,单选题,飞行原理,中等,2,是,正确,错误,,,,,错误,,超级管理员,2025-09-18 15:36:10,2025-09-18 15:36:14
00446,优化其他机型无人机高海拔飞行性能的方法包括使用高功率电机和增加电池容量。（ ）,单选题,飞行原理,中等,2,是,正确,错误,,,,,正确,,超级管理员,2025-09-18 15:36:10,2025-09-18 15:36:14
00447,优化多旋翼无人机防尘性能的方法包括增加机身密封性和使用防尘材料（ ）。,单选题,飞行原理,中等,2,是,正确,错误,,,,,正确,,超级管理员,2025-09-18 15:36:10,2025-09-18 15:36:14
00448,在进行无人直升机飞行员培训时，评估学员对飞行安全规范的理解应（）。,单选题,飞行原理,中等,2,是,通过理论考试和机舱模拟器练习，以确保学员理解飞行器的基础操作,采用每个学员实际飞行后的操作点评，结合飞行过程中的即时反馈,通过学员的身体素质测试，确保其可以承受飞行中的高压力环境,通过让学员不断操作无人直升机，进行飞行任务演练来评价其安全规范的掌握,,,采用每个学员实际飞行后的操作点评，结合飞行过程中的即时反馈,,超级管理员,2025-09-18 15:36:10,2025-09-18 15:36:14
00449,在进行无人机电力系统检修时，测量电池电压时发现电池电压异常低，最可能导致该故障的原因是（）。,单选题,飞行原理,中等,2,是,电池内部短路,电池充电管理系统故障,电池与飞控系统的电源连接松动,电池外部接线端子腐蚀,,,电池内部短路,,超级管理员,2025-09-18 15:36:10,2025-09-18 15:36:14
00450,无人机装调检修作业规范中，必须遵守的是（）。,单选题,飞行原理,中等,2,是,快速完成任务,确保安全和质量,节省成本,减少维修人员,,,确保安全和质量,,超级管理员,2025-09-18 15:36:10,2025-09-18 15:36:14
00451,在装调检修新技术研究中，实验验证阶段的关键是（）。,单选题,飞行原理,中等,2,是,实验设备的美观,实验数据的准确性,实验人员的学历,实验地点的选择,,,实验数据的准确性,,超级管理员,2025-09-18 15:36:10,2025-09-18 15:36:14
00452,装调检修新技术研究方法中，最常见的研究方向是（ ）。,单选题,飞行原理,中等,2,是,新型无人机材料的应用,自动化装配与检修技术的开发,增强型数据传输系统的研发,智能化飞行控制系统的优化,,,自动化装配与检修技术的开发,,超级管理员,2025-09-18 15:36:10,2025-09-18 15:36:14
00453,在研究无人机装调检修新工艺时，最为有效的方法是,单选题,飞行原理,中等,2,是,仅通过文献调研完成研究,实验测试与数据分析相结合,仅通过成本分析完成研究,仅通过市场调研完成研究,,,实验测试与数据分析相结合,,超级管理员,2025-09-18 15:36:10,2025-09-18 15:36:14
00455,装调检修新工艺研究方法中，首要步骤是（）。,单选题,飞行原理,中等,2,是,实验验证,市场调研,理论分析,问题提出,,,问题提出,,超级管理员,2025-09-18 15:36:10,2025-09-18 15:36:14
00456,装调检修新技术实践应用时，首先要进行的是（ ）。,单选题,飞行原理,中等,2,是,大规模推广应用,进行充分的测试和验证,不考虑成本效益,随意改变原有的作业流程,,,进行充分的测试和验证,,超级管理员,2025-09-18 15:36:10,2025-09-18 15:36:14
00457,在无人机装调检修过程中，为了有效提高新技术的应用效果并确保检修质量应该（）。,单选题,飞行原理,中等,2,是,通过简化检修流程，减少对新技术的学习和应用，以节省时间,强调传统维修技术的重要性，避免过多应用新的检测设备和技术,定期进行新技术的培训与测试，结合实际检修任务进行演练和优化,将所有新技术集中应用在特定无人机型号的检修中，避免不同型号混用,,,定期进行新技术的培训与测试，结合实际检修任务进行演练和优化,,超级管理员,2025-09-18 15:36:10,2025-09-18 15:36:14
00458,装调检修新工艺实践应用方法，正确的是（ ）。,单选题,飞行原理,中等,2,是,对操作人员进行新工艺培训,应用新工艺后不进行效果评估,不考虑新工艺与现有设备的兼容性,直接全面应用新工艺，无需过渡,,,应用新工艺后不进行效果评估,,超级管理员,2025-09-18 15:36:10,2025-09-18 15:36:14
00459,在无人机飞行员技能评估中，评价学员操控飞行精度时，最应注重的操作是（）。,单选题,飞行原理,中等,2,是,学员在恶劣天气条件下的飞行表现,学员调整飞行高度和方向的响应时间,学员对飞行模式的理解和转换能力,学员在飞行中的稳定性和姿态控制能力,,,学员在飞行中的稳定性和姿态控制能力,,超级管理员,2025-09-18 15:36:10,2025-09-18 15:36:14
00460,无人机培训考评体系的架构及操作评估包含（ ）内容。,多选题,飞行原理,中等,3,是,理论知识的笔试考核，涵盖无人机原理、法规等内容,实际飞行操作的技能考核，包括起飞、降落、航线飞行等项目,只注重学员的最终考核成绩，忽略学习过程中的表现,对学员在模拟飞行环境中的应急处理能力进行评估,考核学员对无人机维护保养知识的掌握程度,,理论知识的笔试考核，涵盖无人机原理、法规等内容;实际飞行操作的技能考核，包括起飞、降落、航线飞行等项目;对学员在模拟飞行环境中的应急处理能力进行评估;考核学员对无人机维护保养知识的掌握程度,,超级管理员,2025-09-18 15:36:10,2025-09-18 15:36:14
00461,职业道德行为评价的类型不包括（）。,单选题,飞行安全,中等,2,是,社会评价,上级评价,集体评价,自我评价,,,上级评价,,超级管理员,2025-09-18 15:37:16,2025-09-18 15:37:16
00462,社会主义职业道德把社会公德、职业道德、（）作为着力点。,单选题,飞行安全,中等,2,是,德才兼备,思想品德,个人品德,个人能力,,,个人品德,,超级管理员,2025-09-18 15:37:16,2025-09-18 15:37:16
00463,社会主义职业道德的指导原则是（）。,单选题,飞行安全,中等,2,是,个人主义,集体主义,马克思主义,列宁思想,,,集体主义,,超级管理员,2025-09-18 15:37:16,2025-09-18 15:37:16
00464,为人民服务为核心的职业道德，首先要解决的是职工与职工、职工与集体、（）之间利益关系问题和为谁工作的问题。,单选题,飞行安全,中等,2,是,家庭与生活,上级与下级,职业与职业,个人与国家,,,职业与职业,,超级管理员,2025-09-18 15:37:16,2025-09-18 15:37:16
00465,《公民道德建设实施纲要》明确提出所有从业人员都应该共同遵守的主要行为规范是（  ）。,单选题,飞行安全,中等,2,是,爱岗敬业 诚实守信 办事公道 服务群众 奉献社会,懂得服从 信守承诺 坚守岗位 精神饱满 用心服务,谨言慎行 学习创新 艰苦奋斗 团结互助 维护荣誉,热爱本职 秉公执法 不谋私利 严肃风纪 着装整洁,,,爱岗敬业 诚实守信 办事公道 服务群众 奉献社会,,超级管理员,2025-09-18 15:37:16,2025-09-18 15:37:16
00466,办事公道是道德规范的重要范畴，其含义主要是（）。,单选题,飞行安全,中等,2,是,不偏不倚，各打五十大板,坚持原则，按一定的社会标准，实事求是地待人处世,按领导的意图办事,按与个人关系好的人的意见办,,,坚持原则，按一定的社会标准，实事求是地待人处世,,超级管理员,2025-09-18 15:37:16,2025-09-18 15:37:16
00467,社会主义职业道德的基石和最高境界是（）。,单选题,飞行安全,中等,2,是,奉献社会,服务群众,诚实守信,爱岗敬业,,,奉献社会,,超级管理员,2025-09-18 15:37:16,2025-09-18 15:37:16
00468,不属于职业道德行为评价方式的是（）。,单选题,飞行安全,中等,2,是,社会舆论,职业习俗,内心信念,群体评议,,,群体评议,,超级管理员,2025-09-18 15:37:16,2025-09-18 15:37:16
00470,职业道德评价不能够起到（）。,单选题,飞行安全,中等,2,是,批判作用,激励作用,裁判作用,调节导向作用,,,批判作用,,超级管理员,2025-09-18 15:37:16,2025-09-18 15:37:16
00471,关于精益求精的具体要求，以下正确的是（）。,单选题,飞行安全,中等,2,是,只需关注大方向，细节可以忽略,重视细节，但不过分拘泥于细节,只要完成任务即可，无需追求完美,专注于细节，忽略整体,,,重视细节，但不过分拘泥于细节,,超级管理员,2025-09-18 15:37:16,2025-09-18 15:37:16
00472,在职业生涯规划中，以下是精益求精体现的是（）。,单选题,飞行安全,中等,2,是,选择职业时只考虑兴趣，不考虑其他因素,选择职业时综合考虑性格、兴趣、特长和环境因素,一旦确定职业，不再调整计划,只关注短期目标，不考虑长期发展,,,选择职业时综合考虑性格、兴趣、特长和环境因素,,超级管理员,2025-09-18 15:37:16,2025-09-18 15:37:16
00473,精益求精意味着在工作中要不断追求更高的标准和更好的质量。（）,单选题,飞行安全,中等,2,是,对,错,,,,,对,,超级管理员,2025-09-18 15:37:16,2025-09-18 15:37:16
00474,（ ）行为体现了精益求精的态度。,多选题,飞行安全,中等,3,是,每天提前到办公室做好准备工作,不断更新教学内容，结合学生反馈调整教学方法,选择职业时综合考虑性格、兴趣、特长和环境因素,只关注考试成绩，不注重学生能力培养,一旦确定职业，不再调整计划,,不断更新教学内容，结合学生反馈调整教学方法;只关注考试成绩，不注重学生能力培养;一旦确定职业，不再调整计划,,超级管理员,2025-09-18 15:37:16,2025-09-18 15:37:16
00475,在培养学生创新能力的过程中，（ ）是推荐的教学方法。,单选题,飞行安全,中等,2,是,传统的“填鸭式”教学,发展型和探索型的教学方法,,,,,传统的“填鸭式”教学,,超级管理员,2025-09-18 15:37:16,2025-09-18 15:37:16
00476,在创新型教育中，（ ）是重要的要求。,单选题,飞行安全,中等,2,是,建设性,互助性,引导性,尊重性,,,建设性,,超级管理员,2025-09-18 15:37:16,2025-09-18 15:37:16
00477,在无人机教学中，鼓励学生走入日常生活和社会参与实践活动是培养创新能力的有效方法。（）,单选题,飞行安全,中等,2,是,对,错,,,,,对,,超级管理员,2025-09-18 15:37:16,2025-09-18 15:37:16
00478,在无人机教学中，（ ）方法有助于培养学生的创新能力。,多选题,飞行安全,中等,3,是,提供情景，引导学生发生创新型想法,通过语言上的鼓励让学生获得信心,带领学生学习比例的意义和基本性质时，插入引导性的开头,通过投影仪播放相关视频，吸引学生的兴趣,在数学探索中，帮助学生理解并灵活使用基础知识,,提供情景，引导学生发生创新型想法;通过语言上的鼓励让学生获得信心;带领学生学习比例的意义和基本性质时，插入引导性的开头;通过投影仪播放相关视频，吸引学生的兴趣;在数学探索中，帮助学生理解并灵活使用基础知识,,超级管理员,2025-09-18 15:37:16,2025-09-18 15:37:16
00479,在无人机教学中，（ ）方法有助于培养学生的创新思维。,多选题,飞行安全,中等,3,是,鼓励学生走入日常生活和社会参与实践活动,通过问题情景–建立模型–求解–解释与运用的教学过程,提供阅读文献，让学生自主发现问题并深入研究,重视教学方法的改革，不断更新教学内容,通过大作业的形式考察学生的分析和解决问题的能力,,鼓励学生走入日常生活和社会参与实践活动;通过问题情景–建立模型–求解–解释与运用的教学过程;提供阅读文献，让学生自主发现问题并深入研究;重视教学方法的改革，不断更新教学内容;通过大作业的形式考察学生的分析和解决问题的能力,,超级管理员,2025-09-18 15:37:16,2025-09-18 15:37:16
00480,在执行无人机装配工艺时，最关键的要求是（）。,单选题,飞行安全,中等,2,是,使用高精度工具,快速完成装配,减少材料成本,增加装配人员,,,使用高精度工具,,超级管理员,2025-09-18 15:37:16,2025-09-18 15:37:16
00481,在无人机装配过程中，使用高精度工具可以显著提高装配质量。（ ）,单选题,飞行安全,中等,2,是,对,错,,,,,对,,超级管理员,2025-09-18 15:37:16,2025-09-18 15:37:16
00482,在无人机装配过程中，减少材料成本是提高装配质量的关键。（ ）,单选题,飞行安全,中等,2,是,对,错,,,,,错,,超级管理员,2025-09-18 15:37:16,2025-09-18 15:37:16
00483,（ ）会影响无人机装配工艺的质量的因素。,多选题,飞行安全,中等,3,是,使用高精度工具,控制装配环境温度,减少装配人员,提高装配速度,使用高质量材料,,使用高精度工具;控制装配环境温度;使用高质量材料,,超级管理员,2025-09-18 15:37:16,2025-09-18 15:37:16
00484,在无人机装配过程中，（ ）会影响装配效率的因素。,多选题,飞行安全,中等,3,是,使用高精度工具,控制装配环境温度,减少装配人员,提高装配速度,使用高质量材料,,使用高精度工具;控制装配环境温度;提高装配速度,,超级管理员,2025-09-18 15:37:16,2025-09-18 15:37:16
00485,在无人机项目团队中，（ ）是确保团队协作效率的关键因素。,单选题,飞行安全,中等,2,是,明确分工与责任,增加团队成员数量,减少沟通频率,延长工作时间,,,明确分工与责任,,超级管理员,2025-09-18 15:37:16,2025-09-18 15:37:16
00486,在无人机团队协作中，清晰的沟通是确保项目成功的关键。（ ）,单选题,飞行安全,中等,2,是,对,错,,,,,对,,超级管理员,2025-09-18 15:37:16,2025-09-18 15:37:16
00487,在无人机团队中，明确的目标和角色分配可以提高团队协作效率。（ ）,单选题,飞行安全,中等,2,是,对,错,,,,,对,,超级管理员,2025-09-18 15:37:16,2025-09-18 15:37:16
00488,在无人机团队协作中，（ ）行为会阻碍团队效率。,多选题,飞行安全,中等,3,是,缺乏沟通,明确分工,忽视团队成员的意见,过度依赖单一成员,定期反馈与调整,,缺乏沟通;忽视团队成员的意见;过度依赖单一成员,,超级管理员,2025-09-18 15:37:16,2025-09-18 15:37:16
00489,严于律己的基本要求不包括（）。,单选题,飞行安全,中等,2,是,自觉遵守法律、法规和社会公德,勤奋努力，不断提升自我素质,不断追求个人利益最大化,具有高度的责任感和使命感,,,不断追求个人利益最大化,,超级管理员,2025-09-18 15:37:16,2025-09-18 15:37:16
00490,在无人机操作中，操作员应严格遵守飞行规则和操作手册，以确保飞行安全。（ ）,单选题,飞行安全,中等,2,是,对,错,,,,,对,,超级管理员,2025-09-18 15:37:16,2025-09-18 15:37:16
00491,严于律己在工作场合的表现包括（）。,多选题,飞行安全,中等,3,是,按时完成任务,遵守工作纪律,忽视小错误,主动学习新技能,与同事竞争而非合作,,按时完成任务;遵守工作纪律;主动学习新技能;与同事竞争而非合作,,超级管理员,2025-09-18 15:37:16,2025-09-18 15:37:16
00492,文明生产的首要条件是（）。,单选题,飞行安全,中等,2,是,遵守安全生产规章制度,坚持诚实守信的商业道德,提高产品质量,加强环境保护,,,遵守安全生产规章制度,,超级管理员,2025-09-18 15:37:16,2025-09-18 15:37:16
00493,文明生产要求企业在追求经济效益的同时，也要注重环境保护和社会责任。（）,单选题,飞行安全,中等,2,是,正确,错误,,,,,正确,,超级管理员,2025-09-18 15:37:16,2025-09-18 15:37:16
00494,在无人机生产过程中，（ ）行为符合文明生产的具体要求。,多选题,飞行安全,中等,3,是,保持工作环境整洁有序,随意丢弃生产废料,遵守安全操作规程,忽视设备维护保养,减少噪音和污染排放,,保持工作环境整洁有序;遵守安全操作规程;减少噪音和污染排放,,超级管理员,2025-09-18 15:37:16,2025-09-18 15:37:16
00495,在无人机研发团队中，（ ）属于爱岗敬业的具体表现。,单选题,飞行安全,中等,2,是,积极参与团队协作并提出改进建议,只关注个人任务，不关心团队目标,对工作中的问题视而不见,拒绝学习新知识和技术,,,积极参与团队协作并提出改进建议,,超级管理员,2025-09-18 15:37:16,2025-09-18 15:37:16
00496,无人机行业要求从业者必须持有相应的飞行执照或证书，以确保飞行安全。（）,单选题,飞行安全,中等,2,是,正确,错误,,,,,正确,,超级管理员,2025-09-18 15:37:16,2025-09-18 15:37:16
00497,无人机在飞行前需要进行的准备工作有（）。,多选题,飞行安全,中等,3,是,检查无人机的各项功能是否正常,确认飞行区域和高度是否符合规定,评估天气条件是否适合飞行,无需特别准备，直接起飞,报备飞行计划,,检查无人机的各项功能是否正常;确认飞行区域和高度是否符合规定;评估天气条件是否适合飞行;报备飞行计划,,超级管理员,2025-09-18 15:37:16,2025-09-18 15:37:16
00498,在无人机行业中，（ ）是确保飞行安全的关键要求。,单选题,飞行安全,中等,2,是,提高飞行速度,严格遵守空域管理规定,增加无人机重量,减少电池容量,,,严格遵守空域管理规定,,超级管理员,2025-09-18 15:37:16,2025-09-18 15:37:16
00499,无人机行业的发展需要严格遵守相关法律法规，以确保安全和合规性。（ ）,单选题,飞行安全,中等,2,是,正确,错误,,,,,正确,,超级管理员,2025-09-18 15:37:16,2025-09-18 15:37:16
00500,爱岗敬业对个人职业发展的积极影响包括（）。,多选题,飞行安全,中等,3,是,提升职业满意度,增强工作动力,提高工作效率,促进职业晋升,忽视团队合作,,提升职业满意度;增强工作动力;提高工作效率;促进职业晋升,,超级管理员,2025-09-18 15:37:16,2025-09-18 15:37:16
00501,无人机系统的基本组成部分包括（ ）。,单选题,飞行原理,中等,2,是,飞控系统、动力系统、导航系统,飞控系统、动力系统、娱乐系统,动力系统、导航系统、音响系统,飞控系统、音响系统、娱乐系统,,,飞控系统、动力系统、导航系统,,超级管理员,2025-09-18 15:37:16,2025-09-18 15:37:16
00502,无人机导航系统中，（ ）技术用于定位和导航。,单选题,飞行原理,中等,2,是,超声波传感器,GPS模块,红外传感器,摄像头,,,GPS模块,,超级管理员,2025-09-18 15:37:16,2025-09-18 15:37:16
00503,无人机动力系统中的电机类型通常是（ ）。,单选题,飞行原理,中等,2,是,直流电机,交流电机,步进电机,伺服电机,,,直流电机,,超级管理员,2025-09-18 15:37:16,2025-09-18 15:37:16
00504,在无人机操控中，（ ）是控制无人机上升和下降的主要操作。,单选题,飞行原理,中等,2,是,调节油门,调节方向舵,调节副翼,调节升降舵,,,调节油门,,超级管理员,2025-09-18 15:37:16,2025-09-18 15:37:16
00505,在无人机飞行中，（ ）操作可以控制无人机的前后移动。,单选题,飞行原理,中等,2,是,调节油门,调节副翼,调节方向舵,调节升降舵,,,调节升降舵,,超级管理员,2025-09-18 15:37:16,2025-09-18 15:37:16
00506,无人机在悬停时，（ ）操作是保持稳定的关键。,单选题,飞行原理,中等,2,是,快速移动摇杆,微调油门和姿态,关闭遥控器,增加飞行速度,,,微调油门和姿态,,超级管理员,2025-09-18 15:37:16,2025-09-18 15:37:16
00507,在航空气象中，（ ）天气现象对无人机飞行影响最大。,单选题,飞行原理,中等,2,是,晴天,大风,轻微雾霾,低云层,,,大风,,超级管理员,2025-09-18 15:37:16,2025-09-18 15:37:17
00508,在航空气象中，（ ）是判断能见度的重要指标。,单选题,飞行原理,中等,2,是,风速,云高,大气压力,雾或霾的浓度,,,雾或霾的浓度,,超级管理员,2025-09-18 15:37:16,2025-09-18 15:37:17
00509,（ ）是无人机产生升力的关键因素。,单选题,飞行原理,中等,2,是,螺旋桨的旋转速度,电池容量,机身重量,摄像头分辨率,,,螺旋桨的旋转速度,,超级管理员,2025-09-18 15:37:16,2025-09-18 15:37:17
00510,飞行原理中，（）是描述空气对机翼产生升力的主要理论。,单选题,飞行原理,中等,2,是,牛顿第一定律,伯努利定理,热力学第二定律,欧姆定律,,,伯努利定理,,超级管理员,2025-09-18 15:37:16,2025-09-18 15:37:17
00511,在无人机通信系统中，（ ）技术常用于远程控制和数据传输。,单选题,飞行原理,中等,2,是,蓝牙,Wi-Fi,无线电频率（RF）,红外线,,,无线电频率（RF）,,超级管理员,2025-09-18 15:37:16,2025-09-18 15:37:17
00512,在无人机通信中，（ ）干扰可能影响信号稳定性。,单选题,飞行原理,中等,2,是,低湿度,高温,电磁干扰,低风速,,,电磁干扰,,超级管理员,2025-09-18 15:37:16,2025-09-18 15:37:17
00513,（ ）是无人机实现自主导航的关键技术。,单选题,飞行原理,中等,2,是,电池容量,飞控算法,摄像头分辨率,螺旋桨尺寸,,,飞控算法,,超级管理员,2025-09-18 15:37:16,2025-09-18 15:37:17
00514,（ ）导航方式适合在GPS信号弱的环境中使用。,单选题,飞行原理,中等,2,是,惯性导航系统（INS）,纯GPS导航,红外导航,蓝牙导航,,,惯性导航系统（INS）,,超级管理员,2025-09-18 15:37:16,2025-09-18 15:37:17
00515,在无人机测试飞行中，（ ）是确保飞行安全的关键操作。,单选题,飞行原理,中等,2,是,随意选择飞行区域,保持无人机在视距范围内飞行,忽略天气条件,快速起飞以节省时间,,,保持无人机在视距范围内飞行,,超级管理员,2025-09-18 15:37:16,2025-09-18 15:37:17
00516,在无人机测试飞行中，（ ）是防止碰撞的重要措施。,单选题,飞行原理,中等,2,是,关闭避障系统,保持高速飞行,启用避障功能并观察周围环境,忽略飞行区域内的障碍物,,,启用避障功能并观察周围环境,,超级管理员,2025-09-18 15:37:16,2025-09-18 15:37:17
00517,在无人机故障检测中，（ ）是判断电机故障的常见方法。,单选题,飞行原理,中等,2,是,检查电池电量,监听电机异响或观察转速异常,测试摄像头分辨率,检查遥控器信号强度,,,监听电机异响或观察转速异常,,超级管理员,2025-09-18 15:37:16,2025-09-18 15:37:17
00518,在无人机故障检测中，（ ）是判断GPS模块故障的关键步骤。,单选题,飞行原理,中等,2,是,检查摄像头画面,测试GPS信号强度和定位精度,观察螺旋桨转速,检查遥控器电量,,,测试GPS信号强度和定位精度,,超级管理员,2025-09-18 15:37:16,2025-09-18 15:37:17
00519,在无人机故障维修中，（ ）是更换螺旋桨时的正确操作。,单选题,飞行原理,中等,2,是,随意安装螺旋桨，无需区分方向,忽略螺旋桨的损坏程度,使用胶水固定螺旋桨,确保螺旋桨安装方向与电机旋转方向匹配,,,确保螺旋桨安装方向与电机旋转方向匹配,,超级管理员,2025-09-18 15:37:16,2025-09-18 15:37:17
00520,在无人机故障维修中，（ ）是修复GPS模块故障的正确方法。,单选题,飞行原理,中等,2,是,拆卸GPS模块并随意安装,忽略GPS信号丢失问题,检查GPS天线连接是否正常，必要时更换模块,将GPS模块暴露在强磁场中,,,检查GPS天线连接是否正常，必要时更换模块,,超级管理员,2025-09-18 15:37:16,2025-09-18 15:37:17
00521,在机械制图中，尺寸标注应尽量清晰、准确，避免重复标注。（ ）,单选题,结构组成,中等,2,是,对,错,,,,,对,,超级管理员,2025-09-18 15:37:16,2025-09-18 15:37:17
00522,机械制图中的尺寸标注不需要考虑加工工艺的要求。（ ）,单选题,结构组成,中等,2,是,对,错,,,,,错,,超级管理员,2025-09-18 15:37:16,2025-09-18 15:37:17
00523,在机械制图中，剖视图可以省略不必要的虚线以增强图纸的清晰度。（ ）,单选题,结构组成,中等,2,是,对,错,,,,,对,,超级管理员,2025-09-18 15:37:16,2025-09-18 15:37:17
00524,在机械设计中，材料的强度是选择材料时需要考虑的重要因素之一。（ ）,单选题,结构组成,中等,2,是,对,错,,,,,对,,超级管理员,2025-09-18 15:37:16,2025-09-18 15:37:17
00525,机械加工中的切削速度与刀具寿命无关。（ ）,单选题,结构组成,中等,2,是,对,错,,,,,错,,超级管理员,2025-09-18 15:37:16,2025-09-18 15:37:17
00526,机械设计中的标准化零件可以降低生产成本并提高生产效率。（ ）,单选题,结构组成,中等,2,是,对,错,,,,,对,,超级管理员,2025-09-18 15:37:16,2025-09-18 15:37:17
00527,机械传动中的齿轮传动效率通常低于带传动。（ ）,单选题,结构组成,中等,2,是,对,错,,,,,错,,超级管理员,2025-09-18 15:37:16,2025-09-18 15:37:17
00528,材料的硬度越高，其耐磨性通常越好。（ ）,单选题,结构组成,中等,2,是,对,错,,,,,对,,超级管理员,2025-09-18 15:37:16,2025-09-18 15:37:17
00529,材料的韧性是指材料在断裂前吸收能量的能力。（ ）,单选题,结构组成,中等,2,是,对,错,,,,,对,,超级管理员,2025-09-18 15:37:16,2025-09-18 15:37:17
00530,复合材料是由两种或两种以上不同性质的材料组合而成。（ ）,单选题,结构组成,中等,2,是,对,错,,,,,对,,超级管理员,2025-09-18 15:37:16,2025-09-18 15:37:17
00531,塑料材料的导电性通常优于金属材料。（ ）,单选题,结构组成,中等,2,是,对,错,,,,,错,,超级管理员,2025-09-18 15:37:16,2025-09-18 15:37:17
00532,无人机的机身材料需要具备轻质和高强度的特性。（ ）,单选题,结构组成,中等,2,是,对,错,,,,,对,,超级管理员,2025-09-18 15:37:16,2025-09-18 15:37:17
00533,无人机的螺旋桨设计不需要考虑空气动力学原理。（ ）,单选题,结构组成,中等,2,是,对,错,,,,,错,,超级管理员,2025-09-18 15:37:16,2025-09-18 15:37:17
00534,无人机的电机座主要用于固定电机并传递动力。（ ）,单选题,结构组成,中等,2,是,对,错,,,,,对,,超级管理员,2025-09-18 15:37:16,2025-09-18 15:37:17
00535,游标卡尺只能用于测量长度，无法测量深度或内径。（ ）,单选题,结构组成,中等,2,是,对,错,,,,,错,,超级管理员,2025-09-18 15:37:16,2025-09-18 15:37:17
00536,在无人机机械装配中，使用普通螺丝刀即可满足所有螺丝拧紧的力矩要求。（ ）,单选题,结构组成,中等,2,是,对,错,,,,,错,,超级管理员,2025-09-18 15:37:16,2025-09-18 15:37:17
00537,在无人机机械装配工艺中，优化装配流程可以提高效率并降低成本。（ ）,单选题,结构组成,中等,2,是,对,错,,,,,对,,超级管理员,2025-09-18 15:37:16,2025-09-18 15:37:17
00538,在无人机机械装配工艺中，装配顺序对装配效率没有影响。（ ）,单选题,结构组成,中等,2,是,对,错,,,,,错,,超级管理员,2025-09-18 15:37:16,2025-09-18 15:37:17
00539,在无人机机械装配中，保持工作区域整洁可以减少安全隐患。（ ）,单选题,结构组成,中等,2,是,对,错,,,,,对,,超级管理员,2025-09-18 15:37:16,2025-09-18 15:37:17
00540,在无人机机械装配中，佩戴防护手套可以防止手部受伤。（ ）,单选题,结构组成,中等,2,是,对,错,,,,,对,,超级管理员,2025-09-18 15:37:16,2025-09-18 15:37:17
00541,二极管具有单向导电性，只能允许电流从一个方向通过。（ ）,单选题,控制算法,中等,2,是,对,错,,,,,对,,超级管理员,2025-09-18 15:37:16,2025-09-18 15:37:17
00542,欧姆定律描述了电流、电压和电阻之间的关系。（ ）,单选题,控制算法,中等,2,是,对,错,,,,,对,,超级管理员,2025-09-18 15:37:16,2025-09-18 15:37:17
00543,在电子电路中，（ ）元件可以用于放大信号。,多选题,控制算法,中等,3,是,电阻,电容,晶体管,运算放大器,电感,,晶体管;运算放大器,,超级管理员,2025-09-18 15:37:16,2025-09-18 15:37:17
00544,在电气识图中，电容符号通常用两条平行线表示。（ ）,单选题,控制算法,中等,2,是,对,错,,,,,对,,超级管理员,2025-09-18 15:37:16,2025-09-18 15:37:17
00545,在电气识图中，开关符号通常用一个圆圈和一条斜线表示。（ ）,单选题,控制算法,中等,2,是,对,错,,,,,错,,超级管理员,2025-09-18 15:37:16,2025-09-18 15:37:17
00546,在电气识图中，（ ）符号代表电气设备的基本元件。,多选题,控制算法,中等,3,是,电阻,电容,电感,二极管,三极管,,电阻;电容;电感;二极管;三极管,,超级管理员,2025-09-18 15:37:16,2025-09-18 15:37:17
00547,电气原理图中，（ ）符号表示电源元件。,多选题,控制算法,中等,3,是,电池,发电机,电容,电阻,变压器,,电池;发电机;变压器,,超级管理员,2025-09-18 15:37:16,2025-09-18 15:37:17
00548,传感器的灵敏度是指输出信号变化量与输入信号变化量的比值。（ ）,单选题,控制算法,中等,2,是,对,错,,,,,对,,超级管理员,2025-09-18 15:37:16,2025-09-18 15:37:17
00549,传感器的线性度是指输出信号与输入信号之间的线性关系程度，线性度越高，传感器的精度越低。（ ）,单选题,控制算法,中等,2,是,对,错,,,,,错,,超级管理员,2025-09-18 15:37:16,2025-09-18 15:37:17
00550,（ ）因素会影响传感器的性能。,多选题,控制算法,中等,3,是,温度,湿度,电磁干扰,电源电压波动,传感器的安装位置,,温度;湿度;电磁干扰;电源电压波动;传感器的安装位置,,超级管理员,2025-09-18 15:37:16,2025-09-18 15:37:17
00551,（ ）传感器可以用于无人机的姿态测量。,多选题,控制算法,中等,3,是,加速度传感器,陀螺仪传感器,磁力计,温度传感器,湿度传感器,,加速度传感器;陀螺仪传感器;磁力计,,超级管理员,2025-09-18 15:37:16,2025-09-18 15:37:17
00552,万用表可以用于测量电压、电流和电阻，但不能测量电容。（ ）,单选题,控制算法,中等,2,是,对,错,,,,,错,,超级管理员,2025-09-18 15:37:16,2025-09-18 15:37:17
00553,在无人机电气安装中，使用热缩管可以保护电线接头并防止短路。（ ）,单选题,控制算法,中等,2,是,对,错,,,,,对,,超级管理员,2025-09-18 15:37:16,2025-09-18 15:37:17
00554,在无人机电气安装中，（ ）仪器可以用于测量电流。,多选题,控制算法,中等,3,是,万用表,示波器,电流钳,逻辑分析仪,温度计,,万用表;电流钳,,超级管理员,2025-09-18 15:37:16,2025-09-18 15:37:17
00555,在无人机电气安装中，（ ）工具可以用于焊接电子元件。,多选题,控制算法,中等,3,是,电烙铁,剥线钳,螺丝刀,热风枪,焊锡丝,,电烙铁;热风枪;焊锡丝,,超级管理员,2025-09-18 15:37:16,2025-09-18 15:37:17
00556,在无人机电气安装工艺中，接地设计的主要目的是提高电路的抗干扰能力和安全性。（ ）,单选题,控制算法,中等,2,是,对,错,,,,,对,,超级管理员,2025-09-18 15:37:16,2025-09-18 15:37:17
00557,在无人机电气安装工艺中，（ ）是电线布线的基本原则。,多选题,控制算法,中等,3,是,电线接头无需绝缘保护,电线应尽量短且直,电线应与机械运动部件保持距离,电线应固定牢固，避免松动,电线可以随意交叉,,电线应尽量短且直;电线应与机械运动部件保持距离;电线应固定牢固，避免松动,,超级管理员,2025-09-18 15:37:16,2025-09-18 15:37:17
00558,在无人机电气安装工艺中，（ ）工具是焊接电线接头时必需。,多选题,控制算法,中等,3,是,螺丝刀,电烙铁,热风枪,焊锡丝,剥线钳,,电烙铁;焊锡丝;剥线钳,,超级管理员,2025-09-18 15:37:16,2025-09-18 15:37:17
00559,在固定翼无人机的电气系统安装中，（）措施有助于提高电气系统的安全性和可靠性。,多选题,控制算法,中等,3,是,使用合适的线径以确保电流传输能力,在电气设备周围安装防护罩以防止异物接触,定期校准飞控系统以确保飞行安全,使用防水胶带对电气接口进行密封处理,安装避雷装置以防止雷击损坏电气系统,,使用合适的线径以确保电流传输能力;在电气设备周围安装防护罩以防止异物接触;使用防水胶带对电气接口进行密封处理;安装避雷装置以防止雷击损坏电气系统,,超级管理员,2025-09-18 15:37:16,2025-09-18 15:37:17
00560,在无人机电气安装中，为了确保安全防护，所有的电线和电缆都应当尽可能地紧贴结构框架布置，并且用扎带或其他固定装置每隔一段距离进行固定。此外，所有电气连接点都必须使用防水接头，即使是在预期不会接触到水的环境中。（）,单选题,控制算法,中等,2,是,对,错,,,,,错,,超级管理员,2025-09-18 15:37:16,2025-09-18 15:37:17
00561,在操作系统中，（ ）是负责管理内存分配和回收的模块。,单选题,传感器融合,中等,2,是,文件系统,进程管理,内存管理,设备管理,,,内存管理,,超级管理员,2025-09-18 15:37:16,2025-09-18 15:37:17
00562,在网络通信中，（ ）协议用于将域名解析为IP地址。,单选题,传感器融合,中等,2,是,HTTP,FTP,DNS,TCP,,,DNS,,超级管理员,2025-09-18 15:37:16,2025-09-18 15:37:17
00563,在网络通信中，（ ）是用于确保数据传输可靠性的协议。,单选题,传感器融合,中等,2,是,HTTP,UDP,DNS,TCP,,,TCP,,超级管理员,2025-09-18 15:37:16,2025-09-18 15:37:17
00564,在计算机安全中，（ ）是防止未经授权访问系统的有效方法。,单选题,传感器融合,中等,2,是,使用弱密码,启用防火墙,关闭系统更新,忽略数据备份,,,启用防火墙,,超级管理员,2025-09-18 15:37:16,2025-09-18 15:37:17
00565,在无人机调试软件中，（ ）功能用于更新无人机的固件。,单选题,传感器融合,中等,2,是,传感器校准,飞行日志下载,固件升级,软件升级,,,固件升级,,超级管理员,2025-09-18 15:37:16,2025-09-18 15:37:17
00566,无人机地面站的主要功能包括对无人机飞行数据的监测接收存储和回放。模块不属于无人机地面站的系统结构的是（ ）。,单选题,传感器融合,中等,2,是,通信模块,数据显示模块,历史数据回放模块,机械维护模块,,,机械维护模块,,超级管理员,2025-09-18 15:37:16,2025-09-18 15:37:17
00567,在无人机地面站的通信模块中，通信方式被用于地面站与数传电台的通信的是（ ）。,单选题,传感器融合,中等,2,是,USB通信,RS-232串行通信,蓝牙通信,Wi-Fi通信,,,RS-232串行通信,,超级管理员,2025-09-18 15:37:16,2025-09-18 15:37:17
00568,在Microsoft Excel中，功能用于快速填充序列的是（ ）。,单选题,传感器融合,中等,2,是,自动求和,条件格式,自动填充,排序,,,自动填充,,超级管理员,2025-09-18 15:37:16,2025-09-18 15:37:17
00569,在Microsoft Word中，快捷键用于保存文档的是（ ）。,单选题,传感器融合,中等,2,是,Ctrl + S,Ctrl + P,Ctrl + V,Ctrl + X,,,Ctrl + S,,超级管理员,2025-09-18 15:37:16,2025-09-18 15:37:17
00570,在Microsoft PowerPoint中，功能用于添加动画效果的是（ ）。,单选题,传感器融合,中等,2,是,设计 > 动画,动画 > 添加动画,插入 > 动画,幻灯片放映 > 动画,,,动画 > 添加动画,,超级管理员,2025-09-18 15:37:16,2025-09-18 15:37:17
00571,（ ）不是劳动法保障的基本权益。,单选题,飞行安全,中等,2,是,工资福利,安全与健康,合同自由,工时休假,,,合同自由,,超级管理员,2025-09-18 15:37:16,2025-09-18 15:37:17
00572,劳动法规定，每周工作时间不超过（ ）小时。,单选题,飞行安全,中等,2,是,40小时,44小时,48小时,52小时,,,44小时,,超级管理员,2025-09-18 15:37:16,2025-09-18 15:37:17
00573,事故原因属于管理缺陷的是（ ）。,单选题,飞行安全,中等,2,是,安全教育不足,冒险进入危险场所,个人防护用品缺陷,作业场所狭窄,,,安全教育不足,,超级管理员,2025-09-18 15:37:16,2025-09-18 15:37:17
00574,劳动合同的解除应当提前（ ）天通知对方。,单选题,飞行安全,中等,2,是,15天,30天,45天,60天,,,30天,,超级管理员,2025-09-18 15:37:16,2025-09-18 15:37:17
00575,根据《中华人民共和国安全生产法》，生产经营单位的主要负责人对本单位的安全生产工作全面负责，（ ）不是其职责。,单选题,飞行安全,中等,2,是,建立、健全本单位安全生产责任制,组织制定本单位安全生产规章制度和操作规程,保证本单位安全生产投入的有效实施,亲自进行每一次安全检查,,,亲自进行每一次安全检查,,超级管理员,2025-09-18 15:37:16,2025-09-18 15:37:17
00576,安全生产中的“三同时”制度指的是（ ）。,单选题,飞行安全,中等,2,是,同时设计、同时施工、同时投入生产和使用,同时设计、同时施工、同时验收,同时设计、同时投入生产和使用、同时维护,同时施工、同时投入生产和使用、同时验收,,,同时设计、同时施工、同时投入生产和使用,,超级管理员,2025-09-18 15:37:16,2025-09-18 15:37:17
00577,安全生产中的“三级安全教育”包括（ ）内容。,单选题,飞行安全,中等,2,是,厂级安全教育、车间级安全教育、班组安全教育,厂级安全教育、车间级安全教育、岗位安全教育,厂级安全教育、班组安全教育、个人安全教育,车间级安全教育、班组安全教育、岗位安全教育,,,厂级安全教育、车间级安全教育、班组安全教育,,超级管理员,2025-09-18 15:37:16,2025-09-18 15:37:17
00578,（ ）污染物是导致酸雨的主要原因。,单选题,飞行安全,中等,2,是,二氧化碳 (CO₂),二氧化硫 (SO₂),甲烷 (CH₄),氮氧化物 (NOₓ),,,二氧化硫 (SO₂),,超级管理员,2025-09-18 15:37:16,2025-09-18 15:37:17
00579,（ ）方法可以有效减少塑料污染。,单选题,飞行安全,中等,2,是,增加塑料袋的使用,推广使用一次性塑料制品,回收利用塑料制品,增加塑料生产,,,回收利用塑料制品,,超级管理员,2025-09-18 15:37:16,2025-09-18 15:37:17
00580,根据《中华人民共和国环境保护法》，（ ）是企业事业单位和其他生产经营者应当履行的义务。,单选题,飞行安全,中等,2,是,破坏环境,缴纳环境保护税,不公布环境信息,排放污染超标污水,,,缴纳环境保护税,,超级管理员,2025-09-18 15:37:16,2025-09-18 15:37:17
00581,《中华人民共和国劳动法》规定，劳动者享有平等就业和选择职业的权利、取得劳动报酬的权利、休息休假的权利、获得劳动安全卫生保护的权利、接受职业技能培训的权利、享受社会保险和福利的权利、提请劳动争议处理的权利以及法律规定的其他劳动权利。（）,单选题,法规法律,中等,2,是,对,错,,,,,对,,超级管理员,2025-09-18 15:37:16,2025-09-18 15:37:17
00582,《中华人民共和国劳动合同法》规定，劳动者在试用期内可以随时通知用人单位解除劳动合同，无需提前通知。(),单选题,法规法律,中等,2,是,对,错,,,,,错,,超级管理员,2025-09-18 15:37:16,2025-09-18 15:37:17
00583,《中华人民共和国安全生产法》规定，生产经营单位的从业人员有权了解其作业场所和工作岗位存在的危险因素、防范措施及事故应急措施，有权对本单位的安全生产工作提出建议。（）,单选题,法规法律,中等,2,是,对,错,,,,,对,,超级管理员,2025-09-18 15:37:16,2025-09-18 15:37:17
00584,《中华人民共和国环境保护法》规定，企业事业单位和其他生产经营者应当防止、减少环境污染和生态破坏，对所造成的损害依法承担责任。（）,单选题,法规法律,中等,2,是,对,错,,,,,对,,超级管理员,2025-09-18 15:37:16,2025-09-18 15:37:17
00585,产品质量应当检验合格，特殊情况下“处理品”可以代表合格产品销售。（）,单选题,法规法律,中等,2,是,对,错,,,,,错,,超级管理员,2025-09-18 15:37:16,2025-09-18 15:37:17
00586,《中华人民共和国民用航空法》修订征求意见稿明确了14种危及民用航空安全和秩序的非法干扰行为。(),单选题,法规法律,中等,2,是,对,错,,,,,对,,超级管理员,2025-09-18 15:37:16,2025-09-18 15:37:17
00587,通用航空飞行管制条例》规定，所有飞行必须预先提出申请，经批准后方可实施，以确保飞行安全。（）,单选题,法规法律,中等,2,是,对,错,,,,,对,,超级管理员,2025-09-18 15:37:16,2025-09-18 15:37:17
00588,《民用航空安全管理规定》(CCAR-398)自2018年3月16日起施行，规定了国内民用航空生产经营活动的安全管理要求，适用于民用航空产品型号设计或者制造单位。（）,单选题,法规法律,中等,2,是,对,错,,,,,对,,超级管理员,2025-09-18 15:37:16,2025-09-18 15:37:17
00589,根据《民用无人机驾驶员管理规定》，无人机驾驶员在飞行前必须进行充分的准备，包括检查无人机的设备状态和飞行环境。（）,单选题,法规法律,中等,2,是,对,错,,,,,对,,超级管理员,2025-09-18 15:37:16,2025-09-18 15:37:17
00590,《民用无人驾驶航空器实名制登记管理规定》要求所有民用无人机，无论重量大小，都必须进行实名登记。（）,单选题,法规法律,中等,2,是,对,错,,,,,错,,超级管理员,2025-09-18 15:37:16,2025-09-18 15:37:17
00591,（）是指电源在单位时间内电路元件上能量的最大变化量，是具有大小及正负的物理量‌。,单选题,结构组成,中等,2,是,发动机的最大功率,发动机的燃油消耗率,发动机的使用寿命,发动机的重量,,,发动机的最大功率,,超级管理员,2025-09-18 15:37:16,2025-09-18 15:37:17
00592,在选择无人机活塞发动机时，（）不是选型时需要考虑的。,单选题,结构组成,中等,2,是,发动机的功率与重量比,发动机的冷却方式,发动机的燃料类型,发动机的品牌知名度,,,发动机的品牌知名度,,超级管理员,2025-09-18 15:37:16,2025-09-18 15:37:17
00593,活塞发动机选型时，（ ）设计参数会影响发动机的性能的是。,多选题,结构组成,中等,3,是,点火提前角,压缩比,气缸直径,活塞行程,燃油喷射系统,,点火提前角;压缩比;气缸直径;活塞行程;燃油喷射系统,,超级管理员,2025-09-18 15:37:16,2025-09-18 15:37:17
00594,在燃气涡轮发动机选型中，（）因素不是最重要的。,单选题,结构组成,中等,2,是,性能要求,维护费用,飞行高度,价格,,,价格,,超级管理员,2025-09-18 15:37:16,2025-09-18 15:37:17
00595,在选择燃气涡轮发动机时，在选型过程中的重要性相对较低的参数是（）。,单选题,结构组成,中等,2,是,发动机的推力与重量比,发动机的耗油率,发动机的可靠性与维护性,发动机制造商的广告宣传力度,,,发动机制造商的广告宣传力度,,超级管理员,2025-09-18 15:37:16,2025-09-18 15:37:17
00596,在选择无人机燃气涡轮发动机时，（）因素是需要重点考虑的。,多选题,结构组成,中等,3,是,发动机的重量与功率比,燃油效率与续航能力,发动机的可靠性与维护性,飞行高度与速度要求,成本与预算限制,,发动机的重量与功率比;燃油效率与续航能力;发动机的可靠性与维护性;飞行高度与速度要求;成本与预算限制,,超级管理员,2025-09-18 15:37:16,2025-09-18 15:37:17
00597,在选择适合无人机应用的燃气涡轮发动机时，（）环境因素需要被纳入考量。,多选题,结构组成,中等,3,是,飞行环境的温度与气压,湿度与降水情况,盐雾与沙尘等腐蚀性环境,电磁干扰与辐射环境,飞行区域的地理特征与障碍物情况,,飞行环境的温度与气压;湿度与降水情况;盐雾与沙尘等腐蚀性环境,,超级管理员,2025-09-18 15:37:16,2025-09-18 15:37:17
00598,在选择直升机自动倾斜器（十字盘）时，（）不是选型过程中主要考虑的技术指标。,单选题,结构组成,中等,2,是,倾斜器的材料强度和耐久性,倾斜器的运动范围和响应速度,倾斜器的制造难度和成本,倾斜器的外观设计和颜色搭配,,,倾斜器的外观设计和颜色搭配,,超级管理员,2025-09-18 15:37:16,2025-09-18 15:37:17
00599,关于直升机自动倾斜器（十字盘）的选型，说法错误的是（）。,单选题,结构组成,中等,2,是,根据直升机的用途和性能要求确定倾斜器的类型和规格,倾斜器的结构设计和材料选择应考虑到重量和强度要求,倾斜器的响应速度越快，直升机的操纵稳定性就越好,倾斜器的选型只与直升机的飞行控制系统有关，与其他系统无关,,,倾斜器的选型只与直升机的飞行控制系统有关，与其他系统无关,,超级管理员,2025-09-18 15:37:16,2025-09-18 15:37:17
00600,无人直升机自动倾斜器（十字盘）的选型过程中，（）性能指标对飞行性能有直接影响。,多选题,结构组成,中等,3,是,倾斜角度范围与精度，影响无人直升机的俯仰和滚转控制,十字盘的刚度与稳定性，防止在高速飞行或强风条件下产生过大振动,十字盘的重量与转动惯量，影响无人直升机的加速性能和能耗,十字盘的润滑与冷却系统，确保长时间运行的可靠性和耐久性,十字盘的控制逻辑与算法，实现精准、快速的飞行姿态调整,,倾斜角度范围与精度，影响无人直升机的俯仰和滚转控制;十字盘的刚度与稳定性，防止在高速飞行或强风条件下产生过大振动;十字盘的重量与转动惯量，影响无人直升机的加速性能和能耗;十字盘的润滑与冷却系统，确保长时间运行的可靠性和耐久性,,超级管理员,2025-09-18 15:37:16,2025-09-18 15:37:17
00601,无人直升机自动倾斜器（十字盘）的选型还需考虑其与其他系统的集成性，()是需要特别关注的。,多选题,结构组成,中等,3,是,飞行控制系统,动力系统（发动机与传动装置）,旋翼系统（包括桨叶与桨毂）,导航系统,通信系统,,飞行控制系统;动力系统（发动机与传动装置）;旋翼系统（包括桨叶与桨毂）,,超级管理员,2025-09-18 15:37:16,2025-09-18 15:37:18
00602,在齿轮传动中，选择齿数的方法是（）。,单选题,结构组成,中等,2,是,根据载荷情况选择,根据转速选择,根据中心距选择,根据齿面接触强度选择,,,根据中心距选择,,超级管理员,2025-09-18 15:37:16,2025-09-18 15:37:18
00603,在选择无人直升机齿轮时，（）因素是需要重点考虑的。,多选题,结构组成,中等,3,是,齿轮的材质与强度,齿轮的传动效率与功率损失,齿轮的尺寸、重量与空间适应性,齿轮的润滑与冷却方式,齿轮的噪声与振动特性,,齿轮的材质与强度;齿轮的传动效率与功率损失;齿轮的尺寸、重量与空间适应性;齿轮的润滑与冷却方式;齿轮的噪声与振动特性,,超级管理员,2025-09-18 15:37:16,2025-09-18 15:37:18
00604,在皮带传动系统中，若需要皮带具有高度的耐磨性、较小的伸长率和良好的柔韧性，选型时应当重点考虑的因素是（）。,单选题,结构组成,中等,2,是,皮带的厚度,皮带的颜色,皮带的材料,皮带的齿形,,,皮带的材料,,超级管理员,2025-09-18 15:37:16,2025-09-18 15:37:18
00605,在选择无人直升机皮带时，（）因素是需要重点考虑的。,多选题,结构组成,中等,3,是,皮带的材质与耐久性,皮带的传动效率与功率损失,皮带的长度、宽度与厚度,皮带的张紧与调整方式,皮带的耐高温与耐腐蚀性,,皮带的材质与耐久性;皮带的传动效率与功率损失;皮带的长度、宽度与厚度;皮带的张紧与调整方式;皮带的耐高温与耐腐蚀性,,超级管理员,2025-09-18 15:37:16,2025-09-18 15:37:18
00606,在进行主旋翼选型时，（ ）因素对旋翼的升力影响最大的是。,单选题,结构组成,中等,2,是,旋翼的直径,旋翼的升力系数,旋翼的材料,旋翼的桨叶数量,,,旋翼的升力系数,,超级管理员,2025-09-18 15:37:16,2025-09-18 15:37:18
00607,在选择无人直升机主旋翼时，（）是需要重点考虑的。,多选题,结构组成,中等,3,是,旋翼的材质与重量,旋翼的气动性能与升力效率,旋翼的刚度与强度,旋翼的桨叶数量与布局,旋翼的维护与更换便捷性,,旋翼的材质与重量;旋翼的气动性能与升力效率;旋翼的刚度与强度;旋翼的桨叶数量与布局;旋翼的维护与更换便捷性,,超级管理员,2025-09-18 15:37:16,2025-09-18 15:37:18
00608,在尾旋翼选型中，（ ）尾翼类型在俯视和侧视方向都有一定的投影面积，能同时起纵向（俯仰）和航向稳定作用的是。,单选题,结构组成,中等,2,是,V型尾翼,T型尾翼,H型尾翼,十字型尾翼,,,V型尾翼,,超级管理员,2025-09-18 15:37:16,2025-09-18 15:37:18
00609,在尾旋翼选型中，（ ）设计参数会影响尾旋翼的效率的是。,多选题,结构组成,中等,3,是,尾旋翼的桨叶弦长,尾旋翼的桨叶后掠角,尾旋翼的桨叶展弦比,尾旋翼的桨叶根梢比,尾旋翼的桨叶扭转角,,尾旋翼的桨叶弦长;尾旋翼的桨叶后掠角;尾旋翼的桨叶展弦比;尾旋翼的桨叶根梢比;尾旋翼的桨叶扭转角,,超级管理员,2025-09-18 15:37:16,2025-09-18 15:37:18
00610,在尾旋翼选型中，（）可以有效减少旋翼间的气动干扰，从而降低直升机的振动和噪声。,单选题,结构组成,中等,2,是,增加尾旋翼的直径,增加尾旋翼的直径,增加尾旋翼的桨叶数量,采用更大的尾翼,,,增加尾旋翼的直径,,超级管理员,2025-09-18 15:37:16,2025-09-18 15:37:18
00611,在尾旋翼选型中，（）可以有效提升尾旋翼在瞬态飞行环境下的计算稳定性和效率。,单选题,结构组成,中等,2,是,增加尾旋翼的功率,采用涡黏性修正方法,增加尾旋翼的材料强度,采用更大的尾翼,,,采用涡黏性修正方法,,超级管理员,2025-09-18 15:37:16,2025-09-18 15:37:18
00612,在尾旋翼选型中，（）设计可以有效提升尾旋翼在稳定悬停状态下的气动表现。,多选题,结构组成,中等,3,是,增加尾旋翼的直径,采用交叉双旋翼设计,采用涡黏性修正方法,采用桨根环量抑制技术,采用远尾迹桨尖脱落涡合并方法,,采用交叉双旋翼设计;采用涡黏性修正方法;采用桨根环量抑制技术;采用远尾迹桨尖脱落涡合并方法,,超级管理员,2025-09-18 15:37:16,2025-09-18 15:37:18
00613,在垂直起降固定翼无人机起飞着陆系统中，不是必需的传感器是（）。,单选题,结构组成,中等,2,是,惯性导航系统,雷达高度计,陀螺仪,GPS,,,GPS,,超级管理员,2025-09-18 15:37:16,2025-09-18 15:37:18
00614,在选择垂直起降固定翼无人机的起飞着陆系统时，应作为首要考虑的因素是（）。,单选题,结构组成,中等,2,是,系统的复杂性与维护成本,无人机载重与飞行性能需求,起飞和着陆场地的条件限制,系统的重量与能量消耗效率,,,系统的重量与能量消耗效率,,超级管理员,2025-09-18 15:37:16,2025-09-18 15:37:18
00615,垂直起降固定翼无人机起飞着陆系统的设计应满足（）基本要求。,多选题,结构组成,中等,3,是,能够实现垂直起降,具有较高的气动效率,具备良好的操控性,能够适应不同的起飞着陆场地,具有故障检测和处理能力,,能够实现垂直起降;具有较高的气动效率;具备良好的操控性;能够适应不同的起飞着陆场地;具有故障检测和处理能力,,超级管理员,2025-09-18 15:37:16,2025-09-18 15:37:18
00616,在选择垂直起降固定翼无人机起飞着陆系统时，（）性能指标是重要的。,多选题,结构组成,中等,3,是,过渡态持续时间,着陆精度,固定翼模式最小飞行速度,维护和运行成本,垂起模式续航时间,,过渡态持续时间;着陆精度;固定翼模式最小飞行速度;维护和运行成本;垂起模式续航时间,,超级管理员,2025-09-18 15:37:16,2025-09-18 15:37:18
00617,气垫着陆系统的主要优点之一是能够在多种地形上着陆，包括水面。这一系统的附加重量减轻是因为它能够将载运重量分布在机身下表面的宽大区域上。（）描述了气垫着陆系统的这一优点。,单选题,结构组成,中等,2,是,只能在平整地面上着陆,附加重量减轻，具有两栖能力,不能在水面上着陆,需要大型的起落架,,,附加重量减轻，具有两栖能力,,超级管理员,2025-09-18 15:37:16,2025-09-18 15:37:18
00618,气垫着陆系统在水面工作时，可以在两翼下柱支上装上平衡浮筒。（）是气垫着陆系统在水面工作时的辅助设备。,单选题,结构组成,中等,2,是,平衡浮筒,降落伞,滑撬,轮胎,,,平衡浮筒,,超级管理员,2025-09-18 15:37:16,2025-09-18 15:37:18
00619,气垫着陆系统缓冲过程中的关键物理原理包括（）。,多选题,结构组成,中等,3,是,气体的压缩与膨胀,气垫材料的弹性变形,动能与势能的转换,气体流动产生的阻力,热力学效应（如气体加热）,,气体的压缩与膨胀;气垫材料的弹性变形;动能与势能的转换;气体流动产生的阻力,,超级管理员,2025-09-18 15:37:16,2025-09-18 15:37:18
00620,气垫着陆系统在着陆时，通过控制实现平稳着陆的功能是（）。,多选题,结构组成,中等,3,是,调节气垫内的气体压力,调整气垫的表面积或形状,控制着陆速度与方向,利用着陆传感器实时反馈调整,通过外部机械装置辅助缓冲,,调节气垫内的气体压力;调整气垫的表面积或形状;控制着陆速度与方向;利用着陆传感器实时反馈调整,,超级管理员,2025-09-18 15:37:16,2025-09-18 15:37:18
00621,在气垫着陆系统的配型中，（）设计可以有效减少气垫在着陆时的冲击力。,单选题,结构组成,中等,2,是,增加气垫的厚度,减小气垫的厚度,增加气垫的硬度,减小气垫的硬度,,,减小气垫的硬度,,超级管理员,2025-09-18 15:37:16,2025-09-18 15:37:18
00622,在选择气垫着陆系统时，对于确保无人机着陆安全性最为关键的因素是（）。,单选题,结构组成,中等,2,是,气垫的大小与形状，以适应不同着陆场地,气垫材料的耐磨性和抗老化性能,气垫充气速度与压力控制的精确性,气垫系统的重量与无人机整体重量的比例,,,气垫充气速度与压力控制的精确性,,超级管理员,2025-09-18 15:37:16,2025-09-18 15:37:18
00623,在选择气垫着陆系统时，（）因素是需要重点考虑的。,多选题,结构组成,中等,3,是,着陆表面的类型与条件,无人机的重量与尺寸,着陆过程中的冲击力与缓冲要求,系统的重量与功率消耗,维护与更换气垫的便捷性,,着陆表面的类型与条件;无人机的重量与尺寸;着陆过程中的冲击力与缓冲要求;系统的重量与功率消耗;维护与更换气垫的便捷性,,超级管理员,2025-09-18 15:37:16,2025-09-18 15:37:18
00624,在选择适合无人机应用的气垫着陆系统时，（）环境因素需要被纳入考量。,多选题,结构组成,中等,3,是,飞行区域的温度与湿度,着陆表面的硬度与粗糙度,风速与风向对着陆的影响,电磁干扰与通信条件,着陆区域的地形与障碍物情况,,飞行区域的温度与湿度;着陆表面的硬度与粗糙度;风速与风向对着陆的影响;着陆区域的地形与障碍物情况,,超级管理员,2025-09-18 15:37:16,2025-09-18 15:37:18
00625,阻拦网回收系统在无人机回收过程中，其主要作用是（）。,单选题,结构组成,中等,2,是,通过弹性网的张力捕获无人机，实现软着陆,利用高速旋转的刀片切割无人机，使其减速,通过气流喷射产生反向推力，降低无人机速度,使用强力磁铁吸附无人机，实现快速回收,,,通过弹性网的张力捕获无人机，实现软着陆,,超级管理员,2025-09-18 15:37:16,2025-09-18 15:37:18
00626,阻拦网回收系统在工作时，主要依赖（）组件实现其功能。,多选题,结构组成,中等,3,是,阻拦网本身,能量吸收装置（如缓冲弹簧或液压阻尼器）,牵引与释放机构,控制系统与传感器,无人机挂载装置,,阻拦网本身;能量吸收装置（如缓冲弹簧或液压阻尼器）;牵引与释放机构;控制系统与传感器,,超级管理员,2025-09-18 15:37:16,2025-09-18 15:37:18
00627,阻拦网回收系统在捕捉无人机时，为了有效地吸收和分散撞击能量，应该（）。,多选题,结构组成,中等,3,是,利用阻拦网的弹性变形,通过能量吸收装置将动能转换为热能或其他形式,增加阻拦网的面积以分散冲击力,调整阻拦网的张紧度以优化能量吸收,利用无人机自身的减速机制,,利用阻拦网的弹性变形;通过能量吸收装置将动能转换为热能或其他形式;增加阻拦网的面积以分散冲击力;调整阻拦网的张紧度以优化能量吸收,,超级管理员,2025-09-18 15:37:16,2025-09-18 15:37:18
00628,在阻拦网回收系统中，（）阶段主要由阻拦网提供阻尼力。,单选题,结构组成,中等,2,是,阶段一,阶段二,阶段三,阶段四,,,阶段一,,超级管理员,2025-09-18 15:37:16,2025-09-18 15:37:18
00629,在选择阻拦网回收系统时，（）因素是需要重点考虑的。,多选题,结构组成,中等,3,是,无人机的类型、重量与尺寸,回收区域的大小与形状,阻拦网的材料、强度与耐久性,能量吸收装置的类型与性能,操作人员的技能水平与培训需求,,无人机的类型、重量与尺寸;回收区域的大小与形状;阻拦网的材料、强度与耐久性;能量吸收装置的类型与性能,,超级管理员,2025-09-18 15:37:16,2025-09-18 15:37:18
00630,在航测遥感系统中，（）平台通常用于获取大范围、长期、连续的监测数据。,单选题,结构组成,中等,2,是,地球同步轨道卫星,极地轨道卫星,航空遥感飞机,人造卫星,,,极地轨道卫星,,超级管理员,2025-09-18 15:37:16,2025-09-18 15:37:18
00631,航测遥感系统中，（）波段不属于大气窗口的5个主要谱段。,单选题,结构组成,中等,2,是,0.3-1.3μm 的紫外、可见光、近红外波段,1.5-2.4μm 的近红外波段,20-100μm 的远红外波段,8-14μm 的远红外波段,,,20-100μm 的远红外波段,,超级管理员,2025-09-18 15:37:16,2025-09-18 15:37:18
00632,摄影测量的航线弯曲度大，则其像片旋角一定大。（）,单选题,结构组成,中等,2,是,对,错,,,,,错,,超级管理员,2025-09-18 15:37:16,2025-09-18 15:37:18
00633,遥感数据的预处理通常包括（）步骤。,多选题,结构组成,中等,3,是,辐射校正,几何校正,光谱增强,数据压缩,图像配准,,辐射校正;几何校正;光谱增强,,超级管理员,2025-09-18 15:37:16,2025-09-18 15:37:18
00634,在植保喷洒系统的选型过程中，对确保作业效率和喷洒均匀性最为关键的因素是（）。,单选题,结构组成,中等,2,是,喷洒喷嘴的类型和布局设计,飞行平台的载重能力和续航能力,喷洒系统的流量控制精度和稳定性,喷洒喷嘴的类型和布局设计,,,喷洒喷嘴的类型和布局设计,,超级管理员,2025-09-18 15:37:16,2025-09-18 15:37:18
00635,在选择植保喷洒系统时，能够最大限度地减少药液漂移和浪费，同时保护操作人员安全的方法是（）。,单选题,结构组成,中等,2,是,选用具有精准风向和风速感知能力的系统,注重系统的密封性和防漏设计,优先选择具有低飘移和低蒸发特性的喷嘴,强调系统对不同种类作物的适应性,,,优先选择具有低飘移和低蒸发特性的喷嘴,,超级管理员,2025-09-18 15:37:16,2025-09-18 15:37:18
00636,植保无人机选择喷洒系统时，喷洒系统容量越大越好。（）,单选题,结构组成,中等,2,是,正确,错误,,,,,错误,,超级管理员,2025-09-18 15:37:16,2025-09-18 15:37:18
00637,为了获得更高的单次作业亩数，所以植保喷洒系统的喷幅越大越好。（）,单选题,结构组成,中等,2,是,正确,错误,,,,,错误,,超级管理员,2025-09-18 15:37:16,2025-09-18 15:37:18
00638,在植保喷洒系统的配型中，以下哪些因素是需要考虑的关键因素？（ ）,多选题,结构组成,中等,3,是,喷洒系统的流量,喷头的类型,药箱的容量,无人机的飞行速度,无人机的飞行高度,,喷洒系统的流量;喷头的类型;药箱的容量;无人机的飞行速度;无人机的飞行高度,,超级管理员,2025-09-18 15:37:16,2025-09-18 15:37:18
00639,在评估机载激光雷达系统时，（）能够最大限度地提高系统在不同地形和气候条件下的适应性。,单选题,结构组成,中等,2,是,激光雷达的多波束扫描能力,系统的高动态范围和低噪声性能,飞行平台的多样性和灵活性,强大的抗干扰和自动校准功能,,,强大的抗干扰和自动校准功能,,超级管理员,2025-09-18 15:37:16,2025-09-18 15:37:18
00640,机载激光雷达系统是完整且独立的机载设备，所以软件平台只需要具备基本的数据处理功能，无需考虑与其他地理信息系统的兼容性。 （）,单选题,结构组成,中等,2,是,正确,错误,,,,,错误,,超级管理员,2025-09-18 15:37:16,2025-09-18 15:37:18
00641,机载激光雷达系统的选型取决于飞行平台的类型，同时需要考不同应用场景的实际精度需求。（）,单选题,结构组成,中等,2,是,正确,错误,,,,,正确,,超级管理员,2025-09-18 15:37:16,2025-09-18 15:37:18
00642,在选择机载激光雷达系统时，（）因素需要考虑以确保系统的适用性。,多选题,结构组成,中等,3,是,飞行平台的类型（如固定翼、直升机、无人机）,作业区域的地形复杂度和植被覆盖情况,所需的测量精度和分辨率,系统的重量和功耗对飞行平台的影响,激光雷达的波长和扫描频率,,飞行平台的类型（如固定翼、直升机、无人机）;作业区域的地形复杂度和植被覆盖情况;所需的测量精度和分辨率;系统的重量和功耗对飞行平台的影响;激光雷达的波长和扫描频率,,超级管理员,2025-09-18 15:37:16,2025-09-18 15:37:18
00643,机载激光雷达系统的性能评估中，指标关键是（）。,多选题,结构组成,中等,3,是,测距精度,扫描速度,扫描角度范围,系统耗电量,系统的稳定性和可靠性,,测距精度;扫描速度;扫描角度范围;系统的稳定性和可靠性,,超级管理员,2025-09-18 15:37:16,2025-09-18 15:37:18
00644,在物流运载系统的选型过程中，（）对于确保系统能够高效应对复杂多变的物流需求最为关键。,单选题,结构组成,中等,2,是,运载工具的载重能力和速度,系统的自动化和智能化水平,网络的覆盖范围和配送节点的布局,系统的灵活性和可扩展性,,,系统的灵活性和可扩展性,,超级管理员,2025-09-18 15:37:16,2025-09-18 15:37:18
00645,物流运载系统的选型完全取决于货物的重量和体积，与其他因素无关。 （）,单选题,结构组成,中等,2,是,正确,错误,,,,,错误,,超级管理员,2025-09-18 15:37:16,2025-09-18 15:37:18
00646,在选择物流运载系统时，（）通常需要考虑。,多选题,结构组成,中等,3,是,运输货物的类型与尺寸,运输距离与时效性要求,运营成本与预算限制,运输环境的特殊要求（如温度、湿度）,物流网络的覆盖范围和配送能力,,运输货物的类型与尺寸;运输距离与时效性要求;运营成本与预算限制;运输环境的特殊要求（如温度、湿度）;物流网络的覆盖范围和配送能力,,超级管理员,2025-09-18 15:37:16,2025-09-18 15:37:18
00647,物流运载系统的性能评估中，关键指标是（）。,多选题,结构组成,中等,3,是,运输速度,运输容量,货物破损率,外型美观程度,系统自动化与智能化水平,,运输速度;运输容量;货物破损率;系统自动化与智能化水平,,超级管理员,2025-09-18 15:37:16,2025-09-18 15:37:18
00648,在评估航拍航摄系统时，（）能够最大限度地提升系统的适应性和应用范围。,单选题,结构组成,中等,2,是,无人机的续航能力,摄像机的多角度拍摄能力,系统的自动飞行和避障功能,高度集成和模块化的系统设计,,,高度集成和模块化的系统设计,,超级管理员,2025-09-18 15:37:16,2025-09-18 15:37:18
00649,飞行平台的类型对航拍航摄系统的拍摄效果没有影响。（）,单选题,结构组成,中等,2,是,正确,错误,,,,,错误,,超级管理员,2025-09-18 15:37:16,2025-09-18 15:37:18
00650,航拍航摄系统的性能评估中，关键指标是（）。,多选题,结构组成,中等,3,是,图像分辨率与清晰度,拍摄视角与覆盖范围,飞行稳定性与操控性,数据处理与后期编辑能力,续航时间与飞行距离,,图像分辨率与清晰度;拍摄视角与覆盖范围;飞行稳定性与操控性;续航时间与飞行距离,,超级管理员,2025-09-18 15:37:16,2025-09-18 15:37:18
00651,在植保播种系统的配型中，（）参数是确定播种深度的关键因素。,单选题,结构组成,中等,2,是,土壤湿度,种子大小,播种密度,无人机的载重能力,,,种子大小,,超级管理员,2025-09-18 15:37:16,2025-09-18 15:37:18
00652,植保播种系统中的播种机可以自动调整播种密度，以适应不同地块的需求。（）,单选题,结构组成,中等,2,是,正确,错误,,,,,正确,,超级管理员,2025-09-18 15:37:16,2025-09-18 15:37:18
00653,在植保播种系统的配型中，（）方法可以提高播种的均匀性和效率。,多选题,结构组成,中等,3,是,选择合适的种子类型,调整播种机的参数,优化无人机的飞行速度,使用高质量的种子,定期维护播种系统,,选择合适的种子类型;调整播种机的参数;优化无人机的飞行速度;使用高质量的种子;定期维护播种系统,,超级管理员,2025-09-18 15:37:16,2025-09-18 15:37:18
00654,在喊话系统的配型中，（）参数是确定系统覆盖范围的关键因素。,单选题,结构组成,中等,2,是,扬声器的频率响应,扬声器的内容,扬声器的功率,扬声器的防水性能,,,扬声器的功率,,超级管理员,2025-09-18 15:37:16,2025-09-18 15:37:18
00655,喊话系统中的扬声器防水性能越好，越适合在户外使用。（）,单选题,结构组成,中等,2,是,正确,错误,,,,,正确,,超级管理员,2025-09-18 15:37:16,2025-09-18 15:37:18
00656,喊话系统中，（）设备是系统的主要组成部分。,多选题,结构组成,中等,3,是,麦克风,功率放大器,扬声器,电池,音频处理器,,麦克风;功率放大器;扬声器;音频处理器,,超级管理员,2025-09-18 15:37:16,2025-09-18 15:37:18
00657,在照明系统中，（）设备用于调节灯光的亮度。,单选题,结构组成,中等,2,是,灯泡,变压器,调光器,开关,,,调光器,,超级管理员,2025-09-18 15:37:16,2025-09-18 15:37:18
00658,照明系统中的调节调光器可以延长灯具的使用寿命。（）,单选题,结构组成,中等,2,是,正确,错误,,,,,正确,,超级管理员,2025-09-18 15:37:16,2025-09-18 15:37:18
00659,在照明系统的配型中，方法可以提高照明的节能效果（ ）。,多选题,结构组成,中等,3,是,选择高亮度的灯具,选择高效率的灯具,使用调光器,选择低功率的灯具,定期维护照明系统,,选择高效率的灯具;使用调光器;定期维护照明系统,,超级管理员,2025-09-18 15:37:16,2025-09-18 15:37:18
00660,简述活塞发动机启动磨合的方法。且简述活塞发动机调试过程中三个关键步骤，并解释每个步骤的目的和重要性。,单选题,飞行原理,中等,2,是,选项A,选项B,,,,,选项A,,超级管理员,2025-09-18 15:37:16,2025-09-18 15:37:18
00661,在发动机油路装置调试中，（）的步骤是必需的。,单选题,飞行原理,中等,2,是,清洁过滤器,检查油泵,更换机油,调整油压,,,检查油泵,,超级管理员,2025-09-18 15:37:16,2025-09-18 15:37:18
00662,简述无人机活塞发动机油路装置的调试方法步骤。且简述活塞发动机启动磨合的主要步骤，并解释每个步骤的目的。,单选题,飞行原理,中等,2,是,选项A,选项B,,,,,选项A,,超级管理员,2025-09-18 15:37:16,2025-09-18 15:37:18
00663,在无人机自动倾斜器（十字盘）的调试过程中，若发现无人机的飞行姿态不稳定，出现频繁晃动，最有可能解决问题的措施是（）。,单选题,飞行原理,中等,2,是,调整十字盘的机械连接件紧固度,重新校准无人机的陀螺仪和加速度计,优化飞行控制算法中的PID参数,检查并更换十字盘的伺服电机,,,优化飞行控制算法中的PID参数,,超级管理员,2025-09-18 15:37:16,2025-09-18 15:37:18
00664,请简述活塞发动机油路装置的调试方法及其在飞行器中的作用，同时结合自动倾斜器（十字盘）的调试方法，说明两者在飞行器调试中的协同作用。,单选题,飞行原理,中等,2,是,选项A,选项B,,,,,选项A,,超级管理员,2025-09-18 15:37:16,2025-09-18 15:37:18
00665,调试齿轮时，首先应该检查（）。,单选题,飞行原理,中等,2,是,齿轮尺寸,齿轮材质,齿轮精度,齿轮表面粗糙度,,,齿轮精度,,超级管理员,2025-09-18 15:37:16,2025-09-18 15:37:18
00666,无人机齿轮调试时，需要检查哪些关键参数，并简述自动倾斜器（十字盘）在直升机上的作用以及其调试的主要步骤。,单选题,飞行原理,中等,2,是,选项A,选项B,,,,,选项A,,超级管理员,2025-09-18 15:37:16,2025-09-18 15:37:18
00667,不是皮带调试基本步骤的是（）。,单选题,飞行原理,中等,2,是,调整皮带张紧度,检查皮带磨损情况,更换皮带,清洗皮带轮,,,更换皮带,,超级管理员,2025-09-18 15:37:16,2025-09-18 15:37:18
00668,无人机皮带调试的基本步骤方法。且简述齿轮调试的主要步骤，并解释每个步骤的目的。,单选题,飞行原理,中等,2,是,选项A,选项B,,,,,选项A,,超级管理员,2025-09-18 15:37:16,2025-09-18 15:37:18
00669,主旋翼调试时，主要检查参数的是（）。,单选题,飞行原理,中等,2,是,副翼位置,引擎输出功率,机身稳定性,主旋翼转速,,,主旋翼转速,,超级管理员,2025-09-18 15:37:16,2025-09-18 15:37:18
00670,在调试单旋翼无人机主旋翼时，为什么需要进行平衡测试，平衡测试有几种。且简述皮带调试的主要步骤，并解释每个步骤的目的。,单选题,飞行原理,中等,2,是,选项A,选项B,,,,,选项A,,超级管理员,2025-09-18 15:37:16,2025-09-18 15:37:18
00671,单旋翼无人机尾旋翼的方向控制有什么用，如何确保其准确性。且简述主旋翼调试的主要步骤，并解释每个步骤的目的。,单选题,飞行原理,中等,2,是,选项A,选项B,,,,,选项A,,超级管理员,2025-09-18 15:37:16,2025-09-18 15:37:18
00672,在直升机航模传动轴的调试过程中，（）是首要检查的内容以确保传动效率与稳定性。,单选题,飞行原理,中等,2,是,传动轴的材质是否足够坚硬,传动轴两端的轴承是否润滑良好且安装正确,传动轴的颜色是否与航模整体协调,传动轴的直径是否达到最大允许值,,,传动轴两端的轴承是否润滑良好且安装正确,,超级管理员,2025-09-18 15:37:16,2025-09-18 15:37:18
00673,请简述单旋翼无人机传动轴调试过程中的关键步骤。且简述尾旋翼调试的主要步骤，并解释每个步骤的目的。,单选题,飞行原理,中等,2,是,选项A,选项B,,,,,选项A,,超级管理员,2025-09-18 15:37:16,2025-09-18 15:37:18
00674,活塞发动机的调试中，（ ）方法可以有效提高发动机的燃油经济性。,单选题,飞行原理,中等,2,是,增加燃油流量,优化点火提前角,提高发动机转速,增加气缸压力,,,优化点火提前角,,超级管理员,2025-09-18 15:37:16,2025-09-18 15:37:18
00675,在多旋翼无人机主旋翼和转动轴的调试过程中，如何通过系统优化减少振动并提高飞行效率？请结合实际操作步骤进行说明。,单选题,飞行原理,中等,2,是,选项A,选项B,,,,,选项A,,超级管理员,2025-09-18 15:37:16,2025-09-18 15:37:18
00676,在活塞发动机的启动磨合期间，（ ）设备可以有效减少污染物排放。,单选题,飞行原理,中等,2,是,三元催化器,空气滤清器,涡轮增压器,机油滤清器,,,三元催化器,,超级管理员,2025-09-18 15:37:16,2025-09-18 15:37:18
00677,简述活塞发动机与齿轮传动系统协同调试的主要步骤，如何通过优化设计和调试方法实现两者的高效协同工作。,单选题,飞行原理,中等,2,是,选项A,选项B,,,,,选项A,,超级管理员,2025-09-18 15:37:16,2025-09-18 15:37:18
00678,活塞发动机的油路装置调试中，（ ）参数是调整燃油喷射器开启时间时需要重点考虑的。,单选题,飞行原理,中等,2,是,发动机转速,发动机温度,燃油压力,气缸压力,,,燃油压力,,超级管理员,2025-09-18 15:37:16,2025-09-18 15:37:18
00679,飞行数据中不包括的要素有（）。,单选题,飞行原理,中等,2,是,飞行速度,飞行高度,飞机重量,飞行时间,,,飞机重量,,超级管理员,2025-09-18 15:37:16,2025-09-18 15:37:18
00680,飞行数据中，（）是用来指示飞机与地面的相对距离的。,单选题,飞行原理,中等,2,是,飞行速度,飞行高度,航向信息,气压数据,,,飞行高度,,超级管理员,2025-09-18 15:37:16,2025-09-18 15:37:18
00681,在飞行数据记录中，（ ）要素用于描述飞机的飞行高度，特别是在进行跨洋飞行。,多选题,飞行原理,中等,3,是,相对高度,绝对高度,标准气压高度,真实高度,理论高度,,绝对高度;标准气压高度;真实高度,,超级管理员,2025-09-18 15:37:16,2025-09-18 15:37:18
00682,分析飞行姿态数据时，常用于平滑和减少噪声影响的技术是（）。,单选题,飞行原理,中等,2,是,卡尔曼滤波,傅里叶变换,最小二乘法,回归分析,,,卡尔曼滤波,,超级管理员,2025-09-18 15:37:16,2025-09-18 15:37:18
00683,在飞行姿态数据的分析中，通常用于确定飞机滚转角度的方法是（）。,单选题,飞行原理,中等,2,是,加速度计测量,陀螺仪测量,全球定位系统（GPS）,气压高度计,,,陀螺仪测量,,超级管理员,2025-09-18 15:37:16,2025-09-18 15:37:18
00684,为了提高姿态数据分析的准确性，可以采取的措施有（）。,多选题,飞行原理,中等,3,是,使用高精度传感器,优化数据采样频率,采用多传感器融合技术,进行飞行前的传感器校准,应用先进的信号处理技术,,使用高精度传感器;优化数据采样频率;采用多传感器融合技术;进行飞行前的传感器校准;应用先进的信号处理技术,,超级管理员,2025-09-18 15:37:16,2025-09-18 15:37:18
00685,姿态数据中的（）参数对于评估飞行稳定性至关重要。,多选题,飞行原理,中等,3,是,俯仰角（Pitch）,偏航角（Yaw）,滚转角（Roll）,GNSS星数,角速度（如陀螺仪测量的数据）,,俯仰角（Pitch）;偏航角（Yaw）;滚转角（Roll）;角速度（如陀螺仪测量的数据）,,超级管理员,2025-09-18 15:37:16,2025-09-18 15:37:18
00686,在飞行数据分析中，常用于识别飞行过程中异常事件的方法是（）。,单选题,飞行原理,中等,2,是,趋势分析,聚类分析,阈值检测,回归分析,,,阈值检测,,超级管理员,2025-09-18 15:37:16,2025-09-18 15:37:18
00687,为了预测飞行器的剩余使用寿命，最为关键的分析方法是（）。,单选题,飞行原理,中等,2,是,相关性分析,寿命分布模型,时间序列分析,路径规划算法,,,寿命分布模型,,超级管理员,2025-09-18 15:37:16,2025-09-18 15:37:18
00688,无人机除姿态数据外的其他飞行数据的分析方法有（）。,多选题,飞行原理,中等,3,是,使用GPS数据进行位置分析,利用气压计数据进行高度分析,通过磁力计数据进行方向分析,利用光流传感器数据进行速度分析,通过超声波传感器数据进行障碍物检测,,使用GPS数据进行位置分析;利用气压计数据进行高度分析;通过磁力计数据进行方向分析;通过超声波传感器数据进行障碍物检测,,超级管理员,2025-09-18 15:37:16,2025-09-18 15:37:18
00689,在飞行数据分析中，（）技术有助于提高数据的准确性和可靠性。,多选题,飞行原理,中等,3,是,数据平滑处理,多传感器融合,噪声过滤,数据插值,数据压缩,,数据平滑处理;多传感器融合;噪声过滤,,超级管理员,2025-09-18 15:37:16,2025-09-18 15:37:18
00690,飞行控制系统中，（）参数不属于导航部分。,单选题,飞行原理,中等,2,是,飞行高度,飞行速度,姿态角,航向指示,,,姿态角,,超级管理员,2025-09-18 15:37:16,2025-09-18 15:37:18
00691,在导航系统中，用于确定飞机位置的关键参数是（）。,单选题,飞行原理,中等,2,是,姿态角,飞行速度,经纬度坐标,气压高度,,,经纬度坐标,,超级管理员,2025-09-18 15:37:16,2025-09-18 15:37:18
00692,飞行控制系统参数组成部分通常包括（）。,多选题,飞行原理,中等,3,是,PID控制器参数,传感器数据,执行机构参数,材料强度参数,模糊控制器参数,,PID控制器参数;传感器数据;模糊控制器参数,,超级管理员,2025-09-18 15:37:16,2025-09-18 15:37:18
00693,飞行控制与导航系统的性能评估通常涉及参数的有（）。,多选题,飞行原理,中等,3,是,导航精度,系统响应时间,控制系统的稳定性,飞行器的续航能力,飞行控制器的计算能力,,导航精度;系统响应时间;控制系统的稳定性;飞行控制器的计算能力,,超级管理员,2025-09-18 15:37:16,2025-09-18 15:37:19
00694,在自动驾驶模式中，参数的调试首先应考虑（）。,单选题,飞行原理,中等,2,是,飞行器的结构,飞行任务的性质,飞行环境的条件,飞行员的个人经验,,,飞行环境的条件,,超级管理员,2025-09-18 15:37:16,2025-09-18 15:37:19
00695,无人机自动驾驶模式参数的调试可能涉及调整的有（）。,多选题,飞行原理,中等,3,是,PID控制器参数,飞行路径规划算法,传感器数据融合策略,飞行姿态控制参数,无线通信模块的参数,,PID控制器参数;飞行路径规划算法;传感器数据融合策略;飞行姿态控制参数,,超级管理员,2025-09-18 15:37:16,2025-09-18 15:37:19
00696,无人机自动驾驶模式参数的调试流程通常包括的步骤有（）。,多选题,飞行原理,中等,3,是,参数初设,静态测试,动态响应测试,故障模拟测试,实际飞行验证与调优,,参数初设;静态测试;动态响应测试;实际飞行验证与调优,,超级管理员,2025-09-18 15:37:16,2025-09-18 15:37:19
00697,机载导航数据库中的地理坐标基于（ ）。,单选题,飞行原理,中等,2,是,北京54坐标系,西安80坐标系,WGS-84坐标系,2000国家大地坐标系,,,WGS-84坐标系,,超级管理员,2025-09-18 15:37:16,2025-09-18 15:37:19
00698,分析无人机导航数据时，可用于提高数据质量的方法有（）。,多选题,飞行原理,中等,3,是,数据滤波,传感器校准,噪声消除,数据插值,实时数据处理,,数据滤波;传感器校准;噪声消除;数据插值,,超级管理员,2025-09-18 15:37:16,2025-09-18 15:37:19
00699,在评估弹射起飞系统（用于无人机或飞机）的性能时，（）指标对于确保飞行器能够安全、高效地完成起飞最为关键。,单选题,飞行原理,中等,2,是,弹射加速度的最大值,弹射过程中的能量消耗,起飞滑跑距离的最小化,弹射装置与飞行器之间的兼容性和稳定性,,,弹射装置与飞行器之间的兼容性和稳定性,,超级管理员,2025-09-18 15:37:16,2025-09-18 15:37:19
00700,在评估伞降回收系统的性能时，最重要的指标是降落伞完全展开所需的时间，而降落伞材料的抗拉强度和系统整体的稳定性可以作为次要考虑因素。（）,单选题,飞行原理,中等,2,是,正确,错误,,,,,错误,,超级管理员,2025-09-18 15:37:16,2025-09-18 15:37:19
00701,在伞降回收系统的联调过程中，为了确保系统各组件之间的兼容性和协调性，（）步骤最为关键。,单选题,飞行原理,中等,2,是,确保降落伞能够在预定高度准确展开,测试开伞机构的响应时间和可靠性,验证传感器与控制系统之间的数据传输准确性,综合测试所有组件在不同环境条件下的协同工作性能,,,综合测试所有组件在不同环境条件下的协同工作性能,,超级管理员,2025-09-18 15:37:16,2025-09-18 15:37:19
00702,在伞降回收系统的联调过程中，最重要的步骤是确保降落伞能够在预定高度准确展开，而系统各组件之间的兼容性和协调性可以作为次要考虑因素。（）,单选题,飞行原理,中等,2,是,正确,错误,,,,,错误,,超级管理员,2025-09-18 15:37:16,2025-09-18 15:37:19
00703,在评估垂直起降固定翼无人机的起飞与着陆系统性能时，（）指标对于确保飞行器能够在复杂环境中安全、高效地完成操作最为关键。,单选题,飞行原理,中等,2,是,垂直起飞和降落过程中的最大升力系数,系统在不同环境条件下的稳定性和可靠性,起飞和着陆所需场地的最小尺寸要求,从垂直模式转换到水平飞行模式的时间效率,,,系统在不同环境条件下的稳定性和可靠性,,超级管理员,2025-09-18 15:37:16,2025-09-18 15:37:19
00704,在评估垂直起降固定翼无人机的起飞与着陆系统性能时，最重要的指标是从垂直模式转换到水平飞行模式的时间效率，而系统在不同环境条件下的稳定性和可靠性可以作为次要考虑因素。（）,单选题,飞行原理,中等,2,是,正确,错误,,,,,错误,,超级管理员,2025-09-18 15:37:16,2025-09-18 15:37:19
00705,在垂直起降固定翼无人机的起飞与着陆系统的联调过程中，为了确保各组件之间的兼容性和整体性能最优化，（）步骤最为关键。,单选题,飞行原理,中等,2,是,确保垂直起飞和降落过程中的最大升力系数达到设计值,测试从垂直模式转换到水平飞行模式的时间效率,验证传感器与控制系统之间的数据传输准确性,综合测试所有组件在不同环境条件下的协同工作性能,,,综合测试所有组件在不同环境条件下的协同工作性能,,超级管理员,2025-09-18 15:37:16,2025-09-18 15:37:19
00706,在进行垂直起降固定翼无人机起飞与着陆系统的联调时，最有效的做法是首先单独测试每个组件的最大性能参数，然后再进行整体系统的集成测试，以确保各组件能够在极限条件下协同工作。（）,单选题,飞行原理,中等,2,是,正确,错误,,,,,错误,,超级管理员,2025-09-18 15:37:16,2025-09-18 15:37:19
00707,在评估气垫着陆系统的性能时，（）指标对于确保飞行器能够在复杂和多变的环境中安全、稳定地着陆最为关键。,单选题,飞行原理,中等,2,是,气垫充气速度的最大值,系统对不同地面类型的适应性和稳定性,气垫材料的抗磨损性能,着陆过程中产生的噪音水平,,,系统对不同地面类型的适应性和稳定性,,超级管理员,2025-09-18 15:37:16,2025-09-18 15:37:19
00708,在评估气垫着陆系统的性能时，最重要的指标是气垫充气速度的最大值，因为快速充气可以确保飞行器在接触地面之前达到最佳缓冲状态，而对不同地面类型的适应性则为次要考虑因素。（）,单选题,飞行原理,中等,2,是,正确,错误,,,,,错误,,超级管理员,2025-09-18 15:37:16,2025-09-18 15:37:19
00709,在进行气垫着陆系统的联调时，为了确保系统各组件之间的兼容性和整体性能最优化，（）步骤最为关键。,单选题,飞行原理,中等,2,是,测试气垫充气速度以确保其能在最短时间内达到最大缓冲效果,确认气垫材料的抗磨损性能以保证长期使用的耐久性,综合测试系统在不同地面类型和环境条件下的稳定性和适应性,验证控制系统与传感器之间的数据传输准确性，确保精确控制,,,验证控制系统与传感器之间的数据传输准确性，确保精确控制,,超级管理员,2025-09-18 15:37:16,2025-09-18 15:37:19
00710,在进行气垫着陆系统的联调时，最有效的做法是优先测试系统在极端环境条件下的性能，以确保各组件能够在极限条件下正常工作，然后再进行常规环境下的综合测试。（）,单选题,飞行原理,中等,2,是,正确,错误,,,,,错误,,超级管理员,2025-09-18 15:37:16,2025-09-18 15:37:19
00711,在评估垂直着陆飞行系统的性能时，（）指标对于确保飞行器能够在复杂和多变的环境中安全、稳定地完成着陆最为关键。,单选题,飞行原理,中等,2,是,垂直降落过程中的最大下降速度,系统对不同地面类型和环境条件的适应性与稳定性,着陆过程中发动机推力调整的响应时间,气动控制面（如襟翼、副翼）的最大偏转角度,,,系统对不同地面类型和环境条件的适应性与稳定性,,超级管理员,2025-09-18 15:37:16,2025-09-18 15:37:19
00712,在评估垂直着陆飞行系统的性能时，最优先考虑的指标是发动机推力调整的响应时间，因为快速响应可以确保飞行器在复杂环境中精确控制下降速度和姿态，而对不同地面类型和环境条件的适应性则为次要因素。（）,单选题,飞行原理,中等,2,是,正确,错误,,,,,错误,,超级管理员,2025-09-18 15:37:16,2025-09-18 15:37:19
00713,在进行垂直着陆系统的联调时，为了确保各组件之间的兼容性和整体性能最优化，下列（）步骤最为关键。,单选题,飞行原理,中等,2,是,优先测试发动机推力调整的响应时间以确保快速控制下降速度和姿态,确认传感器与控制系统之间的数据传输准确性以保证精确控制,综合测试系统在不同地面类型和环境条件下的稳定性和适应性,验证气动控制面（如襟翼、副翼）的最大偏转角度以优化飞行性能,,,综合测试系统在不同地面类型和环境条件下的稳定性和适应性,,超级管理员,2025-09-18 15:37:16,2025-09-18 15:37:19
00714,在进行垂直着陆系统的联调时，最有效的做法是首先单独测试每个组件的最大性能参数（如发动机推力、传感器精度），然后再进行整体系统的集成测试，以确保各组件能够在极限条件下协同工作。（）,单选题,飞行原理,中等,2,是,正确,错误,,,,,错误,,超级管理员,2025-09-18 15:37:16,2025-09-18 15:37:19
00715,在评估起落架着陆系统的性能时，（）指标对于确保飞行器能够在复杂和多变的环境中安全、稳定地完成着陆最为关键。,单选题,飞行原理,中等,2,是,起落架展开和收回的速度,系统对不同地面类型和环境条件的适应性与稳定性,减震装置的最大承受冲击力,轮胎材料的抗磨损性能,,,系统对不同地面类型和环境条件的适应性与稳定性,,超级管理员,2025-09-18 15:37:16,2025-09-18 15:37:19
00716,在评估起落架着陆系统的性能时，最优先考虑的指标是减震装置的最大承受冲击力，因为强大的减震能力可以确保飞行器在硬着陆或不平整地面上安全着陆，而对不同地面类型和环境条件的适应性则为次要因素。（）,单选题,飞行原理,中等,2,是,正确,错误,,,,,错误,,超级管理员,2025-09-18 15:37:16,2025-09-18 15:37:19
00717,在进行起落架着陆系统的联调时，为了确保各组件之间的兼容性和整体性能最优化，（）步骤最为关键。,单选题,飞行原理,中等,2,是,优先测试减震装置的最大承受冲击力以确保硬着陆的安全性,综合测试系统在不同地面类型和环境条件下的稳定性和适应性,确认起落架展开和收回的速度以保证操作效率,验证轮胎材料的抗磨损性能以确保长期使用的耐久性,,,综合测试系统在不同地面类型和环境条件下的稳定性和适应性,,超级管理员,2025-09-18 15:37:16,2025-09-18 15:37:19
00718,在进行起落架着陆系统的联调时，最有效的做法是优先测试系统在极限条件（如最大冲击力、极端温度）下的性能，以确保各组件能够在极端环境中正常工作，然后再进行常规环境下的综合测试。（）,单选题,飞行原理,中等,2,是,正确,错误,,,,,错误,,超级管理员,2025-09-18 15:37:16,2025-09-18 15:37:19
00719,在检测固定翼无人机的异常振动时，最有效的方法是依赖飞行员的经验和感觉来识别飞行中的振动变化，而使用传感器数据进行分析则为次要手段。（）,单选题,飞行原理,中等,2,是,正确,错误,,,,,错误,,超级管理员,2025-09-18 15:37:16,2025-09-18 15:37:19
00720,在检测固定翼无人机的异响时，结合使用音频分析软件和传感器数据进行综合评估是有效的方法，因为这种方法不仅能识别异常声音，还能通过振动模式关联潜在的机械故障源。（）,单选题,飞行原理,中等,2,是,正确,错误,,,,,正确,,超级管理员,2025-09-18 15:37:16,2025-09-18 15:37:19
00721,在诊断多旋翼无人机的异常振动时，结合使用振动传感器数据分析和飞行日志审查是有效的方法，因为这种方法不仅能够捕捉到实时振动特征，还能通过飞行参数（如电机转速、螺旋桨负载）的变化来关联潜在的机械或控制问题。(),单选题,飞行原理,中等,2,是,正确,错误,,,,,正确,,超级管理员,2025-09-18 15:37:16,2025-09-18 15:37:19
00722,在诊断多旋翼无人机的异常振动时，采用频谱分析结合机器学习算法处理振动数据是有效的方法，因为这种方法不仅能够自动识别振动模式中的异常特征，还能通过历史数据的学习预测潜在故障的发展趋势。（）,单选题,飞行原理,中等,2,是,正确,错误,,,,,正确,,超级管理员,2025-09-18 15:37:16,2025-09-18 15:37:19
00723,在诊断多旋翼无人机的异响时，依靠飞行员的经验和听觉来识别异常声音是有效的方法，因为飞行员能够根据长期积累的经验快速定位问题所在，而使用音频分析软件则为次要手段。（）,单选题,飞行原理,中等,2,是,正确,错误,,,,,错误,,超级管理员,2025-09-18 15:37:16,2025-09-18 15:37:19
00724,在诊断多旋翼无人机的异响时，采用音频指纹技术和机器学习算法处理声音数据是有效的方法，因为这种方法不仅能够自动识别不同类型的异常声音特征，还能通过历史数据的学习预测潜在机械故障的发展趋势。（）,单选题,飞行原理,中等,2,是,正确,错误,,,,,正确,,超级管理员,2025-09-18 15:37:16,2025-09-18 15:37:19
00725,在诊断固定翼无人机的异常振动时，依赖飞行员的感觉和飞行日志记录是主要手段，因为飞行员的经验可以快速识别问题，而使用传感器数据进行详细分析则是次要辅助。（）,单选题,飞行原理,中等,2,是,正确,错误,,,,,错误,,超级管理员,2025-09-18 15:37:16,2025-09-18 15:37:19
00726,在诊断固定翼无人机的异常振动时，采用振动频谱分析结合机器学习算法处理振动数据是有效的方法，因为这种方法不仅能自动识别振动模式中的异常特征，还能通过历史数据的学习预测潜在机械故障的发展趋势，从而实现早期预警和维护优化。（）,单选题,飞行原理,中等,2,是,正确,错误,,,,,正确,,超级管理员,2025-09-18 15:37:16,2025-09-18 15:37:19
00727,在诊断固定翼无人机的异响时，结合使用音频分析软件和飞行参数（如电机转速、螺旋桨负载）进行综合评估是有效的方法，因为这种方法不仅能识别异常声音特征，还能通过关联飞行数据发现潜在的机械或控制问题。（）,单选题,飞行原理,中等,2,是,正确,错误,,,,,正确,,超级管理员,2025-09-18 15:37:16,2025-09-18 15:37:19
00728,在诊断固定翼无人机的异响时，采用机器学习算法处理音频数据是次要手段，因为飞行员的经验和感觉才是最可靠的方法来识别和定位异响源。（）,单选题,飞行原理,中等,2,是,正确,错误,,,,,错误,,超级管理员,2025-09-18 15:37:16,2025-09-18 15:37:19
00729,在处理多旋翼无人机异常振动问题时，如果发现螺旋桨存在轻微的形变或磨损，即使无人机仍能正常飞行且振动不明显，也应立即更换所有螺旋桨。此外，更换螺旋桨后不需要再进行动平衡调整，因为新螺旋桨出厂时已经过严格的质量控制，确保了完美的平衡。（）,单选题,飞行原理,中等,2,是,正确,错误,,,,,错误,,超级管理员,2025-09-18 15:37:16,2025-09-18 15:37:19
00730,当多旋翼无人机出现异常振动时，一个有效的诊断步骤是检查电机与电调（ESC）之间的连接线缆是否有松动或接触不良的情况。同时，为了进一步验证电机是否工作正常，可以在不通电的情况下手动旋转每个电机轴，通过手感来评估电机内部是否存在卡顿或其他异常阻力。（）,单选题,飞行原理,中等,2,是,正确,错误,,,,,错误,,超级管理员,2025-09-18 15:37:16,2025-09-18 15:37:19
00731,当多旋翼无人机出现异常声响时，检查螺旋桨是否存在物理损伤（如裂纹、变形）是必要的。然而，即使发现并更换了有问题的螺旋桨，如果未进行动平衡调整，新的螺旋桨仍可能导致类似或新的异响问题。（）,单选题,飞行原理,中等,2,是,正确,错误,,,,,正确,,超级管理员,2025-09-18 15:37:16,2025-09-18 15:37:19
00732,在排查多旋翼无人机异响的过程中，对电子调速器（ESC）的工作状态进行检查是无关紧要的，因为ESC的主要作用是调节电机转速，而不会影响到机械部件发出的声音。（）,单选题,飞行原理,中等,2,是,正确,错误,,,,,错误,,超级管理员,2025-09-18 15:37:16,2025-09-18 15:37:19
00733,在固定翼无人机出现异常振动的情况下，（）措施不能直接解决由机械部件引发的振动问题。,单选题,飞行原理,中等,2,是,调整飞控系统的PID控制器增益以优化控制算法，减少不必要的振动。,检查并紧固所有关键连接部位的螺丝和螺母，特别是机翼与机身连接处、发动机支架及螺旋桨安装点。,使用高精度动平衡仪对螺旋桨进行精确的动平衡调整，确保其旋转时的质量分布均匀。,更换有磨损迹象或性能下降的电机，并对新电机进行全面测试，包括空载电流和转速响应等参数。,,,调整飞控系统的PID控制器增益以优化控制算法，减少不必要的振动。,,超级管理员,2025-09-18 15:37:16,2025-09-18 15:37:19
00734,在处理固定翼无人机异常振动问题时，如果发现机翼与机身连接处的紧固件有轻微松动，但无人机仍能正常飞行且振动不明显，可以暂时忽略这个问题，等到下一次定期维护时再进行检查和紧固。（）,单选题,飞行原理,中等,2,是,正确,错误,,,,,错误,,超级管理员,2025-09-18 15:37:16,2025-09-18 15:37:19
00735,对于固定翼无人机的异常振动问题，可以通过调整飞控系统的参数来部分缓解，特别是优化与振动抑制相关的PID控制器增益。然而，如果根本原因在于机械部件（例如螺旋桨不平衡或发动机安装不当），那么单纯依靠飞控系统调整无法彻底解决问题。(),单选题,飞行原理,中等,2,是,正确,错误,,,,,正确,,超级管理员,2025-09-18 15:37:16,2025-09-18 15:37:19
00736,在排查固定翼无人机异响的过程中，（）措施不能直接解决由电气系统不稳定导致的异响问题。,单选题,飞行原理,中等,2,是,调整飞控系统的PID控制器增益以优化控制算法，减少不必要的振动。,检查并紧固所有关键连接部位的螺丝和螺母，特别是机翼与机身连接处、发动机支架及螺旋桨安装点。,使用高精度动平衡仪对螺旋桨进行精确的动平衡调整，确保其旋转时的质量分布均匀。,对电子调速器（ESC）的工作状态进行全面检测，确保其能够稳定地为电机供电，并检查是否有信号干扰或硬件故障影响电机的正常运行。,,,检查并紧固所有关键连接部位的螺丝和螺母，特别是机翼与机身连接处、发动机支架及螺旋桨安装点。,,超级管理员,2025-09-18 15:37:16,2025-09-18 15:37:19
00737,在处理固定翼无人机异响问题时，即使所有机械部件（如螺旋桨、发动机、传动系统）都经过了详细检查且未发现明显问题，仍需考虑电气系统的潜在影响。例如，电子调速器（ESC）的信号干扰或不稳定供电可能会间接导致电机运转异常，进而产生异响。（）,单选题,飞行原理,中等,2,是,正确,错误,,,,,正确,,超级管理员,2025-09-18 15:37:16,2025-09-18 15:37:19
00738,对于固定翼无人机出现的异响问题，仅通过更换新的、看似无损的螺旋桨就能彻底解决问题，无需进一步进行动平衡调整或检查其他潜在的机械或电气因素。（）,单选题,飞行原理,中等,2,是,正确,错误,,,,,错误,,超级管理员,2025-09-18 15:37:16,2025-09-18 15:37:19
00739,在处理多旋翼无人机异常振动的问题时，（）措施最不可能直接解决由机械部件引发的振动问题。,单选题,飞行原理,中等,2,是,调整飞控系统的PID控制器增益以优化控制算法，减少不必要的振动。,检查并紧固所有关键连接部位的螺丝和螺母，特别是电机安装座、机臂连接处及螺旋桨安装点。,使用高精度动平衡仪对螺旋桨进行精确的动平衡调整，确保其旋转时的质量分布均匀。,更换有磨损迹象或性能下降的电机，并对新电机进行全面测试，包括空载电流和转速响应等参数。,,,调整飞控系统的PID控制器增益以优化控制算法，减少不必要的振动。,,超级管理员,2025-09-18 15:37:16,2025-09-18 15:37:19
00740,在处理多旋翼无人机异常振动的问题时，技术人员首先应通过调整飞控系统的PID控制器增益来优化控制算法，以减少不必要的振动。只有当这种软件级别的调整未能解决问题时，才需要进一步检查机械部件如螺旋桨、电机及连接件的状态。此外，如果在飞行中观察到振动随速度或负载变化而加剧，则表明问题很可能源自于电子调速器（ESC）的不稳定供电或信号干扰，而非单纯的机械故障。（）,单选题,飞行原理,中等,2,是,正确,错误,,,,,错误,,超级管理员,2025-09-18 15:37:16,2025-09-18 15:37:19
00741,在处理多旋翼无人机异响问题时，（）措施最不可能直接解决由机械部件引发的异响问题。,单选题,飞行原理,中等,2,是,使用高灵敏度声学传感器阵列定位异响源，并通过频谱分析确定噪音类型，从而判断可能的故障点。,检查所有螺旋桨是否存在裂纹、变形或其他物理损伤，并检查螺旋桨与电机轴之间的安装是否牢固无松动。,对每个电机进行全面性能测试，包括空载电流、转速响应等参数，以排除电机故障或磨损的可能性；对有问题的电机应立即更换。,重新校正GPS模块和磁罗盘，确保导航系统的精度不受异常振动的影响，以此间接改善异响问题。,,,重新校正GPS模块和磁罗盘，确保导航系统的精度不受异常振动的影响，以此间接改善异响问题。,,超级管理员,2025-09-18 15:37:16,2025-09-18 15:37:19
00742,在处理多旋翼无人机异响问题时，技术人员应首先通过调整飞控系统的PID控制器增益来优化控制算法，以减少不必要的振动和噪音。如果调整后问题依旧存在，则应该进一步检查机械部件如螺旋桨、电机及连接件的状态，并且，在飞行中观察到振动或异响随速度或负载变化而加剧的情况下，可以排除电子调速器（ESC）不稳定供电或信号干扰作为可能的原因。（）,单选题,飞行原理,中等,2,是,正确,错误,,,,,错误,,超级管理员,2025-09-18 15:37:16,2025-09-18 15:37:19
00743,在处理固定翼无人机异常振动的问题时，（）措施不能直接解决由机械部件引发的振动问题。,单选题,飞行原理,中等,2,是,使用高灵敏度声学传感器阵列定位振动源，并通过频谱分析确定振动类型，从而判断可能的故障点。,检查并紧固所有关键连接部位的螺丝和螺母，特别是机翼与机身连接处、发动机支架及螺旋桨安装点。,对螺旋桨进行动平衡调整，确保其旋转时的质量分布均匀，以减少由于不平衡造成的振动。,调整飞控系统的惯性测量单元（IMU）校准，并更新飞控系统固件来优化控制算法，以减少不必要的振动。,,,调整飞控系统的惯性测量单元（IMU）校准，并更新飞控系统固件来优化控制算法，以减少不必要的振动。,,超级管理员,2025-09-18 15:37:16,2025-09-18 15:37:19
00744,在固定翼无人机飞行过程中，如果出现不明异响，最合适的初步排查方法是（）。,单选题,飞行原理,中等,2,是,立即降落并拆解整个动力系统进行检查,继续飞行至任务结束再行检查,通过地面站监控数据，结合声音特征判断可能的故障源,调整飞行参数试图掩盖噪音,,,通过地面站监控数据，结合声音特征判断可能的故障源,,超级管理员,2025-09-18 15:37:16,2025-09-18 15:37:19
00745,无人直升机在飞行过程中出现了异常振动，初步怀疑是由于机械部件磨损导致。（）不是推荐的直接应对措施。,单选题,飞行原理,中等,2,是,立即降落，并对关键机械部件进行细致检查,检查并紧固所有可能松动的螺栓和连接件,在下一次飞行前通过软件升级来尝试解决问题,使用地面站数据分析工具评估振动模式,,,在下一次飞行前通过软件升级来尝试解决问题,,超级管理员,2025-09-18 15:37:16,2025-09-18 15:37:19
00746,在对无人直升机进行异响故障排查时，（）方法不能直接帮助确定异响来源。,单选题,飞行原理,中等,2,是,分析飞行日志中的发动机转速与振动数据，寻找异常模式,在地面通过手动旋转主旋翼和尾旋翼，倾听并感知各组件的运转情况,升级无人直升机的飞控软件至最新版本，以优化系统性能,使用红外热成像仪检测机身及动力系统，识别过热或异常工作区域,,,升级无人直升机的飞控软件至最新版本，以优化系统性能,,超级管理员,2025-09-18 15:37:16,2025-09-18 15:37:19
00747,在诊断无人直升机异常振动的问题时，（）方法不能提供有效的故障定位信息。,单选题,飞行原理,中等,2,是,通过地面站软件分析飞行过程中记录的加速度计和陀螺仪数据,在发动机怠速状态下，使用听诊器确定机体内部机械部件的具体噪音来源,对比当前与历史飞行日志中的振动频谱图，寻找突变点或异常模式,升级无人直升机的固件版本，以修复可能存在的软件缺陷,,,升级无人直升机的固件版本，以修复可能存在的软件缺陷,,超级管理员,2025-09-18 15:37:16,2025-09-18 15:37:19
00748,在诊断无人直升机异响问题时，（）方法不能有效帮助确定异响的来源。,单选题,飞行原理,中等,2,是,通过飞行日志数据分析引擎和旋翼系统的转速与振动模式,在地面进行无负载试运转，并使用声级计定位噪音源,升级无人直升机的任务规划软件以优化飞行路径,使用红外热成像技术检查发动机和传动系统，寻找异常温度分布,,,升级无人直升机的任务规划软件以优化飞行路径,,超级管理员,2025-09-18 15:37:16,2025-09-18 15:37:19
00749,请简述一种综合检测多旋翼无人机异常振动和异响的方法，并解释为什么这种方法在复杂环境中具有较高的可靠性和准确性。,单选题,飞行原理,中等,2,是,选项A,选项B,,,,,选项A,,超级管理员,2025-09-18 15:37:16,2025-09-18 15:37:19
00750,请简述一种综合检测固定翼无人机异常振动和多旋翼无人机异响的方法，并解释为什么这种方法在复杂环境中具有较高的可靠性和准确性。,单选题,飞行原理,中等,2,是,选项A,选项B,,,,,选项A,,超级管理员,2025-09-18 15:37:16,2025-09-18 15:37:19
00751,请简述一种综合检测固定翼无人机异常振动和异响的方法，并解释为什么这种方法在复杂环境中具有较高的可靠性和准确性。,单选题,飞行原理,中等,2,是,选项A,选项B,,,,,选项A,,超级管理员,2025-09-18 15:37:16,2025-09-18 15:37:19
00752,请简述一种综合诊断多旋翼无人机异常振动和检测固定翼无人机异响的方法，并解释为什么这种方法在复杂环境中具有较高的可靠性和准确性。,单选题,飞行原理,中等,2,是,选项A,选项B,,,,,选项A,,超级管理员,2025-09-18 15:37:16,2025-09-18 15:37:19
00753,请简述一种综合诊断多旋翼无人机异常振动和异响的方法，并解释为什么这种方法在复杂环境中具有较高的可靠性和准确性。,单选题,飞行原理,中等,2,是,选项A,选项B,,,,,选项A,,超级管理员,2025-09-18 15:37:16,2025-09-18 15:37:19
00754,请简述一种综合诊断固定翼无人机异常振动和多旋翼无人机异响的方法，并解释为什么这种方法在复杂环境中具有较高的可靠性和准确性。,单选题,飞行原理,中等,2,是,选项A,选项B,,,,,选项A,,超级管理员,2025-09-18 15:37:16,2025-09-18 15:37:19
00755,请简述一种综合诊断固定翼无人机异常振动和异响的方法，并解释为什么这种方法在复杂环境中具有较高的可靠性和准确性。,单选题,飞行原理,中等,2,是,选项A,选项B,,,,,选项A,,超级管理员,2025-09-18 15:37:16,2025-09-18 15:37:19
00756,请简述一种综合处理多旋翼无人机异常振动的维修方案和固定翼无人机异响的诊断方法，并解释为什么这种方法在复杂环境中具有较高的可靠性和准确性。,单选题,飞行原理,中等,2,是,选项A,选项B,,,,,选项A,,超级管理员,2025-09-18 15:37:16,2025-09-18 15:37:19
00757,请简述一种综合处理多旋翼无人机异常振动和异响的维修方案，并解释为什么这种方法在复杂环境中具有较高的可靠性和准确性。,单选题,飞行原理,中等,2,是,选项A,选项B,,,,,选项A,,超级管理员,2025-09-18 15:37:16,2025-09-18 15:37:19
00758,请简述一种综合处理固定翼无人机异常振动的维修方案和多旋翼无人机异响的维修方案，并解释为什么这种方法在复杂环境中具有较高的可靠性和准确性。,单选题,飞行原理,中等,2,是,选项A,选项B,,,,,选项A,,超级管理员,2025-09-18 15:37:16,2025-09-18 15:37:19
00759,请简述一种综合处理多旋翼无人机异常振动和异响的故障检测报告单的填写内容，并解释为什么这种方法在复杂环境中具有较高的可靠性和准确性。,单选题,飞行原理,中等,2,是,选项A,选项B,,,,,选项A,,超级管理员,2025-09-18 15:37:16,2025-09-18 15:37:19
00760,请简述一种综合处理多旋翼无人机和固定翼无人机异常振动故障检测报告单的填写内容，并解释为什么这种方法在复杂环境中具有较高的可靠性和准确性。,单选题,飞行原理,中等,2,是,选项A,选项B,,,,,选项A,,超级管理员,2025-09-18 15:37:16,2025-09-18 15:37:19
00761,请简述一种综合处理固定翼无人机异常振动和多旋翼无人机异响的故障检测报告单的填写内容，并解释为什么这种方法在复杂环境中具有较高的可靠性和准确性。,单选题,飞行原理,中等,2,是,选项A,选项B,,,,,选项A,,超级管理员,2025-09-18 15:37:16,2025-09-18 15:37:19
00762,请简述一种综合处理多旋翼无人机异常振动故障维修报告单规范的编制方法和多旋翼无人机异响故障检测报告单的填写内容，并解释为什么这种方法在复杂环境中具有较高的可靠性和准确性。,单选题,飞行原理,中等,2,是,选项A,选项B,,,,,选项A,,超级管理员,2025-09-18 15:37:16,2025-09-18 15:37:19
00763,请简述一种综合处理固定翼无人机异常振动和异响的故障检测报告单的填写内容，并解释为什么这种方法在复杂环境中具有较高的可靠性和准确性。,单选题,飞行原理,中等,2,是,选项A,选项B,,,,,选项A,,超级管理员,2025-09-18 15:37:16,2025-09-18 15:37:19
00764,请简述一种综合处理多旋翼无人机异常振动故障维修报告单规范的编制方法和固定翼无人机异响故障检测报告单的填写内容，并解释为什么这种方法在复杂环境中具有较高的可靠性和准确性。,单选题,飞行原理,中等,2,是,选项A,选项B,,,,,选项A,,超级管理员,2025-09-18 15:37:16,2025-09-18 15:37:19
00765,请简述一种综合处理多旋翼无人机异常振动故障维修报告单规范的编制方法和多旋翼无人机异响故障维修报告单规范的编制方法，并解释为什么这种方法在复杂环境中具有较高的可靠性和准确性。,单选题,飞行原理,中等,2,是,选项A,选项B,,,,,选项A,,超级管理员,2025-09-18 15:37:16,2025-09-18 15:37:19
00766,请简述一种综合处理固定翼无人机异常振动故障维修报告单规范的编制方法和多旋翼无人机异响故障维修报告单规范的编制方法，并解释为什么这种方法在复杂环境中具有较高的可靠性和准确性。,单选题,飞行原理,中等,2,是,选项A,选项B,,,,,选项A,,超级管理员,2025-09-18 15:37:16,2025-09-18 15:37:19
00767,请简述一种综合处理固定翼无人机异常振动故障维修报告单规范和固定翼无人机异响故障维修报告单规范的方法，并解释为什么这种方法在复杂环境中具有较高的可靠性和准确性。,单选题,飞行原理,中等,2,是,选项A,选项B,,,,,选项A,,超级管理员,2025-09-18 15:37:16,2025-09-18 15:37:19
00768,请简述一种综合处理多旋翼无人机异响故障维修报告单规范和固定翼无人机异响故障维修报告单规范的方法，并解释为什么这种方法在复杂环境中具有较高的可靠性和准确性。,单选题,飞行原理,中等,2,是,选项A,选项B,,,,,选项A,,超级管理员,2025-09-18 15:37:16,2025-09-18 15:37:19
00769,请详细论述多旋翼无人机和固定翼无人机在升阻比影响因素上的异同，并结合这些分析探讨如何优化这两种无人机的升阻比。在此基础上，进一步讨论垂直起降固定翼无人机（VTOL）的升阻比影响因素及其优化方法。,单选题,飞行原理,中等,2,是,选项A,选项B,,,,,选项A,,超级管理员,2025-09-18 15:37:16,2025-09-18 15:37:19
00770,请详细论述固定翼无人机和垂直起降固定翼无人机在升阻比影响因素上的异同，并探讨如何针对这些因素进行优化。在此基础上，进一步分析多旋翼无人机的载重比影响因素及其优化方法。,单选题,飞行原理,中等,2,是,选项A,选项B,,,,,选项A,,超级管理员,2025-09-18 15:37:16,2025-09-18 15:37:19
00771,请详细论述固定翼无人机和多旋翼无人机在载重比影响因素上的异同，并探讨如何针对这些因素进行优化。在此基础上，进一步分析垂直起降固定翼无人机（VTOL）的升阻比影响因素及其优化方法。,单选题,飞行原理,中等,2,是,选项A,选项B,,,,,选项A,,超级管理员,2025-09-18 15:37:16,2025-09-18 15:37:19
00772,请详细论述固定翼无人机、多旋翼无人机和垂直起降固定翼无人机（VTOL）在载重比影响因素上的异同，并探讨如何针对这些因素进行优化。,单选题,飞行原理,中等,2,是,选项A,选项B,,,,,选项A,,超级管理员,2025-09-18 15:37:16,2025-09-18 15:37:19
00773,请详细论述固定翼无人机和垂直起降固定翼无人机在载重比影响因素上的异同，并探讨如何针对这些因素进行优化。在此基础上，进一步分析多旋翼无人机的振动影响因素及其减振方法。,单选题,飞行原理,中等,2,是,选项A,选项B,,,,,选项A,,超级管理员,2025-09-18 15:37:16,2025-09-18 15:37:19
00774,请详细论述多旋翼无人机在振动和噪声影响因素上的异同，并探讨如何针对这些因素进行优化。在此基础上，进一步分析垂直起降固定翼无人机（VTOL）的载重比影响因素及其优化方法。,单选题,飞行原理,中等,2,是,选项A,选项B,,,,,选项A,,超级管理员,2025-09-18 15:37:16,2025-09-18 15:37:19
00775,请详细论述多旋翼无人机和固定翼无人机在噪声影响因素上的异同，并探讨如何针对这些因素进行降噪优化。在此基础上，进一步分析多旋翼无人机的振动影响因素及其减振方法。,单选题,飞行原理,中等,2,是,选项A,选项B,,,,,选项A,,超级管理员,2025-09-18 15:37:16,2025-09-18 15:37:19
00776,请详细论述多旋翼无人机、固定翼无人机和垂直起降固定翼无人机（VTOL）在噪声影响因素上的异同，并探讨如何针对这些因素进行降噪优化。,单选题,飞行原理,中等,2,是,选项A,选项B,,,,,选项A,,超级管理员,2025-09-18 15:37:16,2025-09-18 15:37:19
00777,请详细论述垂直起降固定翼无人机（VTOL）在噪声、载重比和升阻比影响因素上的异同，并探讨如何针对这些因素进行优化。,单选题,飞行原理,中等,2,是,选项A,选项B,,,,,选项A,,超级管理员,2025-09-18 15:37:16,2025-09-18 15:37:19
00778,请论述垂直起降固定翼无人机产生噪音和续航时间的影响因素，并探讨在实际生活中如何减少噪音，增加续航，并具体论述如何通过优化动力系统来提升续航。,单选题,飞行原理,中等,2,是,选项A,选项B,,,,,选项A,,超级管理员,2025-09-18 15:37:16,2025-09-18 15:37:19
00779,在实际应用中，多旋翼无人机和固定翼无人机的航时优化方法有哪些具体的应用场景差异？请结合两者的特性说明其优化策略的侧重点。,单选题,飞行原理,中等,2,是,选项A,选项B,,,,,选项A,,超级管理员,2025-09-18 15:37:16,2025-09-18 15:37:19
00780,简述垂直起降固定翼无人机和传统固定翼无人机在航时优化方法上的异同点，并结合实际应用场景说明其优化策略的侧重点。,单选题,飞行原理,中等,2,是,选项A,选项B,,,,,选项A,,超级管理员,2025-09-18 15:37:16,2025-09-18 15:37:19
00781,对于垂直起降固定翼无人机，（）方法最有效地提高航时。,单选题,飞行原理,中等,2,是,增加飞行器的推重比,提高飞行高度,增加电池容量并优化能量管理,提升飞行速度至最大值,,,增加电池容量并优化能量管理,,超级管理员,2025-09-18 15:37:16,2025-09-18 15:37:19
00783,对于固定翼无人机而言，（）方法最有效地提高航时。,单选题,飞行原理,中等,2,是,增加飞行速度,降低飞行重量,提高飞行高度,增加电机功率,,,降低飞行重量,,超级管理员,2025-09-18 15:37:16,2025-09-18 15:37:20
00784,对于直升机式无人机，提升航时的一个重要方法是（）。,单选题,飞行原理,中等,2,是,增加电池容量,增加飞行器的机翼面积,降低飞行速度,提高飞行高度,,,增加电池容量,,超级管理员,2025-09-18 15:37:16,2025-09-18 15:37:20
00785,简述多旋翼无人机航时优化方法、高度优化方法及飞行速度优化方法，并分析它们之间的关系。,单选题,飞行原理,中等,2,是,选项A,选项B,,,,,选项A,,超级管理员,2025-09-18 15:37:16,2025-09-18 15:37:20
00786,多旋翼无人机飞行速度优化的关键因素是（）。,单选题,飞行原理,中等,2,是,提升电池容量,增加电机功率,降低飞行器重量,提高飞行高度,,,降低飞行器重量,,超级管理员,2025-09-18 15:37:16,2025-09-18 15:37:20
00787,若希望提高多旋翼无人机的飞行性能，（）因素最为关键。,单选题,飞行原理,中等,2,是,增加飞行速度,提升电池电压,优化飞行路径,增加螺旋桨的数量,,,优化飞行路径,,超级管理员,2025-09-18 15:37:16,2025-09-18 15:37:20
00788,要提高多旋翼无人机的飞行速度，（）是最有效的措施。,单选题,飞行原理,中等,2,是,降低飞行器重量,增加飞行器的推重比,提高飞行高度,增加电池容量,,,增加飞行器的推重比,,超级管理员,2025-09-18 15:37:16,2025-09-18 15:37:20
00789,在实际应用中，多旋翼无人机和固定翼无人机的飞行高度优化方法有哪些具体差异？请结合两者的特性说明其优化策略的侧重点。,单选题,飞行原理,中等,2,是,选项A,选项B,,,,,选项A,,超级管理员,2025-09-18 15:37:16,2025-09-18 15:37:20
00790,在固定翼无人机的飞行性能优化中，（）措施可以有效提高航程。,单选题,飞行原理,中等,2,是,提高飞行速度,降低飞行器重量,增加电机功率,提高电池容量,,,降低飞行器重量,,超级管理员,2025-09-18 15:37:16,2025-09-18 15:37:20
00791,要优化固定翼无人机的飞行速度，（）是最有效的方法。,单选题,飞行原理,中等,2,是,提高飞行器的推重比,增加飞行器的机翼面积,提升飞行高度以减少空气阻力,使用更大推力的发动机,,,提高飞行器的推重比,,超级管理员,2025-09-18 15:37:16,2025-09-18 15:37:20
00792,在优化固定翼无人机飞行性能时，（）因素影响飞行效率最大,单选题,飞行原理,中等,2,是,飞行器的重量,飞行器的飞行速度,翼型设计和气动特性,飞行高度,,,翼型设计和气动特性,,超级管理员,2025-09-18 15:37:16,2025-09-18 15:37:20
00793,为了提高固定翼无人机的飞行速度，以下（）措施最为有效,单选题,飞行原理,中等,2,是,减少飞行器的机翼面积,增加发动机推力,增加发动机推力,使用更高效的推进系统,,,使用更高效的推进系统,,超级管理员,2025-09-18 15:37:16,2025-09-18 15:37:20
00794,垂直起降固定翼无人机和传统固定翼无人机在飞行高度优化方法上有哪些异同点？请结合应用环境和优化策略进行说明。,单选题,飞行原理,中等,2,是,选项A,选项B,,,,,选项A,,超级管理员,2025-09-18 15:37:16,2025-09-18 15:37:20
00795,在优化垂直起降固定翼无人机的飞行高度时，（）因素最不应当作为主要考虑因素。,单选题,飞行原理,中等,2,是,飞行任务所需的最小安全高度,地面站与无人机之间的视距通信限制,无人机的颜色和外观设计,当地航空管制规定和空域使用许可,,,无人机的颜色和外观设计,,超级管理员,2025-09-18 15:37:16,2025-09-18 15:37:20
00796,针对垂直起降固定翼无人机，在选择最优飞行高度时，（）不是合理的优化策略。,单选题,飞行原理,中等,2,是,根据任务需求调整飞行高度，以确保传感器或载荷的最佳工作效果,始终保持最低飞行高度，以减少燃油消耗或电力使用,考虑地形特征和障碍物分布，规划能够避开高大物体的安全航线,结合气象条件，如风速和湍流，选择对飞行稳定性和效率有利的高度,,,始终保持最低飞行高度，以减少燃油消耗或电力使用,,超级管理员,2025-09-18 15:37:16,2025-09-18 15:37:20
00797,垂直起降固定翼无人机要提高飞行速度，（）是最有效的方法,单选题,飞行原理,中等,2,是,提升电池容量,提高推重比,增加飞行器的翼面积,使用更大推力的电动机,,,提高推重比,,超级管理员,2025-09-18 15:37:16,2025-09-18 15:37:20
00798,在优化垂直起降固定翼无人机的飞行性能时，（）最有助于减少飞行中的能量消耗,单选题,飞行原理,中等,2,是,增加飞行高度,优化飞行器的机翼设计,提高飞行器的重量,使用较大的电池,,,优化飞行器的机翼设计,,超级管理员,2025-09-18 15:37:16,2025-09-18 15:37:20
00799,对于垂直起降固定翼无人机，飞行速度与飞行性能的优化过程中，最需要关注的因素是（）。,单选题,飞行原理,中等,2,是,减少飞行器的垂直起降重量,提高飞机的飞行高度,提升推进系统的效率,优化控制系统的响应时间,,,提升推进系统的效率,,超级管理员,2025-09-18 15:37:16,2025-09-18 15:37:20
00801,在优化其他类型无人机的飞行高度时，（）哪一项不是主要考虑的因素。,单选题,飞行原理,中等,2,是,飞行器的最大升限与最小安全高度之间的平衡,地面站与无人机之间数据链路的有效通信范围,无人机的颜色和外观设计对飞行员视觉辨识的影响,当地气象条件，如风速、温度层结及湍流强度,,,无人机的颜色和外观设计对飞行员视觉辨识的影响,,超级管理员,2025-09-18 15:37:16,2025-09-18 15:37:20
00802,对于多旋翼或其他类型的无人机，在确定最佳飞行高度时，（）做法最不可能带来有效的优化结果。,单选题,飞行原理,中等,2,是,根据任务需求调整飞行高度，以确保传感器或载荷的最佳工作效果,选择一个固定的飞行高度，不论任务要求和环境变化如何,考虑地形特征和障碍物分布，规划能够避开高大物体的安全航线,结合实时气象数据，如风速和云底高度，选择有利于飞行稳定性的高度,,,选择一个固定的飞行高度，不论任务要求和环境变化如何,,超级管理员,2025-09-18 15:37:16,2025-09-18 15:37:20
00803,在优化其他机型无人机的飞行速度时，（）是最有效的策略,单选题,飞行原理,中等,2,是,降低飞行器的总重量,增加电池容量,提高飞行速度至最大值,增加飞行器的翼面积,,,降低飞行器的总重量,,超级管理员,2025-09-18 15:37:16,2025-09-18 15:37:20
00804,要优化其他机型无人机的飞行性能，（）措施最为有效,单选题,飞行原理,中等,2,是,增加电池电压,优化飞行控制算法,提高飞行高度,使用更高效的电动机,,,优化飞行控制算法,,超级管理员,2025-09-18 15:37:16,2025-09-18 15:37:20
00805,在飞行性能优化中，（）是影响其他机型无人机飞行效率的主要因素。,单选题,飞行原理,中等,2,是,电池容量,飞行器的气动设计,飞行速度,飞行时间,,,飞行器的气动设计,,超级管理员,2025-09-18 15:37:16,2025-09-18 15:37:20
00806,简述多旋翼无人机的航时优化、高度优化与飞行速度优化方法，并分析它们如何相互作用影响飞行性能。,单选题,飞行原理,中等,2,是,选项A,选项B,,,,,选项A,,超级管理员,2025-09-18 15:37:16,2025-09-18 15:37:20
00807,在多旋翼无人机飞行速度的优化过程中，最有效的方式之一是（）。,单选题,飞行原理,中等,2,是,增加电池容量,减轻无人机重量,提高电机功率,增加螺旋桨的直径,,,减轻无人机重量,,超级管理员,2025-09-18 15:37:16,2025-09-18 15:37:20
00808,影响多旋翼无人机飞行速度的一个关键因素是（）。,单选题,飞行原理,中等,2,是,电池电压,飞行控制算法的优化,无人机的航电系统,无人机的气动设计,,,无人机的气动设计,,超级管理员,2025-09-18 15:37:16,2025-09-18 15:37:20
00809,为提高多旋翼无人机的飞行速度，（）方法是最直接的。,单选题,飞行原理,中等,2,是,提升飞行器的动力系统,增加飞行时间,优化飞行路径规划,加大飞行器的承载重量,,,提升飞行器的动力系统,,超级管理员,2025-09-18 15:37:16,2025-09-18 15:37:20
00810,为了优化多旋翼无人机的飞行速度，可以通过以下（）方式提升飞行性能。,单选题,飞行原理,中等,2,是,减少飞行器的气动阻力,增加飞行高度,减少电池容量,提高机身温度,,,减少飞行器的气动阻力,,超级管理员,2025-09-18 15:37:16,2025-09-18 15:37:20
00811,多旋翼无人机飞行速度的提升最常见的方法是（）。,单选题,飞行原理,中等,2,是,改进飞行控制系统,优化电池管理,增强电机的冷却系统,提高飞行器的螺旋桨效率,,,提高飞行器的螺旋桨效率,,超级管理员,2025-09-18 15:37:16,2025-09-18 15:37:20
00812,简述固定翼无人机和多旋翼无人机在动力提升以达到速度提升方面的异同点，并结合其应用环境说明优化策略的侧重点。,单选题,飞行原理,中等,2,是,选项A,选项B,,,,,选项A,,超级管理员,2025-09-18 15:37:16,2025-09-18 15:37:20
00813,在垂直起降固定翼无人机的飞行速度优化中，提升飞行速度的最关键因素是（）。,单选题,飞行原理,中等,2,是,增加起飞重量,提升电池容量,优化气动外形设计,增加飞行高度,,,优化气动外形设计,,超级管理员,2025-09-18 15:37:16,2025-09-18 15:37:20
00814,为了提高垂直起降固定翼无人机的飞行速度，（）方法通常被优先考虑。,单选题,飞行原理,中等,2,是,增加电机功率,减少螺旋桨数量,优化飞行控制系统,增加无人机的气动稳定性,,,优化飞行控制系统,,超级管理员,2025-09-18 15:37:16,2025-09-18 15:37:20
00815,在垂直起降固定翼无人机的飞行速度优化中，（）技术是最常用的提升飞行速度的手段。,单选题,飞行原理,中等,2,是,改进电池管理系统,提升推进系统的效率,增加飞行器的负载能力,降低飞行器的飞行高度,,,提升推进系统的效率,,超级管理员,2025-09-18 15:37:16,2025-09-18 15:37:20
00816,垂直起降固定翼无人机飞行速度的提高，最主要的动力来源是（）。,单选题,飞行原理,中等,2,是,提升电池的输出电压,优化动力系统的转速与推力匹配,增加飞行器的外形重量,提高飞行时间,,,优化动力系统的转速与推力匹配,,超级管理员,2025-09-18 15:37:16,2025-09-18 15:37:20
00817,在垂直起降固定翼无人机飞行速度优化的过程中，最有效的方案之一是（）。,单选题,飞行原理,中等,2,是,增加飞行器的起飞和降落重量,降低飞行速度并提高飞行稳定性,优化无人机的升力与阻力比,改善飞行控制系统的复杂性,,,优化无人机的升力与阻力比,,超级管理员,2025-09-18 15:37:16,2025-09-18 15:37:20
00818,在实际应用中，固定翼无人机和垂直起降固定翼无人机的动力提升方法有哪些具体差异？请结合两者的特性说明其优化策略的侧重点，特别是如何通过动力提升实现速度优化。,单选题,飞行原理,中等,2,是,选项A,选项B,,,,,选项A,,超级管理员,2025-09-18 15:37:16,2025-09-18 15:37:20
00819,为了优化垂直起降固定翼无人机的飞行速度，最关键的设计考虑因素是（）。,单选题,飞行原理,中等,2,是,提升电池容量,优化空气动力学设计,增加飞行器的负载能力,增加飞行器的负载能力,,,优化空气动力学设计,,超级管理员,2025-09-18 15:37:16,2025-09-18 15:37:20
00820,在垂直起降固定翼无人机飞行速度的优化过程中，最直接的提升方法是（）。,单选题,飞行原理,中等,2,是,提升电机功率,增加飞行高度,增强飞行稳定性,优化飞行控制系统,,,提升电机功率,,超级管理员,2025-09-18 15:37:16,2025-09-18 15:37:20
00821,为了提高垂直起降固定翼无人机的飞行速度，可以通过（）方式降低飞行阻力。,单选题,飞行原理,中等,2,是,增加螺旋桨直径,使用轻质材料减轻机身重量,提升机身和翼型的气动效率,增加飞行器的电池容量,,,提升机身和翼型的气动效率,,超级管理员,2025-09-18 15:37:16,2025-09-18 15:37:20
00822,在优化垂直起降固定翼无人机的飞行速度时，使用（）推进系统最为重要。,单选题,飞行原理,中等,2,是,采用更大功率的推进系统,提高推进系统的效率与转速匹配,减少推进系统的数量,使用更重的推进系统,,,提高推进系统的效率与转速匹配,,超级管理员,2025-09-18 15:37:16,2025-09-18 15:37:20
00823,垂直起降固定翼无人机飞行速度的优化最常通过（）方法来提升其性能。,单选题,飞行原理,中等,2,是,增加飞行时间,优化电池管理系统,改善飞行控制系统的响应速度,提升飞行控制系统的复杂性,,,改善飞行控制系统的响应速度,,超级管理员,2025-09-18 15:37:16,2025-09-18 15:37:20
00824,在优化其他类型无人机的飞行速度时，（）不是主要考虑的因素。,单选题,飞行原理,中等,2,是,飞行器的最大速度与最小安全速度之间的平衡,地面站与无人机之间数据链路的有效通信范围,无人机的颜色和外观设计对视觉辨识的影响,当地气象条件，如风速、温度层结及湍流强度,,,无人机的颜色和外观设计对视觉辨识的影响,,超级管理员,2025-09-18 15:37:16,2025-09-18 15:37:20
00825,对于非垂直起降固定翼无人机，在确定最佳飞行速度时，（）做法最不可能带来有效的优化结果。,单选题,飞行原理,中等,2,是,根据任务需求调整飞行速度，以确保传感器或载荷的最佳工作效果,固定一个恒定的巡航速度，无论任务环境如何变化,考虑地形特征和障碍物分布，规划能够避开高大物体的安全航线速度,结合实时气象数据，如风速和云底高度，选择有利于飞行稳定性的速度,,,固定一个恒定的巡航速度，无论任务环境如何变化,,超级管理员,2025-09-18 15:37:16,2025-09-18 15:37:20
00826,在调整其他类型无人机的飞行速度以优化其性能时，（）因素最不应该被忽视。,单选题,飞行原理,中等,2,是,空气动力学效率，即不同速度下的能耗与推进力的关系,无人机制造商建议的操作速度范围,操作员个人偏好，例如喜欢高速或低速飞行,无人机执行特定任务时所需的精度和稳定性,,,操作员个人偏好，例如喜欢高速或低速飞行,,超级管理员,2025-09-18 15:37:16,2025-09-18 15:37:20
00827,当优化某款非固定翼无人机的飞行速度时，（）措施最可能不会有效提升其作业效率。,单选题,飞行原理,中等,2,是,使用先进的飞行控制器算法，根据实时环境自动调整速度,在所有任务中均采用最高飞行速度，以减少空中停留时间,通过地面测试和模拟仿真，寻找最经济的速度区间,根据任务要求和环境变化，动态调整飞行速度,,,在所有任务中均采用最高飞行速度，以减少空中停留时间,,超级管理员,2025-09-18 15:37:16,2025-09-18 15:37:20
00828,在优化无人机飞行速度时，为了保证飞行安全并实现节能飞行，应优先考虑（）。,单选题,飞行原理,中等,2,是,尽量保持高速飞行，以尽快完成任务,忽略风速影响，因为现代无人机有足够的抗风能力,仅关注电池电量，不论飞行速度如何,根据实际任务需求和外部条件，选择最优速度策略,,,根据实际任务需求和外部条件，选择最优速度策略,,超级管理员,2025-09-18 15:37:16,2025-09-18 15:37:20
00829,在优化多旋翼无人机的机动飞行性能时，（）因素最不应该被考虑。,单选题,飞行原理,中等,2,是,电机和螺旋桨的最佳匹配，以实现高效的动力输出,飞行控制器算法的先进性，以支持复杂的飞行模式,无人机的颜色和外观设计对视觉辨识的影响,减轻机身重量而不影响结构强度，以提高加速性能,,,无人机的颜色和外观设计对视觉辨识的影响,,超级管理员,2025-09-18 15:37:16,2025-09-18 15:37:20
00830,为了提升多旋翼无人机的机动飞行性能，（）做法最不可能带来有效的优化结果。,单选题,飞行原理,中等,2,是,根据任务需求调整螺旋桨尺寸和形状，以优化升力和推力,固定一个恒定的飞行速度，不论任务环境如何变化,引入智能飞行控制系统，能够根据实时环境自动调整飞行参数,使用更轻质但同样坚固的材料来制造机架和其他组件,,,固定一个恒定的飞行速度，不论任务环境如何变化,,超级管理员,2025-09-18 15:37:16,2025-09-18 15:37:20
00831,在优化多旋翼无人机的机动飞行性能时，（）措施最有可能不会显著改善其动态响应。,单选题,飞行原理,中等,2,是,升级到更高性能的电池，增加续航时间和动力储备,仅通过增加螺旋桨直径来试图提升最大速度，而忽略其他因素,调整飞控系统的PID参数，以更好地适应快速变化的姿态控制,减少不必要的电子设备或冗余结构，减轻整体重量,,,仅通过增加螺旋桨直径来试图提升最大速度，而忽略其他因素,,超级管理员,2025-09-18 15:37:16,2025-09-18 15:37:20
00832,当优化多旋翼无人机的机动飞行性能时，（）方面最不应该作为首要目标。,单选题,飞行原理,中等,2,是,提高飞行器的最大载荷能力，以携带更多传感器或设备,增强飞行稳定性，在复杂气象条件下也能保持精确飞行,确保飞行器能够在狭小空间内灵活转弯和悬停,改善飞行器的能耗效率，延长每次充电后的飞行时间,,,提高飞行器的最大载荷能力，以携带更多传感器或设备,,超级管理员,2025-09-18 15:37:16,2025-09-18 15:37:20
00833,在优化固定翼无人机的机动飞行性能时，（）不是有效的优化策略。,单选题,飞行原理,中等,2,是,提升机翼设计的空气动力学效率，以减少阻力并增加升力,固定一个恒定的巡航速度，不论任务环境如何变化,引入先进的飞控算法，以支持自动化的复杂飞行模式,使用轻质且高强度材料制造机身，以减轻重量同时保持结构强度,,,固定一个恒定的巡航速度，不论任务环境如何变化,,超级管理员,2025-09-18 15:37:16,2025-09-18 15:37:20
00834,为了提升固定翼无人机的机动飞行性能，（）因素最不应该被作为主要考虑点。,单选题,飞行原理,中等,2,是,优化发动机与螺旋桨之间的匹配，以实现最佳推进效率,增加无人机的颜色对比度，以提高视觉辨识度,调整飞行控制系统中的参数，以改善动态响应特性,设计可变几何外形（如可调机翼或尾翼），以适应不同飞行状态,,,增加无人机的颜色对比度，以提高视觉辨识度,,超级管理员,2025-09-18 15:37:16,2025-09-18 15:37:20
00835,当优化固定翼无人机的机动飞行性能时，（）最不应该成为首要目标。,单选题,飞行原理,中等,2,是,提高最大载荷能力，以便携带更多的有效载荷或燃料,改善飞行器的短距起降（STOL）性能，以适应更小的操作场地,确保飞行器能够在高速和低速之间平滑转换，以执行复杂的飞行任务,增强飞行器的稳定性和可控性，在恶劣气象条件下也能安全飞行,,,提高最大载荷能力，以便携带更多的有效载荷或燃料,,超级管理员,2025-09-18 15:37:16,2025-09-18 15:37:20
00836,在优化垂直起降固定翼无人机的机动飞行性能时，（）最不可能带来显著的性能提升。,单选题,飞行原理,中等,2,是,通过改进机翼设计来增强空气动力学效率，从而提高水平飞行速度,增加无人机的颜色对比度以改善地面人员的视觉辨识度,引入自适应飞行控制算法，以自动调整姿态和速度以应对不同飞行阶段,使用更轻质但同样坚固的材料制造机身和组件，以减轻整体重量,,,增加无人机的颜色对比度以改善地面人员的视觉辨识度,,超级管理员,2025-09-18 15:37:16,2025-09-18 15:37:20
00837,为了提升垂直起降固定翼无人机的机动飞行性能，（）因素最不应该被作为主要优化目标。,单选题,飞行原理,中等,2,是,提高垂直起飞和降落过程中的能量效率，减少电池或燃料消耗,固定一个恒定的最大飞行速度，不论任务需求或环境条件如何变化,确保飞行器能够在复杂气象条件下保持稳定飞行，并能快速响应控制指令,,,,提高垂直起飞和降落过程中的能量效率，减少电池或燃料消耗,,超级管理员,2025-09-18 15:37:16,2025-09-18 15:37:20
00838,在优化其他类型无人机（如多旋翼、直升机型）的机动飞行性能时，（）最不可能显著提升其性能。,单选题,飞行原理,中等,2,是,通过引入先进的飞控算法，提高姿态控制精度和响应速度,增加无人机的颜色对比度，以改善地面人员的视觉辨识度,使用轻质但高强度材料，减轻机身重量而不牺牲结构强度,优化螺旋桨或旋翼设计，以增强升力效率并减少能耗,,,增加无人机的颜色对比度，以改善地面人员的视觉辨识度,,超级管理员,2025-09-18 15:37:16,2025-09-18 15:37:20
00839,请论述无人机培训计划的制订与培训讲义编写的关系。如何根据培训计划的目标和内容来编写讲义？在这两者之间，如何确保培训效果的统一与提升？请试着从法规与安全意识和实操技能、应急处理两点制订无人机的培养计划。,单选题,飞行原理,中等,2,是,选项A,选项B,,,,,选项A,,超级管理员,2025-09-18 15:37:16,2025-09-18 15:37:20
00840,请论述多旋翼无人机、固定翼无人机和垂直起降固定翼无人机在飞行航时优化方法上的异同点，并结合实际应用场景分析各自优化策略的侧重点。,单选题,飞行原理,中等,2,是,选项A,选项B,,,,,选项A,,超级管理员,2025-09-18 15:37:16,2025-09-18 15:37:20
00841,请论述垂直起降固定翼无人机、固定翼无人机和伞翼无人机在飞行高度优化方法上的异同点，并结合实际应用场景分析各自优化策略的侧重点。,单选题,飞行原理,中等,2,是,选项A,选项B,,,,,选项A,,超级管理员,2025-09-18 15:37:16,2025-09-18 15:37:20
00842,请论述多旋翼无人机、固定翼无人机和垂直起降固定翼无人机在飞行速度优化方法上的异同点，并结合其应用环境，分析各自优化策略的侧重点。,单选题,飞行原理,中等,2,是,选项A,选项B,,,,,选项A,,超级管理员,2025-09-18 15:37:16,2025-09-18 15:37:20
00843,请论述多旋翼无人机、固定翼无人机和垂直起降固定翼无人机在机动飞行性能优化方法上的异同点，并结合实际应用场景分析各自优化策略的侧重点。,单选题,飞行原理,中等,2,是,选项A,选项B,,,,,选项A,,超级管理员,2025-09-18 15:37:16,2025-09-18 15:37:20
00844,请论述多旋翼无人机、垂直起降固定翼无人机和伞翼无人机在飞行高度优化方法上的异同点，并结合实际应用场景分析各自优化策略的侧重点。,单选题,飞行原理,中等,2,是,选项A,选项B,,,,,选项A,,超级管理员,2025-09-18 15:37:16,2025-09-18 15:37:20
00845,请论述多旋翼无人机和固定翼无人机在机动飞行能力优化方法上的异同点，并结合每款无人机的特点分析各自优化策略的侧重点。同时，简述伞翼无人机飞行速度的优化方法。,单选题,飞行原理,中等,2,是,选项A,选项B,,,,,选项A,,超级管理员,2025-09-18 15:37:16,2025-09-18 15:37:20
00846,请论述多旋翼无人机和固定翼无人机在飞行高度优化方法上的异同点，并结合实际应用场景分析各自优化策略的侧重点。同时，详细说明多旋翼无人机航时的优化方法。,单选题,飞行原理,中等,2,是,选项A,选项B,,,,,选项A,,超级管理员,2025-09-18 15:37:16,2025-09-18 15:37:20
00847,结合无人机培训计划的制订方法、培训讲义的编写方法以及评价标准的编写方法，分析如何构建完善的无人机培训流程，以提升教学效率和学员的综合能力。,单选题,飞行原理,中等,2,是,选项A,选项B,,,,,选项A,,超级管理员,2025-09-18 15:37:16,2025-09-18 15:37:20
00848,请论述如何综合应用伞翼无人机航时优化、多旋翼无人机飞行高度优化以及垂直起降固定翼无人机机动飞行性能优化的方法，设计一种新型无人机，以满足复杂环境下的多样化任务需求。,单选题,飞行原理,中等,2,是,选项A,选项B,,,,,选项A,,超级管理员,2025-09-18 15:37:16,2025-09-18 15:37:20
00849,在多旋翼无人机的飞行控制系统中，（）参数直接影响到姿态控制环路中的响应速度和稳定性，并且需要根据具体应用场景进行精细调整。,单选题,飞行原理,中等,2,是,电机KV值,PID控制器的比例系数（P）,飞控IMU传感器的采样率,电池的放电倍率（C-rate）,,,PID控制器的比例系数（P）,,超级管理员,2025-09-18 15:37:16,2025-09-18 15:37:20
00850,在多旋翼无人机的飞行控制系统中，提高IMU传感器的采样率总是能显著提升飞行器的姿态稳定性和响应速度。（）,单选题,飞行原理,中等,2,是,正确,错误,,,,,错误,,超级管理员,2025-09-18 15:37:16,2025-09-18 15:37:20
00851,在固定翼无人机的设计与操作中，（）因素对飞行效率和续航时间有着决定性影响，并且需要根据任务需求进行优化。,单选题,飞行原理,中等,2,是,机翼的展弦比,飞行控制器的处理速度,发动机或电动机的最大功率,数据链路通信带宽,,,机翼的展弦比,,超级管理员,2025-09-18 15:37:16,2025-09-18 15:37:20
00852,在垂直起降固定翼无人机的设计中，（）技术是确保VTOL UAV能够实现高效过渡飞行模式（从垂直起飞/降落到水平巡航）的关键，并且对整体性能有重大影响。,单选题,飞行原理,中等,2,是,混合动力系统优化,垂直升力与水平推力的转换机制,飞行控制器的冗余设计,空气动力学外形优化,,,垂直升力与水平推力的转换机制,,超级管理员,2025-09-18 15:37:16,2025-09-18 15:37:20
00853,固定翼无人机的起飞方式仅限于跑道滑跑起飞，无法采用弹射或其他非传统方式启动飞行任务。（）,单选题,飞行原理,中等,2,是,正确,错误,,,,,错误,,超级管理员,2025-09-18 15:37:16,2025-09-18 15:37:20
00854,在单旋翼无人机的操作中，当遇到低空风切变时，飞行员应优先采取措施（）来确保飞行安全。,单选题,飞行原理,中等,2,是,立即减小主旋翼转速以降低升力,快速增加油门使无人机迅速爬升,保持稳定的飞行姿态并适当调整总距杆,启动自动返航模式，让无人机自主返回起飞点,,,保持稳定的飞行姿态并适当调整总距杆,,超级管理员,2025-09-18 15:37:16,2025-09-18 15:37:20
00855,扑翼无人机模仿鸟类或昆虫的飞行方式，下列（）技术挑战是该类型无人机研发过程中必须克服以实现高效飞行的关键问题。,单选题,飞行原理,中等,2,是,实现快速起飞和降落的能力,精确复制生物翅膀的复杂运动模式,提供足够的载荷能力,确保长距离通信链路的稳定性,,,精确复制生物翅膀的复杂运动模式,,超级管理员,2025-09-18 15:37:16,2025-09-18 15:37:20
00856,在进行多旋翼无人机的复杂飞行任务规划时，下列（）技术手段最有助于确保任务的安全性和效率，并能够实时调整飞行路径以应对突发情况。,单选题,飞行原理,中等,2,是,使用预设航点自动导航,实施基于视觉或激光雷达的环境感知与避障,依赖于GPS信号进行精确位置跟踪,启用手动遥控模式下的专家级飞行员操作,,,实施基于视觉或激光雷达的环境感知与避障,,超级管理员,2025-09-18 15:37:16,2025-09-18 15:37:20
00857,针对短跑道或无跑道环境下的固定翼无人机操作，（）起飞方式能够提供最大的灵活性和适应性。,单选题,飞行原理,中等,2,是,使用弹射装置进行发射,在平坦地面上滑跑起飞,采用手抛方式起飞,利用车载平台发射,,,使用弹射装置进行发射,,超级管理员,2025-09-18 15:37:16,2025-09-18 15:37:20
00858,对于多旋翼无人机操作员的培训，专注于飞行器的基本操控技能就足够了，不需要深入了解无人机系统的工作原理和技术细节。（）,单选题,飞行原理,中等,2,是,正确,错误,,,,,错误,,超级管理员,2025-09-18 15:37:16,2025-09-18 15:37:20
00859,为了最大化垂直起降固定翼无人机的总体能量利用效率，特别是在频繁进行垂直起飞/降落操作的情况下，（）能源管理策略最为有效。,单选题,飞行原理,中等,2,是,使用混合动力系统结合电动和内燃机驱动,采用大容量电池并增加额外的备用电池携带量,在每次任务后完全充电或加油,应用智能算法优化垂直和水平飞行模式下的能耗分配,,,应用智能算法优化垂直和水平飞行模式下的能耗分配,,超级管理员,2025-09-18 15:37:16,2025-09-18 15:37:20
00860,在无人飞艇的设计与操作中，为了确保其能够在高空长时间稳定飞行并执行精确的任务，以下（）技术最为关键。,单选题,飞行原理,中等,2,是,使用高强度复合材料减轻结构重量,精确控制气囊内部气体的压力和温度,提升动力系统的冗余度以增加可靠性,配备先进的气象传感器进行实时监测,,,精确控制气囊内部气体的压力和温度,,超级管理员,2025-09-18 15:37:16,2025-09-18 15:37:20
00861,在指导多旋翼无人机的专业技能时，模拟器训练可以完全替代实际飞行练习，因为现代模拟器能够高度逼真地再现真实飞行环境和条件。（）,单选题,飞行原理,中等,2,是,正确,错误,,,,,错误,,超级管理员,2025-09-18 15:37:16,2025-09-18 15:37:20
00862,当优化单旋翼无人机的动力系统以提升整体性能时，下列（）技术策略最能显著改善其能量利用效率和续航时间。,单选题,飞行原理,中等,2,是,提高发动机的最大输出功率,采用轻量化材料制造传动部件,实施智能油门管理与混合动力系统,安装更大尺寸的螺旋桨,,,实施智能油门管理与混合动力系统,,超级管理员,2025-09-18 15:37:16,2025-09-18 15:37:20
00863,在倾转旋翼无人机的操作中，为了优化垂直起降和水平飞行之间的过渡效率，（）技术最为重要。,单选题,飞行原理,中等,2,是,提高发动机的最大推力输出,应用智能算法优化旋翼倾转角度,增强机身结构强度以承受不同飞行模式下的应力,安装更大容量的电池或燃料箱,,,应用智能算法优化旋翼倾转角度,,超级管理员,2025-09-18 15:37:16,2025-09-18 15:37:20
00864,在编写针对不同机型（如无人飞艇、扑翼无人机等）的无人机培训指导规范时，应将重点放在特定机型的独特操作技巧上，而通用的飞行原理和安全规程可以作为次要内容进行简要介绍。（）,单选题,飞行原理,中等,2,是,正确,错误,,,,,错误,,超级管理员,2025-09-18 15:37:16,2025-09-18 15:37:20
00865,在编写垂直起降固定翼无人机培训指导规范时，为了确保学员能够全面掌握操作技能，以下（）内容应该作为课程的重点。,单选题,飞行原理,中等,2,是,深入讲解垂直起飞和降落的操作细节,强调水平飞行模式下的高效巡航技巧,综合训练垂直与水平飞行模式的转换技术,详细介绍不同品牌VTOL UAV的操作差异,,,综合训练垂直与水平飞行模式的转换技术,,超级管理员,2025-09-18 15:37:16,2025-09-18 15:37:20
00866,在编写多旋翼无人机培训指导规范时，为了确保学员能够系统性地掌握从基础到高级的操作技能，以下（）课程结构设计最为有效。,单选题,飞行原理,中等,2,是,按照飞行任务复杂度递增的方式组织教学内容,集中于理论知识讲解，减少实际操作练习时间,强调特定品牌和型号的无人机操作技巧,分阶段设置理论与实践相结合的教学模块,,,分阶段设置理论与实践相结合的教学模块,,超级管理员,2025-09-18 15:37:16,2025-09-18 15:37:20
00867,在编写单旋翼无人机培训指导规范时，应将重点放在高级飞行技巧的训练上，如特技飞行和复杂环境下的操作，而基本飞行原理和安全规程可以在学员具备一定经验后再详细讲解。（）,单选题,飞行原理,中等,2,是,正确,错误,,,,,错误,,超级管理员,2025-09-18 15:37:16,2025-09-18 15:37:20
00868,在编写固定翼无人机培训指导规范时，为了有效培养学员的操作技能，以下（）教学策略最为关键。,单选题,飞行原理,中等,2,是,集中于理论知识讲解，减少实际飞行练习,强调特定品牌和型号的无人机操作技巧,设计分阶段、逐步递进的实际飞行任务,提供详细的地面站软件使用指南,,,设计分阶段、逐步递进的实际飞行任务,,超级管理员,2025-09-18 15:37:16,2025-09-18 15:37:20
00869,为了保障多旋翼无人机培训过程中的安全性，以下（）应该是编写培训指导规范时的安全教育重点。,单选题,飞行原理,中等,2,是,着重介绍各种飞行模式的特点和使用场景,详细讲解法律法规及空域管理规定,详细讲解法律法规及空域管理规定,强化紧急情况处理和风险评估训练,,,强化紧急情况处理和风险评估训练,,超级管理员,2025-09-18 15:37:16,2025-09-18 15:37:20
00870,在编写垂直起降固定翼无人机的培训指导规范时，应将重点放在垂直起飞和降落的操作训练上，而水平飞行模式下的操作技能可以作为次要内容进行简要介绍。（）,单选题,飞行原理,中等,2,是,正确,错误,,,,,错误,,超级管理员,2025-09-18 15:37:16,2025-09-18 15:37:20
00871,在编写单旋翼无人机培训指导规范时，为了确保学员能够系统性地掌握从基础到高级的操作技能，（）课程结构最为有效。,单选题,飞行原理,中等,2,是,集中于特技飞行和复杂环境下的操作训练,强调特定品牌和型号的无人机操作技巧,分阶段设置理论学习、模拟器训练和实地飞行练习相结合的教学模块,以大量的实际飞行时间为主，减少理论讲解,,,分阶段设置理论学习、模拟器训练和实地飞行练习相结合的教学模块,,超级管理员,2025-09-18 15:37:16,2025-09-18 15:37:21
00872,在编写多旋翼无人机培训指导评价时，应将重点放在学员是否能够在模拟环境中实现无差错飞行，而实际飞行中的表现和安全规程遵守情况可以作为次要评估标准。（）,单选题,飞行原理,中等,2,是,正确,错误,,,,,错误,,超级管理员,2025-09-18 15:37:16,2025-09-18 15:37:21
00873,在编写多旋翼无人机培训指导评价时，为了确保评估标准能够全面反映学员的实际操作能力和安全意识，以下（）最为关键。,单选题,飞行原理,中等,2,是,仅依赖模拟器中的飞行表现作为主要评估依据,强调理论知识考试成绩，减少实际飞行考核比重,综合考虑模拟器训练、实地飞行任务完成情况及安全规程遵守情况,着重于特定品牌和型号的操作技巧掌握程度,,,综合考虑模拟器训练、实地飞行任务完成情况及安全规程遵守情况,,超级管理员,2025-09-18 15:37:16,2025-09-18 15:37:21
00874,在编写固定翼无人机培训指导评价时，为了确保学员的操作技能和安全意识得到全面评估，以下（）应当作为评价的重点。,单选题,飞行原理,中等,2,是,学员能否成功完成一系列预设飞行任务,学员对飞行原理和技术细节的理解程度,综合评估飞行任务完成情况、细节操作及安全规程遵守情况,学员是否能够在模拟环境中实现无差错飞行,,,综合评估飞行任务完成情况、细节操作及安全规程遵守情况,,超级管理员,2025-09-18 15:37:16,2025-09-18 15:37:21
00875,在编写固定翼无人机培训指导评价时，应将重点放在学员能否成功完成一系列预设飞行任务上，而对飞行过程中的细节操作和安全规程遵守情况可以作为次要评估标准。（）,单选题,飞行原理,中等,2,是,正确,错误,,,,,错误,,超级管理员,2025-09-18 15:37:16,2025-09-18 15:37:21
00876,在编写垂直起降固定翼无人机培训指导评价时，为了确保评估标准能够全面反映学员的操作技能和安全意识，最应重视（）的考核内容。,单选题,飞行原理,中等,2,是,学员在模拟环境中完成无差错飞行任务的能力,学员对特定品牌VTOL UAV操作界面的熟悉程度,综合评估飞行任务完成情况、模式转换技巧及安全规程遵守情况,学员书面测试中关于VTOL UAV技术原理的成绩,,,综合评估飞行任务完成情况、模式转换技巧及安全规程遵守情况,,超级管理员,2025-09-18 15:37:16,2025-09-18 15:37:21
00877,在编写单旋翼无人机培训指导评价时，为了确保评估标准能够全面反映学员的操作技能和安全意识，最应重视（）考核内容。,单选题,飞行原理,中等,2,是,学员能否熟练操作特定品牌和型号的单旋翼无人机,学员在模拟环境中完成无差错飞行任务的能力,综合评估飞行任务完成情况、应急处理能力和安全规程遵守情况,学员对单旋翼无人机理论知识的理解程度,,,综合评估飞行任务完成情况、应急处理能力和安全规程遵守情况,,超级管理员,2025-09-18 15:37:16,2025-09-18 15:37:21
00878,在编写垂直起降固定翼无人机培训指导评价时，应将重点放在学员能否成功完成从垂直起飞到水平飞行模式的转换任务上，而对飞行过程中的细节操作和安全规程遵守情况可以作为次要评估标准。（）,单选题,飞行原理,中等,2,是,正确,错误,,,,,错误,,超级管理员,2025-09-18 15:37:16,2025-09-18 15:37:21
00882,有阶级的社会形态和社会主义职业道德一样，都以集体主义为原则，以人民利益作为最高利益。（）,单选题,飞行安全,中等,2,是,正确,错误,,,,,错误,,超级管理员,2025-09-18 15:38:26,2025-09-18 15:38:26
00883,社会主义职业道德把爱祖国、爱人民、爱劳动、爱科学、爱社会主义作为社会主义道德的基本要求。（）,单选题,飞行安全,中等,2,是,正确,错误,,,,,正确,,超级管理员,2025-09-18 15:38:26,2025-09-18 15:38:26
00884,职业道德的特点主要包括（）。,多选题,飞行安全,中等,3,是,行业性,继承性,多样性,先进性,时代性,,行业性;继承性;多样性,,超级管理员,2025-09-18 15:38:26,2025-09-18 15:38:26
00885,职业记录的一致性主要体现在（）。,多选题,飞行安全,困难,3,是,行业规范与准则,内部规章制度,职业纪律处分机制,对工作流程的严格要求,随着时代发展而变化,,行业规范与准则;内部规章制度;职业纪律处分机制;对工作流程的严格要求,,超级管理员,2025-09-18 15:38:26,2025-09-18 15:38:26
00889,关于社会公德的说法中，不属于其规范特点的是（）。,单选题,飞行安全,中等,2,是,执行的有效性,范围的广泛性,具体行为的细微性,行为的外在礼仪性,,,执行的有效性,,超级管理员,2025-09-18 15:38:26,2025-09-18 15:38:26
00890,讲究质量、注重信誉是社会主义职业道德最重要的规范之一。（  ）,单选题,飞行安全,中等,2,是,正确,错误,,,,,正确,,超级管理员,2025-09-18 15:38:26,2025-09-18 15:38:26
00891,社会公德的主要规范是:文明礼貌、助人为乐、爱护公物、勤俭持家、遵纪守法。(  ),单选题,飞行安全,中等,2,是,正确,错误,,,,,错误,,超级管理员,2025-09-18 15:38:26,2025-09-18 15:38:26
00892,在职业道德行为规范中，对于团队合作的要求包括（ ）。,多选题,飞行安全,中等,3,是,积极与团队成员沟通交流,乐于分享自己的经验和知识,互相指责，推诿责任,尊重团队成员的个性和观点,为了团队目标，愿意做出适当的妥协,,积极与团队成员沟通交流;乐于分享自己的经验和知识;尊重团队成员的个性和观点;为了团队目标，愿意做出适当的妥协,,超级管理员,2025-09-18 15:38:26,2025-09-18 15:38:26
00893,职业道德行为规范中，在对待工作任务方面，正确的做法有（ ）。,多选题,飞行安全,中等,3,是,认真负责，尽力完成每一项工作任务,敷衍了事，能拖则拖,遇到困难就放弃，不努力克服,注重工作质量，严格把关,不断学习，提升自己完成工作任务的能力,,认真负责，尽力完成每一项工作任务;注重工作质量，严格把关;不断学习，提升自己完成工作任务的能力,,超级管理员,2025-09-18 15:38:26,2025-09-18 15:38:26
00897,衡量一个公民精神文明水平高低的重要标尺是（）。,单选题,飞行安全,中等,2,是,职业道德,公民道德,遵纪守法,网络道德,,,公民道德,,超级管理员,2025-09-18 15:38:26,2025-09-18 15:38:26
00898,职业道德行为评价按主体不同可以分为社会评价、集体评价和自我评价。（）,单选题,飞行安全,中等,2,是,正确,错误,,,,,正确,,超级管理员,2025-09-18 15:38:26,2025-09-18 15:38:26
00899,对职业道德行为进行评价应“以事实为依据，以法律为准绳”。（）,单选题,飞行安全,中等,2,是,正确,错误,,,,,错误,,超级管理员,2025-09-18 15:38:26,2025-09-18 15:38:26
00900,属于职业道德行为的自我评价方式的是（）。,多选题,飞行安全,中等,3,是,自我反思，回顾自己在工作中的行为是否符合道德准则,与自己设定的职业道德目标进行对比，检查完成情况,参照同事的行为来评价自己的职业道德行为,根据行业内普遍认可的道德楷模的行为来衡量自己,按照自己的情绪和直觉判断自己的行为是否正确,,自我反思，回顾自己在工作中的行为是否符合道德准则;与自己设定的职业道德目标进行对比，检查完成情况;按照自己的情绪和直觉判断自己的行为是否正确,,超级管理员,2025-09-18 15:38:26,2025-09-18 15:38:26
00901,职业道德行为的社会评价方式包括（ ）。,多选题,飞行安全,中等,3,是,客户满意度调查，了解客户对从业者职业道德的评价,媒体曝光，通过媒体对从业者行为的报道来反映社会看法,行业协会的表彰或批评，基于行业标准进行评价,政府监管部门根据法律法规对从业者进行道德评定,同事之间的私下议论，形成对他人职业道德行为的评价,,客户满意度调查，了解客户对从业者职业道德的评价;媒体曝光，通过媒体对从业者行为的报道来反映社会看法;行业协会的表彰或批评，基于行业标准进行评价;同事之间的私下议论，形成对他人职业道德行为的评价,,超级管理员,2025-09-18 15:38:26,2025-09-18 15:38:26
00902,法律对道德的影响主要体现是（     ）。,单选题,飞行安全,中等,2,是,强制执行和惩罚措施,规范和约束行为范围,宣传道德价值观,保护公民权利和自由,,,规范和约束行为范围,,超级管理员,2025-09-18 15:38:26,2025-09-18 15:38:26
00903,道德与法律是社会规范的两个重要方面，他们之间的关系是（     ）。,单选题,飞行安全,中等,2,是,范围相同,互不重叠,相辅相成,层次相同,,,相辅相成,,超级管理员,2025-09-18 15:38:26,2025-09-18 15:38:26
00904,法律更注重事后和判决和惩戒性，职业道德更注重事前对人们进行教育，因此具有（）。,单选题,飞行安全,中等,2,是,预防性,先进行,统一性,互补性,,,预防性,,超级管理员,2025-09-18 15:38:26,2025-09-18 15:38:26
00905,法律通过强制力来强化道德作用，确保道德底线，对道德起到促进作用，是道德的（）。,单选题,飞行安全,中等,2,是,基础,补充,延续,支撑,,,支撑,,超级管理员,2025-09-18 15:38:26,2025-09-18 15:38:26
00906,触犯了法律就一定违反了职业道德。,单选题,飞行安全,困难,2,是,正确,错误,,,,,正确,,超级管理员,2025-09-18 15:38:26,2025-09-18 15:38:26
00907,职业道德和法律都体现人民群众的利益和意志。,单选题,飞行安全,中等,2,是,正确,错误,,,,,正确,,超级管理员,2025-09-18 15:38:26,2025-09-18 15:38:26
00908,关于职业道德与法律的联系，正确的是（ ）。,多选题,飞行安全,中等,3,是,职业道德和法律都具有规范性，约束人们的行为,法律是职业道德的底线，违反法律的行为往往也违背职业道德,职业道德和法律在某些内容上相互交叉，例如在劳动保护方面,职业道德和法律的实施都需要一定的监督机制来保障,职业道德可以替代法律对某些行为进行制裁,,职业道德和法律都具有规范性，约束人们的行为;法律是职业道德的底线，违反法律的行为往往也违背职业道德;职业道德和法律在某些内容上相互交叉，例如在劳动保护方面;职业道德和法律的实施都需要一定的监督机制来保障,,超级管理员,2025-09-18 15:38:26,2025-09-18 15:38:26
00909,从保障机制来看，职业道德和法律的不同之处在于（ ）。,多选题,飞行安全,中等,3,是,法律的保障主要依靠国家强制力，职业道德主要依靠行业自律和社会舆论,违反职业道德主要受到行业内部的谴责和处罚，违反法律会受到司法机关的制裁,职业道德的保障机制相对灵活，法律的保障机制更为严格和固定,法律保障具有普遍性，职业道德保障在不同行业有不同程度的体现,职业道德保障侧重于事前预防，法律保障侧重于事后惩罚,,法律的保障主要依靠国家强制力，职业道德主要依靠行业自律和社会舆论;违反职业道德主要受到行业内部的谴责和处罚，违反法律会受到司法机关的制裁;职业道德的保障机制相对灵活，法律的保障机制更为严格和固定;法律保障具有普遍性，职业道德保障在不同行业有不同程度的体现,,超级管理员,2025-09-18 15:38:26,2025-09-18 15:38:26
00910,关于遵纪守法正确的说法是（）。,单选题,飞行安全,中等,2,是,只要品德端正，学不学法无所谓,金钱对人的诱惑力要大于法纪对人的约束力,法律是由人执行的，执行时不能不考虑人情和权力等因素,遵纪守法与职业道德要求具有一致性,,,遵纪守法与职业道德要求具有一致性,,超级管理员,2025-09-18 15:38:26,2025-09-18 15:38:26
00911,假设你在工作中出现了一次小的失误，暂时还未给单位造成损失，领导也没有发现。在这种情况下，你认为最好的一种处理办法是（   ）。,单选题,飞行安全,中等,2,是,不向任何人提起这件事,不告诉任何人，自己在以后的工作中弥补过失,告诉领导，承认自己的过失并承担相应的责任,告诉自己最好的朋友，请他帮自己想一个最好的办法,,,告诉领导，承认自己的过失并承担相应的责任,,超级管理员,2025-09-18 15:38:26,2025-09-18 15:38:26
00912,“5.12地震”中，德阳汉旺东汽中学高二（一）班老师谭千秋正在上课，危急时刻张开双臂、躬下身躯护住课桌下的4名同学，献出了51岁的生命，这是（  ）的最高表现形式。,单选题,飞行安全,困难,2,是,奉献社会,忠于职守,诚实守信,热爱本职,,,忠于职守,,超级管理员,2025-09-18 15:38:26,2025-09-18 15:38:26
00913,关于爱岗敬业表述不符的是（）。,单选题,飞行安全,中等,2,是,抓住机遇、竞争上岗,具有奉献精神,勤奋学习，刻苦钻研业务,认真履行岗位职责,,,抓住机遇、竞争上岗,,超级管理员,2025-09-18 15:38:26,2025-09-18 15:38:26
00914,在工作中，只要自己的行为不违反法律法规，就可以不遵守公司规定。（）,单选题,飞行安全,中等,2,是,正确,错误,,,,,错误,,超级管理员,2025-09-18 15:38:26,2025-09-18 15:38:26
00915,酒后开车只违反了交通法规，不违反职业道德。（）,单选题,飞行安全,中等,2,是,正确,错误,,,,,错误,,超级管理员,2025-09-18 15:38:26,2025-09-18 15:38:26
00916,遵纪守法的具体表现有（）。,多选题,飞行安全,中等,3,是,依法纳税，不偷税漏税,遵守交通规则，文明出行,在工作中遵守保密协议，不泄露公司机密,对违法犯罪行为视而不见，以免惹祸上身,了解并遵守行业的相关法律法规,,依法纳税，不偷税漏税;遵守交通规则，文明出行;在工作中遵守保密协议，不泄露公司机密;了解并遵守行业的相关法律法规,,超级管理员,2025-09-18 15:38:26,2025-09-18 15:38:26
00917,爱岗敬业在工作态度上的具体表现包括（ ）。,多选题,飞行安全,中等,3,是,以积极的心态对待工作，对工作充满热情,总是抱怨工作任务繁重，却不采取行动改善,把工作当作自己的事业，愿意为之付出额外的努力,对工作敷衍了事，只追求完成任务的数量,主动承担工作责任，不推诿,,以积极的心态对待工作，对工作充满热情;把工作当作自己的事业，愿意为之付出额外的努力;主动承担工作责任，不推诿,,超级管理员,2025-09-18 15:38:26,2025-09-18 15:38:26
00918,某工程队在施工时要把网线穿过一根10米长，但直径只有3厘米的管道，而且管道已经砌在墙体里，并且绕了3个弯，用常规方法无法完成任务。一位工程师想出一个主意:从宠物市场买来一只老鼠，把一根线绑在老鼠身上，让老鼠沿着管子跑，这样网线安装的难题顺利得到解决。这个案例表明（）。,单选题,飞行安全,中等,2,是,创新的本质是突破,这种方法缺乏专业性，不符合创新的本质,开辟一个新市场才属于创新,这只是歪打正着，不是真正的创新,,,创新的本质是突破,,超级管理员,2025-09-18 15:38:26,2025-09-18 15:38:26
00919,关于创新的论述，正确的是（）。,单选题,飞行安全,中等,2,是,创新与继承根本对立,创新就是独立自主,创新是民族进步的灵魂,创新不需要引进国外新技术,,,创新是民族进步的灵魂,,超级管理员,2025-09-18 15:38:26,2025-09-18 15:38:26
00920,历涛用1千克面粉，制作并拉出2097152根面条，累计长度为2852千米，相当于从北京到新疆哈密市的距离。历涛拉出的面条细如丝，根根不断，一个针眼可穿人18根面条，这个案例表现了（）的职业道德模范。,单选题,飞行安全,中等,2,是,严于律己,探索创新,技艺精湛,执行工艺,,,技艺精湛,,超级管理员,2025-09-18 15:38:26,2025-09-18 15:38:26
00921,《庄子》中记载的庖丁解牛的故事体现了（）的职业道德模范。,单选题,飞行安全,中等,2,是,技艺精湛,精益求精,专心致志,执行工艺,,,精益求精,,超级管理员,2025-09-18 15:38:26,2025-09-18 15:38:26
00922,我国著名画家齐白石，1955年荣获国际和平奖。他创作的作品深受世界人民欢迎，赢得高度评价。他在艺术创作的道路上，几十年如一日，勤奋不懈，即使在八十岁高龄时，还每日坚持挥毫作画。这个案例体现了勤学苦练、精益求精的职业道德模范。（）,单选题,飞行安全,中等,2,是,正确,错误,,,,,正确,,超级管理员,2025-09-18 15:38:26,2025-09-18 15:38:26
00923,开拓创新最重要的是注重创新的方法，其余是次要的。（）,单选题,飞行安全,中等,2,是,正确,错误,,,,,错误,,超级管理员,2025-09-18 15:38:26,2025-09-18 15:38:26
00924,探索创新的具体行为包括（ ）。,多选题,飞行安全,中等,3,是,对现有工作流程提出改进建议,引进新的技术或工具，尝试应用到工作中,拒绝接受新观念，坚持传统工作方式,参加行业的创新研讨会，分享自己的想法,模仿其他企业的做法，不考虑自身实际情况,,对现有工作流程提出改进建议;引进新的技术或工具，尝试应用到工作中;参加行业的创新研讨会，分享自己的想法,,超级管理员,2025-09-18 15:38:26,2025-09-18 15:38:26
00925,精益求精在产品质量方面的具体表现有（ ）。,多选题,飞行安全,中等,3,是,对产品的质量标准严格要求，不允许任何瑕疵,认为产品质量差不多就行，不必过于苛刻,设立高于行业标准的内部质量控制指标,对产品进行多次检验，确保质量稳定,为了追求速度，降低对产品质量的检查频率,,对产品的质量标准严格要求，不允许任何瑕疵;设立高于行业标准的内部质量控制指标;对产品进行多次检验，确保质量稳定,,超级管理员,2025-09-18 15:38:26,2025-09-18 15:38:26
00926,在无人机电池即将耗尽时，应该（）。,单选题,飞行安全,中等,2,是,继续飞行，直到电池耗尽,寻找最近的地点降落,快速返回起点,缓慢降低高度，寻找安全地点降落,,,缓慢降低高度，寻找安全地点降落,,超级管理员,2025-09-18 15:38:26,2025-09-18 15:38:26
00927,为确保安全充电，无人机电池最佳温度范围是（）。,单选题,飞行安全,中等,2,是,负10°C至50°C,0°C至40°C,5°C至35°C,15°C至30°C,,,15°C至30°C,,超级管理员,2025-09-18 15:38:26,2025-09-18 15:38:26
00928,在强风条件下，无人机的飞行高度应该控制在（） 。,单选题,飞行安全,中等,2,是,100米,200米,300米,400米,,,100米,,超级管理员,2025-09-18 15:38:26,2025-09-18 15:38:26
00929,在飞行中，无人机突然失去GNSS信号，处理方法是（）。,单选题,飞行安全,中等,2,是,继续飞行，直到找到GNSS信号,立即降落无人机,尝试手动控制无人机,先稳定无人机，再尝试恢复GNSS信号,,,先稳定无人机，再尝试恢复GNSS信号,,超级管理员,2025-09-18 15:38:26,2025-09-18 15:38:26
00930,无人机在飞行过程中，突然遇到鸟类，应该缓慢改变飞行方向，避免惊吓鸟类。（）,单选题,飞行安全,中等,2,是,正确,错误,,,,,正确,,超级管理员,2025-09-18 15:38:26,2025-09-18 15:38:26
00931,在维修无人机时，可使用强酸清洗无人机外壳。（）,单选题,飞行安全,中等,2,是,正确,错误,,,,,错误,,超级管理员,2025-09-18 15:38:26,2025-09-18 15:38:26
00932,爱护设备的具体行为有（ ）。,多选题,飞行安全,中等,3,是,定期清洁设备，保持设备整洁,设备出现小故障时，及时进行维修,随意拆卸设备，只为满足好奇心,按照设备的使用说明书进行操作,把设备放置在潮湿、多尘的环境中,,定期清洁设备，保持设备整洁;设备出现小故障时，及时进行维修;按照设备的使用说明书进行操作,,超级管理员,2025-09-18 15:38:26,2025-09-18 15:38:26
00933,无人机安全操作在飞行前的具体表现包括（ ）。,多选题,飞行安全,中等,3,是,仔细检查无人机的各个部件是否正常,不看天气情况，直接起飞,校准无人机的传感器和罗盘,规划好合理的飞行路线,随意在禁飞区边缘飞行，认为不会有问题,,仔细检查无人机的各个部件是否正常;校准无人机的传感器和罗盘;规划好合理的飞行路线,,超级管理员,2025-09-18 15:38:26,2025-09-18 15:38:26
00934,在使用生产设备时，不符合规程的是（）。,单选题,飞行安全,中等,2,是,遵守工艺流程,穿戴防护装备,超负荷运转设备,定期维护保养,,,超负荷运转设备,,超级管理员,2025-09-18 15:38:26,2025-09-18 15:38:26
00935,在生产过程中，如果发现设备异常，做法正确的是（）。,单选题,飞行安全,中等,2,是,立即停机检查,继续使用直到故障发生,自行拆卸设备进行修理,忽略异常继续工作,,,立即停机检查,,超级管理员,2025-09-18 15:38:26,2025-09-18 15:38:26
00936,设备维护规程中的“五定”原则通常包括（）。,单选题,飞行安全,中等,2,是,定时、定点、定量、定质、定人,定时、定位、定量、定质、定法,定人、定时、定位、定量、定质,定人、定时、定位、定量、定法,,,定时、定点、定量、定质、定人,,超级管理员,2025-09-18 15:38:26,2025-09-18 15:38:26
00937,（）步骤直接影响到产品的最终质量。,单选题,飞行安全,中等,2,是,原材料采购,产品设计,工艺执行,品质检验,,,工艺执行,,超级管理员,2025-09-18 15:38:26,2025-09-18 15:38:26
00938,执行工艺的优化通常需要考虑成本、时间、人力、资源、质量、效率等综合因素。（）,单选题,飞行安全,中等,2,是,正确,错误,,,,,正确,,超级管理员,2025-09-18 15:38:26,2025-09-18 15:38:27
00939,执行工艺中的工艺参数主要是材料种类、设备型号两项。（）,单选题,飞行安全,中等,2,是,正确,错误,,,,,错误,,超级管理员,2025-09-18 15:38:26,2025-09-18 15:38:27
00940,遵守规程在操作流程上的具体表现是（ ）。,多选题,飞行安全,中等,3,是,按照既定的步骤顺序进行操作，不随意颠倒顺序,觉得某些步骤繁琐，跳过不重要的步骤,在操作过程中，严格遵守安全规程,不看操作手册，凭记忆和经验操作,对每一个操作步骤都进行记录，便于追溯,,按照既定的步骤顺序进行操作，不随意颠倒顺序;在操作过程中，严格遵守安全规程;对每一个操作步骤都进行记录，便于追溯,,超级管理员,2025-09-18 15:38:26,2025-09-18 15:38:27
00941,（）是遵守规程和执行工艺相融合的具体表现。,多选题,飞行安全,中等,3,是,在执行工艺过程中，严格按照操作规程进行质量控制,为了创新工艺，完全抛开现有的操作规程,根据操作规程的要求，对工艺参数进行精确调整,忽视操作规程中的安全注意事项，只关注工艺执行情况,当操作规程和工艺要求有冲突时，随意选择执行,,在执行工艺过程中，严格按照操作规程进行质量控制;根据操作规程的要求，对工艺参数进行精确调整,,超级管理员,2025-09-18 15:38:26,2025-09-18 15:38:27
00942,《吕氏春秋》中讲到，“万人操弓，共射一招，招无不中”，这说明了（）。,单选题,飞行安全,中等,2,是,“宝剑锋自磨砺出，梅花香自苦寒来”,“小胜靠智，大胜靠德”,“一双筷子容易折，十双筷子断就难’,“成由勤俭败由奢”,,,“一双筷子容易折，十双筷子断就难’,,超级管理员,2025-09-18 15:38:26,2025-09-18 15:38:27
00943,“单丝不成线，独木不成林”说明了（）。,单选题,飞行安全,中等,2,是,要勇于坚持真理,要正确处理个人与集体的关系，注重集体力量,做事要更公平公正,要发扬勤劳节俭的优良传统,,,要正确处理个人与集体的关系，注重集体力量,,超级管理员,2025-09-18 15:38:26,2025-09-18 15:38:27
00944,“舟必漏而后人水，石必湿而后苔生”说明（）。,单选题,飞行安全,中等,2,是,要努力实现自身的社会价值,个人品德修养要从细微处严格要求自己，对不好的品行要防微杜渐,要积极向前人学习,要正确处理公与私之间的关系,,,个人品德修养要从细微处严格要求自己，对不好的品行要防微杜渐,,超级管理员,2025-09-18 15:38:26,2025-09-18 15:38:27
00945,符合“慎独”道德规范的是（）。,单选题,飞行安全,中等,2,是,夜以继日，废寝忘食,精忠报国，反对侵略,修身为本，严于律已,立志勤学，持之以恒,,,修身为本，严于律已,,超级管理员,2025-09-18 15:38:26,2025-09-18 15:38:27
00946,“慎独”就是在无人监督的情况下，也要坚持自己的内心真诚、光明磊落的道德信念，不做不道德的事情。（）,单选题,飞行安全,中等,2,是,正确,错误,,,,,正确,,超级管理员,2025-09-18 15:38:26,2025-09-18 15:38:27
00947,团结同事首先要坦诚待人、热情忍让、宽厚仁慈，同时重点考虑本部门及个人利益。（）,单选题,飞行安全,中等,2,是,正确,错误,,,,,错误,,超级管理员,2025-09-18 15:38:26,2025-09-18 15:38:27
00948,团结协作在工作沟通方面的具体表现有（ ）。,多选题,飞行安全,中等,3,是,主动与团队成员分享工作信息和资源,隐瞒重要信息，担心别人超过自己,认真倾听团队成员的意见和建议,沟通时使用攻击性语言，不顾及他人感受,及时回复团队成员的询问，不拖延,,主动与团队成员分享工作信息和资源;认真倾听团队成员的意见和建议;及时回复团队成员的询问，不拖延,,超级管理员,2025-09-18 15:38:26,2025-09-18 15:38:27
00949,严于律己在工作纪律方面的具体表现包括（ ）。,多选题,飞行安全,中等,3,是,严格遵守工作时间，不迟到早退,利用工作时间处理私人事务,对自己的工作失误主动承担责任,随意违反公司的保密规定,自觉抵制工作中的不良诱惑,,严格遵守工作时间，不迟到早退;对自己的工作失误主动承担责任;自觉抵制工作中的不良诱惑,,超级管理员,2025-09-18 15:38:26,2025-09-18 15:38:27
00950,文明生产的核心价值之一是可持续性，这意味着（）。,单选题,飞行安全,中等,2,是,生产过程不能消耗自然资源,生产过程不能产生废弃物,生产过程要尽可能减少对环境的影响,生产过程要保护野生动物,,,生产过程要尽可能减少对环境的影响,,超级管理员,2025-09-18 15:38:26,2025-09-18 15:38:27
00951,在包装材料的选择上，（）选择更符合环保理念。,单选题,飞行安全,中等,2,是,可降解材料,可回收材料,少量包装,使用可重复使用的包装,,,可降解材料,,超级管理员,2025-09-18 15:38:26,2025-09-18 15:38:27
00952,在公共场所吸烟且不听从劝阻，这主要违背了（  ）。,单选题,飞行安全,中等,2,是,治安管理规定,消防安全规定,公共场所禁烟规定,城市管理规定,,,公共场所禁烟规定,,超级管理员,2025-09-18 15:38:26,2025-09-18 15:38:27
00953,企业通过（）处理生产废料以实现资源的最大化利用。,单选题,飞行安全,中等,2,是,分类回收,循环利用,转售给专业回收公司,直接填埋或焚烧,,,循环利用,,超级管理员,2025-09-18 15:38:26,2025-09-18 15:38:27
00954,环境保护坚持保护优先、预防为主、综合治理、公众参与、损害担责的原则（）。,单选题,飞行安全,中等,2,是,正确,错误,,,,,正确,,超级管理员,2025-09-18 15:38:26,2025-09-18 15:38:27
00955,绿色工厂是指原料无害化、生产洁净化、废物资源化、能源低碳化的企业，是绿色制造核心实施单元，对用地集约率没有要求（）。,单选题,飞行安全,中等,2,是,正确,错误,,,,,错误,,超级管理员,2025-09-18 15:38:26,2025-09-18 15:38:27
00956,保护环境在生产过程中的具体行为包括（ ）。,多选题,飞行安全,中等,3,是,合理利用原材料，减少浪费,随意排放生产废弃物，不进行处理,采用环保型的生产工艺和设备,对生产过程中的有害气体进行净化处理,破坏生产场地周边的自然植被，方便生产,,合理利用原材料，减少浪费;采用环保型的生产工艺和设备;对生产过程中的有害气体进行净化处理,,超级管理员,2025-09-18 15:38:26,2025-09-18 15:38:27
00957,文明生产在工作场所秩序方面的具体表现有（ ）。,多选题,飞行安全,中等,3,是,保持工作场所整洁，工具和材料摆放有序,在工作场所大声喧哗，影响他人工作,遵守工作场所的安全通道规定，不占用通道,对工作场所的公共设施进行爱护，不随意损坏,在工作场所随意丢弃垃圾，不进行清理,,保持工作场所整洁，工具和材料摆放有序;遵守工作场所的安全通道规定，不占用通道;对工作场所的公共设施进行爱护，不随意损坏,,超级管理员,2025-09-18 15:38:26,2025-09-18 15:38:27
00958,不是无人机特点的是（）。,单选题,飞行原理,中等,2,是,无人驾驶,远程控制,超快速飞行,可执行任务,,,远程控制,,超级管理员,2025-09-18 15:38:26,2025-09-18 15:38:27
00959,无人机（UAV）的定义是（）。,单选题,飞行原理,中等,2,是,一种由人类远程控制的飞行器,利用无线电遥控设备和自备的程序控制装置操纵的不载人飞行器,利用无线电遥控设备操纵的快速飞行的不载人飞行器,利用自备的程序控制装置操纵的快速飞行的不载人飞行器,,,利用无线电遥控设备和自备的程序控制装置操纵的不载人飞行器,,超级管理员,2025-09-18 15:38:26,2025-09-18 15:38:27
00960,不是无人机特点的是（ ）。,单选题,飞行原理,中等,2,是,体积小,造价高,机动性好,使用方便,,,造价高,,超级管理员,2025-09-18 15:38:26,2025-09-18 15:38:27
00961,无人机是利用（ ）设备和自备的程序控制装置操纵的不载人飞机。,单选题,飞行原理,中等,2,是,遥控,导航,飞行,通讯,,,遥控,,超级管理员,2025-09-18 15:38:26,2025-09-18 15:38:27
00962,无人机是完全不需要人工干预就能自主飞行的飞行器。（）,单选题,飞行原理,中等,2,是,正确,错误,,,,,错误,,超级管理员,2025-09-18 15:38:26,2025-09-18 15:38:27
00963,无人机的飞行原理和有人驾驶飞机的飞行原理完全不同。（）,单选题,飞行原理,中等,2,是,正确,错误,,,,,错误,,超级管理员,2025-09-18 15:38:26,2025-09-18 15:38:27
00964,无人机的常见应用领域有（）。,多选题,飞行原理,中等,3,是,航拍,深海探测,农业植保,气象监测,桥梁检测,,航拍;农业植保;气象监测;桥梁检测,,超级管理员,2025-09-18 15:38:26,2025-09-18 15:38:27
00965,影响无人机的飞行性能的因素有（）。,多选题,飞行原理,中等,3,是,天气状况,地面人员数量,电池容量（对于电动无人机）,负载重量,周围建筑物的分布,,天气状况;电池容量（对于电动无人机）;负载重量;周围建筑物的分布,,超级管理员,2025-09-18 15:38:26,2025-09-18 15:38:27
00966,（）不是无人机系统必备的组成部分。,单选题,飞行原理,中等,2,是,飞行器,传感器,数据处理设备,操作员,,,操作员,,超级管理员,2025-09-18 15:38:26,2025-09-18 15:38:27
00967,无人机系统中，（）部分主要负责飞行控制、导航与自主飞行能力的实现。,单选题,飞行原理,中等,2,是,飞行平台,任务载荷,飞控系统,数据链系统,,,飞控系统,,超级管理员,2025-09-18 15:38:26,2025-09-18 15:38:27
00968,无人机系统中，负责提供升力和推进力的部分是（）。,单选题,飞行原理,中等,2,是,机翼,发动机,螺旋桨,电池,,,螺旋桨,,超级管理员,2025-09-18 15:38:26,2025-09-18 15:38:27
00969,相比于人的大脑，无人机的'大脑'指的是（）。,单选题,飞行原理,中等,2,是,机身,传感器,飞行控制系统,电机,,,飞行控制系统,,超级管理员,2025-09-18 15:38:26,2025-09-18 15:38:27
00970,无人机系统只包括无人机本身，不包括地面控制站等部分。（）,单选题,飞行原理,中等,2,是,正确,错误,,,,,错误,,超级管理员,2025-09-18 15:38:26,2025-09-18 15:38:27
00971,无人机系统中的数据链路主要用于传输无人机的位置信息。（）,单选题,飞行原理,中等,2,是,正确,错误,,,,,错误,,超级管理员,2025-09-18 15:38:26,2025-09-18 15:38:27
00972,无人机系统通常包括（ ）。,多选题,飞行原理,中等,3,是,无人机平台,动力系统,协同驾驶,飞控系统,任务载荷,,无人机平台;动力系统;飞控系统;任务载荷,,超级管理员,2025-09-18 15:38:26,2025-09-18 15:38:27
00973,在无人机系统的通信环节中，可能涉及的通信方式有（ ）。,多选题,飞行原理,中等,3,是,卫星通信,无线电通信,蓝牙通信,光纤通信,红外线通信,,卫星通信;无线电通信;蓝牙通信,,超级管理员,2025-09-18 15:38:26,2025-09-18 15:38:27
00974,（）不是用于无人机模拟飞行的软件。,单选题,飞行原理,中等,2,是,Microsoft Flight Simulator,凤凰模拟器,Drone Racer: Fly Stunt Simulator,RealFlight G7,,,Microsoft Flight Simulator,,超级管理员,2025-09-18 15:38:26,2025-09-18 15:38:27
00975,（）操作系统通常对无人机模拟飞行软件兼容性最好。,单选题,飞行原理,中等,2,是,Windows,macOS,Linux,Chrome OS,,,Windows,,超级管理员,2025-09-18 15:38:26,2025-09-18 15:38:27
00976,在安装无人机模拟飞行软件时，首先应该做的是（ ）。,单选题,飞行原理,中等,2,是,选项A,选项B,,,,,选项A,,超级管理员,2025-09-18 15:38:26,2025-09-18 15:38:27
00977,使用无人机模拟飞行软件时，（）不是基本操作。,单选题,飞行原理,中等,2,是,起飞和降落,悬停控制,飞行环境设置,物理引擎调整,,,物理引擎调整,,超级管理员,2025-09-18 15:38:26,2025-09-18 15:38:27
00978,安装无人机模拟飞行软件之前，需要确保计算机的硬件配置符合该软件的最低要求。 ( ),单选题,飞行原理,中等,2,是,正确,错误,,,,,正确,,超级管理员,2025-09-18 15:38:26,2025-09-18 15:38:27
00979,所有无人机模拟飞行软件都需要连接到互联网才能运行。 ( ),单选题,飞行原理,中等,2,是,正确,错误,,,,,错误,,超级管理员,2025-09-18 15:38:26,2025-09-18 15:38:27
00980,在安装无人机模拟飞行软件之前，需要确认电脑具备的条件有（ ）。,多选题,飞行原理,中等,3,是,足够的硬盘空间,合适的操作系统版本,兼容的显卡驱动,有效的网络连接,安装了音频设备,,足够的硬盘空间;合适的操作系统版本;兼容的显卡驱动,,超级管理员,2025-09-18 15:38:26,2025-09-18 15:38:27
00981,在设置无人机模拟飞行软件时，用户通常可以调整的参数有（ ）。,多选题,飞行原理,中等,3,是,飞行器类型,摇杆类型（如美国手、日本手）,飞行器颜色,视角切换（如第一人称视角、第三人称视角）,飞行高度限制,,飞行器类型;摇杆类型（如美国手、日本手）;视角切换（如第一人称视角、第三人称视角）;飞行高度限制,,超级管理员,2025-09-18 15:38:26,2025-09-18 15:38:27
00982,多旋翼无人机模拟飞行训练时飞行姿态的改变是通过调整（）来实现。,单选题,飞行原理,中等,2,是,改变电机转速,改变螺旋桨桨距,改变桨叶角度,改变电机大小,,,改变电机转速,,超级管理员,2025-09-18 15:38:26,2025-09-18 15:38:27
00983,在多旋翼无人机模拟飞行软件中，用于起飞的操作是（）。,单选题,飞行原理,中等,2,是,向下推动油门杆,向上推动油门杆,向左推动方向杆,向右推动方向杆,,,向上推动油门杆,,超级管理员,2025-09-18 15:38:26,2025-09-18 15:38:27
00984,在多旋翼无人机模拟飞行中，用于下降的操作是（）。,单选题,飞行原理,中等,2,是,向下推动油门杆,向上推动油门杆,向左推动方向杆,向右推动方向杆,,,向下推动油门杆,,超级管理员,2025-09-18 15:38:26,2025-09-18 15:38:27
00985,在模拟飞行中，无人机的悬停通常需要调整（）控制杆。,单选题,飞行原理,中等,2,是,油门杆,俯仰杆,横滚杆,偏航杆,,,油门杆,,超级管理员,2025-09-18 15:38:26,2025-09-18 15:38:27
00986,多旋翼无人机模拟飞行训练可以完全替代实际飞行训练。 ( ),单选题,飞行原理,中等,2,是,正确,错误,,,,,错误,,超级管理员,2025-09-18 15:38:26,2025-09-18 15:38:27
00987,在模拟飞行训练中，学员可以练习无人机的起飞、悬停、降落和基本飞行操作。（）,单选题,飞行原理,中等,2,是,正确,错误,,,,,正确,,超级管理员,2025-09-18 15:38:26,2025-09-18 15:38:27
00988,在多旋翼无人机模拟飞行训练中，学员可以进行的操作有（）。,多选题,飞行原理,中等,3,是,起飞,降落,悬停,航线飞行,维修,,起飞;降落;悬停;航线飞行,,超级管理员,2025-09-18 15:38:26,2025-09-18 15:38:27
00989,在多旋翼无人机模拟飞行训练中，提高训练效果的方式有（）。,多选题,飞行原理,中等,3,是,定期更换训练场景,逐步增加难度级别,记录并分析每次训练的数据,与其他学员进行比赛,使用专业教练指导,,定期更换训练场景;逐步增加难度级别;与其他学员进行比赛;使用专业教练指导,,超级管理员,2025-09-18 15:38:26,2025-09-18 15:38:27
00990,固定翼无人机模拟飞行时依靠（）调整飞行高度。,单选题,飞行原理,中等,2,是,改变发动机功率,改变螺旋桨转速,使用升降舵,使用副翼和方向舵,,,使用升降舵,,超级管理员,2025-09-18 15:38:26,2025-09-18 15:38:27
00991,固定翼无人机模拟飞行时依靠（）调整飞行方向。,单选题,飞行原理,中等,2,是,改变发动机功率,改变螺旋桨转速,使用升降舵,使用副翼和方向舵,,,使用副翼和方向舵,,超级管理员,2025-09-18 15:38:26,2025-09-18 15:38:27
00992,固定翼无人机模拟飞行五边航线的第一边是（ ）。,单选题,飞行原理,中等,2,是,离场边,下风边,基地边,上风边,,,离场边,,超级管理员,2025-09-18 15:38:26,2025-09-18 15:38:27
00993,固定翼无人机五边航线的每一边飞行过程中，主要的姿态控制由（ ）完成。,单选题,飞行原理,中等,2,是,升降舵和方向舵,副翼和升降舵,副翼、升降舵和方向舵协同,副翼和方向舵,,,副翼、升降舵和方向舵协同,,超级管理员,2025-09-18 15:38:26,2025-09-18 15:38:27
00994,固定翼无人机模拟飞行训练时，速度越快越好，因为这样能更快完成训练任务。（）,单选题,飞行原理,中等,2,是,正确,错误,,,,,错误,,超级管理员,2025-09-18 15:38:26,2025-09-18 15:38:27
00995,通过固定翼无人机模拟飞行训练，可以提高飞行员在实际飞行中的应急处理能力。 ( ),单选题,飞行原理,中等,2,是,正确,错误,,,,,正确,,超级管理员,2025-09-18 15:38:26,2025-09-18 15:38:27
00996,在固定翼无人机模拟飞行训练过程中，为了保持飞行稳定性，需要的因素有（ ）。,多选题,飞行原理,中等,3,是,飞机的俯仰角,飞机的滚转角,飞机的涂装,空速的稳定,高度的稳定,,飞机的俯仰角;飞机的滚转角;空速的稳定;高度的稳定,,超级管理员,2025-09-18 15:38:26,2025-09-18 15:38:27
00997,固定翼无人机模拟飞行训练中，学员可以操作的有（）。,多选题,飞行原理,中等,3,是,手动起飞和降落,航线飞行,特技飞行,紧急情况处理,无人机维护模拟,,手动起飞和降落;航线飞行;特技飞行;紧急情况处理,,超级管理员,2025-09-18 15:38:26,2025-09-18 15:38:27
00998,大气的最外层是（ ）。,单选题,飞行原理,中等,2,是,对流层,平流层,热层,散逸层,,,散逸层,,超级管理员,2025-09-18 15:38:26,2025-09-18 15:38:27
00999,大气中含量最多的气体是（ ）。,单选题,飞行原理,中等,2,是,氧气,氮气,二氧化碳,氩气,,,氮气,,超级管理员,2025-09-18 15:38:26,2025-09-18 15:38:27
01000,标准大气规定海平面的气温是（ ）。,单选题,飞行原理,中等,2,是,0℃,15℃,20℃,25℃,,,15℃,,超级管理员,2025-09-18 15:38:26,2025-09-18 15:38:27
01001,在标准大气中，海平面上的大气压是（）。,单选题,飞行原理,中等,2,是,900 hPa,1013.25 hPa,1050 hPa,1100 hPa,,,1013.25 hPa,,超级管理员,2025-09-18 15:38:26,2025-09-18 15:38:27
01002,大气的主要成分是氮气和氧气，它们分别占大气体积的大约78%和21%。（）,单选题,飞行原理,中等,2,是,正确,错误,,,,,正确,,超级管理员,2025-09-18 15:38:26,2025-09-18 15:38:27
01003,大气的温度随着高度的增加而逐渐升高，这种变化主要发生在对流层。 ( ),单选题,飞行原理,中等,2,是,正确,错误,,,,,错误,,超级管理员,2025-09-18 15:38:26,2025-09-18 15:38:27
01004,对流层的主要特点有（）。,多选题,飞行原理,中等,3,是,天气现象主要发生在此层,温度随高度增加而降低,大部分水汽和杂质集中在这一层,飞机通常在此层飞行,臭氧层位于此层,,天气现象主要发生在此层;温度随高度增加而降低;大部分水汽和杂质集中在这一层;飞机通常在此层飞行,,超级管理员,2025-09-18 15:38:26,2025-09-18 15:38:27
01005,关于平流层的描述，正确的有（）。,多选题,飞行原理,中等,3,是,温度随高度增加而升高,含有大量臭氧，吸收紫外线,几乎没有天气现象,商业航班飞机在此层飞行,空气流动平稳,,温度随高度增加而升高;含有大量臭氧，吸收紫外线;几乎没有天气现象;空气流动平稳,,超级管理员,2025-09-18 15:38:26,2025-09-18 15:38:27
01006,（）是最基本的气象要素之一。,单选题,飞行原理,中等,2,是,能见度,云量,气温,日照时数,,,气温,,超级管理员,2025-09-18 15:38:26,2025-09-18 15:38:27
01007,（）气象要素主要反映大气的干湿程度。,单选题,飞行原理,中等,2,是,风速,相对湿度,气压,降水,,,相对湿度,,超级管理员,2025-09-18 15:38:26,2025-09-18 15:38:27
01008,气象观测中，用来衡量空气冷热程度的要素是（）。,单选题,飞行原理,中等,2,是,露点温度,体感温度,气温,地温,,,气温,,超级管理员,2025-09-18 15:38:26,2025-09-18 15:38:27
01009,素通常用百帕（hPa）作为单位的气象要是（）。,单选题,飞行原理,中等,2,是,风速,气温,气压,湿度,,,气压,,超级管理员,2025-09-18 15:38:26,2025-09-18 15:38:27
01010,气温、气压、湿度和风速都是气象中的基本要素。 ( ),单选题,飞行原理,中等,2,是,正确,错误,,,,,正确,,超级管理员,2025-09-18 15:38:26,2025-09-18 15:38:27
01011,在气象学中，露点温度是指空气中的水汽达到饱和并开始凝结成水滴的温度。 ( ),单选题,飞行原理,中等,2,是,正确,错误,,,,,正确,,超级管理员,2025-09-18 15:38:26,2025-09-18 15:38:27
01012,气象中的基本要素有（）。,多选题,飞行原理,中等,3,是,气温,气压,云量,风速,降水量,,气温;气压;风速;降水量,,超级管理员,2025-09-18 15:38:26,2025-09-18 15:38:27
01013,能见度的影响因素包括（）。,多选题,飞行原理,中等,3,是,雾,雨,雪,地面坡度,太阳辐射强度,,雾;雨;雪;太阳辐射强度,,超级管理员,2025-09-18 15:38:26,2025-09-18 15:38:27
01014,气象参数对飞行影响最大的是（）。,单选题,飞行原理,中等,2,是,温度,湿度,风速,气压,,,风速,,超级管理员,2025-09-18 15:38:26,2025-09-18 15:38:27
01015,（）不属于影响飞机起降的主要气象因素。,单选题,飞行原理,中等,2,是,风速和风向,空气的密度,大气压力,空中的水汽含量,,,空中的水汽含量,,超级管理员,2025-09-18 15:38:26,2025-09-18 15:38:27
01016,如果无人机在飞行过程中遭遇雷暴，应该（）。,单选题,飞行原理,中等,2,是,继续飞行,尝试降落,返回起点,增加高度,,,尝试降落,,超级管理员,2025-09-18 15:38:26,2025-09-18 15:38:27
01017,无人机飞行的最佳天气条件是（）。,单选题,飞行原理,中等,2,是,多云且有雾,晴朗且微风,高温且多湿,阴天且有小雨,,,晴朗且微风,,超级管理员,2025-09-18 15:38:26,2025-09-18 15:38:27
01018,降水只会影响飞机的能见度，对飞机的其他性能没有影响。（）,单选题,飞行原理,中等,2,是,正确,错误,,,,,错误,,超级管理员,2025-09-18 15:38:26,2025-09-18 15:38:27
01019,顺风飞行时，风速越大对飞行越有利。（）,单选题,飞行原理,中等,2,是,正确,错误,,,,,错误,,超级管理员,2025-09-18 15:38:26,2025-09-18 15:38:27
01020,风向和风速对飞行的影响包括（ ）。,多选题,飞行原理,中等,3,是,影响飞机的起飞和降落方向,影响飞机的地速,影响飞机的燃油消耗,影响飞机在空中的稳定性,影响飞机的飞行高度,,影响飞机的起飞和降落方向;影响飞机的地速;影响飞机的燃油消耗,,超级管理员,2025-09-18 15:38:26,2025-09-18 15:38:27
01021,风切变对飞行可能产生的影响有（）。,多选题,飞行原理,中等,3,是,增加起飞和降落的难度,导致飞行路径偏离,增加飞行阻力,减少飞行阻力,影响飞行速度,,增加起飞和降落的难度;导致飞行路径偏离;增加飞行阻力,,超级管理员,2025-09-18 15:38:26,2025-09-18 15:38:27
01022,雷暴天气对无人机飞行的主要威胁是（）。,单选题,飞行原理,中等,2,是,能见度降低,强风和雷电,动力效率下降,通讯中断,,,强风和雷电,,超级管理员,2025-09-18 15:38:26,2025-09-18 15:38:27
01023,低空风切变是指在短时间内风速和风向的急剧变化，这对无人机飞行的影响主要是（）。,单选题,飞行原理,中等,2,是,导航困难,能源消耗增加,控制难度加大，可能导致失控,发动机或电机过热,,,控制难度加大，可能导致失控,,超级管理员,2025-09-18 15:38:26,2025-09-18 15:38:27
01024,无人机在（）天气现象中飞行，机身容易出现抖动和不稳定的飞行状态。,单选题,飞行原理,中等,2,是,沙尘天气,高湿度天气,顺风飞行,轻雾天气,,,沙尘天气,,超级管理员,2025-09-18 15:38:26,2025-09-18 15:38:27
01025,（）会导致无人机的电池续航能力急剧下降。,单选题,飞行原理,中等,2,是,低温天气,小雪天气,轻度雾霾天气,微风天气,,,低温天气,,超级管理员,2025-09-18 15:38:26,2025-09-18 15:38:28
01026,飞机积冰主要发生在含有过冷水滴的云层中。 ( ),单选题,飞行原理,中等,2,是,正确,错误,,,,,正确,,超级管理员,2025-09-18 15:38:26,2025-09-18 15:38:28
01027,高空激流通常出现在对流层顶部或平流层底部，对飞行影响较小。 ( ),单选题,飞行原理,中等,2,是,正确,错误,,,,,错误,,超级管理员,2025-09-18 15:38:26,2025-09-18 15:38:28
01028,低空风切变可能导致的飞行问题包括（）。,多选题,飞行原理,中等,3,是,起飞和着陆困难,飞行轨迹偏离,飞机失控,燃油消耗增加,发动机失效,,起飞和着陆困难;飞行轨迹偏离;飞机失控;燃油消耗增加,,超级管理员,2025-09-18 15:38:26,2025-09-18 15:38:28
01029,飞机积冰的危害有（）。,多选题,飞行原理,中等,3,是,改变飞机气动特性,增加飞行阻力,影响乘客舒适度,破坏飞机表面,导致飞行员视线受阻,,改变飞机气动特性;增加飞行阻力;破坏飞机表面;导致飞行员视线受阻,,超级管理员,2025-09-18 15:38:26,2025-09-18 15:38:28
01030,理想气体状态方程PV=nRT中的R代表（）。,单选题,飞行原理,中等,2,是,气体的密度,气体常数,气体的压力,气体的体积,,,气体常数,,超级管理员,2025-09-18 15:38:26,2025-09-18 15:38:28
01031,大气的粘性主要是由于（ ）。,单选题,飞行原理,中等,2,是,大气分子的不规则热运动和相互碰撞,大气中的杂质颗粒,地球引力对大气分子的作用,太阳辐射对大气的影响,,,大气分子的不规则热运动和相互碰撞,,超级管理员,2025-09-18 15:38:26,2025-09-18 15:38:28
01032,大气的低密度特性使得在高海拔地区（）。,单选题,飞行原理,中等,2,是,声音传播速度更快,飞行器需要更大的升力才能飞行,气压变化对天气影响较小,更容易出现雷电现象,,,飞行器需要更大的升力才能飞行,,超级管理员,2025-09-18 15:38:26,2025-09-18 15:38:28
01033,理想气体状态方程中，当体积V保持不变时，压力P与温度T的关系是（）。,单选题,飞行原理,中等,2,是,成正比,成反比,无关,先增加后减少,,,成正比,,超级管理员,2025-09-18 15:38:26,2025-09-18 15:38:28
01034,大气在任何情况下都可以被看作是不可压缩流体。（）,单选题,飞行原理,中等,2,是,正确,错误,,,,,错误,,超级管理员,2025-09-18 15:38:26,2025-09-18 15:38:28
01035,根据基本气态方程，当温度不变时，气体的压力和体积成反比，这一规律在所有大气环境下都严格成立。（）,单选题,飞行原理,中等,2,是,正确,错误,,,,,错误,,超级管理员,2025-09-18 15:38:26,2025-09-18 15:38:28
01036,对于流体基本知识的理解，正确的是（ ）。,多选题,飞行原理,中等,3,是,流体包括液体和气体,流体的流动可以分为层流和紊流,流体的流速越大，静压越大,流体在管道中流动时，管道截面积越小，流速越大（不可压缩流体理想情况）,流体的密度是其单位体积的质量，是一个常量,,流体包括液体和气体;流体的流动可以分为层流和紊流;流体在管道中流动时，管道截面积越小，流速越大（不可压缩流体理想情况）,,超级管理员,2025-09-18 15:38:26,2025-09-18 15:38:28
01037,伯努利原理的应用实例有（）。,多选题,飞行原理,中等,3,是,飞机机翼设计,风力发电机叶片设计,水翼船设计,高速列车头部形状设计,空调系统设计,,飞机机翼设计;风力发电机叶片设计;水翼船设计;高速列车头部形状设计,,超级管理员,2025-09-18 15:38:26,2025-09-18 15:38:28
01038,根据伯努利原理，流体速度增加时，（ ）会减小。,单选题,飞行原理,中等,2,是,温度,密度,压强,粘性,,,压强,,超级管理员,2025-09-18 15:38:26,2025-09-18 15:38:28
01039,升力是如何产生的（）。,单选题,飞行原理,中等,2,是,通过增加飞机的重量,通过减少飞机的阻力,通过机翼上下表面气流速度的差异,通过增加发动机推力,,,通过机翼上下表面气流速度的差异,,超级管理员,2025-09-18 15:38:26,2025-09-18 15:38:28
01040,飞行速度对升力的影响是（）。,单选题,飞行原理,中等,2,是,与飞行速度成正比,与飞行速度的平方成正比,与飞行速度成反比,升力与飞行速度无关,,,与飞行速度的平方成正比,,超级管理员,2025-09-18 15:38:26,2025-09-18 15:38:28
01041,升力公式“L=1/2ρV²ClS中的Cl代表（）。,单选题,飞行原理,中等,2,是,空气密度,飞行速度,机翼面积,升力系数,,,升力系数,,超级管理员,2025-09-18 15:38:26,2025-09-18 15:38:28
01042,飞机的升力主要来源于机翼上下表面的压力差。 ( ),单选题,飞行原理,中等,2,是,正确,错误,,,,,正确,,超级管理员,2025-09-18 15:38:26,2025-09-18 15:38:28
01043,其他条件不变的情况下，增加飞机的速度可以增加升力。 ( ),单选题,飞行原理,中等,2,是,正确,错误,,,,,正确,,超级管理员,2025-09-18 15:38:26,2025-09-18 15:38:28
01044,影响飞机升力的因素包括（）。,多选题,飞行原理,中等,3,是,机翼面积,空气密度,飞行高度,攻角,机翼形状,,机翼面积;空气密度;攻角;机翼形状,,超级管理员,2025-09-18 15:38:26,2025-09-18 15:38:28
01045,升力公式 L=1/2ρV²ClS 中的各符号含义为（）。,多选题,飞行原理,中等,3,是,L 代表升力,ρ 代表空气阻力,V 代表飞行速度,Cl 代表升力系数,S 代表机翼面积,,L 代表升力;V 代表飞行速度;Cl 代表升力系数;S 代表机翼面积,,超级管理员,2025-09-18 15:38:26,2025-09-18 15:38:28
01046,多旋翼无人机在空中悬停主要依靠()力来平衡。,单选题,飞行原理,中等,2,是,重力和电磁力,向心力和重力,重力和升力,升力和摩擦力,,,重力和升力,,超级管理员,2025-09-18 15:38:26,2025-09-18 15:38:28
01047,多旋翼无人机通过改变（）部件的速度来实现上升和下降。,单选题,飞行原理,中等,2,是,机身,起落架,螺旋桨,导航灯,,,螺旋桨,,超级管理员,2025-09-18 15:38:26,2025-09-18 15:38:28
01048,多旋翼无人机的方向控制主要依靠（）传感器来检测旋转运动。,单选题,飞行原理,中等,2,是,陀螺仪校准,气压计,温度传感器,加速度计用于姿态感知,,,陀螺仪校准,,超级管理员,2025-09-18 15:38:26,2025-09-18 15:38:28
01049,多旋翼无人机在没有GPS信号的情况下，通常依靠（）技术来保持悬停位置。,单选题,飞行原理,中等,2,是,光流传感器,红外传感器,激光雷达和摄像头,声波传感器,,,光流传感器,,超级管理员,2025-09-18 15:38:26,2025-09-18 15:38:28
01050,多旋翼无人机主要依靠改变每个旋翼的转速来实现飞行姿态的控制。（）,单选题,飞行原理,中等,2,是,正确,错误,,,,,正确,,超级管理员,2025-09-18 15:38:26,2025-09-18 15:38:28
01051,多旋翼无人机在悬停时，所有旋翼的转速是相同的，并且不会发生变化。（）,单选题,飞行原理,中等,2,是,正确,错误,,,,,错误,,超级管理员,2025-09-18 15:38:26,2025-09-18 15:38:28
01052,四旋翼无人机的基本运动方式包括（）。,多选题,飞行原理,中等,3,是,垂直上升、下降,前后翻滚,左右侧飞,旋转（偏航）,悬停,,垂直上升、下降;左右侧飞;旋转（偏航）;悬停,,超级管理员,2025-09-18 15:38:26,2025-09-18 15:38:28
01053,多旋翼无人机在飞行过程中，实现向前飞行的方法是（ ）。,多选题,飞行原理,中等,3,是,减小前方旋翼的转速,增大后方旋翼的转速,增大后方旋翼的扭矩,减小前方旋翼的扭矩,改变所有旋翼的桨距,,减小前方旋翼的转速;增大后方旋翼的转速,,超级管理员,2025-09-18 15:38:26,2025-09-18 15:38:28
01054,固定翼无人机的升力主要来源于机翼物理特性中的（）。,单选题,飞行原理,中等,2,是,重量,形状,颜色,材质,,,形状,,超级管理员,2025-09-18 15:38:26,2025-09-18 15:38:28
01055,固定翼无人机的前进动力主要来自（）。,单选题,飞行原理,中等,2,是,副翼的控制力,机翼产生的升力,发动机推力,尾翼控制力,,,发动机推力,,超级管理员,2025-09-18 15:38:26,2025-09-18 15:38:28
01056,在固定翼无人机飞行中，升降舵控制飞机的（）。,单选题,飞行原理,中等,2,是,俯仰姿态,滚转姿态,偏航姿态,飞行速度,,,俯仰姿态,,超级管理员,2025-09-18 15:38:26,2025-09-18 15:38:28
01057,固定翼无人机在飞行中，机翼的迎角与升力的关系是（）。,单选题,飞行原理,中等,2,是,增加迎角增加升力,减少迎角减少升力,迎角不变，升力不变,迎角与升力无关,,,增加迎角增加升力,,超级管理员,2025-09-18 15:38:26,2025-09-18 15:38:28
01058,固定翼无人机是依靠机翼上下表面的压力差产生升力来飞行的，只要机翼形状合适，就能一直保持飞行。（）,单选题,飞行原理,中等,2,是,正确,错误,,,,,错误,,超级管理员,2025-09-18 15:38:26,2025-09-18 15:38:28
01059,平凸翼翼型固定翼无人机在水平飞行时，机翼上下表面的气流速度是相同的。（）,单选题,飞行原理,中等,2,是,正确,错误,,,,,错误,,超级管理员,2025-09-18 15:38:26,2025-09-18 15:38:28
01060,固定翼无人机在飞行过程中，通过操纵（ ）可以改变飞行方向。,多选题,飞行原理,中等,3,是,方向舵,升降舵,副翼,襟翼,扰流板,,方向舵;副翼,,超级管理员,2025-09-18 15:38:26,2025-09-18 15:38:28
01061,影响固定翼无人机飞行稳定性的因素有（）。,多选题,飞行原理,中等,3,是,机翼设计,机身颜色,飞控系统性能,外界风力干扰,发动机功率,,机翼设计;飞控系统性能;外界风力干扰;发动机功率,,超级管理员,2025-09-18 15:38:26,2025-09-18 15:38:28
01062,无人直升机的升力主要由（）产生。,单选题,飞行原理,中等,2,是,机身,主旋翼,尾桨,发动机,,,主旋翼,,超级管理员,2025-09-18 15:38:26,2025-09-18 15:38:28
01063,无人直升机的尾桨主要作用是（ ）。,单选题,飞行原理,中等,2,是,提供额外升力,控制直升机的俯仰,平衡主旋翼产生的反扭矩,控制直升机的滚转,,,平衡主旋翼产生的反扭矩,,超级管理员,2025-09-18 15:38:26,2025-09-18 15:38:28
01064,在无人直升机飞行中，要使直升机上升，应该（ ）。,单选题,飞行原理,中等,2,是,增大主旋翼的桨距,减小主旋翼的桨距,增大尾桨的桨距,减小尾桨的桨距,,,增大主旋翼的桨距,,超级管理员,2025-09-18 15:38:26,2025-09-18 15:38:28
01065,无人直升机的前进、后退和左右移动主要通过（）实现。,单选题,飞行原理,中等,2,是,改变旋翼的总距杆位置,改变自动倾斜器的周期变距杆位置,改变尾桨的螺距角,改变旋翼的转速,,,改变自动倾斜器的周期变距杆位置,,超级管理员,2025-09-18 15:38:26,2025-09-18 15:38:28
01066,无人直升机依靠旋翼产生升力来飞行。 ( ),单选题,飞行原理,中等,2,是,正确,错误,,,,,正确,,超级管理员,2025-09-18 15:38:26,2025-09-18 15:38:28
01067,无人直升机可以实现垂直起降和悬停。 ( ),单选题,飞行原理,中等,2,是,正确,错误,,,,,正确,,超级管理员,2025-09-18 15:38:26,2025-09-18 15:38:28
01068,无人直升机控制飞行姿态的方式包括（ ）。,多选题,飞行原理,中等,3,是,改变主旋翼的桨距,调整主旋翼的转速,改变尾桨的桨距,调整尾桨的转速,移动无人机的重心位置,,改变主旋翼的桨距;调整主旋翼的转速;改变尾桨的桨距;调整尾桨的转速,,超级管理员,2025-09-18 15:38:26,2025-09-18 15:38:28
01069,无人直升机升力产生的条件包括（）。,多选题,飞行原理,中等,3,是,旋翼转速,旋翼面积,空气密度,攻角,旋翼形状,,旋翼转速;旋翼面积;空气密度;旋翼形状,,超级管理员,2025-09-18 15:38:26,2025-09-18 15:38:28
01070,（）不是无人机通信的主要技术类型。,单选题,飞行原理,中等,2,是,卫星通信,地面站通信,WiFi通信,5G通信,,,WiFi通信,,超级管理员,2025-09-18 15:38:26,2025-09-18 15:38:28
01071,无人机通信主要用于长距离、高速度的数据传输的类型是（）。,单选题,飞行原理,中等,2,是,蓝牙通信,Wi-Fi通信,5G通信,光纤通信,,,5G通信,,超级管理员,2025-09-18 15:38:26,2025-09-18 15:38:28
01072,（）通信方式适用于短距离无人机操作。,单选题,飞行原理,中等,2,是,Wi-Fi,卫星通信,光纤通信,5G通信,,,Wi-Fi,,超级管理员,2025-09-18 15:38:26,2025-09-18 15:38:28
01073,无人机与遥控器之间的通信通常是通过（）进行的。,单选题,飞行原理,中等,2,是,无线电波,电缆连接,蓝牙,红外线,,,无线电波,,超级管理员,2025-09-18 15:38:26,2025-09-18 15:38:28
01074,遥控器的频率范围决定了其控制距离。（）,单选题,飞行原理,中等,2,是,正确,错误,,,,,正确,,超级管理员,2025-09-18 15:38:26,2025-09-18 15:38:28
01075,遥控器的天线长度不影响其控制效果。（）,单选题,飞行原理,中等,2,是,正确,错误,,,,,错误,,超级管理员,2025-09-18 15:38:26,2025-09-18 15:38:28
01076,属于无人机通信系统的组成部分的是（）。,多选题,飞行原理,中等,3,是,发射机,接收机,调制解调器,信号放大器,电子调速器,,发射机;接收机;调制解调器;信号放大器,,超级管理员,2025-09-18 15:38:26,2025-09-18 15:38:28
01077,影响无人机通信系统通信距离的因素有（ ）。,多选题,飞行原理,中等,3,是,发射功率,工作频段,天线增益,环境干扰,信号编码方式,,发射功率;工作频段;天线增益;环境干扰,,超级管理员,2025-09-18 15:38:26,2025-09-18 15:38:28
01078,在无人机长距离无线数据传输中，（）参数对于保持稳定的通信链路最为关键。,单选题,飞行原理,中等,2,是,调制方式,发射功率,频率稳定性,数据编码方式,,,频率稳定性,,超级管理员,2025-09-18 15:38:26,2025-09-18 15:38:28
01079,（）可以实现远距离的数据传输的无线数据传输技术。,单选题,飞行原理,中等,2,是,WiFi,Zigbee,LoRa,NFC,,,LoRa,,超级管理员,2025-09-18 15:38:26,2025-09-18 15:38:28
01080,无人机无线数据传输系统的抗干扰能力主要取决于（）。,单选题,飞行原理,中等,2,是,发射功率,调制和编码技术,传输频率,传输带宽,,,调制和编码技术,,超级管理员,2025-09-18 15:38:26,2025-09-18 15:38:28
01081,无线数据传输系统的传输速度通常用（）来衡量。,单选题,飞行原理,中等,2,是,Mbps (Megabits per second),Hz (Hertz),dBm (Decibel-milliwatts),mW (Milliwatts),,,Mbps (Megabits per second),,超级管理员,2025-09-18 15:38:26,2025-09-18 15:38:28
01082,无线数传系统的数据传输速率越高，其传输距离就越远。（）,单选题,飞行原理,中等,2,是,正确,错误,,,,,错误,,超级管理员,2025-09-18 15:38:26,2025-09-18 15:38:28
01083,在无线数传系统中，只要信号强度足够，就不需要考虑信号干扰问题。（）,单选题,飞行原理,中等,2,是,正确,错误,,,,,错误,,超级管理员,2025-09-18 15:38:26,2025-09-18 15:38:28
01084,无线数传系统的传输速率会受到（ ）因素的影响。,多选题,飞行原理,中等,3,是,信号带宽,编码方式,调制方式,环境噪声,天线类型,,信号带宽;编码方式;调制方式,,超级管理员,2025-09-18 15:38:26,2025-09-18 15:38:28
01085,属于无线数据传输系统基本参数的有（  ）,多选题,飞行原理,中等,3,是,误码率,信噪比,信道带宽,数据帧格式,加密方式,,误码率;信噪比;信道带宽,,超级管理员,2025-09-18 15:38:26,2025-09-18 15:38:28
01086,（）不是无线图像传输系统的常用带宽。,单选题,飞行原理,中等,2,是,20MHz,40MHz,60MHz,80MHz,,,60MHz,,超级管理员,2025-09-18 15:38:26,2025-09-18 15:38:28
01087,（）不是无线图像传输系统的常见分辨率。,单选题,飞行原理,中等,2,是,VGA,HD,FHD,UHD,,,VGA,,超级管理员,2025-09-18 15:38:26,2025-09-18 15:38:28
01088,无线图像传输系统的分辨率通常指的是（）。,单选题,飞行原理,中等,2,是,. 图像传感器的像素数量,显示屏的显示质量,视频流的清晰度,数据传输速率,,,视频流的清晰度,,超级管理员,2025-09-18 15:38:26,2025-09-18 15:38:28
01089,无线图像传输系统的延迟通常指的是（）。,单选题,飞行原理,中等,2,是,从摄像头拍摄到显示器显示所需的总时间,数据包在网络中的传输时间,图像压缩和解压缩所需的时间,从摄像头拍摄到存储介质写入所需的时间,,,从摄像头拍摄到显示器显示所需的总时间,,超级管理员,2025-09-18 15:38:26,2025-09-18 15:38:28
01090,无线图传系统的图像分辨率越高，其传输所需的带宽就越小。（）,单选题,飞行原理,中等,2,是,正确,错误,,,,,错误,,超级管理员,2025-09-18 15:38:26,2025-09-18 15:38:28
01091,无线图传系统的帧率越高，观看图像时就越流畅，但所需的数据传输速率也越高。（）,单选题,飞行原理,中等,2,是,正确,错误,,,,,正确,,超级管理员,2025-09-18 15:38:26,2025-09-18 15:38:28
01092,是无线图传系统的基本参数的有（）。,多选题,飞行原理,中等,3,是,图像分辨率,帧率,传输带宽,色彩模式,传输距离,,图像分辨率;帧率;传输带宽;传输距离,,超级管理员,2025-09-18 15:38:26,2025-09-18 15:38:28
01093,为了在有限带宽下优化无线图传系统的性能，可以采取的措施有（）。,多选题,飞行原理,中等,3,是,降低图像分辨率,降低帧率,采用更高效的图像编码方式,优化传输协议,增加发射功率,,降低图像分辨率;降低帧率;采用更高效的图像编码方式;优化传输协议,,超级管理员,2025-09-18 15:38:26,2025-09-18 15:38:28
01094,在GNSS导航系统中，卫星的作用是（）。,单选题,飞行原理,中等,2,是,接收并处理用户的请求,向用户发送导航信息,接收并处理来自地面站的数据,提供精确的位置信息,,,提供精确的位置信息,,超级管理员,2025-09-18 15:38:26,2025-09-18 15:38:28
01095,惯性导航系统（INS）不依赖（）确定位置。,单选题,飞行原理,中等,2,是,外部信号,加速度计,陀螺仪,地图数据库,,,外部信号,,超级管理员,2025-09-18 15:38:26,2025-09-18 15:38:28
01096,无人机常用的导航方法是（）。,单选题,飞行原理,中等,2,是,地面站导航,星基导航,卫星导航,惯性导航系统,,,卫星导航,,超级管理员,2025-09-18 15:38:26,2025-09-18 15:38:28
01097,（）不属于无人机的导航参数。,单选题,飞行原理,中等,2,是,高度,温度,速度,方向,,,温度,,超级管理员,2025-09-18 15:38:26,2025-09-18 15:38:28
01098,GPS（全球定位系统）是唯一的全球卫星导航系统，其他导航系统都有区域限制。（）,单选题,飞行原理,中等,2,是,正确,错误,,,,,错误,,超级管理员,2025-09-18 15:38:26,2025-09-18 15:38:28
01099,北斗（全球定位系统）是唯一的全球卫星导航系统，其他导航系统都有区域限制。（）,单选题,飞行原理,中等,2,是,正确,错误,,,,,错误,,超级管理员,2025-09-18 15:38:26,2025-09-18 15:38:28
01100,属于卫星导航系统优点的是（）。,多选题,飞行原理,中等,3,是,全球覆盖,定位精度较高,实时性好,不受气象条件影响,系统简单，成本低,,全球覆盖;定位精度较高;实时性好,,超级管理员,2025-09-18 15:38:26,2025-09-18 15:38:28
01101,常见的单一导航系统包括（）。,多选题,飞行原理,中等,3,是,GPS,北斗,地图导航,伽利略,地基无线电导航,,GPS;北斗;伽利略;地基无线电导航,,超级管理员,2025-09-18 15:38:26,2025-09-18 15:38:28
01102,组合导航系统中常用的传感器不包括（）。,单选题,飞行原理,中等,2,是,全球导航卫星系统（GNSS）,惯性测量单元（IMU）,激光雷达（LiDAR）,声纳,,,声纳,,超级管理员,2025-09-18 15:38:26,2025-09-18 15:38:28
01103,组合导航系统中，如果GNSS信号丢失，系统会（）。,单选题,飞行原理,中等,2,是,立即停止工作,切换到单一传感器模式,使用INS进行短期定位,发送警报,,,使用INS进行短期定位,,超级管理员,2025-09-18 15:38:26,2025-09-18 15:38:28
01104,组合导航系统通常是将（ ）组合在一起。,单选题,飞行原理,中等,2,是,GPS 和惯性导航系统,地磁导航和视觉导航,无线电导航和卫星导航,激光导航和惯性导航系统,,,GPS 和惯性导航系统,,超级管理员,2025-09-18 15:38:26,2025-09-18 15:38:28
01105,在组合导航系统中，GNSS可以为惯性导航系统提供（ ）。,单选题,飞行原理,中等,2,是,动力支持,初始对准和误差修正,信号干扰保护,备用通信通道,,,初始对准和误差修正,,超级管理员,2025-09-18 15:38:26,2025-09-18 15:38:28
01106,组合导航系统通过融合多种导航技术来提高定位精度和可靠性。 ( ),单选题,飞行原理,中等,2,是,正确,错误,,,,,正确,,超级管理员,2025-09-18 15:38:26,2025-09-18 15:38:28
01107,组合导航系统无法在室内环境下提供准确的位置信息。 ( ),单选题,飞行原理,中等,2,是,正确,错误,,,,,错误,,超级管理员,2025-09-18 15:38:26,2025-09-18 15:38:28
01108,组合导航系统的优点包括（）。,多选题,飞行原理,中等,3,是,提高定位精度,增强系统鲁棒性,扩展应用场景,降低系统成本,简化系统结构,,提高定位精度;增强系统鲁棒性;扩展应用场景,,超级管理员,2025-09-18 15:38:26,2025-09-18 15:38:28
01109,在设计组合导航系统时，需要考虑的因素有（）。,多选题,飞行原理,中等,3,是,各导航系统的性能特点,应用场景和任务需求,数据存储容量,系统的体积、重量和功耗,各导航系统的兼容性,,各导航系统的性能特点;应用场景和任务需求;系统的体积、重量和功耗;各导航系统的兼容性,,超级管理员,2025-09-18 15:38:26,2025-09-18 15:38:28
01110,在无人机应用中，GNSS导航系统主要用于（ ）。,单选题,飞行原理,困难,2,是,精确确定无人机的位置和飞行轨迹,检测无人机周围的障碍物,控制无人机的飞行姿态,调整无人机的动力输出,,,精确确定无人机的位置和飞行轨迹,,超级管理员,2025-09-18 15:38:26,2025-09-18 15:38:28
01111,无人机在室内飞行时，会发挥主要作用的导航系统是（ ）。,单选题,飞行原理,中等,2,是,视觉导航系统,全球导航卫星系统,远程无线电导航系统,惯性导航系统单独使用,,,视觉导航系统,,超级管理员,2025-09-18 15:38:26,2025-09-18 15:38:29
01112,在无人机导航中，RTK（实时动态定位）技术的主要作用是（）。,单选题,飞行原理,中等,2,是,提高图像分辨率,提供高精度定位,增加飞行速度,减少电池消耗,,,提供高精度定位,,超级管理员,2025-09-18 15:38:26,2025-09-18 15:38:29
01113,为了提高无人机导航的精度和可靠性，常采用（ ）。,单选题,飞行原理,中等,2,是,单一高精度导航系统,多种导航系统组合,降低导航系统的更新频率,增加导航系统的传感器数量,,,多种导航系统组合,,超级管理员,2025-09-18 15:38:26,2025-09-18 15:38:29
01114,所有无人机都必须配备高精度的卫星导航系统才能飞行。（）,单选题,飞行原理,中等,2,是,正确,错误,,,,,错误,,超级管理员,2025-09-18 15:38:26,2025-09-18 15:38:29
01115,当无人机在室内飞行时，卫星导航系统完全无法工作，所以室内飞行的无人机不需要任何导航系统。（）,单选题,飞行原理,中等,2,是,正确,错误,,,,,错误,,超级管理员,2025-09-18 15:38:26,2025-09-18 15:38:29
01116,（）导航系统常用于无人机。,多选题,飞行原理,中等,3,是,GNSS,惯性导航系统（INS）,地形导航,地磁导航系统,激光雷达导航系统,,GNSS;惯性导航系统（INS）;地磁导航系统;激光雷达导航系统,,超级管理员,2025-09-18 15:38:26,2025-09-18 15:38:29
01117,导航系统在无人机起飞阶段起到的作用包括（ ）。,多选题,飞行原理,中等,3,是,确定起飞位置,规划起飞航线,检测起飞姿态是否水平,调整起飞推力方向,预估起飞所需的电量,,确定起飞位置;规划起飞航线;检测起飞姿态是否水平,,超级管理员,2025-09-18 15:38:26,2025-09-18 15:38:29
01118,在无人机测试前的装配过程中，必须采取的安全防护措施是（）。,单选题,飞行原理,中等,2,是,确保所有螺丝紧固,穿戴防护眼镜,检查电池电量,关闭无人机电源,,,确保所有螺丝紧固,,超级管理员,2025-09-18 15:38:26,2025-09-18 15:38:29
01119,在装配无人机螺旋桨时，为防止手部受伤，应该（ ）。,单选题,飞行原理,中等,2,是,佩戴手套,加快装配速度,使用工具强行安装,先安装电机再装螺旋桨,,,佩戴手套,,超级管理员,2025-09-18 15:38:26,2025-09-18 15:38:29
01120,在组装无人机时，应避免在（）环境下进行。,单选题,飞行原理,中等,2,是,干燥的房间,通风良好的室外,潮湿或多尘的地方,温度适宜的室内,,,潮湿或多尘的地方,,超级管理员,2025-09-18 15:38:26,2025-09-18 15:38:29
01121,装配无人机的飞控系统时，为避免静电损坏电子元件，应该（ ）。,单选题,飞行原理,中等,2,是,佩戴防静电手环,在潮湿环境下操作,用手触摸元件引脚来放电,增加操作现场的人员走动,,,佩戴防静电手环,,超级管理员,2025-09-18 15:38:26,2025-09-18 15:38:29
01122,在进行无人机装配之前，确保所有工具都已检查无误，并放置在易于取用但不会妨碍工作的位置上，这是正确的做法（ ）。,单选题,飞行原理,中等,2,是,正确,错误,,,,,正确,,超级管理员,2025-09-18 15:38:26,2025-09-18 15:38:29
01123,装配无人机时，可以不穿戴任何个人防护装备（如护目镜、手套等），只要小心操作即可（ ）。,单选题,飞行原理,中等,2,是,正确,错误,,,,,错误,,超级管理员,2025-09-18 15:38:26,2025-09-18 15:38:29
01124,在无人机测试前的装配过程中，必须采取的安全防护措施包括（）。,多选题,飞行原理,困难,3,是,确保装配区域整洁，无杂物干扰,装配人员必须佩戴专业的防护眼镜和手套,使用未经校验的工具和设备进行装配,严格遵循操作手册和安全规程,在装配区域周围设置明显的警示标识，防止他人误入,,确保装配区域整洁，无杂物干扰;装配人员必须佩戴专业的防护眼镜和手套;严格遵循操作手册和安全规程;在装配区域周围设置明显的警示标识，防止他人误入,,超级管理员,2025-09-18 15:38:26,2025-09-18 15:38:29
01125,无人机在测试前进行装配时，为了保障人员和设备的安全，必须采取的安全防护措施包括（）。,多选题,飞行原理,中等,3,是,对所有装配零件进行逐一检查，确保其完好无损,装配过程中，禁止非专业人员进入装配区域,装配完成后，立即进行飞行测试，无需进行进一步的检查,装配人员需经过专业培训，熟悉安全操作流程,使用符合标准的电源线和连接线，避免电气事故,,对所有装配零件进行逐一检查，确保其完好无损;装配过程中，禁止非专业人员进入装配区域;装配人员需经过专业培训，熟悉安全操作流程;使用符合标准的电源线和连接线，避免电气事故,,超级管理员,2025-09-18 15:38:26,2025-09-18 15:38:29
01126,在无人机调试过程中，启动电机时，应该（ ）。,单选题,飞行原理,中等,2,是,确保螺旋桨安装牢固且周围无人,用手握住螺旋桨检查动力,在人员密集区启动,不检查螺旋桨安装情况直接启动,,,确保螺旋桨安装牢固且周围无人,,超级管理员,2025-09-18 15:38:26,2025-09-18 15:38:29
01127,调试无人机飞行姿态时，为防止无人机失控伤人，应该（ ）。,单选题,飞行原理,中等,2,是,在开阔、无人的场地进行调试,在室内狭窄空间调试,不设置飞行高度限制,减少对无人机状态的监控,,,在开阔、无人的场地进行调试,,超级管理员,2025-09-18 15:38:26,2025-09-18 15:38:29
01128,调试无人机通信系统时，为避免信号干扰，应该（ ）。,单选题,飞行原理,中等,2,是,远离大型电子设备和金属障碍物,将无人机放置在金属盒内,使用多个通信频段同时调试,在强电磁辐射环境下进行,,,远离大型电子设备和金属障碍物,,超级管理员,2025-09-18 15:38:26,2025-09-18 15:38:29
01129,在调试无人机的视觉系统时，为保护镜头，应该（ ）。,单选题,飞行原理,中等,2,是,避免镜头直接暴露在强光下,用手指触摸镜头检查清晰度,让镜头接触尖锐物体,在沙尘环境下使用,,,避免镜头直接暴露在强光下,,超级管理员,2025-09-18 15:38:26,2025-09-18 15:38:29
01130,在无人机调试过程中，为了确保安全，操作人员无需穿戴任何防护装备（）。,单选题,飞行原理,中等,2,是,正确,错误,,,,,错误,,超级管理员,2025-09-18 15:38:26,2025-09-18 15:38:29
01131,调试无人机时，只需确保无人机本身的功能正常，无需检查其与其他设备的兼容性（）。,单选题,飞行原理,困难,2,是,正确,错误,,,,,错误,,超级管理员,2025-09-18 15:38:26,2025-09-18 15:38:29
01132,在无人机测试的调试过程中，为确保人员与设备的安全，必须采取的安全防护措施包括（）。,多选题,飞行原理,中等,3,是,调试前确保无人机所有部件已正确安装且紧固,调试时，操作人员应佩戴专业的防护装备，如防噪音耳塞、防护眼镜等,调试区域应设置明显的警示标识，防止非相关人员进入,使用未经校准的测试设备进行调试,调试前检查无人机电池电量及飞行控制系统的稳定性,,调试前确保无人机所有部件已正确安装且紧固;调试时，操作人员应佩戴专业的防护装备，如防噪音耳塞、防护眼镜等;调试区域应设置明显的警示标识，防止非相关人员进入;调试前检查无人机电池电量及飞行控制系统的稳定性,,超级管理员,2025-09-18 15:38:26,2025-09-18 15:38:29
01133,无人机调试过程中，有助于提升安全性的做法包括（）。,多选题,飞行原理,困难,3,是,在开阔且无障碍物的区域进行调试，避免碰撞,调试前，确保无人机与遥控器之间的通信畅通无阻,调试时，操作人员应远离无人机的起飞和降落路径,无需检查无人机的飞行日志和传感器数据，直接进行调试,调试过程中，应密切关注无人机的飞行状态，及时应对异常情况,,在开阔且无障碍物的区域进行调试，避免碰撞;调试前，确保无人机与遥控器之间的通信畅通无阻;调试时，操作人员应远离无人机的起飞和降落路径;调试过程中，应密切关注无人机的飞行状态，及时应对异常情况,,超级管理员,2025-09-18 15:38:26,2025-09-18 15:38:29
01134,在无人机测试飞行过程中，为确保飞行安全，（）措施是必要的。,单选题,飞行原理,中等,2,是,使用高清摄像头进行拍摄,在人口密集区域进行飞行测试,对飞行区域进行充分的空域申请和检查,提高无人机的飞行速度,,,对飞行区域进行充分的空域申请和检查,,超级管理员,2025-09-18 15:38:26,2025-09-18 15:38:29
01135,在无人机测试飞行过程中，（）的行为容易导致飞行器失控。,单选题,飞行原理,中等,2,是,遵守飞行规则并保持与地面的距离,避开高风险区域并保持飞行高度,与他人分享飞行数据并相互监督,长时间高速飞行并穿越密集人群区域,,,长时间高速飞行并穿越密集人群区域,,超级管理员,2025-09-18 15:38:26,2025-09-18 15:38:29
01136,在无人机测试飞行中，（）步骤是必不可少的。,单选题,飞行原理,中等,2,是,选择飞行场地,调整摄像头角度,清洁无人机机身,起飞前的检查,,,起飞前的检查,,超级管理员,2025-09-18 15:38:26,2025-09-18 15:38:29
01137,无人机测试飞行中，（）做法是错误的。,单选题,飞行原理,中等,2,是,未经许可就进行测试,确保通讯畅通,事先规划好飞行路线,选择合适的天气条件,,,未经许可就进行测试,,超级管理员,2025-09-18 15:38:26,2025-09-18 15:38:29
01138,无人机测试飞行时，操作人员可以边操作无人机边查看手机或其他电子设备（）。,单选题,飞行原理,中等,2,是,正确,错误,,,,,错误,,超级管理员,2025-09-18 15:38:26,2025-09-18 15:38:29
01139,为了确保无人机测试飞行的安全，操作人员只需在飞行前对无人机进行检查，飞行过程中无需再进行任何监控（）。,单选题,飞行原理,中等,2,是,正确,错误,,,,,错误,,超级管理员,2025-09-18 15:38:26,2025-09-18 15:38:29
01140,在无人机测试飞行过程中，为了保障飞行安全，必要的安全防护措施包括（）。,多选题,飞行原理,中等,3,是,在飞行前对无人机进行全面检查，确保其处于良好状态,选择合适的飞行区域，避开人口密集区、高压线等危险区域,飞行过程中，操作人员应始终保持对无人机的视线控制,无需考虑天气条件，随时进行飞行测试,配备应急降落伞或紧急制动系统，以应对突发情况,,在飞行前对无人机进行全面检查，确保其处于良好状态;选择合适的飞行区域，避开人口密集区、高压线等危险区域;飞行过程中，操作人员应始终保持对无人机的视线控制;配备应急降落伞或紧急制动系统，以应对突发情况,,超级管理员,2025-09-18 15:38:26,2025-09-18 15:38:29
01141,无人机测试飞行时，为确保飞行安全及合规性，正确的做法包括（）。,多选题,飞行原理,困难,3,是,飞行前了解并遵守当地无人机飞行的法律法规,飞行过程中，保持与无人机之间的通信畅通,飞行高度和速度应在无人机性能参数范围内,无需进行飞行计划申报，即可随意飞行,飞行结束后，及时记录飞行日志，分析飞行数据,,飞行前了解并遵守当地无人机飞行的法律法规;飞行过程中，保持与无人机之间的通信畅通;飞行高度和速度应在无人机性能参数范围内;飞行结束后，及时记录飞行日志，分析飞行数据,,超级管理员,2025-09-18 15:38:26,2025-09-18 15:38:29
01142,无人机飞行过程中，螺旋桨突然停止转动，这属于（ ）故障。,单选题,飞行原理,中等,2,是,动力系统故障,飞控系统故障,通信系统故障,导航系统故障,,,动力系统故障,,超级管理员,2025-09-18 15:38:26,2025-09-18 15:38:29
01143,不是无人机常见的机械故障的是（）。,单选题,飞行原理,中等,2,是,螺旋桨损坏,电机过热,GPS信号丢失,结构件断裂,,,GPS信号丢失,,超级管理员,2025-09-18 15:38:26,2025-09-18 15:38:29
01144,无人机的传感器故障可能会导致（）。,单选题,飞行原理,中等,2,是,图像模糊,无法充电,飞行高度不稳定,自动返航失败,,,飞行高度不稳定,,超级管理员,2025-09-18 15:38:26,2025-09-18 15:38:29
01145,无人机的通信故障可能会导致（）。,单选题,飞行原理,中等,2,是,无法接收地面指令,飞行速度加快,摄像头分辨率下降,结构件松动,,,无法接收地面指令,,超级管理员,2025-09-18 15:38:26,2025-09-18 15:38:29
01146,无人机的通信故障通常只与遥控器的硬件问题有关（）。,单选题,飞行原理,中等,2,是,正确,错误,,,,,错误,,超级管理员,2025-09-18 15:38:26,2025-09-18 15:38:29
01147,一般情况下，无人机的环境适应性故障主要是由于恶劣天气条件导致的（）。,单选题,飞行原理,中等,2,是,正确,错误,,,,,正确,,超级管理员,2025-09-18 15:38:26,2025-09-18 15:38:29
01148,无人机在飞行过程中可能会遇到多种类型的故障，属于无人机发生的内部硬件或软件故障的是（）。,多选题,飞行原理,中等,3,是,电池电量不足导致突然降落,飞行控制系统出现软件错误,GPS信号弱或丢失导致定位不准,视频传输系统故障导致图像中断,强风影响飞行稳定性,,电池电量不足导致突然降落;飞行控制系统出现软件错误;视频传输系统故障导致图像中断,,超级管理员,2025-09-18 15:38:26,2025-09-18 15:38:29
01149,当无人机操作出现问题时，可能造成无人机无法正常起飞的直接原因是（）。,多选题,飞行原理,困难,3,是,电机故障或螺旋桨损坏,操作员未正确校准指南针,起飞重量超出无人机的最大承载能力,地面站与无人机之间的通信链路故障,飞行区域存在强烈的电磁干扰,,电机故障或螺旋桨损坏;起飞重量超出无人机的最大承载能力,,超级管理员,2025-09-18 15:38:26,2025-09-18 15:38:29
01150,在无人机通信系统故障时，（）是无效的。,单选题,飞行原理,中等,2,是,检查天线连接,重启通信模块,更换电池,检查周围环境是否有信号干扰,,,更换电池,,超级管理员,2025-09-18 15:38:26,2025-09-18 15:38:29
01151,无人机通信系统故障导致无法接收遥控指令，首先应该检查（ ）。,单选题,飞行原理,中等,2,是,遥控器电池,无人机飞控板,通信模块固件,无人机电池,,,遥控器电池,,超级管理员,2025-09-18 15:38:26,2025-09-18 15:38:29
01152,无人机在飞行中失去视频传输，但遥控信号正常，是（）类型的通信故障。,单选题,飞行原理,中等,2,是,视频链路故障,遥控链路故障,GNSS信号故障,数据链路故障,,,视频链路故障,,超级管理员,2025-09-18 15:38:26,2025-09-18 15:38:29
01153,无人机通信系统中，FHSS（跳频扩频）技术主要用于（）。,单选题,飞行原理,中等,2,是,增加通信距离,减少通信干扰,提高视频质量,增强GPS信号,,,减少通信干扰,,超级管理员,2025-09-18 15:38:26,2025-09-18 15:38:29
01154,无人机通信系统的故障仅发生在硬件出现问题时（）。,单选题,飞行原理,中等,2,是,正确,错误,,,,,错误,,超级管理员,2025-09-18 15:38:26,2025-09-18 15:38:29
01155,通过优化路径规划和避免已知的干扰源，可以有效降低无人机通信故障的发生率（）。,单选题,飞行原理,困难,2,是,正确,错误,,,,,正确,,超级管理员,2025-09-18 15:38:26,2025-09-18 15:38:29
01156,正常情况下，引起无人机通信系统故障的因素包括（）。,多选题,飞行原理,中等,3,是,信号干扰,硬件损坏,操作员失误,不良天气条件,软件错误,,信号干扰;硬件损坏;不良天气条件;软件错误,,超级管理员,2025-09-18 15:38:26,2025-09-18 15:38:29
01157,为了减少无人机通信系统故障的风险，可以采取的措施包括（）。,多选题,飞行原理,中等,3,是,使用更强大的加密技术,安装备用的通信模块,增加飞行高度以避开障碍物,提升地面站的天线增益,减少无人机的任务载荷,,安装备用的通信模块;增加飞行高度以避开障碍物;提升地面站的天线增益,,超级管理员,2025-09-18 15:38:26,2025-09-18 15:38:29
01158,无人机 GNSS（全球导航卫星系统）无法定位，首先要检查（ ）。,单选题,飞行原理,中等,2,是,GNSS 天线是否连接良好,飞控系统的导航算法,电池电量是否充足,周围的磁场环境,,,GNSS 天线是否连接良好,,超级管理员,2025-09-18 15:38:26,2025-09-18 15:38:29
01159,无人机 GNSS 信号弱的常见原因是（ ）。,单选题,飞行原理,中等,2,是,周围有高大建筑物遮挡,飞行速度过快,搭载设备过重,相机处于拍摄状态,,,周围有高大建筑物遮挡,,超级管理员,2025-09-18 15:38:26,2025-09-18 15:38:29
01160,无人机 GNSS 定位出现较大偏差，可能是因为（ ）。,单选题,飞行原理,中等,2,是,卫星信号多径效应,螺旋桨产生的电磁干扰,起落架未收起,视觉传感器故障,,,卫星信号多径效应,,超级管理员,2025-09-18 15:38:26,2025-09-18 15:38:29
01161,在城市环境中，无人机GNSS故障的概率较高，原因是（）。,单选题,飞行原理,中等,2,是,电磁干扰较多,空气湿度大,风速变化快,温度过高,,,电磁干扰较多,,超级管理员,2025-09-18 15:38:26,2025-09-18 15:38:29
01162,无人机GNSS出现故障时，无人机将完全无法确定自己的位置（）。,单选题,飞行原理,中等,2,是,正确,错误,,,,,错误,,超级管理员,2025-09-18 15:38:26,2025-09-18 15:38:29
01163,使用多频段GNSS接收器能够改善在城市峡谷等复杂环境中的定位准确性（）。,单选题,飞行原理,中等,2,是,正确,错误,,,,,正确,,超级管理员,2025-09-18 15:38:26,2025-09-18 15:38:29
01164,引起无人机GNSS（全球导航卫星系统）故障的原因包括（）。,多选题,飞行原理,中等,3,是,卫星信号被遮挡,内部时钟误差,电力供应不稳定,GNSS接收器硬件故障,地面站软件版本过低,,卫星信号被遮挡;内部时钟误差;GNSS接收器硬件故障,,超级管理员,2025-09-18 15:38:26,2025-09-18 15:38:29
01165,为了预防无人机GNSS故障，能采取的措施是（）。,多选题,飞行原理,困难,3,是,安装额外的视觉定位系统作为辅助,在开阔无遮挡区域操作无人机,提高无人机飞行速度,使用多星座GNSS接收器,减少无人机的有效载荷,,安装额外的视觉定位系统作为辅助;在开阔无遮挡区域操作无人机;使用多星座GNSS接收器,,超级管理员,2025-09-18 15:38:26,2025-09-18 15:38:29
01166,无人机飞行中出现姿态摇摆不定的故障，可能是由于（ ）。,单选题,飞行原理,中等,2,是,电机转速不平衡,电池电量不足,GNSS 信号丢失,通信链路中断,,,电机转速不平衡,,超级管理员,2025-09-18 15:38:26,2025-09-18 15:38:29
01167,无人机在空中突然仰头或低头，可能是（ ）出现问题。,单选题,飞行原理,中等,2,是,俯仰通道控制,横滚通道控制,偏航通道控制,油门通道控制,,,俯仰通道控制,,超级管理员,2025-09-18 15:38:26,2025-09-18 15:38:29
01168,无人机飞行姿态出现高频振动，可能是（ ）。,单选题,飞行原理,中等,2,是,电机不平衡或螺旋桨损坏,高度传感器故障,通信系统受到干扰,GNSS 系统不稳定,,,电机不平衡或螺旋桨损坏,,超级管理员,2025-09-18 15:38:26,2025-09-18 15:38:29
01169,为了防止飞行姿态故障，无人机操作员应该定期进行（）。,单选题,飞行原理,中等,2,是,软件更新,硬件清洁和维护,飞行路线规划,飞行速度测试,,,硬件清洁和维护,,超级管理员,2025-09-18 15:38:26,2025-09-18 15:38:29
01170,无人机飞行姿态故障不会影响其导航系统的准确性（）。,单选题,飞行原理,中等,2,是,正确,错误,,,,,错误,,超级管理员,2025-09-18 15:38:26,2025-09-18 15:38:29
01171,定期维护和检查无人机的传感器和飞行控制系统能够有效预防飞行姿态故障（）。,单选题,飞行原理,困难,2,是,正确,错误,,,,,正确,,超级管理员,2025-09-18 15:38:26,2025-09-18 15:38:29
01172,可能引起无人机飞行姿态故障的原因有（）。,多选题,飞行原理,中等,3,是,传感器数据失真,飞行控制器软件错误,外部电磁干扰,动力系统性能下降,气象条件不佳,,传感器数据失真;飞行控制器软件错误;外部电磁干扰;动力系统性能下降,,超级管理员,2025-09-18 15:38:26,2025-09-18 15:38:29
01173,为了解决无人机飞行姿态故障问题，可以采取的措施有（）。,多选题,飞行原理,中等,3,是,更新飞行控制算法以提高稳定性,安装更高效的电池以增加飞行时间,增强抗电磁干扰能力,校准或更换有问题的传感器,减少无人机的有效载荷,,更新飞行控制算法以提高稳定性;增强抗电磁干扰能力;校准或更换有问题的传感器,,超级管理员,2025-09-18 15:38:26,2025-09-18 15:38:29
01174,多旋翼无人机起飞时桨叶旋转但无法离地，可能是因为（ ）。,单选题,飞行原理,中等,2,是,螺旋桨转速不够,飞控系统软件更新,通信系统繁忙,视觉系统未启动,,,螺旋桨转速不够,,超级管理员,2025-09-18 15:38:26,2025-09-18 15:38:29
01175,无人机起飞离地几秒钟后迅速下降，可能是（ ）。,单选题,飞行原理,中等,2,是,电池电量过低，无法维持飞行高度,起飞场地有斜坡,飞控系统的高度锁定功能开启,螺旋桨长度过长,,,电池电量过低，无法维持飞行高度,,超级管理员,2025-09-18 15:38:26,2025-09-18 15:38:29
01176,固定翼无人机降落时偏出跑道，可能是因为（ ）。,单选题,飞行原理,中等,2,是,降落时风向改变,起落架轮胎损坏,相机在降落时拍摄,飞控系统重启,,,降落时风向改变,,超级管理员,2025-09-18 15:38:26,2025-09-18 15:38:29
01177,在寒冷环境下，无人机起飞困难的原因可能是（）。,单选题,飞行原理,中等,2,是,电池性能下降导致电量不足,电机过热保护启动,GNSS信号不稳定,摄像头结露影响视线,,,电池性能下降导致电量不足,,超级管理员,2025-09-18 15:38:26,2025-09-18 15:38:29
01178,无人机起飞和降落时遇到强风，可能导致其偏离预定位置或造成姿态不稳定（）。,单选题,飞行原理,中等,2,是,正确,错误,,,,,正确,,超级管理员,2025-09-18 15:38:26,2025-09-18 15:38:29
01179,即使无人机的传感器和飞行控制系统工作正常，如果起降场地选择不当，也可能导致起飞和降落故障（）。,单选题,飞行原理,中等,2,是,正确,错误,,,,,正确,,超级管理员,2025-09-18 15:38:26,2025-09-18 15:38:29
01180,引起无人机起飞和降落故障的因素是（）。,多选题,飞行原理,中等,3,是,起降场地不平整,飞行控制器软件错误,动力系统故障,气象条件不佳（如强风、大雨）,通信链路中断,,起降场地不平整;飞行控制器软件错误;动力系统故障;气象条件不佳（如强风、大雨）,,超级管理员,2025-09-18 15:38:26,2025-09-18 15:38:29
01181,为了解决无人机起飞和降落故障问题，可以采取的措施是（）。,多选题,飞行原理,中等,3,是,在平坦且无障碍物的开阔区域进行起降,安装更高效的电池以增加飞行时间,更新飞行控制算法以提高稳定性和响应速度,使用自动起飞和降落功能,提升无人机的有效载荷,,在平坦且无障碍物的开阔区域进行起降;更新飞行控制算法以提高稳定性和响应速度;使用自动起飞和降落功能,,超级管理员,2025-09-18 15:38:26,2025-09-18 15:38:29
01182,在进行无人机故障检测前，首先需要掌握的是（）。,单选题,飞行原理,中等,2,是,无人机的品牌与价格,无人机的系统构造及各部件功能,无人机的外观颜色与设计,无人机的飞行速度与高度,,,无人机的系统构造及各部件功能,,超级管理员,2025-09-18 15:38:26,2025-09-18 15:38:29
01183,无人机常见的故障类型中，不包括（）。,单选题,飞行原理,中等,2,是,电机故障，如转速不稳或停止转动,遥控器信号丢失，无法控制无人机,电池老化，影响续航时间,飞行区域天气变化,,,飞行区域天气变化,,超级管理员,2025-09-18 15:38:26,2025-09-18 15:38:29
01184,在识别无人机故障时，应遵循的首要原则是（）。,单选题,飞行原理,中等,2,是,立即更换故障部件,观察现象，分析原因，逐步排查,忽略小故障，继续飞行,直接咨询制造商获取解决方案,,,观察现象，分析原因，逐步排查,,超级管理员,2025-09-18 15:38:26,2025-09-18 15:38:29
01185,常用于无人机故障诊断方法是（）。,单选题,飞行原理,中等,2,是,盲目拆解无人机寻找问题,使用专业的故障诊断软件和工具,仅凭经验判断，不进行任何测试,忽略故障，继续飞行直到无法工作,,,使用专业的故障诊断软件和工具,,超级管理员,2025-09-18 15:38:26,2025-09-18 15:38:29
01186,在无人机中应用机器学习算法能够增强故障预测的能力，使得故障可以在发生之前被检测到（）。,单选题,飞行原理,中等,2,是,正确,错误,,,,,正确,,超级管理员,2025-09-18 15:38:26,2025-09-18 15:38:29
01187,无人机故障检测系统仅依赖单一类型的传感器数据即可实现高精度故障诊断（）。,单选题,飞行原理,中等,2,是,正确,错误,,,,,错误,,超级管理员,2025-09-18 15:38:26,2025-09-18 15:38:29
01188,能对无人机故障进行检测的技术是（）。,多选题,飞行原理,中等,3,是,基于模型的方法，如状态估计和残差生成,数据驱动的方法，如机器学习和模式识别,传感器融合技术，结合多种传感器数据提高准确性,定期手动检查无人机硬件,使用更高效的电池以延长飞行时间,,基于模型的方法，如状态估计和残差生成;数据驱动的方法，如机器学习和模式识别;传感器融合技术，结合多种传感器数据提高准确性,,超级管理员,2025-09-18 15:38:26,2025-09-18 15:38:29
01189,为了提高无人机故障检测的效率和准确性，可以采取的措施包括（）。,多选题,飞行原理,中等,3,是,提升无人机的最大飞行速度,集成多类型传感器，增加数据冗余度,应用实时数据分析算法进行在线监测,扩大无人机的有效载荷能力,实施严格的飞行前检查程序,,集成多类型传感器，增加数据冗余度;应用实时数据分析算法进行在线监测;实施严格的飞行前检查程序,,超级管理员,2025-09-18 15:38:26,2025-09-18 15:38:29
01190,无人机在飞行过程中，（）不属于常见故障类型。,单选题,飞行原理,中等,2,是,电机不转或转速异常,电池电量迅速下降,遥控器信号不稳定,飞行区域风力过大,,,飞行区域风力过大,,超级管理员,2025-09-18 15:38:26,2025-09-18 15:38:29
01191,在无人机故障维修中，（）能有效诊断故障。,单选题,飞行原理,中等,2,是,随意更换疑似故障部件,使用专业的故障诊断工具和系统,仅凭经验判断，不进行专业检测,忽略微小异常，等待故障自行解决,,,使用专业的故障诊断工具和系统,,超级管理员,2025-09-18 15:38:26,2025-09-18 15:38:29
01192,进行无人机维修时，（）不属于必备的维修工具或材料。,单选题,飞行原理,中等,2,是,精密螺丝刀和扳手,专用焊台和焊锡,备用电机和螺旋桨,智能手机和社交媒体应用,,,智能手机和社交媒体应用,,超级管理员,2025-09-18 15:38:26,2025-09-18 15:38:29
01193,关于无人机电池的维护与保养，做法是正确的是（）。,单选题,飞行原理,中等,2,是,长期将电池充满电存放,定期检查电池电量，避免过充或过放,随意更换不同品牌、型号的电池,飞行后立即用冷水冲洗电池以降温,,,定期检查电池电量，避免过充或过放,,超级管理员,2025-09-18 15:38:26,2025-09-18 15:38:29
01194,无人机故障维修只需要关注硬件故障，软件故障可以忽略（）。,单选题,飞行原理,中等,2,是,正确,错误,,,,,错误,,超级管理员,2025-09-18 15:38:26,2025-09-18 15:38:29
01195,在进行无人机故障维修时，遵循制造商提供的维修手册和指南是非常重要的（）。,单选题,飞行原理,困难,2,是,正确,错误,,,,,正确,,超级管理员,2025-09-18 15:38:26,2025-09-18 15:38:30
01196,无人机故障维修的基础知识包括（）。,多选题,飞行原理,中等,3,是,故障类型识别,维修工具和设备,维修流程和步骤,飞行员培训,法规和安全标准,,故障类型识别;维修工具和设备;维修流程和步骤;法规和安全标准,,超级管理员,2025-09-18 15:38:26,2025-09-18 15:38:30
01197,无人机故障维修中常用的维修方法包括（）。,多选题,飞行原理,中等,3,是,更换故障部件,软件升级,传感器校准,电池更换,数据分析和诊断,,更换故障部件;软件升级;传感器校准;数据分析和诊断,,超级管理员,2025-09-18 15:38:26,2025-09-18 15:38:30
01198,机械图纸中，视图通常包括（）基本类型。,单选题,结构组成,中等,2,是,前视图、右视图、顶视图,正视图、侧视图、底视图,主视图、左视图、俯视图,内视图、外视图、剖视图,,,主视图、左视图、俯视图,,超级管理员,2025-09-18 15:38:26,2025-09-18 15:38:30
01199,在机械图纸中，表面粗糙度的标注通常使用（）符号。,单选题,结构组成,中等,2,是,三角形,圆形,矩形,椭圆形,,,三角形,,超级管理员,2025-09-18 15:38:26,2025-09-18 15:38:30
01200,机械图纸中，尺寸标注的数字后面带有“±0.1”表示（）。,单选题,结构组成,中等,2,是,长度为0.1单位,长度误差范围为0.1单位,直径为0.1单位,直径误差范围为0.1单位,,,长度误差范围为0.1单位,,超级管理员,2025-09-18 15:38:26,2025-09-18 15:38:30
01201,机械图纸中，（）符号用来表示零件的中心线。,单选题,结构组成,中等,2,是,实线,点画线,双点画线,虚线,,,虚线,,超级管理员,2025-09-18 15:38:26,2025-09-18 15:38:30
01202,机械图纸上的所有线条都代表实体结构（）。,单选题,结构组成,中等,2,是,正确,错误,,,,,错误,,超级管理员,2025-09-18 15:38:26,2025-09-18 15:38:30
01203,机械图纸必须遵循统一的标准，以确保不同工程师之间的沟通无误（）。,单选题,结构组成,中等,2,是,正确,错误,,,,,正确,,超级管理员,2025-09-18 15:38:26,2025-09-18 15:38:30
01204,机械图纸中，用于描述零件尺寸和公差的元素是（）。,多选题,结构组成,中等,3,是,尺寸线,剖面线,公差带图示,符号标注（如粗糙度符号）,色彩编码,,尺寸线;公差带图示;符号标注（如粗糙度符号）,,超级管理员,2025-09-18 15:38:26,2025-09-18 15:38:30
01205,"在阅读机械图纸时,对于正确解读图纸至关重要信息包括（）。",多选题,结构组成,中等,3,是,标题栏中的项目信息,图纸的比例尺,视图的方向和位置,零件的颜色,特殊处理说明（如热处理要求）,,标题栏中的项目信息;图纸的比例尺;视图的方向和位置;特殊处理说明（如热处理要求）,,超级管理员,2025-09-18 15:38:26,2025-09-18 15:38:30
01206,在识别无人机三视图时，（）视图通常用来展示物体的高度和宽度尺寸。,单选题,结构组成,中等,2,是,任何一个视图,左视图,俯视图,主视图,,,主视图,,超级管理员,2025-09-18 15:38:26,2025-09-18 15:38:30
01207,无人机三视图中，（）视图可以提供物体深度的信息。,单选题,结构组成,中等,2,是,左视图,主视图,俯视图,任何一个视图,,,左视图,,超级管理员,2025-09-18 15:38:26,2025-09-18 15:38:30
01208,在无人机三视图的识别中，（）视图通常用来展示物体的长度和宽度尺寸。,单选题,结构组成,中等,2,是,俯视图,主视图,左视图,任何一个视图,,,俯视图,,超级管理员,2025-09-18 15:38:26,2025-09-18 15:38:30
01209,三视图包括主视图、左视图和俯视图，其中主视图是从（）方向观察物体得到的视图。,单选题,结构组成,中等,2,是,物体的前面,物体的左面,物体的上面,物体的右面,,,物体的前面,,超级管理员,2025-09-18 15:38:26,2025-09-18 15:38:30
01210,三视图包括主视图、俯视图和侧视图，这些视图是从三个正交方向投影得到的（）。,单选题,结构组成,中等,2,是,正确,错误,,,,,正确,,超级管理员,2025-09-18 15:38:26,2025-09-18 15:38:30
01211,为了正确解读三视图，必须先理解其中一个视图，然后再将其与其他两个视图结合考虑（）。,单选题,结构组成,中等,2,是,正确,错误,,,,,正确,,超级管理员,2025-09-18 15:38:26,2025-09-18 15:38:30
01212,识别机械图纸上的三视图时，可以帮助正确理解零件的形状和尺寸的方法包括（）。,多选题,结构组成,中等,3,是,查看标题栏以了解图纸比例,通过对比三个视图中的相同边长来确定零件的实际尺寸,根据剖面线的方向判断不同部分的位置关系,使用颜色区分不同材料或加工区域,分析各视图之间的投影关系,,查看标题栏以了解图纸比例;通过对比三个视图中的相同边长来确定零件的实际尺寸;根据剖面线的方向判断不同部分的位置关系;分析各视图之间的投影关系,,超级管理员,2025-09-18 15:38:26,2025-09-18 15:38:30
01213,识别复杂组合体的三视图时，（ ）方法有助于分解和理解物体的结构。,多选题,结构组成,中等,3,是,形体分析法：将组合体分解为若干基本几何体，分别分析其视图,线面分析法：分析视图中的线条和平面，确定它们所代表的物体表面,对视图进行上色，通过颜色区分不同部分,制作简单的模型辅助理解，对照模型看三视图,对比相似物体的三视图，找出异同点来理解复杂组合体,,形体分析法：将组合体分解为若干基本几何体，分别分析其视图;线面分析法：分析视图中的线条和平面，确定它们所代表的物体表面;制作简单的模型辅助理解，对照模型看三视图;对比相似物体的三视图，找出异同点来理解复杂组合体,,超级管理员,2025-09-18 15:38:26,2025-09-18 15:38:30
01214,在无人机机械装配图中，（）确定部件之间的装配顺序和相对位置。,单选题,结构组成,中等,2,是,仅依靠部件清单中的序号,通过观察部件的形状和大小,参考装配图中的指示箭头和标注,仅依赖装配图的标题说明,,,参考装配图中的指示箭头和标注,,超级管理员,2025-09-18 15:38:26,2025-09-18 15:38:30
01215,在机械装配图中，用于传递运动和动力的部分是（）。,单选题,结构组成,中等,2,是,滚动轴承,轴承座,齿轮箱,皮带轮,,,齿轮箱,,超级管理员,2025-09-18 15:38:26,2025-09-18 15:38:30
01216,在阅读无人机机械装配图时，（）是首先要做的。,单选题,结构组成,中等,2,是,查看图纸标题栏,分析各个视图,理解组件的功能,标注尺寸和公差,,,查看图纸标题栏,,超级管理员,2025-09-18 15:38:26,2025-09-18 15:38:30
01217,在无人机机械装配图中，（）提供了有关结构稳定性测试的结果。,单选题,结构组成,中等,2,是,主视图,结构分析图,加载测试报告,安全标准文件,,,结构分析图,,超级管理员,2025-09-18 15:38:26,2025-09-18 15:38:30
01218,人机机械装配图中的明细栏只列出了零件的名称和数量，其他信息可以从零件图中获取。（）,单选题,结构组成,中等,2,是,正确,错误,,,,,错误,,超级管理员,2025-09-18 15:38:26,2025-09-18 15:38:30
01219,无人机机械装配图中的尺寸公差标注只对加工零件有意义，对装配过程没有影响。（）,单选题,结构组成,中等,2,是,正确,错误,,,,,错误,,超级管理员,2025-09-18 15:38:26,2025-09-18 15:38:30
01220,在无人机机械装配图中，剖面线的作用包括（ ）。,多选题,结构组成,中等,3,是,区分不同的零件,表示零件的材料类型,显示零件的内部结构,体现零件的厚度变化,直接表达零件的尺寸,,区分不同的零件;显示零件的内部结构,,超级管理员,2025-09-18 15:38:26,2025-09-18 15:38:30
01221,无人机机械装配图中的技术要求通常有（ ）。,多选题,结构组成,中等,3,是,装配顺序,调试方法,质量检验标准,零件加工工艺,零件装配工艺,,装配顺序;调试方法;质量检验标准,,超级管理员,2025-09-18 15:38:26,2025-09-18 15:38:30
01222,（）不是属于液压传动系统的组成部分。,单选题,结构组成,中等,2,是,油泵,油箱,电动机,液压缸,,,电动机,,超级管理员,2025-09-18 15:38:26,2025-09-18 15:38:30
01223,制造工件所用的材料，必须具备基本性能有（）。,单选题,结构组成,中等,2,是,塑性、韧性、强度、硬度,导电性、磁性、可燃性、导热性,脆性、可燃性、导电性、抗腐蚀性,导电性、磁性、可燃性、导热性,,,塑性、韧性、强度、硬度,,超级管理员,2025-09-18 15:38:26,2025-09-18 15:38:30
01224,（）材料常用于无人机的桨叶制作。,单选题,结构组成,中等,2,是,木材,塑料,碳纤维,高强度工业塑料,,,高强度工业塑料,,超级管理员,2025-09-18 15:38:26,2025-09-18 15:38:30
01225,无人机机体通常使用（）材料以实现轻量化和高强度。,单选题,结构组成,中等,2,是,铝合金,碳纤维复合材料,不锈钢,木材,,,碳纤维复合材料,,超级管理员,2025-09-18 15:38:26,2025-09-18 15:38:30
01226,在无人机机械系统中，金属部件之间的连接只要拧紧就不会出现松动问题。（）,单选题,结构组成,中等,2,是,正确,错误,,,,,错误,,超级管理员,2025-09-18 15:38:26,2025-09-18 15:38:30
01227,无人机的机械结构强度对于保障飞行安全至关重要。（）,单选题,结构组成,中等,2,是,正确,错误,,,,,正确,,超级管理员,2025-09-18 15:38:26,2025-09-18 15:38:30
01228,无人机机械传动方式主要包括（ ）。,多选题,结构组成,中等,3,是,齿轮传动,带传动,链传动,直驱（无传动部件，电机直接连接）,液压传动,,齿轮传动;带传动;直驱（无传动部件，电机直接连接）,,超级管理员,2025-09-18 15:38:26,2025-09-18 15:38:30
01229,人机机械技术在维护保养方面需要关注的内容包括（ ）。,多选题,结构组成,中等,3,是,机械部件的磨损情况检查,连接部位的松动检查,机械部件的清洁，防止灰尘和杂物影响性能,对关键机械部件进行定期润滑,故障预测与排除,,机械部件的磨损情况检查;连接部位的松动检查;机械部件的清洁，防止灰尘和杂物影响性能;对关键机械部件进行定期润滑,,超级管理员,2025-09-18 15:38:26,2025-09-18 15:38:30
01230,无人机的旋翼通常通过（）方式与电机连接。,单选题,结构组成,中等,2,是,焊接,卡扣固定,螺纹连接,磁力吸附,,,螺纹连接,,超级管理员,2025-09-18 15:38:26,2025-09-18 15:38:30
01231,无人机的机臂与机身连接通常采用（）类型的紧固件。,单选题,结构组成,中等,2,是,螺栓和螺母,焊接,胶水粘合,拉链,,,螺栓和螺母,,超级管理员,2025-09-18 15:38:26,2025-09-18 15:38:30
01232,无人机的电子设备（如飞控板）与结构件之间的连接通常采用（）方式。,单选题,结构组成,中等,2,是,机械固定,磁力吸附,粘接,焊接,,,机械固定,,超级管理员,2025-09-18 15:38:26,2025-09-18 15:38:30
01233,无人机的机械连接中，（）类型的连接最适合用于承受高扭矩。,单选题,结构组成,中等,2,是,焊接连接,螺栓连接,铆接连接,胶粘连接,,,螺栓连接,,超级管理员,2025-09-18 15:38:26,2025-09-18 15:38:30
01234,在高振动环境下飞行的无人机，其机械连接应该采用更具弹性的连接方式，以减少振动传递。（）,单选题,结构组成,中等,2,是,正确,错误,,,,,正确,,超级管理员,2025-09-18 15:38:26,2025-09-18 15:38:30
01235,对于一些对密封要求较高的无人机部件连接，如电池仓的连接，采用密封胶条配合适当的机械连接方式是一种合理的做法。（）,单选题,结构组成,中等,2,是,正确,错误,,,,,正确,,超级管理员,2025-09-18 15:38:26,2025-09-18 15:38:30
01236,在无人机机械连接中，当连接不同材质的部件时，需要考虑（ ）。,多选题,结构组成,中等,3,是,两种材料的导电性差异，避免产生电化学腐蚀,材料的硬度差异，防止在连接过程中损坏较软的材料,材料的热传导性差异，对连接部位的温度分布的影响,材料的颜色差异，保证连接后的美观性,材料的可加工性差异，确保连接方式能够顺利实施,,两种材料的导电性差异，避免产生电化学腐蚀;材料的硬度差异，防止在连接过程中损坏较软的材料;材料的热传导性差异，对连接部位的温度分布的影响;材料的可加工性差异，确保连接方式能够顺利实施,,超级管理员,2025-09-18 15:38:26,2025-09-18 15:38:30
01237,对于无人机的折叠结构机械连接，除了保证连接强度外，还需要考虑（ ）。,多选题,结构组成,中等,3,是,折叠的便利性，连接结构不能阻碍折叠动作,折叠后的锁定功能，确保折叠状态的稳定性,多次折叠后的磨损情况，要保证连接部件的耐用性,折叠部位的防水性能，防止水分进入影响连接,连接结构的颜色与无人机整体外观的协调性，保证美观,,折叠的便利性，连接结构不能阻碍折叠动作;折叠后的锁定功能，确保折叠状态的稳定性;多次折叠后的磨损情况，要保证连接部件的耐用性;折叠部位的防水性能，防止水分进入影响连接,,超级管理员,2025-09-18 15:38:26,2025-09-18 15:38:30
01238,在无人机的机械传动系统中，（）材料不适合用于制作传动齿轮。,单选题,结构组成,中等,2,是,铝合金,不锈钢,尼龙,工程塑料,,,尼龙,,超级管理员,2025-09-18 15:38:26,2025-09-18 15:38:30
01239,无人机的传动系统中，为了减少齿轮传动的噪音和磨损，通常会在齿轮上添加（）。,单选题,结构组成,中等,2,是,润滑油,防锈漆,冷却液,绝缘层,,,润滑油,,超级管理员,2025-09-18 15:38:26,2025-09-18 15:38:30
01240,无人机的传动系统中，链条传动相比于齿轮传动的主要优点是（）。,单选题,结构组成,中等,2,是,更大的承载能力,更好的适应性，可以用于长距离传动,更高的传动效率,更好的自润滑性能,,,更好的适应性，可以用于长距离传动,,超级管理员,2025-09-18 15:38:26,2025-09-18 15:38:30
01241,无人机在高速飞行时，为了保持传动系统的稳定性，（）措施是不必要的。,单选题,结构组成,中等,2,是,增加传动部件的数量以分散负载,使用高精度的传动部件,定期检查传动部件的磨损情况,保持传动部件的清洁和润滑,,,增加传动部件的数量以分散负载,,超级管理员,2025-09-18 15:38:26,2025-09-18 15:38:30
01242,无人机的机械传动系统越复杂，其动力传递效率越高。（）,单选题,结构组成,中等,2,是,正确,错误,,,,,错误,,超级管理员,2025-09-18 15:38:26,2025-09-18 15:38:30
01243,在无人机机械传动中，链条传动的精度比齿轮传动的精度高。（）,单选题,结构组成,中等,2,是,正确,错误,,,,,错误,,超级管理员,2025-09-18 15:38:26,2025-09-18 15:38:30
01244,无人机机械传动系统中的弹性元件（如弹性联轴器、弹性挡圈等）的主要作用包括（ ）。,多选题,结构组成,中等,3,是,缓冲和吸收振动，减少动力传递过程中的冲击,补偿安装误差，允许一定范围内的轴向、径向和角度偏差,防止传动部件之间的刚性碰撞，保护精密部件,调整传动系统的刚度，改变动力传递特性,增加传动系统的重量，以提高系统的稳定性,,缓冲和吸收振动，减少动力传递过程中的冲击;补偿安装误差，允许一定范围内的轴向、径向和角度偏差;防止传动部件之间的刚性碰撞，保护精密部件,,超级管理员,2025-09-18 15:38:26,2025-09-18 15:38:30
01245,在无人机机械传动系统的故障诊断中，（）现象可能表明传动部件出现问题。,多选题,结构组成,中等,3,是,异常的振动和噪声，可能是由于部件磨损、不平衡或松动引起,动力传递中断或不稳定，如螺旋桨转速忽高忽低，可能是传动部件损坏或连接不良,发热异常，可能是由于润滑不良、部件摩擦过大或过载,出现异味，可能是由于传动部件过热、润滑剂燃烧或部件损坏产生的气味,外观颜色稍微变深，就一定代表传动部件出现严重故障,,异常的振动和噪声，可能是由于部件磨损、不平衡或松动引起;动力传递中断或不稳定，如螺旋桨转速忽高忽低，可能是传动部件损坏或连接不良;发热异常，可能是由于润滑不良、部件摩擦过大或过载;出现异味，可能是由于传动部件过热、润滑剂燃烧或部件损坏产生的气味,,超级管理员,2025-09-18 15:38:26,2025-09-18 15:38:30
01246,在无人机机械传动系统中，为了提高传动效率，常采用来连接两个轴的方式是（）。,单选题,结构组成,中等,2,是,带传动,链传动,齿轮传动,键传动,,,齿轮传动,,超级管理员,2025-09-18 15:38:26,2025-09-18 15:38:30
01247,在无人机机械传动系统中，为防止过载，通常会安装（）。,单选题,结构组成,中等,2,是,熔断器,制动器,弹簧,安全链,,,熔断器,,超级管理员,2025-09-18 15:38:26,2025-09-18 15:38:30
01248,在大型无人机的机械传动系统中，（）的弹簧通常用于缓冲冲击。,单选题,结构组成,中等,2,是,螺旋弹簧,盘簧,气囊弹簧,膜片弹簧,,,盘簧,,超级管理员,2025-09-18 15:38:26,2025-09-18 15:38:30
01249,在大型无人机的机械传动系统中，（）的轴承最适合承受较大的径向负荷。,单选题,结构组成,中等,2,是,圆锥滚子轴承,深沟球轴承,角接触球轴承,推力轴承,,,圆锥滚子轴承,,超级管理员,2025-09-18 15:38:26,2025-09-18 15:38:30
01250,在无人机的机械传动部件中，增加润滑可以提高传动效率，但会增加重量。（）,单选题,结构组成,中等,2,是,正确,错误,,,,,正确,,超级管理员,2025-09-18 15:38:26,2025-09-18 15:38:30
01251,在设计无人机机械传动系统时，只要考虑动力传递的功能即可，不需要考虑散热问题。（）,单选题,结构组成,中等,2,是,正确,错误,,,,,错误,,超级管理员,2025-09-18 15:38:26,2025-09-18 15:38:30
01252,在无人机机械传动中，齿轮传动的优点包括（ ）。,多选题,结构组成,中等,3,是,传动效率高,传动过程中不会产生振动和噪声,结构紧凑，占用空间相对较小,可以承受较大的负载,能够精确控制传动比，实现转速和扭矩的精准调节,,传动效率高;结构紧凑，占用空间相对较小;可以承受较大的负载;能够精确控制传动比，实现转速和扭矩的精准调节,,超级管理员,2025-09-18 15:38:26,2025-09-18 15:38:30
01253,在无人机机械传动系统的维护中，需要检查的内容包括（ ）。,多选题,结构组成,中等,3,是,传动部件的磨损情况，如齿轮的齿面、轴承的内外圈,传动部件的连接是否松动，如螺丝是否紧固,润滑情况，是否需要补充或更换润滑剂,传动部件的精度是否下降，如齿轮的啮合间隙是否变大,传动部件的颜色是否发生变化，颜色变化代表部件损坏,,传动部件的磨损情况，如齿轮的齿面、轴承的内外圈;传动部件的连接是否松动，如螺丝是否紧固;润滑情况，是否需要补充或更换润滑剂;传动部件的精度是否下降，如齿轮的啮合间隙是否变大,,超级管理员,2025-09-18 15:38:26,2025-09-18 15:38:30
01254,碳纤维复合材料的主要特点不包括（）。,单选题,结构组成,中等,2,是,高强度,高韧性,轻质,耐腐蚀,,,高韧性,,超级管理员,2025-09-18 15:38:26,2025-09-18 15:38:30
01255,碳纤维复合材料与其他传统材料相比，最大的缺点是（）。,单选题,结构组成,中等,2,是,生产工艺复杂成本高,易燃易爆,易变形寿命短,化学稳定性差,,,生产工艺复杂成本高,,超级管理员,2025-09-18 15:38:26,2025-09-18 15:38:30
01256,碳纤维复合材料在无人机领域的应用主要是因为其（）的特点。,单选题,结构组成,中等,2,是,低成本,易于加工,高比强度和比刚度,良好的导电性,,,高比强度和比刚度,,超级管理员,2025-09-18 15:38:26,2025-09-18 15:38:30
01257,碳纤维复合材料的一个主要缺点是（）。,单选题,结构组成,中等,2,是,成本较高,不易加工,易受湿气影响,导热性能好,,,成本较高,,超级管理员,2025-09-18 15:38:26,2025-09-18 15:38:30
01258,碳纤维复合材料是一种良好的导电材料，因为碳纤维本身具有导电性。（）,单选题,结构组成,中等,2,是,正确,错误,,,,,正确,,超级管理员,2025-09-18 15:38:26,2025-09-18 15:38:30
01259,碳纤维复合材料的韧性和碳纤维的韧性一样好，在受到撞击时不会断裂。（）,单选题,结构组成,中等,2,是,正确,错误,,,,,错误,,超级管理员,2025-09-18 15:38:26,2025-09-18 15:38:30
01260,碳纤维复合材料的耐化学性能体现在（ ）。,多选题,结构组成,中等,3,是,对大多数有机溶剂具有良好的耐受性,在酸性环境下，比金属材料更耐腐蚀,对于一些强氧化性物质，能保持较好的稳定性,在碱性环境中的耐腐蚀性取决于基体材料的性质,在高温的盐溶液中，其耐腐蚀性与金属材料相同,,对大多数有机溶剂具有良好的耐受性;在酸性环境下，比金属材料更耐腐蚀;在碱性环境中的耐腐蚀性取决于基体材料的性质,,超级管理员,2025-09-18 15:38:26,2025-09-18 15:38:30
01261,碳纤维复合材料的环境适应性的描述，正确的是（ ）,多选题,结构组成,中等,3,是,在高湿度环境下，其性能可能会受到影响，如吸湿后强度下降,在沙尘环境中，其表面耐磨性能好，不会出现磨损,在紫外线长期照射下，可能会出现表面老化现象,在低温环境下，其韧性会增加，有利于承受冲击,在高温环境下，其性能保持相对稳定，但超过一定温度后性能会下降,,在高湿度环境下，其性能可能会受到影响，如吸湿后强度下降;在紫外线长期照射下，可能会出现表面老化现象;在高温环境下，其性能保持相对稳定，但超过一定温度后性能会下降,,超级管理员,2025-09-18 15:38:26,2025-09-18 15:38:30
01262,木质材料通常具有（）显著的物理性质。,单选题,结构组成,中等,2,是,高导电性,高密度与低导热性,优良的透明性,较低的密度和良好的隔热性,,,较低的密度和良好的隔热性,,超级管理员,2025-09-18 15:38:26,2025-09-18 15:38:30
01263,在力学性能方面，木质材料的一个显著优势是（）。,单选题,结构组成,中等,2,是,极高的抗压强度,较差的抗弯强度,优秀的抗拉强度与一定的韧性,极易破碎,,,优秀的抗拉强度与一定的韧性,,超级管理员,2025-09-18 15:38:26,2025-09-18 15:38:30
01264,木质材料因（）常被用于提升产品的美观性。,单选题,结构组成,中等,2,是,鲜艳的颜色和光泽,独特的纹理和色泽,平滑的表面触感,强烈的反光效果,,,独特的纹理和色泽,,超级管理员,2025-09-18 15:38:26,2025-09-18 15:38:30
01265,木质材料的吸湿性对其有影响的是（）。,单选题,结构组成,中等,2,是,吸水后强度显著增加,几乎不吸水，对性能无影响,吸水后易导致尺寸变化和性能下降,吸水性能取决于表面处理,,,吸水后易导致尺寸变化和性能下降,,超级管理员,2025-09-18 15:38:26,2025-09-18 15:38:30
01266,木质材料的吸湿性是因为木材会和水发生化学反应，吸收水分。（）,单选题,结构组成,中等,2,是,正确,错误,,,,,错误,,超级管理员,2025-09-18 15:38:26,2025-09-18 15:38:30
01267,木材的细胞结构使其具有一定的吸声性能，可用于减少室内回声。（）,单选题,结构组成,中等,2,是,正确,错误,,,,,正确,,超级管理员,2025-09-18 15:38:26,2025-09-18 15:38:30
01268,可以提高木质材料的耐久性方法有（）。,多选题,结构组成,中等,3,是,防腐处理，如用防腐剂浸渍木材,表面涂漆，形成保护膜，阻止水分和空气进入,干燥处理，将木材含水率控制在合适范围,增加木材的湿度，使其处于高湿度环境,碳化处理，改变木材的化学结构,,防腐处理，如用防腐剂浸渍木材;表面涂漆，形成保护膜，阻止水分和空气进入;干燥处理，将木材含水率控制在合适范围;碳化处理，改变木材的化学结构,,超级管理员,2025-09-18 15:38:26,2025-09-18 15:38:30
01269,关于木材密度的描述，正确的有（）。,多选题,结构组成,中等,3,是,木材密度与木材的重量和体积有关，密度 = 质量 / 体积,密度大的木材通常强度较高，但不是绝对的,木材密度可以通过改变木材的含水率来调整,不同种类木材密度差异较大，可用于鉴别木材种类,木材密度只与木材细胞的大小有关，与细胞壁厚度无关,,木材密度与木材的重量和体积有关，密度 = 质量 / 体积;密度大的木材通常强度较高，但不是绝对的;不同种类木材密度差异较大，可用于鉴别木材种类,,超级管理员,2025-09-18 15:38:26,2025-09-18 15:38:30
01270,塑料在制造过程中通常需要添加的物质是（）。,单选题,结构组成,中等,2,是,稳定剂,颜料,填充剂,润滑剂,,,颜料,,超级管理员,2025-09-18 15:38:26,2025-09-18 15:38:30
01271,塑料的主要缺点是（）。,单选题,结构组成,中等,2,是,易变形,不易降解,易老化,易燃易爆,,,不易降解,,超级管理员,2025-09-18 15:38:26,2025-09-18 15:38:30
01272,塑料相比金属材料的一大优势是（）。,单选题,结构组成,中等,2,是,更高的熔点,更强的抗拉强度,更轻的重量,更好的导电性,,,更轻的重量,,超级管理员,2025-09-18 15:38:26,2025-09-18 15:38:30
01273,塑料在无人机制造中最常见的应用是（）。,单选题,结构组成,中等,2,是,结构框架,电路连接器,电机,螺旋桨叶片,,,螺旋桨叶片,,超级管理员,2025-09-18 15:38:26,2025-09-18 15:38:30
01274,注塑成型的无人机塑料零件，其尺寸精度完全由模具决定，与塑料材料本身特性无关。（）,单选题,结构组成,中等,2,是,正确,错误,,,,,错误,,超级管理员,2025-09-18 15:38:26,2025-09-18 15:38:30
01275,用于无人机螺旋桨的塑料材料，其硬度越高越好，这样能保证螺旋桨的效率。（）,单选题,结构组成,中等,2,是,正确,错误,,,,,错误,,超级管理员,2025-09-18 15:38:26,2025-09-18 15:38:30
01276,无人机的塑料螺旋桨需要具备（）特性。,多选题,结构组成,中等,3,是,较高的强度 和重量比，以保证在旋转时的稳定性和效率,良好的耐疲劳性，能够承受长时间的旋转应力,合适的柔韧性，减少因振动而断裂的风险,较低的吸水性，防止因吸水导致性能下降,较高的热膨胀系数，能适应不同温度环境下的尺寸变化,,较高的强度 和重量比，以保证在旋转时的稳定性和效率;良好的耐疲劳性，能够承受长时间的旋转应力;合适的柔韧性，减少因振动而断裂的风险;较低的吸水性，防止因吸水导致性能下降,,超级管理员,2025-09-18 15:38:26,2025-09-18 15:38:31
01277,对于无人机的塑料连接部件（如螺丝、卡扣等），需要考虑的特性有（）。,多选题,结构组成,中等,3,是,足够的强度，确保连接的可靠性,良好的耐化学性，防止被化学物质腐蚀而损坏,合适的透明度，方便观察内部结构,与相连部件材料的兼容性，避免出现不相容问题,尺寸稳定性，在不同环境条件下能保持精确的尺寸，保障连接精度,,足够的强度，确保连接的可靠性;良好的耐化学性，防止被化学物质腐蚀而损坏;与相连部件材料的兼容性，避免出现不相容问题;尺寸稳定性，在不同环境条件下能保持精确的尺寸，保障连接精度,,超级管理员,2025-09-18 15:38:26,2025-09-18 15:38:31
01278,玻璃纤维材料因其（）广泛应用于高温环境。,单选题,结构组成,中等,2,是,良好的导电性,高耐热性,易燃性,高吸湿性,,,高耐热性,,超级管理员,2025-09-18 15:38:26,2025-09-18 15:38:31
01279,玻璃纤维材料相比金属材料，在（）下更具优势。,单选题,结构组成,中等,2,是,强磁场环境,导电性能要求高的场合,腐蚀性介质环境,高压环境,,,腐蚀性介质环境,,超级管理员,2025-09-18 15:38:26,2025-09-18 15:38:31
01280,玻璃纤维材料常用于增强塑料等复合材料中，主要因（）。,单选题,结构组成,中等,2,是,绝缘性好,机械强度高,重量重,吸湿性高,,,机械强度高,,超级管理员,2025-09-18 15:38:26,2025-09-18 15:38:31
01281,在电气工程中，玻璃纤维材料常被用作（）。,单选题,结构组成,中等,2,是,导电材料,绝缘材料,磁性材料,半导体材料,,,绝缘材料,,超级管理员,2025-09-18 15:38:26,2025-09-18 15:38:31
01282,玻璃纤维在紫外线长时间照射下不会发生性能变化。（）,单选题,结构组成,中等,2,是,正确,错误,,,,,错误,,超级管理员,2025-09-18 15:38:26,2025-09-18 15:38:31
01283,玻璃纤维在断裂前不会发生明显的变形，属于脆性材料。（）,单选题,结构组成,中等,2,是,正确,错误,,,,,正确,,超级管理员,2025-09-18 15:38:26,2025-09-18 15:38:31
01284,玻璃纤维在电气绝缘方面表现出色，这主要得益于它的（）特性。,多选题,结构组成,中等,3,是,低导电性，其电阻率很高,耐湿性好，即使在潮湿环境下也能保持绝缘性能,可以阻止电子的迁移，因为其内部结构紧密,耐高温，在一定高温范围内不会失去绝缘性能,化学稳定性高，在复杂化学环境中不会被腐蚀而影响绝缘性能,,低导电性，其电阻率很高;可以阻止电子的迁移，因为其内部结构紧密;耐高温，在一定高温范围内不会失去绝缘性能;化学稳定性高，在复杂化学环境中不会被腐蚀而影响绝缘性能,,超级管理员,2025-09-18 15:38:26,2025-09-18 15:38:31
01285,玻璃纤维在复合材料中的应用广泛，主要是因为它能为复合材料带来（ ）。,多选题,结构组成,中等,3,是,增强的机械性能，提高复合材料的强度和模量,改善的耐疲劳性能，延长复合材料的使用寿命,更好的尺寸稳定性，减少复合材料在温度和湿度变化时的变形,增强的抗老化性能，降低复合材料受外界环境影响而老化的速度,增加的导热性能，使复合材料能够快速散热,,增强的机械性能，提高复合材料的强度和模量;改善的耐疲劳性能，延长复合材料的使用寿命;更好的尺寸稳定性，减少复合材料在温度和湿度变化时的变形,,超级管理员,2025-09-18 15:38:26,2025-09-18 15:38:31
01286,使用螺丝刀时，（）握持方式是不正确的。,单选题,结构组成,中等,2,是,用手掌握住螺丝刀的手柄,用拇指和食指捏住螺丝刀的刀柄,用指尖轻触螺丝刀的刀柄,用整个手掌握住螺丝刀的手柄，手指环绕手柄,,,用指尖轻触螺丝刀的刀柄,,超级管理员,2025-09-18 15:38:26,2025-09-18 15:38:31
01287,当螺丝刀的刀头磨损或损坏时，（）做法是正确的。,单选题,结构组成,中等,2,是,更换新的螺丝刀,使用钳子强行拧动螺丝,用锉刀自行修磨刀头,继续使用，直到完全不能用为止,,,更换新的螺丝刀,,超级管理员,2025-09-18 15:38:26,2025-09-18 15:38:31
01288,使用螺丝刀拧紧螺丝时，（）力是不应该施加的。,单选题,结构组成,中等,2,是,侧向力,旋转力,轴向压力,轴向拉力,,,侧向力,,超级管理员,2025-09-18 15:38:26,2025-09-18 15:38:31
01289,当螺丝刀无法拧动紧固的螺丝时，（）做法是正确的。,单选题,结构组成,中等,2,是,使用合适的润滑油或松动剂，然后轻轻拧动,使用螺丝刀的刀头作为撬棍,使用螺丝刀的刀柄敲击螺丝,用更大的力气强行拧动,,,使用合适的润滑油或松动剂，然后轻轻拧动,,超级管理员,2025-09-18 15:38:26,2025-09-18 15:38:31
01290,可以使用螺丝刀拆卸无人机螺旋桨上的螺丝来更换不同尺寸的螺旋桨，而无需考虑其他因素。 ( ),单选题,结构组成,中等,2,是,正确,错误,,,,,错误,,超级管理员,2025-09-18 15:38:26,2025-09-18 15:38:31
01291,在调整无人机相机支架螺丝时，不需要对螺丝刀进行任何清洁处理，直接使用即可。 ( ),单选题,结构组成,中等,2,是,正确,错误,,,,,错误,,超级管理员,2025-09-18 15:38:26,2025-09-18 15:38:31
01292,（）可能需要使用螺丝刀来维护无人机。,多选题,结构组成,中等,3,是,更换螺旋桨,清洁电机,安装飞行控制器,检查电池连接线,擦拭无人机表面,,更换螺旋桨;清洁电机,,超级管理员,2025-09-18 15:38:26,2025-09-18 15:38:31
01293,在使用螺丝刀对无人机进行维修时，为了防止静电损坏电子元件，正确的做法是（ ）。,多选题,结构组成,中等,3,是,使用防静电螺丝刀,佩戴防静电手环,将无人机接地,用湿布擦拭螺丝刀,在防静电工作台上进行操作,,使用防静电螺丝刀;佩戴防静电手环;将无人机接地;在防静电工作台上进行操作,,超级管理员,2025-09-18 15:38:26,2025-09-18 15:38:31
01294,铝合金在常温下的塑性变形能力较差，因此主要用于制造（）。,单选题,结构组成,中等,2,是,压力容器,飞机零件,箱包外壳,建筑门窗,,,建筑门窗,,超级管理员,2025-09-18 15:38:26,2025-09-18 15:38:31
01295,适合用于制作厨房用具的铝合金是（）。,单选题,结构组成,中等,2,是,铝-镁合金,铝-铜合金,铝-硅合金,铝-锌合金,,,铝-锌合金,,超级管理员,2025-09-18 15:38:26,2025-09-18 15:38:31
01296,铝合金在无人机制造中的主要优点是（）。,单选题,结构组成,中等,2,是,高强度,重量大,硬度高,维护成本低,,,高强度,,超级管理员,2025-09-18 15:38:26,2025-09-18 15:38:31
01297,铝合金在无人机制造中主要用于（）。,单选题,结构组成,中等,2,是,机身框架,发动机,电子设备,传感器,,,机身框架,,超级管理员,2025-09-18 15:38:26,2025-09-18 15:38:31
01298,铝合金的弹性模量比塑料高。 ( ),单选题,结构组成,中等,2,是,正确,错误,,,,,正确,,超级管理员,2025-09-18 15:38:26,2025-09-18 15:38:31
01299,无人机使用铝合金材料主要是因为其密度大，可以增加无人机的稳定性。 ( ),单选题,结构组成,中等,2,是,正确,错误,,,,,错误,,超级管理员,2025-09-18 15:38:26,2025-09-18 15:38:31
01300,铝合金在无人机中应用的主要优势有（）。,多选题,结构组成,中等,3,是,轻质，能够减轻无人机整体重量,高强度，提供必要的结构支撑,良好的电导性，适合电路传输,良好的耐腐蚀性，适应多变环境,易于加工，制造成本低,,轻质，能够减轻无人机整体重量;高强度，提供必要的结构支撑;良好的耐腐蚀性，适应多变环境,,超级管理员,2025-09-18 15:38:26,2025-09-18 15:38:31
01301,铝合金的（）特性使其成为无人机外壳和机架的理想材料。,多选题,结构组成,中等,3,是,易于加工成型,较高的熔点，耐高温性能好,高抗拉强度,良好的抗氧化能力,良好的耐腐蚀性能,,易于加工成型;高抗拉强度;良好的抗氧化能力,,超级管理员,2025-09-18 15:38:26,2025-09-18 15:38:31
01302,无人机机体结构中，（）部件不直接参与飞行动力的产生。,单选题,结构组成,中等,2,是,电机,螺旋桨,电池,机架,,,机架,,超级管理员,2025-09-18 15:38:26,2025-09-18 15:38:31
01303,在多旋翼无人机中，用于保持无人机稳定的部件是（）。,单选题,结构组成,中等,2,是,电机,电池,遥控器,飞控系统,,,飞控系统,,超级管理员,2025-09-18 15:38:26,2025-09-18 15:38:31
01304,在无人机机体结构中，用于传输飞控系统指令的部件是（）。,单选题,结构组成,中等,2,是,电调,GPS模块,电机,遥控器,,,电调,,超级管理员,2025-09-18 15:38:26,2025-09-18 15:38:31
01305,无人机机体结构中，用于接收和发送无线信号的部件是（）。,单选题,结构组成,中等,2,是,无线图传模块,遥控器,飞控系统,电机,,,无线图传模块,,超级管理员,2025-09-18 15:38:26,2025-09-18 15:38:31
01306,无人机的机体结构通常由机身、机翼、动力系统、控制系统和传感器等部分组成。,单选题,结构组成,中等,2,是,正确,错误,,,,,正确,,超级管理员,2025-09-18 15:38:26,2025-09-18 15:38:31
01307,无人机的机体结构中，控制系统仅包括飞行控制器，不涉及其他飞行器的控制部件。,单选题,结构组成,中等,2,是,正确,错误,,,,,错误,,超级管理员,2025-09-18 15:38:26,2025-09-18 15:38:31
01308,（）部分通常属于无人机的机体结构。,多选题,结构组成,中等,3,是,机架（框架、支撑结构）,电池,摄像头,动力系统（电机、推进器等）,飞行控制器,,机架（框架、支撑结构）;动力系统（电机、推进器等）,,超级管理员,2025-09-18 15:38:26,2025-09-18 15:38:31
01309,（）是无人机机体结构中可能用到的材料。,多选题,结构组成,中等,3,是,铝合金,碳纤维,塑料,钛合金,玻璃纤维,,铝合金;碳纤维;塑料;钛合金,,超级管理员,2025-09-18 15:38:26,2025-09-18 15:38:31
01310,无人机动力系统中，电机的主要作用是（）。,单选题,结构组成,中等,2,是,提供无人机飞行所需的电力,控制无人机的飞行方向,将电能转化为机械能，驱动螺旋桨旋转,储存无人机所需的能量,,,将电能转化为机械能，驱动螺旋桨旋转,,超级管理员,2025-09-18 15:38:26,2025-09-18 15:38:31
01311,无人机电机的KV值指的是（）。,单选题,结构组成,中等,2,是,电机每伏电压提升带来的每分钟转速的增加量,电机的电压,电机的电流,电机的功率,,,电机每伏电压提升带来的每分钟转速的增加量,,超级管理员,2025-09-18 15:38:26,2025-09-18 15:38:31
01312,无人机电机的电调（电子调速器）的主要作用是（）。,单选题,结构组成,中等,2,是,调节电机的电压,储存电能,转换电能为机械能,根据控制信号调节电动机的转速,,,根据控制信号调节电动机的转速,,超级管理员,2025-09-18 15:38:26,2025-09-18 15:38:31
01313,无人机电机的外壳内直径和高度通常（）表示。,单选题,结构组成,中等,2,是,以毫米为单位，前两位代表直径，后两位代表高度,以英寸为单位，前两位代表直径，后两位代表高度,以毫米为单位，前两位代表高度，后两位代表直径,以英寸为单位，前两位代表高度，后两位代表直径,,,以毫米为单位，前两位代表直径，后两位代表高度,,超级管理员,2025-09-18 15:38:26,2025-09-18 15:38:31
01314,无人机电机的转子部分是负责旋转并驱动螺旋桨产生推力的关键部件。,单选题,结构组成,中等,2,是,正确,错误,,,,,正确,,超级管理员,2025-09-18 15:38:26,2025-09-18 15:38:31
01315,电调（ESC）是无人机电机机械结构的组成部分，它负责直接产生推力。,单选题,结构组成,中等,2,是,正确,错误,,,,,错误,,超级管理员,2025-09-18 15:38:26,2025-09-18 15:38:31
01316,（）部件是无人机电机机械结构的常见组成部分。,多选题,结构组成,中等,3,是,电机壳体,电调（ESC）,电池,转子,推进器,,电机壳体;电调（ESC）;转子;推进器,,超级管理员,2025-09-18 15:38:26,2025-09-18 15:38:31
01317,在无人机的电机机械结构中，（）负责转动和产生推力。,多选题,结构组成,中等,3,是,电调（ESC）,转子,螺旋桨,定子,风扇,,转子;螺旋桨,,超级管理员,2025-09-18 15:38:26,2025-09-18 15:38:31
01318,无人机机械装配中，用于校准和调整设备精度的工具是（）。,单选题,结构组成,中等,2,是,长度规,角度尺,水平仪,坐标测量机,,,坐标测量机,,超级管理员,2025-09-18 15:38:26,2025-09-18 15:38:31
01319,在无人机机械装配中，（）用于测量角度和弧度的工具。,单选题,结构组成,中等,2,是,圆规,弧度尺,半圆规,角度尺,,,弧度尺,,超级管理员,2025-09-18 15:38:26,2025-09-18 15:38:31
01320,在无人机的装配过程中为了高效及方便省力，（）工具被广泛用于拧紧螺丝和螺母。,单选题,结构组成,中等,2,是,手动扳手,气动扳手,电动扳手,焊枪,,,电动扳手,,超级管理员,2025-09-18 15:38:26,2025-09-18 15:38:31
01321,无人机装配完成后，通常使用（）进行最终的质量检查。,单选题,结构组成,中等,2,是,三坐标测量机,微米螺旋测微仪,激光扫描仪,游标卡尺,,,三坐标测量机,,超级管理员,2025-09-18 15:38:26,2025-09-18 15:38:31
01322,在无人机的装配过程中，使用游标卡尺可以精确测量零部件的外径、内径和深度。,单选题,结构组成,中等,2,是,正确,错误,,,,,正确,,超级管理员,2025-09-18 15:38:26,2025-09-18 15:38:31
01323,在无人机装配过程中，扭矩扳手用于测量螺栓的长度。,单选题,结构组成,中等,2,是,正确,错误,,,,,错误,,超级管理员,2025-09-18 15:38:26,2025-09-18 15:38:31
01324,在无人机装配过程中，（）可以用来测量零部件的尺寸和精度。,多选题,结构组成,中等,3,是,游标卡尺,千分尺,扭矩扳手,测深仪,直尺,,游标卡尺;千分尺;测深仪,,超级管理员,2025-09-18 15:38:26,2025-09-18 15:38:31
01325,在无人机装配过程中，（）工具是常见的装配工具，用于组装和固定无人机各个零部件。,多选题,结构组成,中等,3,是,扭矩扳手,螺丝刀,钳子,手动钻孔机,扳手,,扭矩扳手;螺丝刀;钳子;手动钻孔机,,超级管理员,2025-09-18 15:38:26,2025-09-18 15:38:31
01326,当使用扭力扳手拧紧螺栓或螺母时，应该（）。,单选题,结构组成,中等,2,是,快速、大力地拧紧,缓慢、轻柔地拧紧,慢慢用力，直到感觉到阻力,猛烈地用尽全力拧紧,,,慢慢用力，直到感觉到阻力,,超级管理员,2025-09-18 15:38:26,2025-09-18 15:38:31
01327,使用扭力扳手时，预设扭矩值是为（）。,单选题,结构组成,中等,2,是,为了确保螺栓或螺母不会过紧或过松,为了测量螺栓或螺母的大小,为了确定螺栓或螺母的材质,为了计算所需的力量,,,为了确保螺栓或螺母不会过紧或过松,,超级管理员,2025-09-18 15:38:26,2025-09-18 15:38:31
01328,在使用扭力扳手时，应该先调整到（）。,单选题,结构组成,中等,2,是,最小扭矩值,中间扭矩值,预期扭矩值,最大扭矩值,,,最大扭矩值,,超级管理员,2025-09-18 15:38:26,2025-09-18 15:38:31
01329,当扭力扳手发出“click”声时代表（）。,单选题,结构组成,中等,2,是,已达到预设扭矩值,需要继续施加力量,扭矩值过低,扭矩值过高,,,已达到预设扭矩值,,超级管理员,2025-09-18 15:38:26,2025-09-18 15:38:31
01330,在使用扭矩扳手时，应尽量用力快速施加，以确保扭矩值准确。,单选题,结构组成,中等,2,是,正确,错误,,,,,错误,,超级管理员,2025-09-18 15:38:26,2025-09-18 15:38:31
01331,使用扭矩扳手时，设置的扭矩值应该根据制造商的推荐值来调整。,单选题,结构组成,中等,2,是,正确,错误,,,,,正确,,超级管理员,2025-09-18 15:38:26,2025-09-18 15:38:31
01332,在使用扭矩扳手时操作正确的是（）。,多选题,结构组成,中等,3,是,使用前先调节扭矩扳手的设定值，以确保紧固力矩符合要求,用力过猛，不要等到扭矩扳手发出“咔哒”声才停止施力,使用扭矩扳手时，手应放在柄部中心位置,扭矩扳手只需进行单向操作，不可逆转,在施加扭矩时，保持扭矩扳手和被紧固物件之间的垂直状态,,使用前先调节扭矩扳手的设定值，以确保紧固力矩符合要求;使用扭矩扳手时，手应放在柄部中心位置;在施加扭矩时，保持扭矩扳手和被紧固物件之间的垂直状态,,超级管理员,2025-09-18 15:38:26,2025-09-18 15:38:31
01333,在使用扭矩扳手进行无人机装配时，操作步骤正确的是（）。,多选题,结构组成,中等,3,是,在开始施加扭矩之前，确保螺纹清洁并涂抹润滑剂,扭矩扳手应该用作日常的常规工具进行每一次的紧固操作,扭矩设置应该根据制造商的推荐值调整,扭矩扳手用完后，应立即重置为零,执行每次紧固前，检查扭矩扳手的准确性并进行校准,,在开始施加扭矩之前，确保螺纹清洁并涂抹润滑剂;扭矩设置应该根据制造商的推荐值调整;扭矩扳手用完后，应立即重置为零,,超级管理员,2025-09-18 15:38:26,2025-09-18 15:38:31
01334,在使用万用表之前，首先应进行（）操作。,单选题,结构组成,中等,2,是,直接测量,插入电池,选择合适的量程档位,关机,,,选择合适的量程档位,,超级管理员,2025-09-18 15:38:26,2025-09-18 15:38:31
01335,为了确保测量准确，使用万用表前应检查的项目有（）。,单选题,结构组成,中等,2,是,电池电量是否充足,直接插入被测电路,无需任何准备,仅选择量程档位,,,电池电量是否充足,,超级管理员,2025-09-18 15:38:26,2025-09-18 15:38:31
01336,使用万用表测量直流电压时，选择档位并连接测试笔说法正确的是（）。,单选题,结构组成,中等,2,是,选择交流电压档位，红笔接负极，黑笔接正极,选择直流电压档位，红笔接正极，黑笔接负极,选择电阻档位，测试笔随意连接,选择电流档位，串联接入电路,,,选择直流电压档位，红笔接正极，黑笔接负极,,超级管理员,2025-09-18 15:38:26,2025-09-18 15:38:31
01337,使用万用表测量电阻时，应注意的事项是（）。,单选题,结构组成,中等,2,是,测量前无需断开电源,选择合适的电阻档位，测试笔直接接触电阻两端,选择电流档位，串联接入电路,选择电压档位，并联接入电路,,,选择合适的电阻档位，测试笔直接接触电阻两端,,超级管理员,2025-09-18 15:38:26,2025-09-18 15:38:31
01338,在使用万用表测量无人机电池电压时，应该先将万用表设置为电流（A）档，再连接电池两端的测试探针。,单选题,结构组成,中等,2,是,正确,错误,,,,,错误,,超级管理员,2025-09-18 15:38:26,2025-09-18 15:38:31
01339,使用万用表测量无人机电路中的电阻时，应确保电源已经关闭，以避免损坏万用表或电路。,单选题,结构组成,中等,2,是,正确,错误,,,,,正确,,超级管理员,2025-09-18 15:38:26,2025-09-18 15:38:31
01340,在使用万用表测量无人机电池电压时，操作正确的是（）。,多选题,结构组成,中等,3,是,应将万用表设置为直流电压（DCV）档,应将万用表设置为交流电压（ACV）档,将红色探针连接到电池的正极，黑色探针连接到负极,在测量时万用表需要接入电路，不能脱离电池进行测量,在测量之前，确认万用表的电池电压测量范围是否足够覆盖待测电池的电压,,应将万用表设置为直流电压（DCV）档;将红色探针连接到电池的正极，黑色探针连接到负极;在测量之前，确认万用表的电池电压测量范围是否足够覆盖待测电池的电压,,超级管理员,2025-09-18 15:38:26,2025-09-18 15:38:31
01341,在使用万用表测量无人机电路的电阻时，操作步骤是正确的为（）。,多选题,结构组成,中等,3,是,应确保电路没有通电,应将万用表设置为电流档（A）进行测量,测量前应断开电路中的电源，以避免损坏万用表,应将万用表设置为电阻档（Ω）进行测量,在测量电阻前，确认万用表的测量范围是否足够覆盖待测电阻的值,,应确保电路没有通电;测量前应断开电路中的电源，以避免损坏万用表;应将万用表设置为电阻档（Ω）进行测量,,超级管理员,2025-09-18 15:38:26,2025-09-18 15:38:31
01342,无人机的机械装配中，（）是最常用工具。,单选题,结构组成,中等,2,是,刷子,螺丝刀,锤子,热熔枪,,,螺丝刀,,超级管理员,2025-09-18 15:38:26,2025-09-18 15:38:31
01343,在无人机机械装配中，（）是最常见的连接方式。,单选题,结构组成,中等,2,是,螺纹连接,焊接连接,胶水粘合,电磁吸力连接,,,螺纹连接,,超级管理员,2025-09-18 15:38:26,2025-09-18 15:38:31
01344,在装配多旋翼无人机时，为了确保电机的平衡和对角线上的电机转动方向相反，应采取的措施是（）。,单选题,结构组成,中等,2,是,安装电机后，依靠飞控软件调整,仅依靠电机的外观来安装,使用标记或颜色编码来区分电机,仅依靠电机的型号来安装,,,使用标记或颜色编码来区分电机,,超级管理员,2025-09-18 15:38:26,2025-09-18 15:38:31
01345,在无人机机械装配中，正确选择螺丝长度的方法是（）。,单选题,结构组成,中等,2,是,螺丝长度不重要，只要能拧紧即可,选择长度适中的螺丝以确保紧固,选择尽可能短的螺丝以便于安装,选择尽可能长的螺丝以确保牢固,,,选择长度适中的螺丝以确保紧固,,超级管理员,2025-09-18 15:38:26,2025-09-18 15:38:31
01346,在无人机机械装配时，所有螺钉都应紧固到位，但要避免过度拧紧，以免损坏框架或电机固定座。,单选题,结构组成,中等,2,是,正确,错误,,,,,正确,,超级管理员,2025-09-18 15:38:26,2025-09-18 15:38:31
01347,在装配无人机时，电池和电调连接时无需特别注意电池的极性，随便连接即可。,单选题,结构组成,中等,2,是,正确,错误,,,,,错误,,超级管理员,2025-09-18 15:38:26,2025-09-18 15:38:31
01348,在进行无人机机械装配时，操作正确的是（）。,多选题,结构组成,中等,3,是,确保所有螺钉和螺母已经紧固到位,装配时不需要检查电池仓的连接,安装电机时应确保电机和螺旋桨的方向一致,可以直接用手拧紧所有螺丝，而不需要使用扭力扳手,在装配前，检查所有连接和零部件是否正确匹配并符合规范,,确保所有螺钉和螺母已经紧固到位;安装电机时应确保电机和螺旋桨的方向一致;在装配前，检查所有连接和零部件是否正确匹配并符合规范,,超级管理员,2025-09-18 15:38:26,2025-09-18 15:38:31
01349,在无人机的机械装配过程中，步骤必需的是（）。,多选题,结构组成,中等,3,是,检查所有连接线是否牢固，并避免线缆被压住,使用适当的润滑剂来减少电机的摩擦,确保框架和机身的对接面清洁，无异物,将电池和电调连接时无需考虑极性问题,在安装和连接电子部件时，避免静电干扰,,检查所有连接线是否牢固，并避免线缆被压住;确保框架和机身的对接面清洁，无异物;使用适当的润滑剂来减少电机的摩擦,,超级管理员,2025-09-18 15:38:26,2025-09-18 15:38:31
01350,无人机装配场地应保持良好通风，其主要目的是（ ）。,单选题,结构组成,中等,2,是,降低室内温度，提高装配舒适度,防止装配人员缺氧,排除焊接、胶接等过程产生的有害气体,让零件干燥，便于装配,,,排除焊接、胶接等过程产生的有害气体,,超级管理员,2025-09-18 15:38:26,2025-09-18 15:38:31
01351,无人机机械装配区域应保持（）的环境条件以确保安全。,单选题,结构组成,中等,2,是,杂乱无章以显示工作的繁忙,干燥且通风良好,高温高湿以测试设备耐受性,充满强烈化学气味以提高警觉性,,,干燥且通风良好,,超级管理员,2025-09-18 15:38:26,2025-09-18 15:38:31
01352,在装配有电池的无人机部件时，为避免短路起火，最重要的是（ ）。,单选题,结构组成,中等,2,是,快速完成装配，减少电池暴露时间,装配前确保双手干燥,使用绝缘工具操作,边装配边用风扇给电池降温,,,使用绝缘工具操作,,超级管理员,2025-09-18 15:38:26,2025-09-18 15:38:31
01353,在无人机机械装配过程中，使用个人防护装备的主要目的是（）。,单选题,结构组成,中等,2,是,提高装配效率,保护操作人员免受伤害,降低生产成本,增加设备美观度,,,保护操作人员免受伤害,,超级管理员,2025-09-18 15:38:26,2025-09-18 15:38:31
01354,在进行无人机机械装配时，操作人员应该佩戴安全防护眼镜和手套，以防止螺钉或其他小零件飞溅伤人。,单选题,结构组成,中等,2,是,正确,错误,,,,,正确,,超级管理员,2025-09-18 15:38:26,2025-09-18 15:38:31
01355,在进行无人机电机和螺旋桨的安装时，应确保电机没有通电，以避免意外启动造成伤害。,单选题,结构组成,中等,2,是,正确,错误,,,,,正确,,超级管理员,2025-09-18 15:38:26,2025-09-18 15:38:31
01356,无人机装配时，对于工具的正确处理方式包括（）。,多选题,结构组成,中等,3,是,使用后立即归位,随意放置,确保工具状态良好,定期检查工具,定期维护工具,,使用后立即归位;确保工具状态良好;定期检查工具;定期维护工具,,超级管理员,2025-09-18 15:38:26,2025-09-18 15:38:31
01357,无人机机械装配场地的安全管理措施包括（ ）。,多选题,结构组成,中等,3,是,划分不同功能区域，如装配区、检测区、物料存放区,张贴明显的安全警示标识,配备急救箱（不考虑消防）,定期对场地设备进行维护保养,限制非装配人员进入,,划分不同功能区域，如装配区、检测区、物料存放区;张贴明显的安全警示标识;定期对场地设备进行维护保养;限制非装配人员进入,,超级管理员,2025-09-18 15:38:26,2025-09-18 15:38:31
01358,（）是电阻的单位。,单选题,控制算法,中等,2,是,Ohm (欧姆),Volt (伏特),Ampere (安培),Watt (瓦特),,,Ohm (欧姆),,超级管理员,2025-09-18 15:38:26,2025-09-18 15:38:32
01359,（）是在电子电路中用来控制电流的流动的元件。,单选题,控制算法,中等,2,是,Resistor (电阻器),Capacitor (电容器),Transistor (晶体管),Inductor (电感器),,,Transistor (晶体管),,超级管理员,2025-09-18 15:38:26,2025-09-18 15:38:32
01360,电容器的作用是（）。,单选题,控制算法,中等,2,是,储存电荷,控制电流的流动,改变电压,产生电能,,,储存电荷,,超级管理员,2025-09-18 15:38:26,2025-09-18 15:38:32
01361,电子电路中的“导线”通常用来（）。,单选题,控制算法,中等,2,是,控制电流的方向,连接电路组件,产生电能,存储能量,,,连接电路组件,,超级管理员,2025-09-18 15:38:26,2025-09-18 15:38:32
01362,在无人机电子电路中，电流的单位是伏特（V）。,单选题,控制算法,中等,2,是,正确,错误,,,,,错误,,超级管理员,2025-09-18 15:38:26,2025-09-18 15:38:32
01363,无人机电路中的电阻可以通过欧姆定律（V = IR）来计算，其中V表示电压，I表示电流，R表示电阻。,单选题,控制算法,中等,2,是,正确,错误,,,,,正确,,超级管理员,2025-09-18 15:38:26,2025-09-18 15:38:32
01364,关于电路中电流和电压的说法，正确的是（）。,多选题,控制算法,中等,3,是,电流是电子在电路中的流动，单位为安培（A）,电压是电子的电位差，单位为伏特（V）,电流的方向是正电荷流动的方向,电压是电子流动的速度,电流和电压在电路中是完全独立的，不会相互影响,,电流是电子在电路中的流动，单位为安培（A）;电压是电子的电位差，单位为伏特（V）,,超级管理员,2025-09-18 15:38:26,2025-09-18 15:38:32
01365,关于无人机电子电路的描述，正确的是（）。,多选题,控制算法,中等,3,是,控制器（Flight Controller）负责处理飞行数据和控制信号,电池是无人机电路中提供电力的主要来源,电机是负责提供飞行动力的关键组件,GPS模块用于发送和接收通信信号,无人机电子电路仅用于电池充电管理,,控制器（Flight Controller）负责处理飞行数据和控制信号;电池是无人机电路中提供电力的主要来源,,超级管理员,2025-09-18 15:38:26,2025-09-18 15:38:32
01366,交流电的频率赫兹通常是（）。,单选题,控制算法,中等,2,是,50Hz,60Hz,70Hz,80Hz,,,50Hz,,超级管理员,2025-09-18 15:38:26,2025-09-18 15:38:32
01367,（）描述了交流电的优点。,单选题,控制算法,中等,2,是,长距离传输时能量损失小,安全性高,使用方便,维护成本低,,,长距离传输时能量损失小,,超级管理员,2025-09-18 15:38:26,2025-09-18 15:38:32
01368,交流电的频率在不同国家和地区通常是（）。,单选题,控制算法,中等,2,是,50 Hz 或 60 Hz,100 Hz 或 120 Hz,200 Hz 或 240 Hz,固定为 50 Hz,,,50 Hz 或 60 Hz,,超级管理员,2025-09-18 15:38:26,2025-09-18 15:38:32
01369,直流电和交流电的主要区别是（）。,单选题,控制算法,中等,2,是,直流电的电流方向不变，交流电的电流方向周期性改变,交流电的电流方向不变，直流电的电流方向周期性改变,直流电的电压不变，交流电的电压变化,交流电的频率高于直流电,,,直流电的电流方向不变，交流电的电流方向周期性改变,,超级管理员,2025-09-18 15:38:26,2025-09-18 15:38:32
01370,交流电（AC）的电流方向是周期性变化的，因此常用于输电和家庭电力供应。,单选题,控制算法,中等,2,是,正确,错误,,,,,正确,,超级管理员,2025-09-18 15:38:26,2025-09-18 15:38:32
01371,直流电（DC）是指电流方向始终不变的电流类型。,单选题,控制算法,中等,2,是,正确,错误,,,,,正确,,超级管理员,2025-09-18 15:38:26,2025-09-18 15:38:32
01372,关于无人机电力系统中电流类型的描述，正确的是（）。,多选题,控制算法,中等,3,是,交流电是通过电动机驱动无人机飞行的唯一电源,无人机的主电池通常为直流电源,直流电流的方向是恒定的,电池充电时是交流电流,交流电流的方向是恒定的,,无人机的主电池通常为直流电源;直流电流的方向是恒定的,,超级管理员,2025-09-18 15:38:26,2025-09-18 15:38:32
01373,（）中无人机可能使用交流电。,多选题,控制算法,中等,3,是,电机驱动系统,电池充电过程,电动刹车系统,电动伺服系统,动力电池,,电动刹车系统;电动伺服系统,,超级管理员,2025-09-18 15:38:26,2025-09-18 15:38:32
01374,在一段电路中，已知电流为2A，电压为6V，则电阻是（）。,单选题,控制算法,中等,2,是,3Ω,6Ω,9Ω,12Ω,,,3Ω,,超级管理员,2025-09-18 15:38:26,2025-09-18 15:38:32
01375,在一个电源上，已知电压为12V，电阻为4Ω，则电流是（）。,单选题,控制算法,中等,2,是,3A,4A,5A,6A,,,6A,,超级管理员,2025-09-18 15:38:26,2025-09-18 15:38:32
01376,如果电阻保持不变，电压增加，电流会（）。,单选题,控制算法,中等,2,是,增加,减少,不变,取决于具体情况,,,增加,,超级管理员,2025-09-18 15:38:26,2025-09-18 15:38:32
01377,电功率是指（）。,单选题,控制算法,中等,2,是,电流的大小,电压的大小,电流与电压的乘积,电流与时间的乘积,,,电流与电压的乘积,,超级管理员,2025-09-18 15:38:26,2025-09-18 15:38:32
01378,电功率P与电压V和电流I的关系是线性的，即功率P与电流I的平方成正比。,单选题,控制算法,中等,2,是,正确,错误,,,,,正确,,超级管理员,2025-09-18 15:38:26,2025-09-18 15:38:32
01379,在无人机的电路中，如果电阻R保持不变，当电流I增加时，根据欧姆定律，电压V也会增加。,单选题,控制算法,中等,2,是,正确,错误,,,,,正确,,超级管理员,2025-09-18 15:38:26,2025-09-18 15:38:32
01380,关于欧姆定律的描述，正确的是（）。,多选题,控制算法,中等,3,是,欧姆定律表明电阻不变时，电流大小与电压大小成正比,当电阻不变时，电流和电压呈反比关系,欧姆定律适用于所有类型的电路,欧姆定律适用于直流电路和部分交流电路,欧姆定律只适用于金属导体,,欧姆定律表明电阻不变时，电流大小与电压大小成正比;欧姆定律适用于直流电路和部分交流电路,,超级管理员,2025-09-18 15:38:26,2025-09-18 15:38:32
01381,无人机电功率的计算方式正确是（）。,多选题,控制算法,中等,3,是,考虑多个电机时，将每个电机的功率相加得到总电功率,电功率表示单位时间内消耗或产生的能量,无人机飞行时电功率可以为负值,仅依据电池的容量大小来计算,根据无人机飞行的速度和空气阻力来计算,,考虑多个电机时，将每个电机的功率相加得到总电功率;电功率表示单位时间内消耗或产生的能量,,超级管理员,2025-09-18 15:38:26,2025-09-18 15:38:32
01382,电气原理图中，连接线的交点如果没有特殊标记，则意味着(  )。,单选题,控制算法,中等,2,是,导线在此处连接,导线在此处断开,导线在此处有特殊要求,导线在此处有附加元件,,,导线在此处连接,,超级管理员,2025-09-18 15:38:26,2025-09-18 15:38:32
01383,在电气原理图中，“L1、L2、L3”一般表示(  )。,单选题,控制算法,中等,2,是,三相交流电的三个相序,三条不同颜色的导线,三个不同的电气元件,三个不同的电流等级,,,三相交流电的三个相序,,超级管理员,2025-09-18 15:38:26,2025-09-18 15:38:32
01384,在电气原理图中，电路的正极通常用（）符号表示。,单选题,控制算法,中等,2,是,+,-,~,*,,,+,,超级管理员,2025-09-18 15:38:26,2025-09-18 15:38:32
01385,"在电气原理图中，导线的编号“W1, W2, W3”代表了(  )。",单选题,控制算法,中等,2,是,导线颜色,导线长度,导线截面面积,导线的连接顺序,,,导线的连接顺序,,超级管理员,2025-09-18 15:38:26,2025-09-18 15:38:32
01386,在无人机的电气原理图中，如果一个电阻并联于电源电路中，则它的电阻值会直接影响整个电路的总电流。,单选题,控制算法,中等,2,是,正确,错误,,,,,正确,,超级管理员,2025-09-18 15:38:26,2025-09-18 15:38:32
01387,在无人机电路的电气图中，二极管的符号通常是一个三角形指向一条线，表示电流只能单方向流动。,单选题,控制算法,中等,2,是,正确,错误,,,,,正确,,超级管理员,2025-09-18 15:38:26,2025-09-18 15:38:32
01388,在无人机电子电路中，（）元件可能会在控制电路中使用。,多选题,控制算法,中等,3,是,晶体管,微控制器,电感器,陀螺仪,热电偶,,微控制器;陀螺仪,,超级管理员,2025-09-18 15:38:26,2025-09-18 15:38:32
01389,（）通常可以在无人机电气图中找到。,多选题,控制算法,中等,3,是,电池,电机,传感器,蓝牙模块,液压系统,,电池;电机,,超级管理员,2025-09-18 15:38:26,2025-09-18 15:38:32
01390,气压高度计是利用（）原理来测量高度的仪器。,单选题,控制算法,中等,2,是,激光测距,雷达探测,气压变化,立体几何计算,,,气压变化,,超级管理员,2025-09-18 15:38:26,2025-09-18 15:38:32
01391,随着海拔高度的上升，大气压力（）变化，这是气压高度计工作的基础原理之一。,单选题,控制算法,中等,2,是,上升,下降,保持不变,无法确定,,,下降,,超级管理员,2025-09-18 15:38:26,2025-09-18 15:38:32
01392,气压高度计中，（）部件是感应大气静压力的敏感元件。,单选题,控制算法,困难,2,是,机械传动机构,真空膜盒,静压导管,指示部件,,,真空膜盒,,超级管理员,2025-09-18 15:38:26,2025-09-18 15:38:32
01393,气压高度计在（）领域有着广泛的应用。,单选题,控制算法,中等,2,是,医学诊断,农业灌溉,航空飞行,建筑施工,,,航空飞行,,超级管理员,2025-09-18 15:38:26,2025-09-18 15:38:32
01394,气压高度计的读数可以直接与海平面高度对应，但需要根据当前的温度、气压和天气条件进行修正才能准确计算。,单选题,控制算法,中等,2,是,正确,错误,,,,,正确,,超级管理员,2025-09-18 15:38:26,2025-09-18 15:38:32
01395,气压高度计通过测量大气压的变化来确定飞行器的高度，因此其读数会随环境气压的变化而波动。,单选题,控制算法,中等,2,是,正确,错误,,,,,正确,,超级管理员,2025-09-18 15:38:26,2025-09-18 15:38:32
01396,关于无人机气压高度计的描述，正确的是（）。,多选题,控制算法,困难,3,是,气压高度计使用大气压力来计算高度,气压高度计的精度受大气压力变化的影响较大,气压高度计不适用于高空飞行,气压高度计通常用于测量相对高度,气压高度计可以直接测量无人机的海拔高度,,气压高度计使用大气压力来计算高度;气压高度计的精度受大气压力变化的影响较大;气压高度计通常用于测量相对高度,,超级管理员,2025-09-18 15:38:26,2025-09-18 15:38:32
01397,（）因素会影响无人机气压高度计的精度。,多选题,控制算法,中等,3,是,大气压力变化,湿度,温度,风速,电池电量,,大气压力变化;温度,,超级管理员,2025-09-18 15:38:26,2025-09-18 15:38:32
01398,无人机惯性测量单元（IMU）主要用于测量（）参数。,单选题,控制算法,中等,2,是,电磁信号强度,气压变化,物体姿态、角速度和加速度,地面高度,,,物体姿态、角速度和加速度,,超级管理员,2025-09-18 15:38:26,2025-09-18 15:38:32
01399,IMU通过（）主要组件来实现其功能。,单选题,控制算法,中等,2,是,磁力计和超声波传感器,陀螺仪和加速度计,激光雷达和摄像头,气压计和温度传感器,,,陀螺仪和加速度计,,超级管理员,2025-09-18 15:38:26,2025-09-18 15:38:32
01400,在无人机应用中，IMU主要用于（）方面。,单选题,控制算法,中等,2,是,地图绘制与导航,视频拍摄与传输,姿态控制、导航和定位,环境温度监测,,,姿态控制、导航和定位,,超级管理员,2025-09-18 15:38:26,2025-09-18 15:38:32
01401,IMU相比其他定位技术，其显著特点是（）。,单选题,控制算法,中等,2,是,依赖GPS信号,抗干扰能力强，不依赖外界信号,精度随时间累积误差大,无法进行姿态测量,,,抗干扰能力强，不依赖外界信号,,超级管理员,2025-09-18 15:38:26,2025-09-18 15:38:32
01402,惯性测量单元（IMU）通过加速度计、陀螺仪和磁力计的组合来测量无人机的加速度、角速度和航向，但无法直接测量速度和位置。,单选题,控制算法,中等,2,是,正确,错误,,,,,正确,,超级管理员,2025-09-18 15:38:26,2025-09-18 15:38:32
01403,IMU在长时间使用过程中，由于传感器的累积误差（如零偏和噪声），需要定期进行校准，以避免飞行状态误差的显著增加。,单选题,控制算法,中等,2,是,正确,错误,,,,,正确,,超级管理员,2025-09-18 15:38:26,2025-09-18 15:38:32
01404,无人机惯性测量单元（IMU）主要用于（）。,多选题,控制算法,中等,3,是,测量无人机的加速度,测量无人机的磁场强度,测量无人机的角速度,提供航向、俯仰和滚转角度信息,地面温度测,,测量无人机的加速度;测量无人机的角速度;提供航向、俯仰和滚转角度信息,,超级管理员,2025-09-18 15:38:26,2025-09-18 15:38:32
01405,无人机惯性测量单元（IMU）常见的传感器类型有（）。,多选题,控制算法,中等,3,是,加速度计,陀螺仪,磁力计,温度传感器,超声波传感器,,加速度计;陀螺仪;磁力计,,超级管理员,2025-09-18 15:38:26,2025-09-18 15:38:32
01406,无人机电气系统安装中，用于测量电阻的仪器是（）。,单选题,控制算法,中等,2,是,示波器,频率计数器,兆欧表,LCR测量表,,,LCR测量表,,超级管理员,2025-09-18 15:38:26,2025-09-18 15:38:32
01407,在无人机电气系统调试过程中，用于测试电机转向和转速的工具是（）。,单选题,控制算法,中等,2,是,伺服舵机测试仪,振动检测仪,遥控器,兆欧表,,,伺服舵机测试仪,,超级管理员,2025-09-18 15:38:26,2025-09-18 15:38:32
01408,无人机电气系统安装中，用于测量电流的仪器是（）。,单选题,控制算法,中等,2,是,兆欧表,万用表,示波器,LCR测量表,,,万用表,,超级管理员,2025-09-18 15:38:26,2025-09-18 15:38:32
01409,无人机电气系统安装中，用于测量电路板或电线是否导通的工具是（）。,单选题,控制算法,中等,2,是,电压表,万用表,功率计,频率计,,,万用表,,超级管理员,2025-09-18 15:38:26,2025-09-18 15:38:32
01410,电压表和电流表的接入方式不同：电压表通常串联在电路中，而电流表则应并联接入电路。,单选题,控制算法,中等,2,是,正确,错误,,,,,错误,,超级管理员,2025-09-18 15:38:26,2025-09-18 15:38:32
01411,在无人机电器系统的安装过程中，使用示波器可以实时观察电路中的电压波形，以便检查信号的质量和干扰情况。,单选题,控制算法,中等,2,是,正确,错误,,,,,正确,,超级管理员,2025-09-18 15:38:26,2025-09-18 15:38:32
01412,在无人机电气系统安装过程中，（）工具通常用于电气连接和维修。,多选题,控制算法,中等,3,是,电烙铁,剥线钳,电流表,扭力扳手,锯条,,电烙铁;剥线钳;扭力扳手,,超级管理员,2025-09-18 15:38:26,2025-09-18 15:38:32
01413,进行无人机电气系统调试时，必需的仪器仪表有（）。,多选题,控制算法,中等,3,是,万用表,示波器,电压表,电流钳,手动螺丝刀,,万用表;示波器;电压表;电流钳,,超级管理员,2025-09-18 15:38:26,2025-09-18 15:38:32
01414,无人机电气系统一般包括（）三个部分。,单选题,控制算法,中等,2,是,电源、电缆、接插件,电缆、供电系统、用电设备,电池、电机、电调,电源、配电系统、用电设备,,,电源、配电系统、用电设备,,超级管理员,2025-09-18 15:38:26,2025-09-18 15:38:32
01415,无人机电气系统中，电调（电子调速器）的主要功能是（）。,单选题,控制算法,中等,2,是,控制电机转速,存储飞行数据,测量电池电压,传输控制信号,,,控制电机转速,,超级管理员,2025-09-18 15:38:26,2025-09-18 15:38:32
01416,无人机电气系统中，（）部件不直接参与电能的传输。,单选题,控制算法,中等,2,是,电缆,电机,电池,电调,,,电机,,超级管理员,2025-09-18 15:38:26,2025-09-18 15:38:32
01417,无人机电气系统中，用电设备通常指的是（）设备。,单选题,控制算法,中等,2,是,电池和电机,电调和电缆,飞控系统和传感器,螺旋桨和机架,,,飞控系统和传感器,,超级管理员,2025-09-18 15:38:26,2025-09-18 15:38:32
01418,无人机电器系统中的电缆通常使用铜线或铝线，而在高频信号传输中，更倾向于使用具有较低介电常数的材料来降低信号衰减。,单选题,控制算法,中等,2,是,正确,错误,,,,,正确,,超级管理员,2025-09-18 15:38:26,2025-09-18 15:38:32
01419,在无人机电器系统中，使用镀金连接器可以提高电接触的可靠性，因为镀金层具有良好的导电性和抗腐蚀性。,单选题,控制算法,中等,2,是,正确,错误,,,,,正确,,超级管理员,2025-09-18 15:38:26,2025-09-18 15:38:32
01420,在无人机电气系统中，（）材料通常用于电气线路的绝缘处理。,多选题,控制算法,中等,3,是,聚氯乙烯（PVC）,聚四氟乙烯（PTFE）,聚氨酯（PU）,聚酯（PET）,铝塑复合材料,,聚氯乙烯（PVC）;聚四氟乙烯（PTFE）;聚氨酯（PU）,,超级管理员,2025-09-18 15:38:26,2025-09-18 15:38:32
01421,无人机电气系统中的连接器和电缆通常使用（）材料以确保轻便和高强度。,多选题,控制算法,中等,3,是,铝合金,铜合金,钛合金,不锈钢,低碳钢,,铝合金;铜合金;钛合金,,超级管理员,2025-09-18 15:38:26,2025-09-18 15:38:32
01422,在无人机电气安装过程中，对于重要的部件或线路，通常需要进行的保护措施是（）。,单选题,控制算法,中等,2,是,涂漆,隔离,屏蔽,封装,,,封装,,超级管理员,2025-09-18 15:38:26,2025-09-18 15:38:32
01423,无人机电气安装时，保证电气系统的稳定性与安全性的做法是（）。,单选题,控制算法,中等,2,是,合理布局、选择合适的元器件并确保电气系统接地良好,尽可能多的使用电容和电感进行滤波处理,使用高功率电源供电,在无人区域进行试验,,,合理布局、选择合适的元器件并确保电气系统接地良好,,超级管理员,2025-09-18 15:38:26,2025-09-18 15:38:32
01424,在无人机电气安装过程中，（）对于确保系统的可靠性至关重要。,单选题,控制算法,中等,2,是,使用尽可能多的电缆连接,高质量的接线端子和插头,电缆的颜色编码,电缆的长度,,,高质量的接线端子和插头,,超级管理员,2025-09-18 15:38:26,2025-09-18 15:38:32
01425,为了减少电磁干扰，无人机的电气布线应该（）。,单选题,控制算法,中等,2,是,尽可能密集地布置所有电缆,使用屏蔽电缆并合理布局,使用非屏蔽电缆,不需要特别注意,,,使用非屏蔽电缆,,超级管理员,2025-09-18 15:38:26,2025-09-18 15:38:32
01426,在无人机电气安装过程中，所有电缆的布线必须避免与高温部件直接接触，同时应使用抗干扰性强的屏蔽电缆，以减少电磁干扰。,单选题,控制算法,中等,2,是,正确,错误,,,,,正确,,超级管理员,2025-09-18 15:38:26,2025-09-18 15:38:32
01427,无人机电气系统安装时，电缆应使用标准接头和插头进行连接，且插头的接触部分不应暴露在外部环境中，以防止水分和灰尘侵入。,单选题,控制算法,中等,2,是,正确,错误,,,,,正确,,超级管理员,2025-09-18 15:38:26,2025-09-18 15:38:32
01428,在无人机电气安装工艺中，确保电气系统正常运行的关键要求有（）。,多选题,控制算法,中等,3,是,所有电气接头必须焊接并加以绝缘,电缆布线应尽量避免锐角弯曲,电气系统必须避免与机械运动部件相干涉,每个模块的电源线路要独立布设，以防互相干扰,使用低质量的电缆和接头,,电缆布线应尽量避免锐角弯曲;电气系统必须避免与机械运动部件相干涉;每个模块的电源线路要独立布设，以防互相干扰,,超级管理员,2025-09-18 15:38:26,2025-09-18 15:38:32
01429,无人机电气安装工艺中，有助于提高电气系统的安全性和稳定性都要求有（）。,多选题,控制算法,中等,3,是,所有电缆和接头应进行防水处理,电气元件应远离热源和高温区域,电线的长度应尽量减少以降低电阻,安装电流和电压保护装置,使用过高功率的电源模块,,所有电缆和接头应进行防水处理;电气元件应远离热源和高温区域;安装电流和电压保护装置,,超级管理员,2025-09-18 15:38:26,2025-09-18 15:38:32
01430,在进行无人机电气安装时，（）措施是确保电源线路安全的关键步骤。,单选题,控制算法,中等,2,是,仅使用标准电源线并随意接线,仔细检查电源线绝缘层是否有破损,直接将电源线焊接到电路板上,忽略电源线布局，以方便安装为主,,,仔细检查电源线绝缘层是否有破损,,超级管理员,2025-09-18 15:38:26,2025-09-18 15:38:32
01431,在安装无人机的电池管理系统时，（）处理电池之间的连接。,单选题,控制算法,中等,2,是,直接用导线将电池串联起来,使用电池管理模块进行连接,使用电烙铁焊接电池,使用插头连接电池,,,使用电池管理模块进行连接,,超级管理员,2025-09-18 15:38:26,2025-09-18 15:38:32
01432,在无人机电气安装中，（）有助于防止电路短路。,单选题,控制算法,中等,2,是,使用过长的电缆并缠绕在一起,使用合适的线束管理技术,使用尽可能多的连接器,安装尽可能多的电子设备,,,使用合适的线束管理技术,,超级管理员,2025-09-18 15:38:26,2025-09-18 15:38:32
01433,无人机电气系统中，对电缆进行标记是为了（）。,单选题,控制算法,中等,2,是,使外观更美观,方便未来的故障排除和维护,增加电缆的重量,减少电缆的灵活性,,,方便未来的故障排除和维护,,超级管理员,2025-09-18 15:38:26,2025-09-18 15:38:32
01434,无人机电气系统中的接地系统安装时，所有接地线应确保直接连接至机身金属部分，并避免使用塑料和非导电材料作为接地线。,单选题,控制算法,中等,2,是,正确,错误,,,,,正确,,超级管理员,2025-09-18 15:38:26,2025-09-18 15:38:32
01435,在无人机电气系统的安装过程中，为了提高系统的可靠性，所有的电气元件应当通过快速连接器进行安装，这样便于后期的检修和更换。,单选题,控制算法,中等,2,是,正确,错误,,,,,错误,,超级管理员,2025-09-18 15:38:26,2025-09-18 15:38:32
01436,在进行无人机电气安装时，可以确保电气系统的可靠性的方法有（）。,多选题,控制算法,中等,3,是,使用耐高温电缆,确保所有连接点可靠固定,配置独立电源为不同模块供电,在电气系统中使用接地保护,频繁更换电池,,使用耐高温电缆;确保所有连接点可靠固定;配置独立电源为不同模块供电;在电气系统中使用接地保护,,超级管理员,2025-09-18 15:38:26,2025-09-18 15:38:32
01437,无人机电气安装过程中，确保电气线路安全和正常运行的关键步骤有（）。,多选题,控制算法,中等,3,是,电线按最短路径布设,确保电缆线路避免与旋翼等运动部件接触,采用可插拔连接器以便快速更换,安装防水密封件以防水汽侵入,使用太阳能板供电,,确保电缆线路避免与旋翼等运动部件接触;采用可插拔连接器以便快速更换;安装防水密封件以防水汽侵入,,超级管理员,2025-09-18 15:38:26,2025-09-18 15:38:33
01438,为了保证无人机电气系统的安全性，（）的步骤是必要的。,单选题,控制算法,中等,2,是,定期检查电线是否有磨损或损坏,在电池电量充足时进行飞行,使用非原装充电器为电池充电,将多台无人机的电源线连接在一起,,,定期检查电线是否有磨损或损坏,,超级管理员,2025-09-18 15:38:26,2025-09-18 15:38:33
01439,（）的行为可能会导致无人机电气系统的接触不良。,单选题,控制算法,中等,2,是,清洁无人机的电路板,更换电池时使用正确的工具,将无人机暴露在潮湿的环境中,将电源线连接到正确的插头,,,将无人机暴露在潮湿的环境中,,超级管理员,2025-09-18 15:38:26,2025-09-18 15:38:33
01440,无人机电气系统中使用绝缘胶带是为了（）。,单选题,控制算法,中等,2,是,仅为了美观,防止电线磨损和短路,增加系统的复杂性,减少信号干扰,,,防止电线磨损和短路,,超级管理员,2025-09-18 15:38:26,2025-09-18 15:38:33
01441,在无人机电气系统中安装保险丝或断路器的主要目的是（）。,单选题,控制算法,中等,2,是,增加系统的复杂性,提高传输距离,保护电路免受过载,减少信号干扰,,,保护电路免受过载,,超级管理员,2025-09-18 15:38:26,2025-09-18 15:38:33
01442,在无人机电气系统的安装过程中，为了防止电气短路，所有电缆应使用合适的电缆保护套管，且在安装过程中应避免电缆受拉或压迫。,单选题,控制算法,中等,2,是,正确,错误,,,,,正确,,超级管理员,2025-09-18 15:38:26,2025-09-18 15:38:33
01443,为了提高无人机电气系统的安全性，所有电气元件应当使用过载保护器，以防止电流过大引起设备损坏或火灾。,单选题,控制算法,中等,2,是,正确,错误,,,,,正确,,超级管理员,2025-09-18 15:38:26,2025-09-18 15:38:33
01444,无人机电气安装过程中，必要的安全防护方法有（）。,多选题,控制算法,中等,3,是,使用过载保护装置,采用电磁兼容（EMC）设计,配置电气防火屏障,安装电池过热监测系统,使用激光测距仪进行电气安装,,使用过载保护装置;采用电磁兼容（EMC）设计;配置电气防火屏障;安装电池过热监测系统,,超级管理员,2025-09-18 15:38:26,2025-09-18 15:38:33
01445,为了防止无人机电气系统的电气冲击，有效的防护方法有（）。,多选题,控制算法,中等,3,是,使用适配的保险丝和断路器,配置地面电源保护装置,加强电缆绝缘保护,定期进行电气设备清洁,使用无线充电系统,,使用适配的保险丝和断路器;配置地面电源保护装置;加强电缆绝缘保护,,超级管理员,2025-09-18 15:38:26,2025-09-18 15:38:33
01446,如果在无人机飞行中电池电量突然耗尽，（）应急措施是正确的。,单选题,控制算法,中等,2,是,立即关闭所有非关键系统以节省电力,尝试重启无人机的电气系统,立即进行紧急降落,继续飞行直到找到安全着陆点,,,立即进行紧急降落,,超级管理员,2025-09-18 15:38:26,2025-09-18 15:38:33
01447,无人机在飞行中失去动力时，应采取的应急措施包括（）。,单选题,控制算法,中等,2,是,切换到备用电源,立即执行紧急程序，包括可能的紧急着陆,尝试重新启动电机,增加电机的供电电压,,,立即执行紧急程序，包括可能的紧急着陆,,超级管理员,2025-09-18 15:38:26,2025-09-18 15:38:33
01448,如果在无人机电气系统维护中发现电调（电子调速器）过热，应（）。,单选题,控制算法,中等,2,是,继续使用，直到出现故障,使用水冷却电调,立即停止使用并检查散热系统,增加电压以提高散热效率,,,立即停止使用并检查散热系统,,超级管理员,2025-09-18 15:38:26,2025-09-18 15:38:33
01449,发现无人机电机在启动时发出异常噪音，应采取的应急措施是（）。,单选题,控制算法,中等,2,是,继续飞行，噪音可能很快消失,停止电机，检查电机和螺旋桨,增加电机供电电压以克服噪音,减少电机供电电压以克服噪音,,,停止电机，检查电机和螺旋桨,,超级管理员,2025-09-18 15:38:26,2025-09-18 15:38:33
01450,若在无人机电气系统安装后，出现系统电压不稳定的问题，应首先检查所有电气接头的连接是否紧固，必要时进行重新连接，并避免直接接触高压电气部件。,单选题,控制算法,中等,2,是,正确,错误,,,,,正确,,超级管理员,2025-09-18 15:38:26,2025-09-18 15:38:33
01451,在无人机电气安装过程中，如果发现电池连接出现异常（如电池过热或电流异常），应立即断开电池电源并进行冷却处理，以避免电池发生危险。,单选题,控制算法,中等,2,是,正确,错误,,,,,正确,,超级管理员,2025-09-18 15:38:26,2025-09-18 15:38:33
01452,在无人机电气系统出现故障时，可以有效应对电气故障应急措施的有（）。,多选题,控制算法,中等,3,是,立即断开电池电源,激活备用电源系统,重启飞控系统,通过无线通信系统通知地面站,增加蓝牙连接,,立即断开电池电源;激活备用电源系统;重启飞控系统;通过无线通信系统通知地面站,,超级管理员,2025-09-18 15:38:26,2025-09-18 15:38:33
01453,在进行无人机电气安装时，针对短路风险，必要的应急措施有（）。,多选题,控制算法,中等,3,是,配置过电流保护装置,使用防水电缆,设置电池电压过低警告,定期检查电气接头和线缆连接,增加LED灯光效果,,配置过电流保护装置;使用防水电缆;定期检查电气接头和线缆连接,,超级管理员,2025-09-18 15:38:26,2025-09-18 15:38:33
01454,计算机终端设备通常由（）部分组成。,单选题,传感器融合,中等,2,是,显示器、键盘、鼠标、处理器、接口连接设备,显示器、打印机、扫描仪、路由器,键盘、音响、麦克风、摄像头,处理器、内存、硬盘、显卡,,,显示器、键盘、鼠标、处理器、接口连接设备,,超级管理员,2025-09-18 15:38:26,2025-09-18 15:38:33
01455,在计算机终端设备中，显示器的作用是（）。,单选题,传感器融合,中等,2,是,存储数据,运算数据,输入数据,输出数据,,,输出数据,,超级管理员,2025-09-18 15:38:26,2025-09-18 15:38:33
01456,在计算机终端设备中，负责处理和控制数据的是（）。,单选题,传感器融合,中等,2,是,中央处理器（CPU）,存储设备,输入设备,输出设备,,,中央处理器（CPU）,,超级管理员,2025-09-18 15:38:26,2025-09-18 15:38:33
01457,计算机终端设备中的存储设备是用来做（）。,单选题,传感器融合,中等,2,是,存储数据和程序,处理数据,控制数据传输,输入和输出数据,,,存储数据和程序,,超级管理员,2025-09-18 15:38:26,2025-09-18 15:38:33
01458,无人机的飞行日志可以通过计算机终端设备进行存储和分析。（）,单选题,传感器融合,中等,2,是,正确,错误,,,,,正确,,超级管理员,2025-09-18 15:38:26,2025-09-18 15:38:33
01459,无人机飞行前的检查可以通过计算机终端设备进行。（）,单选题,传感器融合,中等,2,是,正确,错误,,,,,正确,,超级管理员,2025-09-18 15:38:26,2025-09-18 15:38:33
01460,计算机终端设备的输出设备通常包含（）。,多选题,传感器融合,中等,3,是,显示器,打印机,音箱,投影仪,绘图仪,,显示器;打印机;投影仪,,超级管理员,2025-09-18 15:38:26,2025-09-18 15:38:33
01461,计算机终端设备的输入设备通常包含（）。,多选题,传感器融合,中等,3,是,键盘,鼠标,手写板（非触摸屏）,麦克风,摄像头,,键盘;鼠标;麦克风;摄像头,,超级管理员,2025-09-18 15:38:26,2025-09-18 15:38:33
01462,计算机操作系统的主要功能不包括（）。,单选题,传感器融合,中等,2,是,管理计算机硬件资源,提供用户界面,编写应用程序,管理文件和目录,,,管理计算机硬件资源,,超级管理员,2025-09-18 15:38:26,2025-09-18 15:38:33
01463,（）操作系统主要用于移动设备。,单选题,传感器融合,中等,2,是,Android,Linux,Windows Server,Unix,,,Android,,超级管理员,2025-09-18 15:38:26,2025-09-18 15:38:33
01464,在操作系统中，负责内存管理的组件是（）。,单选题,传感器融合,中等,2,是,文件系统,内核,驱动程序,用户界面,,,内核,,超级管理员,2025-09-18 15:38:26,2025-09-18 15:38:33
01465,（）选项是开源操作系统。,单选题,传感器融合,中等,2,是,Windows,macOS,Linux,iOS,,,Linux,,超级管理员,2025-09-18 15:38:26,2025-09-18 15:38:33
01466,在无人机操作系统中，实时操作系统（RTOS）通常被用于飞行控制系统，因为它能够确保任务按严格的时间要求完成，避免延迟对飞行安全造成影响。,单选题,传感器融合,中等,2,是,正确,错误,,,,,正确,,超级管理员,2025-09-18 15:38:26,2025-09-18 15:38:33
01467,无人机使用的计算机操作系统必须具备高效的任务调度能力和强大的资源管理功能，以确保多任务并行处理，同时保持系统稳定性和低功耗。,单选题,传感器融合,中等,2,是,正确,错误,,,,,正确,,超级管理员,2025-09-18 15:38:26,2025-09-18 15:38:33
01468,在无人机操作系统中，实时操作系统（RTOS）所必需的特性（）。,多选题,传感器融合,中等,3,是,精确的任务调度,确保任务按时完成,支持多任务并行执行,高度的系统兼容性与灵活性,虚拟化支持,,精确的任务调度;确保任务按时完成;支持多任务并行执行,,超级管理员,2025-09-18 15:38:26,2025-09-18 15:38:33
01469,无人机操作系统需要具备（）功能来确保飞行控制系统的稳定性和安全性。,多选题,传感器融合,中等,3,是,实时性保障,优先级调度,异常处理与容错机制,支持图形用户界面（GUI）,大规模数据存储与云服务支持,,实时性保障;优先级调度;异常处理与容错机制,,超级管理员,2025-09-18 15:38:26,2025-09-18 15:38:33
01470,计算机网络中，保障无人机数据传输有序进行的协议是（ ）。,单选题,传感器融合,中等,2,是,HTTP,TCP,IP,UDP,,,TCP,,超级管理员,2025-09-18 15:38:26,2025-09-18 15:38:33
01471,实现多架无人机在同一区域内同时与计算机网络稳定连接，（）是最合适的网络拓扑结构。,单选题,传感器融合,中等,2,是,总线型,星型,环型,树型,,,星型,,超级管理员,2025-09-18 15:38:26,2025-09-18 15:38:33
01472,在利用计算机网络远程操控无人机时，（）对于减少网络延迟最为关键。,单选题,传感器融合,中等,2,是,高性能显卡,快速的 CPU,高带宽网络适配器,大容量内存,,,高带宽网络适配器,,超级管理员,2025-09-18 15:38:26,2025-09-18 15:38:33
01473,计算机网络中（）协议主要用于无线局域网中的通信。,单选题,传感器融合,中等,2,是,HTTP,FTP,TCP/IP,Wi-Fi,,,Wi-Fi,,超级管理员,2025-09-18 15:38:26,2025-09-18 15:38:33
01474,无人机在计算机网络中的 IP 地址是固定不变的，设定后就不能更改。(),单选题,传感器融合,中等,2,是,正确,错误,,,,,错误,,超级管理员,2025-09-18 15:38:26,2025-09-18 15:38:33
01475,无人机的飞行数据可以通过计算机网络进行存储和分析。(),单选题,传感器融合,中等,2,是,正确,错误,,,,,正确,,超级管理员,2025-09-18 15:38:26,2025-09-18 15:38:33
01476,影响无人机在计算机网络中数据传输质量的因素有（ ）。,多选题,传感器融合,中等,3,是,网络带宽,信号干扰,传输协议,无人机的电池电量,网络设备的老化程度,,网络带宽;信号干扰;传输协议;网络设备的老化程度,,超级管理员,2025-09-18 15:38:26,2025-09-18 15:38:33
01477,计算机网络为无人机提供的服务包括（ ）。,多选题,传感器融合,中等,3,是,远程操控,数据传输,实时监控,软件升级,飞行路径规划,,远程操控;数据传输;实时监控;软件升级,,超级管理员,2025-09-18 15:38:26,2025-09-18 15:38:33
01478,为了防止计算机病毒传播，最有效的措施是（）。,单选题,传感器融合,中等,2,是,不使用外部存储设备,定期更新杀毒软件的病毒库,断开计算机与网络的连接,只使用正版软件,,,定期更新杀毒软件的病毒库,,超级管理员,2025-09-18 15:38:26,2025-09-18 15:38:33
01479,（）是DDoS攻击。,单选题,传感器融合,中等,2,是,拒绝服务攻击,分布式拒绝服务攻击,数据驱动的拒绝服务攻击,集中式拒绝服务攻击,,,分布式拒绝服务攻击,,超级管理员,2025-09-18 15:38:26,2025-09-18 15:38:33
01480,为了保护计算机不受恶意软件的侵害，（）做法是最有效的。,单选题,传感器融合,中等,2,是,定期清理计算机垃圾文件,从不下载未知来源的文件,安装和更新防病毒软件,仅使用计算机进行文字处理,,,安装和更新防病毒软件,,超级管理员,2025-09-18 15:38:26,2025-09-18 15:38:33
01481,为了保护个人隐私，（）密码设置方法是不推荐的。,单选题,传感器融合,中等,2,是,所有账户使用相同的密码,使用包含数字、字母和特殊字符的复杂密码,定期更换密码,使用密码管理器生成和存储密码,,,所有账户使用相同的密码,,超级管理员,2025-09-18 15:38:26,2025-09-18 15:38:33
01482,安装一款正版杀毒软件后，计算机就绝对安全，不会受到任何病毒或恶意软件的攻击。,单选题,传感器融合,中等,2,是,正确,错误,,,,,错误,,超级管理员,2025-09-18 15:38:26,2025-09-18 15:38:33
01483,只要不连接互联网，计算机就不需要进行安全防护。,单选题,传感器融合,中等,2,是,正确,错误,,,,,错误,,超级管理员,2025-09-18 15:38:26,2025-09-18 15:38:33
01484,计算机安全防护的有效方法有（）。,多选题,传感器融合,中等,3,是,安装杀毒软件和防火墙,定期更新操作系统和软件,定期清理磁盘空间,不随意打开可疑的电子邮件附件,对重要数据进行备份,,安装杀毒软件和防火墙;定期更新操作系统和软件;不随意打开可疑的电子邮件附件;对重要数据进行备份,,超级管理员,2025-09-18 15:38:26,2025-09-18 15:38:33
01485,为了增强计算机账户的安全性，可采取（）等措施。,多选题,传感器融合,中等,3,是,设置强密码,开启多因素认证,定期清理浏览器缓存,避免使用公共网络登录重要账户,安装杀毒软件和防火墙,,设置强密码;开启多因素认证;避免使用公共网络登录重要账户;安装杀毒软件和防火墙,,超级管理员,2025-09-18 15:38:26,2025-09-18 15:38:33
01486,在无人机调试过程中，（）软件通常用于配置和调试飞控系统。,单选题,传感器融合,中等,2,是,QGroundControl,Adobe Photoshop,Microsoft Excel,Google Earth,,,QGroundControl,,超级管理员,2025-09-18 15:38:26,2025-09-18 15:38:33
01487,（）不属于无人机调试软件的主要功能。,单选题,传感器融合,中等,2,是,代码编写,测试执行,错误诊断,报告生成,,,代码编写,,超级管理员,2025-09-18 15:38:26,2025-09-18 15:38:33
01488,无人机调试软件中的“地面控制站（GCS）”主要用于（）功能。,单选题,传感器融合,中等,2,是,调整无人机的外观设计,实时监控飞行状态并做参数调整,提供飞行时的电池电量,查看无人机拍摄的画面,,,实时监控飞行状态并做参数调整,,超级管理员,2025-09-18 15:38:26,2025-09-18 15:38:33
01489,无人机调试软件中的“校准传感器”功能是为了（）。,单选题,传感器融合,中等,2,是,提升无人机最大飞行速度,提升无人机的最大飞行高度,提升无人机的飞行稳定性,提升无人机的机动性,,,提升无人机的飞行稳定性,,超级管理员,2025-09-18 15:38:26,2025-09-18 15:38:33
01490,无人机调试软件可以随意从任何非官方渠道下载，不会对无人机的调试产生安全风险。,单选题,传感器融合,中等,2,是,正确,错误,,,,,错误,,超级管理员,2025-09-18 15:38:26,2025-09-18 15:38:33
01491,只要无人机能正常飞行，就不需要使用调试软件对其进行参数检查和更新。,单选题,传感器融合,中等,2,是,正确,错误,,,,,错误,,超级管理员,2025-09-18 15:38:26,2025-09-18 15:38:33
01492,关于无人机调试软件的功能，正确的是（）。,多选题,传感器融合,中等,3,是,飞行参数校准,固件升级,电池品牌识别（非电机测试）,飞行模式设置,传感器数据查看,,飞行参数校准;固件升级;飞行模式设置;传感器数据查看,,超级管理员,2025-09-18 15:38:26,2025-09-18 15:38:33
01493,无人机调试软件的实时监控功能可以提供的信息有（）。,多选题,传感器融合,中等,3,是,无人机的飞行高度,无人机的飞行速度,无人机的电池状态,无人机的GPS位置,无人机的图像传输,,无人机的飞行高度;无人机的飞行速度;无人机的电池状态;无人机的GPS位置,,超级管理员,2025-09-18 15:38:26,2025-09-18 15:38:33
01494,（）软件通常用于无人机的飞行路径规划和模拟。,单选题,传感器融合,中等,2,是,Adobe Photoshop,Mission Planner,Microsoft Word,Google Chrome,,,Mission Planner,,超级管理员,2025-09-18 15:38:26,2025-09-18 15:38:33
01495,用于无人机实时参数监控和调试的软件是（）。,单选题,传感器融合,中等,2,是,MAVProxy,Excel,PowerPoint,AutoCAD,,,MAVProxy,,超级管理员,2025-09-18 15:38:26,2025-09-18 15:38:33
01496,（）软件可以用于无人机的仿真测试和开发环境。,单选题,传感器融合,中等,2,是,Gazebo,Unreal Engine,Audacity,Blender,,,Gazebo,,超级管理员,2025-09-18 15:38:26,2025-09-18 15:38:33
01497,无人机飞控软件开发中，常用的编程环境软件是（）。,单选题,传感器融合,中等,2,是,VLC Media Player,iTunes,Visual Studio Code,Spotify,,,Visual Studio Code,,超级管理员,2025-09-18 15:38:26,2025-09-18 15:38:33
01498,大疆的 Assistant 2 调参软件仅适用于大疆的消费级无人机。,单选题,传感器融合,中等,2,是,正确,错误,,,,,错误,,超级管理员,2025-09-18 15:38:26,2025-09-18 15:38:33
01499,Betaflight 调参软件只支持多旋翼无人机，不支持固定翼无人机。,单选题,传感器融合,中等,2,是,正确,错误,,,,,错误,,超级管理员,2025-09-18 15:38:26,2025-09-18 15:38:33
01500,常见的无人机调参软件有（）。,多选题,传感器融合,中等,3,是,MissionPlanner,Betaflight,特定品牌遥控器专属 APP（非 DJI Assistant 2 ）,APMPlanner2.0,QGC,,MissionPlanner;Betaflight;APMPlanner2.0;QGC,,超级管理员,2025-09-18 15:38:26,2025-09-18 15:38:33
01501,关于无人机调参软件功能的描述，正确的有（）。,多选题,传感器融合,中等,3,是,MissionPlanner 可进行地图导航及任务规划,Betaflight 支持多种电机控制协议，如 DShot、Multishot、Oneshot 等，能提升动力响应灵敏度,DJI Assistant 2 仅具有固件升级功能（无 限飞数据升级）,APMPlanner2.0 可设置电机方向和遥控器映射等参数,QGC 可实现无人机的实时监控与远程控制,,MissionPlanner 可进行地图导航及任务规划;Betaflight 支持多种电机控制协议，如 DShot、Multishot、Oneshot 等，能提升动力响应灵敏度;APMPlanner2.0 可设置电机方向和遥控器映射等参数;QGC 可实现无人机的实时监控与远程控制,,超级管理员,2025-09-18 15:38:26,2025-09-18 15:38:33
01502,主要用于文档的创建、编辑、排版和格式化，广泛应用于报告、论文、简历等文档的制作，（）是常用软件。,单选题,传感器融合,中等,2,是,Excel,PowerPoint,Word,Access,,,Word,,超级管理员,2025-09-18 15:38:26,2025-09-18 15:38:33
01503,专门用于电子表格的创建、数据输入、处理、分析和可视化，支持复杂的数据计算和图表生成的软件是（）。,单选题,传感器融合,中等,2,是,Word,Excel,PowerPoint,Outlook,,,Excel,,超级管理员,2025-09-18 15:38:26,2025-09-18 15:38:33
01504,用于制作幻灯片、演示文稿和演示报告，支持文本、图片、音频和视频等多种元素的整合与展示的软件是（）。,单选题,传感器融合,中等,2,是,Excel,Word,PowerPoint,Access,,,PowerPoint,,超级管理员,2025-09-18 15:38:26,2025-09-18 15:38:33
01505,用于数据的定义、存储、查询、更新和管理，支持数据的结构化存储和高效检索的系统软件是（）。,单选题,传感器融合,中等,2,是,PowerPoint,Word,Access,Outlook,,,Access,,超级管理员,2025-09-18 15:38:26,2025-09-18 15:38:33
01506,常用办公软件仅包括文档处理软件和电子表格软件。,单选题,传感器融合,中等,2,是,正确,错误,,,,,错误,,超级管理员,2025-09-18 15:38:26,2025-09-18 15:38:33
01507,Microsoft Access 是一款专注于数据分析和处理的大数据分析工具，而非用于创建数据库（）。,单选题,传感器融合,中等,2,是,正确,错误,,,,,错误,,超级管理员,2025-09-18 15:38:26,2025-09-18 15:38:33
01508,属于常用办公软件种类的有（）。,多选题,传感器融合,中等,3,是,文档处理软件，如 Microsoft Word、WPS Office 文字等,电子表格软件，例如 Microsoft Excel、Google Sheets 等,演示文稿软件，像 Microsoft PowerPoint、Google Slides 等,图像编辑软件，如 Adobe Photoshop、美图秀秀等,视频剪辑软件，如 Adobe Premiere Pro、剪映等,,文档处理软件，如 Microsoft Word、WPS Office 文字等;电子表格软件，例如 Microsoft Excel、Google Sheets 等;演示文稿软件，像 Microsoft PowerPoint、Google Slides 等,,超级管理员,2025-09-18 15:38:26,2025-09-18 15:38:33
01509,（）软件是常用的团队协作办公软件。,多选题,传感器融合,中等,3,是,Microsoft Teams，与 Office 365 集成，支持视频会议、文档协作等功能,Slack，提供频道、私聊、文件共享等功能，方便团队成员沟通协作,Trello，通过看板模式管理任务和项目，操作简单直观,编程软件，如 Visual Studio Code、PyCharm 等，主要用于代码编写和开发,绘图软件，如 AutoCAD、Illustrator 等，用于绘制图形和设计,,Microsoft Teams，与 Office 365 集成，支持视频会议、文档协作等功能;Slack，提供频道、私聊、文件共享等功能，方便团队成员沟通协作;Trello，通过看板模式管理任务和项目，操作简单直观,,超级管理员,2025-09-18 15:38:26,2025-09-18 15:38:33
01510,在Excel中，若要对数据进行筛选，以便只显示满足特定条件的行，应使用的功能是（）。,单选题,传感器融合,中等,2,是,排序功能,条件格式,筛选器（在数据选项卡下）,查找和替换,,,筛选器（在数据选项卡下）,,超级管理员,2025-09-18 15:38:26,2025-09-18 15:38:33
01511,若要在Word中实现多人同时编辑文档，并实时查看他人的更改，应使用的功能是（）。,单选题,传感器融合,中等,2,是,将文档保存为PDF格式,使用“共享”功能并邀请他人协作,将文档打印出来，然后分发给团队成员,插入选项卡下的“批注”功能（注：此选项与实时协作不直接相关）,,,使用“共享”功能并邀请他人协作,,超级管理员,2025-09-18 15:38:26,2025-09-18 15:38:33
01512,在PowerPoint中，若要添加一张新的幻灯片，应点击的按钮是（）。,单选题,传感器融合,中等,2,是,“文件”选项卡下的“新建”,“开始”选项卡下的“新建幻灯片”,幻灯片浏览窗格中的“+”图标,右键点击现有幻灯片，选择“新建幻灯片”,,,“开始”选项卡下的“新建幻灯片”,,超级管理员,2025-09-18 15:38:26,2025-09-18 15:38:33
01513,在Excel中，若要对表格中的数据按某一列进行排序，应执行的操作是（）。,单选题,传感器融合,中等,2,是,使用“开始”选项卡下的“条件格式”,点击该列标题，选择排序方式（升序或降序）,在“数据”选项卡下，选择“筛选”功能,插入新的列来手动排序,,,点击该列标题，选择排序方式（升序或降序）,,超级管理员,2025-09-18 15:38:26,2025-09-18 15:38:33
01514,在文字处理软件中，只能通过鼠标来进行文本的选中操作。,单选题,传感器融合,中等,2,是,正确,错误,,,,,错误,,超级管理员,2025-09-18 15:38:26,2025-09-18 15:38:33
01515,在电子表格软件中，函数的参数是固定不变的，不能根据具体需求修改。,单选题,传感器融合,中等,2,是,正确,错误,,,,,错误,,超级管理员,2025-09-18 15:38:26,2025-09-18 15:38:34
01516,关于文字处理软件操作方法正确的有（）。,多选题,传感器融合,中等,3,是,文档排版时，可以通过段落格式设置来调整行距、缩进等。在 Microsoft Word 中，选择 “段落” 选项组，能够设置段前间距、段后间距、首行缩进等多种格式，使文档结构更加清晰,查找和替换功能不仅可以用于替换文字内容，还能用于替换格式。例如在 WPS 文字中，可以将文档中所有的宋体字替换为黑体字，同时还能设置字体大小、颜色等格式的替换,为文档添加页码有多种位置和格式选择。在 Word 中，可以在页面底部的 “插入页码” 选项中选择页码在页脚的居中、居左、居右位置，还可以设置页码的数字格式，如阿拉伯数字、罗马数字等,只能通过手动逐个修改的方式来统一文档中不同部分的格式,文字处理软件通常不支持插入除文字以外的其他对象,,文档排版时，可以通过段落格式设置来调整行距、缩进等。在 Microsoft Word 中，选择 “段落” 选项组，能够设置段前间距、段后间距、首行缩进等多种格式，使文档结构更加清晰;查找和替换功能不仅可以用于替换文字内容，还能用于替换格式。例如在 WPS 文字中，可以将文档中所有的宋体字替换为黑体字，同时还能设置字体大小、颜色等格式的替换;为文档添加页码有多种位置和格式选择。在 Word 中，可以在页面底部的 “插入页码” 选项中选择页码在页脚的居中、居左、居右位置，还可以设置页码的数字格式，如阿拉伯数字、罗马数字等,,超级管理员,2025-09-18 15:38:26,2025-09-18 15:38:34
01517,电子表格软件的操作方法中，正确的是（）。,多选题,传感器融合,中等,3,是,数据排序可以按照多个关键字进行。在 Excel 中，选择 “数据” 菜单中的 “排序” 选项，除了可以按照某一列数据（如销售额）进行升序或降序排序外，还可以添加次要关键字（如产品名称），这样在主要关键字相同的情况下，会按照次要关键字进一步排序,利用数据透视表可以快速汇总和分析数据。在 WPS 表格中，选中数据区域后，通过插入数据透视表，能够将数据按照不同的维度（如部门、月份）进行汇总，还可以对汇总结果进行计算（如求和、平均值、计数等）,冻结窗格功能便于在滚动查看数据时，始终保持表头或关键列可见。例如在 Excel 中，如果表格列数和行数较多，当向下或向右滚动查看数据时，使用 “视图” 菜单中的 “冻结窗格” 功能，可以固定表头行或关键列，方便数据对比和查看,电子表格软件不支持函数嵌套，只能进行简单的数学运算,单元格的引用只有相对引用一种方式,,数据排序可以按照多个关键字进行。在 Excel 中，选择 “数据” 菜单中的 “排序” 选项，除了可以按照某一列数据（如销售额）进行升序或降序排序外，还可以添加次要关键字（如产品名称），这样在主要关键字相同的情况下，会按照次要关键字进一步排序;利用数据透视表可以快速汇总和分析数据。在 WPS 表格中，选中数据区域后，通过插入数据透视表，能够将数据按照不同的维度（如部门、月份）进行汇总，还可以对汇总结果进行计算（如求和、平均值、计数等）;冻结窗格功能便于在滚动查看数据时，始终保持表头或关键列可见。例如在 Excel 中，如果表格列数和行数较多，当向下或向右滚动查看数据时，使用 “视图” 菜单中的 “冻结窗格” 功能，可以固定表头行或关键列，方便数据对比和查看,,超级管理员,2025-09-18 15:38:26,2025-09-18 15:38:34
01518,用人单位违反劳动保护法的规定，对劳动者造成损害的，应当承担（）责任。,单选题,飞行安全,中等,2,是,经济赔偿责任,行政责任,刑事责任,民事责任,,,民事责任,,超级管理员,2025-09-18 15:38:26,2025-09-18 15:38:34
01519,劳动保护的主要目的是（）。,单选题,飞行安全,中等,2,是,增加工作时间,提高工作效率,保障员工健康和安全,减少企业利润,,,保障员工健康和安全,,超级管理员,2025-09-18 15:38:26,2025-09-18 15:38:34
01520,劳动保护措施包括（）。,单选题,飞行安全,中等,2,是,工作环境、设备、培训等,工资、福利、假期等,工作时间、休息时间、加班费等,员工的个人喜好,,,工作环境、设备、培训等,,超级管理员,2025-09-18 15:38:26,2025-09-18 15:38:34
01521,劳动保护对于经济发展有（）的作用。,单选题,飞行安全,中等,2,是,阻碍经济发展,促进经济可持续发展,增加企业负担,减少就业机会,,,促进经济可持续发展,,超级管理员,2025-09-18 15:38:26,2025-09-18 15:38:34
01522,劳动保护只涉及到劳动者在工作场所的人身安全，不包括心理健康。（）,单选题,飞行安全,中等,2,是,正确,错误,,,,,错误,,超级管理员,2025-09-18 15:38:26,2025-09-18 15:38:34
01523,只要劳动者自己注意安全，用人单位就不需要提供劳动保护用品。（）,单选题,飞行安全,中等,2,是,正确,错误,,,,,错误,,超级管理员,2025-09-18 15:38:26,2025-09-18 15:38:34
01524,属于劳动保护基本内容的有（）。,多选题,飞行安全,中等,3,是,安全技术措施,工业卫生,工作时间和休假制度,女职工和未成年工特殊保护,劳动者个人理财规划,,安全技术措施;工业卫生;工作时间和休假制度;女职工和未成年工特殊保护,,超级管理员,2025-09-18 15:38:26,2025-09-18 15:38:34
01525,劳动保护中的安全技术措施主要包括（）方面。,多选题,飞行安全,中等,3,是,正确机械安全防护,错误电气安全,防火防爆安全,员工家庭安全保障,高处作业安全,,正确机械安全防护;错误电气安全;防火防爆安全;高处作业安全,,超级管理员,2025-09-18 15:38:26,2025-09-18 15:38:34
01526,在安全生产工作中，必须坚持“谁主管、谁负责”的原则。“谁主管”是指（）。,单选题,飞行安全,中等,2,是,女职工和未成年工特殊保护,各级党委及其领导成员,各级安全生产监督管理部门,各级企业事业单位的主要负责人,,,各级企业事业单位的主要负责人,,超级管理员,2025-09-18 15:38:26,2025-09-18 15:38:34
01527,安全生产的“四不放过”原则是（）。,单选题,飞行安全,中等,2,是,事故原因未查清不放过、责任人未处理不放过、整改措施未落实不放过、有关人员未受到教育不放过,事故损失未赔偿不放过、责任人未处理不放过、整改措施未落实不放过、受害者未安抚不放过,事故原因未查清不放过、受害者未安抚不放过、整改措施未落实不放过、有关人员未受到教育不放过,事故原因未查清不放过、责任人未处理不放过、受害者未安抚不放过、有关人员未受到教育不放过,,,事故原因未查清不放过、责任人未处理不放过、整改措施未落实不放过、有关人员未受到教育不放过,,超级管理员,2025-09-18 15:38:26,2025-09-18 15:38:34
01528,安全生产的“三同时”原则指的是（）。,单选题,飞行安全,中等,2,是,同时设计、同时施工、同时投产,同时计划、同时实施、同时总结,同时设计、同时施工、同时验收,同时设计、同时施工、同时投产使用,,,同时设计、同时施工、同时投产使用,,超级管理员,2025-09-18 15:38:26,2025-09-18 15:38:34
01529,安全生产预防为主原则的核心内容是（）。,单选题,飞行安全,中等,2,是,强调事故后果的补偿,强调消除事故隐患并防范风险,强调事后追责和整改,强调生产效率高于安全,,,强调消除事故隐患并防范风险,,超级管理员,2025-09-18 15:38:26,2025-09-18 15:38:34
01530,在安全生产中，只要最终产品质量合格，稍微违反一点安全原则也是可以的。（）,单选题,飞行安全,中等,2,是,正确,错误,,,,,错误,,超级管理员,2025-09-18 15:38:26,2025-09-18 15:38:34
01531,安全生产原则只适用于一线生产工人，管理人员不需要遵循。（）,单选题,飞行安全,中等,2,是,正确,错误,,,,,错误,,超级管理员,2025-09-18 15:38:26,2025-09-18 15:38:34
01532,属于安全生产原则的有（）。,多选题,飞行安全,中等,3,是,正确“管生产必须管安全” 原则,“三同时” 原则,“安全第一、预防为主、综合治理” 原则,“全员参与” 原则,“事故后处理优先” 原则,,正确“管生产必须管安全” 原则;“三同时” 原则;“安全第一、预防为主、综合治理” 原则;“全员参与” 原则,,超级管理员,2025-09-18 15:38:26,2025-09-18 15:38:34
01533,安全生产 “三同时” 原则在实际应用中包括（）方面。,多选题,飞行安全,中等,3,是,在工程项目初步设计阶段，就要对安全设施进行详细设计,安全设施的施工要与主体工程施工同步进行,安全设施的建设资金要纳入工程项目总预算,安全设施可以在主体工程投产后根据实际情况再安装,安全设施竣工验收要与主体工程竣工验收同时进行,,在工程项目初步设计阶段，就要对安全设施进行详细设计;安全设施的施工要与主体工程施工同步进行;安全设施的建设资金要纳入工程项目总预算;安全设施竣工验收要与主体工程竣工验收同时进行,,超级管理员,2025-09-18 15:38:26,2025-09-18 15:38:34
01534,（）最适合用于防火墙建设。,单选题,飞行安全,中等,2,是,木材,石膏板,钢筋混凝土,泡沫塑料,,,钢筋混凝土,,超级管理员,2025-09-18 15:38:26,2025-09-18 15:38:34
01535,（）是有效的消防安全措施之一。,单选题,飞行安全,中等,2,是,定期进行消防演练,只在发生火灾时进行处理,让员工自行判断火灾危险,关闭所有电器设备即可避免火灾,,,定期进行消防演练,,超级管理员,2025-09-18 15:38:26,2025-09-18 15:38:34
01536,如果身上着火了，应该（）自救。,单选题,飞行安全,中等,2,是,快速奔跑呼救,就地打滚将火苗压灭,用手拍打火焰,穿过浓烟区域寻找出口,,,就地打滚将火苗压灭,,超级管理员,2025-09-18 15:38:26,2025-09-18 15:38:34
01537,为确保无人机产线消防安全，车间内灭火器的最大保护距离不宜超过（  ）。,单选题,飞行安全,中等,2,是,15 米,20 米,25 米,30 米,,,25 米,,超级管理员,2025-09-18 15:38:26,2025-09-18 15:38:34
01538,只要安装了火灾自动报警系统，就可以完全不用担心火灾发生了。（）,单选题,飞行安全,中等,2,是,正确,错误,,,,,错误,,超级管理员,2025-09-18 15:38:26,2025-09-18 15:38:34
01539,消防通道在没有火灾的时候可以临时堆放一些物品。（）,单选题,飞行安全,中等,2,是,正确,错误,,,,,错误,,超级管理员,2025-09-18 15:38:26,2025-09-18 15:38:34
01540,属于消防安全措施的有（）。,多选题,飞行安全,中等,3,是,配置灭火器,安装消防栓系统,设置防火分隔,进行消防演练,自制木质焊接夹具,,配置灭火器;安装消防栓系统;设置防火分隔;进行消防演练,,超级管理员,2025-09-18 15:38:26,2025-09-18 15:38:34
01541,在预防电气火灾方面， 措施有（）。,多选题,飞行安全,中等,3,是,定期检查电气线路,避免过载用电,选用合格的电气设备,有用电需求就拉接电线,安装剩余电流动作保护器（漏电保护器）,,定期检查电气线路;避免过载用电;选用合格的电气设备;安装剩余电流动作保护器（漏电保护器）,,超级管理员,2025-09-18 15:38:26,2025-09-18 15:38:34
01542,在重大事故应急救援体系中，（）组织的重要职责是尽可能、尽快地控制并消除事故，营救受害人员。,单选题,飞行安全,中等,2,是,应急救援专家组,医疗救治,消防与抢险,洗消去污组织,,,消防与抢险,,超级管理员,2025-09-18 15:38:26,2025-09-18 15:38:34
01543,根据《生产安全事故报告和调查处理条例》规定，事故发生后，（）应当立即向本单位负责人报告。,单选题,飞行安全,中等,2,是,单位主要负责人,事故受害者,事故目击者,现场安全员,,,单位主要负责人,,超级管理员,2025-09-18 15:38:26,2025-09-18 15:38:34
01544,地方各级人民政府应急管理部门的应急预案，应当报（）级别的人民政府备案。,单选题,飞行安全,中等,2,是,市级,县级,省级,国家级,,,县级,,超级管理员,2025-09-18 15:38:26,2025-09-18 15:38:34
01545,生产经营单位的应急预案经评审或者论证后，由（）签署。,单选题,飞行安全,中等,2,是,主要负责人,部门经理,安全总监,工会主席,,,主要负责人,,超级管理员,2025-09-18 15:38:26,2025-09-18 15:38:34
01546,小型企业由于人员和规模较小，不需要制定安全生产事故应急救援预案,单选题,飞行安全,中等,2,是,正确,错误,,,,,错误,,超级管理员,2025-09-18 15:38:26,2025-09-18 15:38:34
01547,安全生产事故应急救援预案一旦制定就无需修改。,单选题,飞行安全,中等,2,是,正确,错误,,,,,错误,,超级管理员,2025-09-18 15:38:26,2025-09-18 15:38:34
01548,属于安全生产事故应急救援预案内容的有（）。,多选题,飞行安全,中等,3,是,应急救援的组织机构和职责,事故风险描述,应急响应程序,后期处置措施,企业财务报表分析,,应急救援的组织机构和职责;事故风险描述;应急响应程序;后期处置措施,,超级管理员,2025-09-18 15:38:26,2025-09-18 15:38:34
01549,安全生产事故应急救援演练的重要作用有（）。,多选题,飞行安全,中等,3,是,检验应急救援预案的可行性,提高救援人员的应急反应能力,增强员工的安全意识和自救互救能力,减少企业的安全设施投入,促进企业各部门之间的协调配合,,检验应急救援预案的可行性;提高救援人员的应急反应能力;增强员工的安全意识和自救互救能力;促进企业各部门之间的协调配合,,超级管理员,2025-09-18 15:38:26,2025-09-18 15:38:34
01550,（）不属于清洁能源。,单选题,飞行安全,中等,2,是,太阳能,风能,石油,水能,,,石油,,超级管理员,2025-09-18 15:38:26,2025-09-18 15:38:34
01551,（）的行为不利于环境保护。,单选题,飞行安全,中等,2,是,减少使用一次性塑料制品,积极参与植树造林活动,定期清理自家垃圾并分类投放,随意乱扔废弃物,,,随意乱扔废弃物,,超级管理员,2025-09-18 15:38:26,2025-09-18 15:38:34
01552,不属于工业污染控制的是（）。,单选题,飞行安全,中等,2,是,安装净化装置,排放未经处理的废水,使用清洁能源,回收利用废弃物,,,排放未经处理的废水,,超级管理员,2025-09-18 15:38:26,2025-09-18 15:38:34
01553,不符合节能减排的理念是（）。,单选题,飞行安全,中等,2,是,分类投放垃圾,随意丢弃废电池,使用节能灯泡,骑自行车出行,,,随意丢弃废电池,,超级管理员,2025-09-18 15:38:26,2025-09-18 15:38:34
01554,个人在日常生活中的行为对环境保护影响不大，所以不需要特别注意。,单选题,飞行安全,中等,2,是,正确,错误,,,,,错误,,超级管理员,2025-09-18 15:38:26,2025-09-18 15:38:34
01555,只要企业安装了先进的污染处理设备，就可以随意排放污染物。,单选题,飞行安全,中等,2,是,正确,错误,,,,,错误,,超级管理员,2025-09-18 15:38:26,2025-09-18 15:38:34
01556,属于环境保护措施的有（）。,多选题,飞行安全,中等,3,是,垃圾分类处理,植树造林,推广清洁能源,工业废水循环利用,过度开垦荒地用于农业生产,,垃圾分类处理;植树造林;推广清洁能源;工业废水循环利用,,超级管理员,2025-09-18 15:38:26,2025-09-18 15:38:34
01557,在减少大气污染方面，有效的措施包括（）。,多选题,飞行安全,中等,3,是,提高机动车尾气排放标准,控制建筑工地扬尘,采用集中供暖，减少分散小锅炉,大量焚烧秸秆,发展公共交通，鼓励绿色出行,,提高机动车尾气排放标准;控制建筑工地扬尘;采用集中供暖，减少分散小锅炉;发展公共交通，鼓励绿色出行,,超级管理员,2025-09-18 15:38:26,2025-09-18 15:38:34
01558,为了减少无人机的环境影响，（）措施不是有效的。,单选题,飞行安全,中等,2,是,优化无人机的设计和飞行路径,采取更加环保的燃料和飞行技术,增加无人机的使用频率,提高无人机的能源效率,,,增加无人机的使用频率,,超级管理员,2025-09-18 15:38:26,2025-09-18 15:38:34
01559,无人机在飞行过程中可能对环境造成的负面影响之一是（）。,单选题,飞行安全,中等,2,是,增加噪音污染,产生大量废气,改变空气成分,消耗大量水资源,,,增加噪音污染,,超级管理员,2025-09-18 15:38:26,2025-09-18 15:38:34
01560,电动无人机在野外飞行过程中对生态系统可能产生的影响是（）。,单选题,飞行安全,中等,2,是,降低空气质量,扰乱野生动物栖息,减少植被覆盖,减少物种多样性,,,扰乱野生动物栖息,,超级管理员,2025-09-18 15:38:26,2025-09-18 15:38:34
01561,为了减少无人机对环境的影响，（）措施是推荐的。,单选题,飞行安全,中等,2,是,使用更加高效的能源系统,增加无人机的飞行高度以减少噪音,减少无人机的维护和检查,使用非环保材料制造无人机,,,使用更加高效的能源系统,,超级管理员,2025-09-18 15:38:26,2025-09-18 15:38:34
01562,无人机体积小、重量轻，所以其飞行对环境没有任何影响,单选题,飞行安全,中等,2,是,正确,错误,,,,,错误,,超级管理员,2025-09-18 15:38:26,2025-09-18 15:38:34
01563,只要无人机不在禁飞区域飞行，就不会对环境造成不良影响。,单选题,飞行安全,中等,2,是,正确,错误,,,,,错误,,超级管理员,2025-09-18 15:38:26,2025-09-18 15:38:34
01564,属于无人机使用可能对环境造成的影响有（）。,多选题,飞行安全,中等,3,是,干扰野生动物,破坏植被,产生噪音污染,视觉污染,改善空气质量,,干扰野生动物;破坏植被;产生噪音污染;视觉污染,,超级管理员,2025-09-18 15:38:26,2025-09-18 15:38:34
01565,为减少无人机对环境的影响，可以采取的保护措施有（）。,多选题,飞行安全,中等,3,是,避开野生动物保护区和敏感生态区域飞行,控制飞行高度和速度，降低噪音,定期检查和维护无人机，防止意外坠落,增加无人机飞行频率,提高使用者的环保意识和操作规范,,避开野生动物保护区和敏感生态区域飞行;控制飞行高度和速度，降低噪音;定期检查和维护无人机，防止意外坠落;提高使用者的环保意识和操作规范,,超级管理员,2025-09-18 15:38:26,2025-09-18 15:38:34
01566,根据《中华人民共和国劳动法》，企业应当依法为员工缴纳社会保险费，（）不属于社会保险范畴。,单选题,法规法律,中等,2,是,养老保险,医疗保险,健康保险,工伤保险,,,健康保险,,超级管理员,2025-09-18 15:38:26,2025-09-18 15:38:34
01567,劳动者有权在法定工作时间以外延长工作时间，但每日不得超过（）。,单选题,法规法律,中等,2,是,1小时,2小时,3小时,4小时,,,2小时,,超级管理员,2025-09-18 15:38:26,2025-09-18 15:38:34
01568,用人单位应当按照国家规定为劳动者缴纳（）。,单选题,法规法律,中等,2,是,养老保险、医疗保险、失业保险、工伤保险和生育保险,商业保险,意外伤害险,旅游保险,,,养老保险、医疗保险、失业保险、工伤保险和生育保险,,超级管理员,2025-09-18 15:38:26,2025-09-18 15:38:34
01569,劳动者因工受伤应当获得（）。,单选题,法规法律,中等,2,是,医疗费用自理,工伤保险待遇,单位支付一次性补偿,社会救助,,,工伤保险待遇,,超级管理员,2025-09-18 15:38:26,2025-09-18 15:38:34
01570,劳动者不必缴纳工伤保险费和生育保险费。,单选题,法规法律,中等,2,是,正确,错误,,,,,正确,,超级管理员,2025-09-18 15:38:26,2025-09-18 15:38:34
01571,依据《劳动法》规定，劳动者在严重违反用人单位规章制度的情况下，用人单位可以解除劳动合同，但应提前三十日通知劳动者。,单选题,法规法律,中等,2,是,正确,错误,,,,,错误,,超级管理员,2025-09-18 15:38:26,2025-09-18 15:38:34
01572,劳动合同法的调整对象一般包括（）。,多选题,法规法律,中等,3,是,劳动关系,雇佣关系,劳务关系,上下层关系,契约关系,,劳动关系;雇佣关系,,超级管理员,2025-09-18 15:38:26,2025-09-18 15:38:34
01573,劳动者依法享有的权利有（）。,多选题,法规法律,中等,3,是,平等就业和选择职业的权利,取得劳动报酬的权利,休息休假的权利,获得无人机飞行安全培训的权利（非法定劳动权利）,接受职业技能培训的权利,,平等就业和选择职业的权利;取得劳动报酬的权利;休息休假的权利;接受职业技能培训的权利,,超级管理员,2025-09-18 15:38:26,2025-09-18 15:38:34
01574,根据劳动合同法，用人单位自（ ）起即与劳动者建立劳动关系。,单选题,法规法律,中等,2,是,用工之日,签订劳动合同之日,劳动者报到之日,试用期开始之日,,,用工之日,,超级管理员,2025-09-18 15:38:26,2025-09-18 15:38:34
01575,劳动合同期限三个月以上不满一年的，试用期不得超过（ ）。,单选题,法规法律,中等,2,是,一个月,二个月,三个月,六个月,,,一个月,,超级管理员,2025-09-18 15:38:26,2025-09-18 15:38:34
01576,劳动者在试用期的工资不得低于本单位相同岗位最低档工资或者劳动合同约定工资的（ ），并不得低于用人单位所在地的最低工资标准。,单选题,法规法律,中等,2,是,0.8,0.7,0.6,0.5,,,0.8,,超级管理员,2025-09-18 15:38:26,2025-09-18 15:38:34
01577,用人单位解除劳动合同，应当提前（ ）以书面形式通知劳动者本人或者额外支付劳动者一个月工资。,单选题,法规法律,中等,2,是,15 日,30 日,45 日,60 日,,,30 日,,超级管理员,2025-09-18 15:38:26,2025-09-18 15:38:34
01578,无人机操作员与用人单位签订劳动合同时，应当明确约定工作岗位、工作内容、工作地点等信息，确保劳动合同内容的明确性和合法性（）。,单选题,法规法律,中等,2,是,正确,错误,,,,,正确,,超级管理员,2025-09-18 15:38:26,2025-09-18 15:38:34
01579,如果无人机操作员与用人单位之间的劳动合同期满后，未进行续签，且双方未明确约定是否继续劳动关系，则劳动合同终止，操作员应无权要求继续就业（）。,单选题,法规法律,中等,2,是,正确,错误,,,,,错误,,超级管理员,2025-09-18 15:38:26,2025-09-18 15:38:34
01580,用工单位对被派遣的劳动者应该承担的义务有（）。,多选题,法规法律,中等,3,是,连续用工的，实行正常的工资调整机制,执行国家劳动标准，提供相应的劳动条件和劳动保护,支付加班费、绩效奖金，提供与工作岗位相关的福利待遇,为被派遣劳动者购买无人机（无关义务）,告知被派遣劳动者的工作要求和劳动报酬,,连续用工的，实行正常的工资调整机制;执行国家劳动标准，提供相应的劳动条件和劳动保护;支付加班费、绩效奖金，提供与工作岗位相关的福利待遇;告知被派遣劳动者的工作要求和劳动报酬,,超级管理员,2025-09-18 15:38:26,2025-09-18 15:38:34
01581,关于非全日制用工的劳动者的工资支付规定正确的是（）。,多选题,法规法律,中等,3,是,用人单位应当按时足额支付非全日制劳动者的工资,用人单位支付非全日制劳动者的小时工资不得低于当地政府规定的小时最低工资标准,非全日制用工的工资支付可以按小时、日、周或十五日为单位结算,非全日制用工劳动报酬结算支付周期最长不得超过十五日,非全日制用工的劳动者可以不参加社会保险,,用人单位应当按时足额支付非全日制劳动者的工资;用人单位支付非全日制劳动者的小时工资不得低于当地政府规定的小时最低工资标准;非全日制用工的工资支付可以按小时、日、周或十五日为单位结算;非全日制用工劳动报酬结算支付周期最长不得超过十五日,,超级管理员,2025-09-18 15:38:26,2025-09-18 15:38:34
01582,从业人员在安全生产中有权拒绝（）。,单选题,法规法律,中等,2,是,正常的工作安排,佩戴个人防护用品的要求,违章指挥,工作环境的改善建议,,,违章指挥,,超级管理员,2025-09-18 15:38:26,2025-09-18 15:38:34
01583,生产经营单位发生生产安全事故后，应当立即采取的行动是（）。,单选题,法规法律,中等,2,是,隐藏不报,组织抢救,等待调查结果再处理,只上报不处理,,,组织抢救,,超级管理员,2025-09-18 15:38:26,2025-09-18 15:38:34
01584,生产经营单位必须为从业人员提供符合（）的劳动保护用品。,单选题,法规法律,中等,2,是,国家标准或者行业标准,地方标准,企业自定标准,最低成本标准,,,国家标准或者行业标准,,超级管理员,2025-09-18 15:38:26,2025-09-18 15:38:34
01585,生产经营单位应当对从业人员进行安全生产教育和培训，培训内容不包括（）。,单选题,法规法律,中等,2,是,安全操作规程,应急救援知识,企业文化宣传,个人防护用品的使用,,,企业文化宣传,,超级管理员,2025-09-18 15:38:26,2025-09-18 15:38:34
01586,生产经营单位使用被派遣劳动者的，可以与被派遣劳动者约定是否享有安全生产方面的权利、履行安全生产方面的义务。,单选题,法规法律,中等,2,是,正确,错误,,,,,正确,,超级管理员,2025-09-18 15:38:26,2025-09-18 15:38:34
01587,安全生产监督检查人员执行监督检查任务时，必须出示有效的行政执法证件；对涉及被检查单位的技术秘密和业务秘密，应当为其保密。,单选题,法规法律,中等,2,是,正确,错误,,,,,错误,,超级管理员,2025-09-18 15:38:26,2025-09-18 15:38:34
01588,根据《中华人民共和国安全生产法》，生产经营单位的主要负责人对本单位安全生产工作负有（ ）等职责。,多选题,法规法律,中等,3,是,建立健全并落实本单位全员安全生产责任制，加强安全生产标准化建设,组织制定并实施本单位安全生产规章制度和操作规程,组织制定并实施本单位关于无人机飞行安全的专项培训计划,保证本单位安全生产投入的有效实施,组织建立并落实针对无人机作业的安全风险分级管控制度和隐患排查治理双重预防工作机制，督促、检查本单位的安全生产工作，及时消除与无人机相关的生产安全事故隐患,,建立健全并落实本单位全员安全生产责任制，加强安全生产标准化建设;组织制定并实施本单位安全生产规章制度和操作规程;保证本单位安全生产投入的有效实施;组织建立并落实针对无人机作业的安全风险分级管控制度和隐患排查治理双重预防工作机制，督促、检查本单位的安全生产工作，及时消除与无人机相关的生产安全事故隐患,,超级管理员,2025-09-18 15:38:26,2025-09-18 15:38:34
01589,生产经营单位应当具备的安全生产条件所必需的资金投入，由（ ）予以保证，并对由于安全生产所必需的资金投入不足导致的后果承担责任。,多选题,法规法律,中等,3,是,生产经营单位的决策机构,主要负责人,个人经营的投资人,安全生产监督管理部门,生产经营单位的财务部门,,生产经营单位的决策机构;主要负责人;个人经营的投资人,,超级管理员,2025-09-18 15:38:26,2025-09-18 15:38:34
01590,环境保护坚持保护优先、（ ）、综合治理、公众参与、损害担责的原则。,单选题,法规法律,中等,2,是,防治结合,预防为主,源头控制,过程监管,,,预防为主,,超级管理员,2025-09-18 15:38:26,2025-09-18 15:38:34
01591,企业事业单位和其他生产经营者违反法律法规规定排放污染物，造成或者可能造成严重污染的，县级以上人民政府环境保护主管部门和其他负有环境保护监督管理职责的部门，可以（ ）。,单选题,法规法律,中等,2,是,责令其停产停业,对其进行罚款,查封、扣押造成污染物排放的设施、设备,对主要负责人进行行政拘留,,,查封、扣押造成污染物排放的设施、设备,,超级管理员,2025-09-18 15:38:26,2025-09-18 15:38:35
01592,对保护和改善环境有显著成绩的单位和个人，由（ ）给予奖励。,单选题,法规法律,中等,2,是,环境保护部门,人民政府,社会公益组织,企业自身,,,人民政府,,超级管理员,2025-09-18 15:38:26,2025-09-18 15:38:35
01593,根据《中华人民共和国环境保护法》，因环境污染损害赔偿提起诉讼的时效期间为（）。,单选题,法规法律,中等,2,是,1年,2年,3年,4年,,,3年,,超级管理员,2025-09-18 15:38:26,2025-09-18 15:38:35
01594,省级以上人民政府应当加大保护和改善环境、防治污染和其他公害的财政投入，提高财政资金的使用效益。,单选题,法规法律,中等,2,是,正确,错误,,,,,错误,,超级管理员,2025-09-18 15:38:26,2025-09-18 15:38:35
01595,企业事业单位和其他生产经营者，在污染物排放符合法定要求的基础上，进一步减少污染物排放的，人民政府应当依法采取财政、税收、价格、政府采购等方面的政策和措施予以鼓励和支持。,单选题,法规法律,中等,2,是,正确,错误,,,,,正确,,超级管理员,2025-09-18 15:38:26,2025-09-18 15:38:35
01596,属于环境保护的基本原则的有（ ）。,多选题,法规法律,中等,3,是,保护优先、预防为主、综合治理,公众参与,损害担责,经济优先，兼顾环境,先污染后治理,,保护优先、预防为主、综合治理;公众参与;损害担责,,超级管理员,2025-09-18 15:38:26,2025-09-18 15:38:35
01597,排放污染物的企业事业单位和其他生产经营者，应当采取措施，防治在生产建设或者其他活动中产生的（ ）等对环境的污染和危害。,多选题,法规法律,中等,3,是,废气,废水,废渣,在无人机电池生产过程中产生的特定污染物,噪声、振动、光辐射、电磁辐射,,废气;废水;废渣;噪声、振动、光辐射、电磁辐射,,超级管理员,2025-09-18 15:38:26,2025-09-18 15:38:35
01598,生产者应当对其生产的产品质量负责，产品质量应当符合的要求中不包括（ ）。,单选题,法规法律,中等,2,是,不存在危及人身、财产安全的不合理的危险,具备产品应当具备的使用性能,符合在产品或者其包装上注明采用的产品标准,产品包装必须精美,,,产品包装必须精美,,超级管理员,2025-09-18 15:38:26,2025-09-18 15:38:35
01599,销售者的产品质量义务不包括（ ）。,单选题,法规法律,中等,2,是,建立并执行进货检查验收制度,采取措施，保持销售产品的质量,对产品进行深加工，提高产品质量,不得销售国家明令淘汰并停止销售的产品,,,对产品进行深加工，提高产品质量,,超级管理员,2025-09-18 15:38:26,2025-09-18 15:38:35
01600,因产品存在缺陷造成人身、他人财产损害的，（ ）应当承担赔偿责任。,单选题,法规法律,中等,2,是,生产者,销售者,生产者和销售者,使用者,,,生产者和销售者,,超级管理员,2025-09-18 15:38:26,2025-09-18 15:38:35
01601,国家对产品质量实行以（ ）为主要方式的监督检查制度。,单选题,法规法律,中等,2,是,抽查,普查,自查,互查,,,抽查,,超级管理员,2025-09-18 15:38:26,2025-09-18 15:38:35
01602,裸装的食品和其他根据产品的特点难以附加标识的裸装产品，可以不附加产品标识。,单选题,法规法律,中等,2,是,正确,错误,,,,,正确,,超级管理员,2025-09-18 15:38:26,2025-09-18 15:38:35
01603,因产品质量发生民事纠纷时，当事人只能通过协商或者调解解决。,单选题,法规法律,中等,2,是,正确,错误,,,,,错误,,超级管理员,2025-09-18 15:38:26,2025-09-18 15:38:35
01604,属于产品质量法中产品质量应当检验合格的要求有（ ）。,多选题,法规法律,中等,3,是,产品必须符合保障人体健康和人身、财产安全的国家标准、行业标准,产品应当具备其应有的使用性能,产品质量应当符合在产品或者其包装上注明采用的产品标准,产品质量应当符合以产品说明、实物样品等方式表明的质量状况,只要产品能够正常销售，就视为合格产品,,产品必须符合保障人体健康和人身、财产安全的国家标准、行业标准;产品应当具备其应有的使用性能;产品质量应当符合在产品或者其包装上注明采用的产品标准;产品质量应当符合以产品说明、实物样品等方式表明的质量状况,,超级管理员,2025-09-18 15:38:26,2025-09-18 15:38:35
01605,销售者的产品质量责任和义务包括（ ）。,多选题,法规法律,中等,3,是,销售者应当建立并执行进货检查验收制度，验明产品合格证明和其他标识,销售者应当采取措施，保持销售产品的质量,销售者不得销售国家明令淘汰并停止销售的产品和失效、变质的产品,销售者销售的产品的标识应当符合本法规定,销售者可以根据自己的意愿，修改产品的生产日期来延长产品销售周期,,销售者应当建立并执行进货检查验收制度，验明产品合格证明和其他标识;销售者应当采取措施，保持销售产品的质量;销售者不得销售国家明令淘汰并停止销售的产品和失效、变质的产品;销售者销售的产品的标识应当符合本法规定,,超级管理员,2025-09-18 15:38:26,2025-09-18 15:38:35
01606,民用航空器的适航管理由（ ）负责。,单选题,法规法律,中等,2,是,国务院民用航空主管部门,航空器制造企业,航空器使用者,地方航空管理部门,,,国务院民用航空主管部门,,超级管理员,2025-09-18 15:38:26,2025-09-18 15:38:35
01607,民用航空器权利登记的主管部门是（ ）。,单选题,法规法律,中等,2,是,国务院民用航空主管部门,国家工商行政管理部门,国家知识产权局,中国民用航空局空中交通管理局,,,国务院民用航空主管部门,,超级管理员,2025-09-18 15:38:26,2025-09-18 15:38:35
01608,民用航空器优先权适用（ ）的法律。,单选题,法规法律,中等,2,是,航空器国籍登记国,航空器制造国,航空器运营国,航空器失事国,,,航空器国籍登记国,,超级管理员,2025-09-18 15:38:26,2025-09-18 15:38:35
01609,搜寻援救民用航空器的具体办法，由（ ）规定。,单选题,法规法律,中等,2,是,国务院民用航空主管部门,国务院,全国人民代表大会常务委员会,地方人民政府,,,国务院,,超级管理员,2025-09-18 15:38:26,2025-09-18 15:38:35
01610,民用航空器的机长或者机组其他人员有受到酒类饮料、麻醉剂或者其他药物的影响，损及工作能力的情况，不得执行飞行任务。,单选题,法规法律,中等,2,是,正确,错误,,,,,正确,,超级管理员,2025-09-18 15:38:26,2025-09-18 15:38:35
01611,国内航空运输合同的当事人可以选择合同适用的法律，但是法律另有规定的除外。,单选题,法规法律,中等,2,是,正确,错误,,,,,错误,,超级管理员,2025-09-18 15:38:26,2025-09-18 15:38:35
01612,民用机场新建、扩建的公告发布前，在依法划定的民用机场范围内和按照国家规定划定的机场净空保护区域内存在的可能影响飞行安全的建筑物、构筑物、树木、灯光和其他障碍物体，应当在规定的期限内（ ）。,多选题,法规法律,中等,3,是,清除,迁移,改造,采取相应的安全措施,保持原状,,清除;迁移;改造;采取相应的安全措施,,超级管理员,2025-09-18 15:38:26,2025-09-18 15:38:35
01613,民用航空器抵押权设立后，未经抵押权人同意，抵押人不得将被抵押民用航空器（ ）。,多选题,法规法律,中等,3,是,转让,出租给用于无人机培训的机构,抵押给其他人,赠予,拆解用于无人机零部件制造,,转让;抵押给其他人,,超级管理员,2025-09-18 15:38:26,2025-09-18 15:38:35
01614,从事通用航空飞行活动的单位、个人，根据飞行活动要求，需要划设临时飞行空域的，应当向有关飞行管制部门提出划设临时飞行空域的申请。受理申请的飞行管制部门应当自受理申请之日起（ ）个工作日内作出批准或者不予批准的决定。,单选题,法规法律,中等,2,是,7,10,15,30,,,7,,超级管理员,2025-09-18 15:38:26,2025-09-18 15:38:35
01615,在临时飞行空域内进行通用航空飞行活动的，可以在申请划设临时飞行空域时一并提出（ ）小时以内的短期飞行计划申请，不再另行申请。,单选题,法规法律,中等,2,是,12,24,36,48,,,24,,超级管理员,2025-09-18 15:38:26,2025-09-18 15:38:35
01616,通用航空飞行任务的飞行计划申请，应当在拟飞行前（ ）提出。,单选题,法规法律,中等,2,是,1 天,2 天,3 天,7 天,,,1 天,,超级管理员,2025-09-18 15:38:26,2025-09-18 15:38:35
01617,组织实施通用航空飞行活动的单位、个人，应当在飞行活动结束后（ ）内，将飞行活动情况报送有关飞行管制部门。,单选题,法规法律,中等,2,是,10 分钟,30 分钟,1 小时,24 小时,,,24 小时,,超级管理员,2025-09-18 15:38:26,2025-09-18 15:38:35
01618,通用航空飞行活动在非管制空域内飞行无需向任何部门报告。,单选题,法规法律,中等,2,是,正确,错误,,,,,错误,,超级管理员,2025-09-18 15:38:26,2025-09-18 15:38:35
01619,通用航空飞行的航空器只要购买了保险就可以随意飞行。,单选题,法规法律,中等,2,是,正确,错误,,,,,错误,,超级管理员,2025-09-18 15:38:26,2025-09-18 15:38:35
01620,通用航空飞行中，飞行计划应包含（）等信息。,多选题,法规法律,中等,3,是,飞行任务性质,航空器型号,预计飞行高度,飞行人员家庭住址,飞行起止地点,,飞行任务性质;航空器型号;预计飞行高度;飞行起止地点,,超级管理员,2025-09-18 15:38:26,2025-09-18 15:38:35
01621,（）因素可能影响通用航空飞行的审批结果。,多选题,法规法律,中等,3,是,拟飞行空域的繁忙程度,飞行单位的安全记录,当地的政治经济形势 飞行员的发型,申请飞行时段的气象预报,,,拟飞行空域的繁忙程度;飞行单位的安全记录;当地的政治经济形势 飞行员的发型,,超级管理员,2025-09-18 15:38:26,2025-09-18 15:38:35
01622,民用航空安全管理应当坚持（ ）的工作方针。,单选题,法规法律,中等,2,是,安全第一、预防为主、综合治理,安全至上、预防为主、严格管理,安全优先、防治结合、综合治理,安全为本、防治结合、严格管理,,,安全第一、预防为主、综合治理,,超级管理员,2025-09-18 15:38:26,2025-09-18 15:38:35
01623,民航生产经营单位应当依法建立并实施（ ），以保障航空安全。,单选题,法规法律,中等,2,是,安全管理体系,质量控制体系,风险评估体系,应急救援体系,,,安全管理体系,,超级管理员,2025-09-18 15:38:26,2025-09-18 15:38:35
01624,民航生产经营单位应当至少（ ）对本单位安全管理体系的运行情况进行一次评估。,单选题,法规法律,中等,2,是,每月,每季度,每半年,每年,,,每年,,超级管理员,2025-09-18 15:38:26,2025-09-18 15:38:35
01625,民用航空安全信息包括民用航空（ ）等信息。,单选题,法规法律,中等,2,是,事故、事故征候、其他不安全事件,飞行计划、飞行高度、飞行速度,机场设施、航空器设备、空管设备,航空公司财务状况、员工培训情况、航班安排,,,事故、事故征候、其他不安全事件,,超级管理员,2025-09-18 15:38:26,2025-09-18 15:38:35
01626,根据《民用航空安全管理规定》，民航生产经营单位主要负责人对本单位的安全管理工作全面负责。,单选题,法规法律,中等,2,是,正确,错误,,,,,正确,,超级管理员,2025-09-18 15:38:26,2025-09-18 15:38:35
01627,《民用航空安全管理规定》中，安全管理体系的建立和运行与人员培训没有关联。,单选题,法规法律,中等,2,是,正确,错误,,,,,错误,,超级管理员,2025-09-18 15:38:26,2025-09-18 15:38:35
01628,《民用航空安全管理规定》中，民航生产经营单位的安全培训内容应当包括（ ）。,多选题,法规法律,中等,3,是,国家有关安全生产的法律、法规和民用航空规章,安全管理知识和技能,针对无人机飞行事故的应急预案培训和演练,典型事故案例分析,无人机飞行空域管理知识,,国家有关安全生产的法律、法规和民用航空规章;安全管理知识和技能;针对无人机飞行事故的应急预案培训和演练;典型事故案例分析,,超级管理员,2025-09-18 15:38:26,2025-09-18 15:38:35
01629,按照规定，在安全信息管理方面，民航生产经营单位应当（ ）。,多选题,法规法律,中等,3,是,建立安全信息管理制度,收集、分析和利用安全信息,防止安全信息被篡改,定期向监管部门报送全部安全信息,及时处理安全信息反映的问题,,建立安全信息管理制度;收集、分析和利用安全信息;防止安全信息被篡改;及时处理安全信息反映的问题,,超级管理员,2025-09-18 15:38:26,2025-09-18 15:38:35
01630,无人机飞行需遵守的主要法规是（）。,单选题,法规法律,中等,2,是,《中华人民共和国治安管理处罚法》,《中华人民共和国道路交通安全法》,《中华人民共和国民用航空法》及《通用航空飞行管制条例》,《中华人民共和国劳动法》,,,《中华人民共和国民用航空法》及《通用航空飞行管制条例》,,超级管理员,2025-09-18 15:38:26,2025-09-18 15:38:35
01631,根据《民用无人机驾驶员管理规定》，关于无人机实名登记的说法正确的是：（）。,单选题,法规法律,中等,2,是,所有无人机均需实名登记，无论起飞重量大小,起飞重量在250克的无人机无需实名登记,实名登记信息包括拥有者姓名、证件号码及无人机型号，但无需电子邮箱,未经实名登记的无人机不得飞行,,,未经实名登记的无人机不得飞行,,超级管理员,2025-09-18 15:38:26,2025-09-18 15:38:35
01632,根据《民用无人机驾驶员管理规定》，民用无人机驾驶员在申请执照更新时，需在执照有效期届满前（  ）内提出申请。,单选题,法规法律,中等,2,是,一个月,两个月,三个月,六个月,,,三个月,,超级管理员,2025-09-18 15:38:26,2025-09-18 15:38:35
01633,申请民用无人机驾驶员合格证，年龄应满（ ）周岁。,单选题,法规法律,中等,2,是,14,16,18,20,,,16,,超级管理员,2025-09-18 15:38:26,2025-09-18 15:38:35
01634,视距内运行的无人机驾驶员无需取得任何资质。（ ）,单选题,法规法律,中等,2,是,正确,错误,,,,,错误,,超级管理员,2025-09-18 15:38:26,2025-09-18 15:38:35
01635,民用无人机驾驶员合格证仅在国内有效，不能在境外使用。（ ）,单选题,法规法律,中等,2,是,正确,错误,,,,,正确,,超级管理员,2025-09-18 15:38:26,2025-09-18 15:38:35
01636,《民用无人机驾驶员管理规定》中，对于无人机驾驶员培训有（ ）。,多选题,法规法律,中等,3,是,航空法规知识,无人机系统知识,气象知识,应急处置知识,无人机表演编排知识,,航空法规知识;无人机系统知识;气象知识;应急处置知识,,超级管理员,2025-09-18 15:38:26,2025-09-18 15:38:35
01637,按照《民用无人机驾驶员管理规定》，在申请无人机驾驶员合格证时，可能需要提供（ ）。,多选题,法规法律,中等,3,是,身份证明文件,培训合格证明,健康证明（如视力等相关内容）,无人机设备的购买发票,飞行经历记录,,身份证明文件;培训合格证明;健康证明（如视力等相关内容）;飞行经历记录,,超级管理员,2025-09-18 15:38:26,2025-09-18 15:38:35
01638,根据《轻小无人机运行规定（试行）》的要求，轻小无人机在城市区域飞行时，最大飞行高度不得超过多少米。（）,单选题,法规法律,中等,2,是,50米,100米,120米,150米,,,100米,,超级管理员,2025-09-18 15:38:26,2025-09-18 15:38:35
01639,根据《轻小无人机运行规定（试行）》的要求，轻小无人机飞行前必须进行准备是（）。,单选题,法规法律,中等,2,是,确认天气情况,进行起飞前检查和飞行计划备案,检查电池电量,检查机体外观,,,进行起飞前检查和飞行计划备案,,超级管理员,2025-09-18 15:38:26,2025-09-18 15:38:35
01640,轻小无人机（）用于商业拍摄。,单选题,法规法律,中等,2,是,无需申请,在获得相应许可后,视情况而定,不可以,,,在获得相应许可后,,超级管理员,2025-09-18 15:38:26,2025-09-18 15:38:35
01641,根据《轻小无人机运行规定（试行）》规定，轻小无人机在夜间飞行时，必须配备（  ）。,单选题,法规法律,中等,2,是,强光手电筒,定位指示灯,防撞警示灯,红外探照灯,,,防撞警示灯,,超级管理员,2025-09-18 15:38:26,2025-09-18 15:38:35
01642,根据《轻小无人机运行规定（试行）》，所有轻小无人机都可以在任何高度飞行。,单选题,法规法律,中等,2,是,正确,错误,,,,,错误,,超级管理员,2025-09-18 15:38:26,2025-09-18 15:38:35
01643,《轻小无人机运行规定（试行）》规定，在人口密集区域只要操作人员认为安全就可以飞行。,单选题,法规法律,中等,2,是,正确,错误,,,,,错误,,超级管理员,2025-09-18 15:38:26,2025-09-18 15:38:35
01644,《轻小无人机运行规定（试行）》中，轻小无人机操作人员应当（ ）。,多选题,法规法律,中等,3,是,具备相应的操作技能,了解相关的法规知识,定期对无人机进行维护检查,为无人机购买保险,向监管部门报备每次飞行计划,,具备相应的操作技能;了解相关的法规知识;定期对无人机进行维护检查,,超级管理员,2025-09-18 15:38:26,2025-09-18 15:38:35
01645,依据《轻小无人机运行规定（试行）》，对于违反规定飞行的行为，可能会面临（ ）。,多选题,法规法律,中等,3,是,警告,罚款,暂扣无人机,没收违法所得,吊销操作人员资质,,警告;罚款;暂扣无人机,,超级管理员,2025-09-18 15:38:26,2025-09-18 15:38:35
01646,民用无人驾驶航空器实名登记号码共（ ）位。,单选题,法规法律,中等,2,是,10,11,12,13,,,11,,超级管理员,2025-09-18 15:38:26,2025-09-18 15:38:35
01647,民用无人驾驶航空器登记信息发生变化时，拥有者应当在（ ）内向原登记部门申请变更。,单选题,法规法律,中等,2,是,12 小时,24 小时,48 小时,72 小时,,,48 小时,,超级管理员,2025-09-18 15:38:26,2025-09-18 15:38:35
01648,当民用无人驾驶航空器丢失或者被盗后，拥有者应当在（ ）内向原登记部门报告。,单选题,法规法律,中等,2,是,12 小时,24 小时,48 小时,72 小时,,,12 小时,,超级管理员,2025-09-18 15:38:26,2025-09-18 15:38:35
01649,对于违反民用无人驾驶航空器实名制登记管理规定的行为，由相关部门责令改正，可以处（ ）以下的罚款。,单选题,法规法律,中等,2,是,100 元,200 元,500 元,1000 元,,,200 元,,超级管理员,2025-09-18 15:38:26,2025-09-18 15:38:35
01650,根据《民用无人驾驶航空器实名制登记管理规定》，所有民用无人驾驶航空器都不需要进行实名制登记。,单选题,法规法律,中等,2,是,正确,错误,,,,,错误,,超级管理员,2025-09-18 15:38:26,2025-09-18 15:38:35
01651,按照规定，购买二手民用无人驾驶航空器后，不需要重新登记，原登记信息依然有效。,单选题,法规法律,中等,2,是,正确,错误,,,,,错误,,超级管理员,2025-09-18 15:38:26,2025-09-18 15:38:35
01652,《民用无人驾驶航空器实名制登记管理规定》要求登记的信息包括（ ）。,多选题,法规法律,中等,3,是,航空器型号,航空器序列号,所有人姓名 / 单位名称,联系方式,飞行区域,,航空器型号;航空器序列号;所有人姓名 / 单位名称;联系方式,,超级管理员,2025-09-18 15:38:26,2025-09-18 15:38:35
01653,依据《民用无人驾驶航空器实名制登记管理规定》，未按照规定进行登记的单位或个人可能面临（ ）。,多选题,法规法律,中等,3,是,警告,罚款,暂扣航空器,责令限期改正,禁止购买新的航空器,,警告;罚款;暂扣航空器;责令限期改正,,超级管理员,2025-09-18 15:38:26,2025-09-18 15:38:35
01654,不属于四旋翼无人机的飞行平台是（）。,单选题,结构组成,中等,2,是,DJIMavicAir,ParrotAnafi,YuneecTyphoonH,Mission Planner,,,Mission Planner,,超级管理员,2025-09-18 15:38:26,2025-09-18 15:38:35
01655,无人机飞行平台中，针对长距离飞行任务，（）无人机具有较高的飞行效率。,单选题,结构组成,中等,2,是,固定翼无人机,无人直升机,多旋翼无人机,伞翼无人机,,,固定翼无人机,,超级管理员,2025-09-18 15:38:26,2025-09-18 15:38:35
01656,以下（）无人机构型最适合在狭小空间内垂直起降和悬停。,单选题,结构组成,中等,2,是,固定翼,多旋翼,飞艇,倾转旋翼,,,多旋翼,,超级管理员,2025-09-18 15:38:26,2025-09-18 15:38:35
01657,多旋翼无人机的续航时间通常比固定翼无人机更长（）。,单选题,结构组成,中等,2,是,正确,错误,,,,,错误,,超级管理员,2025-09-18 15:38:26,2025-09-18 15:38:35
01658,固定翼无人机和旋翼无人机的主要区别在于飞行方式的不同，固定翼无人机不能在空中悬停。（）,单选题,结构组成,中等,2,是,正确,错误,,,,,正确,,超级管理员,2025-09-18 15:38:26,2025-09-18 15:38:35
01659,会影响固定翼无人机的飞行性能的因素是（）。,多选题,结构组成,中等,3,是,机身重量,翼展长度,发动机功率,悬挂载荷,空气密度,,机身重量;翼展长度;发动机功率,,超级管理员,2025-09-18 15:38:26,2025-09-18 15:38:35
01660,关于常见无人机飞行平台的构型，（）描述是正确的。,多选题,结构组成,中等,3,是,固定翼无人机通常具有较高的巡航速度和航程,多旋翼无人机适合进行垂直起降和悬停操作,无人直升机具备高度的机动性和灵活性,无人飞艇主要依赖浮力进行飞行，载重量大,所有无人机构型都适用于高速、长距离飞行,,固定翼无人机通常具有较高的巡航速度和航程;多旋翼无人机适合进行垂直起降和悬停操作;无人直升机具备高度的机动性和灵活性;无人飞艇主要依赖浮力进行飞行，载重量大,,超级管理员,2025-09-18 15:38:26,2025-09-18 15:38:35
01661,同等供电条件下续航时间长、飞行效率最高、载荷能力最大的是（）无人机。,单选题,结构组成,中等,2,是,无人直升机,多旋翼无人机,固定翼无人机,自转旋翼机,,,固定翼无人机,,超级管理员,2025-09-18 15:38:26,2025-09-18 15:38:35
01662,同等供电条件下续航时间最短、载重能力最差，但可垂直起降、机械结构简单、易维护的是（）无人机。,单选题,结构组成,中等,2,是,无人直升机,多旋翼无人机,固定翼无人机,自转旋翼机,,,多旋翼无人机,,超级管理员,2025-09-18 15:38:26,2025-09-18 15:38:35
01663,具有高机动性、垂直起降，但机械结构复杂、维护成本高特点的无人机是（）。,单选题,结构组成,中等,2,是,无人直升机,多旋翼无人机,固定翼无人机,自转旋翼机,,,无人直升机,,超级管理员,2025-09-18 15:38:26,2025-09-18 15:38:35
01664,直升机无人机的尾桨主要作用是提供垂直方向的升力，帮助直升机起飞。（）,单选题,结构组成,中等,2,是,正确,错误,,,,,错误,,超级管理员,2025-09-18 15:38:26,2025-09-18 15:38:35
01665,复合翼无人机结合了固定翼和多旋翼的优点，在任何飞行阶段，固定翼部分和多旋翼部分都同时工作。（）,单选题,结构组成,中等,2,是,正确,错误,,,,,错误,,超级管理员,2025-09-18 15:38:26,2025-09-18 15:38:35
01666,多旋翼无人机的特点包括（ ）。,多选题,结构组成,中等,3,是,结构简单，成本较低,能够垂直起降，操作灵活,可在空中悬停,飞行速度快,适合低空、低速飞行任务,,结构简单，成本较低;能够垂直起降，操作灵活;可在空中悬停;适合低空、低速飞行任务,,超级管理员,2025-09-18 15:38:26,2025-09-18 15:38:36
01667,以下（）构型适合执行短距离、高精度的任务。,多选题,结构组成,中等,3,是,固定翼,多旋翼,单旋翼直升机,直升机,垂直起降固定翼,,多旋翼;单旋翼直升机,,超级管理员,2025-09-18 15:38:26,2025-09-18 15:38:36
01668,在城市空间、各种救灾场景或者野外环境中进行精确悬停和垂直起降，（）无人机飞行平台构型最为合适。,单选题,结构组成,中等,2,是,固定翼无人机,多旋翼无人机,直升机,无人飞艇,,,多旋翼无人机,,超级管理员,2025-09-18 15:38:26,2025-09-18 15:38:36
01669,生活中多旋翼无人机通常最适用于（）应用场景。,单选题,结构组成,中等,2,是,长时间空中侦查,视距内空中摄影,超重载荷飞行,大面积长距离航测,,,视距内空中摄影,,超级管理员,2025-09-18 15:38:26,2025-09-18 15:38:36
01670,固定翼无人机最适合（）应用场景。,单选题,结构组成,中等,2,是,短途飞行,地形测绘,空中表演,气象观测,,,地形测绘,,超级管理员,2025-09-18 15:38:26,2025-09-18 15:38:36
01671,固定翼无人机的飞行速度通常比多旋翼无人机要快。（）,单选题,结构组成,中等,2,是,正确,错误,,,,,正确,,超级管理员,2025-09-18 15:38:26,2025-09-18 15:38:36
01672,多旋翼无人机因其机动灵活、易于操作的特点，非常适合在城市环境中进行航拍和监测任务。,单选题,结构组成,中等,2,是,正确,错误,,,,,正确,,超级管理员,2025-09-18 15:38:26,2025-09-18 15:38:36
01673,关于常见无人机飞行平台构型的应用场景，（）描述是正确的。,多选题,结构组成,中等,3,是,固定翼无人机常被用于大面积、高效率的航拍和测绘任务,多旋翼无人机适合在城市环境中进行空中巡查和监控,无人直升机在军事侦察和战场监视方面发挥着重要作用,无人飞艇通常用于低空、长时间的农业喷洒作业,所有无人机构型都适用于复杂环境下的搜救任务,,固定翼无人机常被用于大面积、高效率的航拍和测绘任务;多旋翼无人机适合在城市环境中进行空中巡查和监控;无人直升机在军事侦察和战场监视方面发挥着重要作用,,超级管理员,2025-09-18 15:38:26,2025-09-18 15:38:36
01674,在（）应用场景中，无人直升机可能是合适的飞行平台。,多选题,结构组成,中等,3,是,森林火险监测与灭火支持,高速公路交通监控和事故勘查,大型活动现场的航拍和直播传输,偏远山区的地形测绘和地质勘查,城市高楼的窗户清洁和维护,,森林火险监测与灭火支持;高速公路交通监控和事故勘查;偏远山区的地形测绘和地质勘查,,超级管理员,2025-09-18 15:38:26,2025-09-18 15:38:36
01675,在无人机飞行平台构型中，（）构型适用于需要快速响应和高机动性的应用。,单选题,结构组成,中等,2,是,固定翼无人机,多旋翼无人机,无人直升机,垂直起降固定翼无人机,,,多旋翼无人机,,超级管理员,2025-09-18 15:38:26,2025-09-18 15:38:36
01676,在无人机飞行平台构型的选型过程中，（）是首要考虑的因素。,单选题,结构组成,中等,2,是,无人机的外观设计,任务执行效率,无人机的品牌,无人机的重量,,,任务执行效率,,超级管理员,2025-09-18 15:38:26,2025-09-18 15:38:36
01677,在无人机飞行平台构型的选型中，（）是影响飞行性能的关键因素。,单选题,结构组成,中等,2,是,无人机的颜色,无人机的形状,无人机的动力系统,无人机的电池寿命,,,无人机的动力系统,,超级管理员,2025-09-18 15:38:26,2025-09-18 15:38:36
01678,旋翼机具有很好的垂直起降能力，但在长距离飞行时效率较低。（）,单选题,结构组成,中等,2,是,正确,错误,,,,,正确,,超级管理员,2025-09-18 15:38:26,2025-09-18 15:38:36
01679,在选择无人机飞行平台时，应首先根据任务需求确定所需的飞行性能和功能，再考虑构型的特点和优势。（）,单选题,结构组成,中等,2,是,正确,错误,,,,,正确,,超级管理员,2025-09-18 15:38:26,2025-09-18 15:38:36
01680,适合使用多旋翼无人机的应用场景是（）。,多选题,结构组成,中等,3,是,地形复杂的区域探测,极地环境下的科学考察,物流配送,农业植保,搜索救援,,地形复杂的区域探测;极地环境下的科学考察;物流配送;农业植保,,超级管理员,2025-09-18 15:38:26,2025-09-18 15:38:36
01681,在选型无人机飞行平台构型时，（）原则是必须考虑的。,多选题,结构组成,中等,3,是,任务需求明确性,平台稳定性与可靠性,经济成本与效益分析,平台外观美观程度,操作维护与培训便利性,,任务需求明确性;平台稳定性与可靠性;经济成本与效益分析;操作维护与培训便利性,,超级管理员,2025-09-18 15:38:26,2025-09-18 15:38:36
01682,在起降时对场地要求最低的无人机布局结构是（）。,单选题,结构组成,中等,2,是,倾转旋翼,尾座式,垂直起降固定翼,常规固定翼,,,垂直起降固定翼,,超级管理员,2025-09-18 15:38:26,2025-09-18 15:38:36
01683,在相同条件下，布局结构能飞得更远的无人机是（）。,单选题,结构组成,中等,2,是,固定翼,多旋翼,单旋翼直升机,倾转旋翼,,,固定翼,,超级管理员,2025-09-18 15:38:26,2025-09-18 15:38:36
01684,无人机布局结构中，（）布局的飞机在高速飞行性能优异，但低速性能不佳，影响起降能力。,单选题,结构组成,中等,2,是,常规布局,鸭式布局,无尾布局,后掠式布局,,,无尾布局,,超级管理员,2025-09-18 15:38:26,2025-09-18 15:38:36
01685,X型布局的多旋翼无人机相比于传统的四旋翼无人机，具有更高的稳定性和更强的抗风能力。（）,单选题,结构组成,中等,2,是,正确,错误,,,,,正确,,超级管理员,2025-09-18 15:38:26,2025-09-18 15:38:36
01686,固定翼无人机的机翼布局对飞行性能没有影响，不同布局可以互换使用。（）,单选题,结构组成,中等,2,是,正确,错误,,,,,错误,,超级管理员,2025-09-18 15:38:26,2025-09-18 15:38:36
01687,无人机布局结构的不同会影响其性能表现，描述正确的是（）。,多选题,结构组成,中等,3,是,旋翼式无人机具有较好的垂直起降能力,固定翼无人机具有高速度和大航程的特点,无人直升机通常适用于低空侦察和悬停作业,多旋翼无人机在风大环境下稳定性更佳,扑翼式无人机在模拟鸟类飞行方面具有优势,,旋翼式无人机具有较好的垂直起降能力;固定翼无人机具有高速度和大航程的特点;无人直升机通常适用于低空侦察和悬停作业;扑翼式无人机在模拟鸟类飞行方面具有优势,,超级管理员,2025-09-18 15:38:26,2025-09-18 15:38:36
01688,（）区分不同种类的无人机布局结构。,多选题,结构组成,中等,3,是,观察无人机的机翼数量和形状,分析无人机的起飞和降落方式,研究无人机的推进系统和动力来源,仅根据无人机的尺寸大小进行判断,考察无人机在执行任务时的灵活性,,观察无人机的机翼数量和形状;分析无人机的起飞和降落方式;研究无人机的推进系统和动力来源;考察无人机在执行任务时的灵活性,,超级管理员,2025-09-18 15:38:26,2025-09-18 15:38:36
01689,倾转旋翼无人机通常采用（）布局结构。,单选题,结构组成,中等,2,是,固定翼加旋转翼,多旋翼布局,混合翼布局,飞翼布局,,,固定翼加旋转翼,,超级管理员,2025-09-18 15:38:26,2025-09-18 15:38:36
01690,高空长航时无人机通常采用（）尾翼布局来提高飞行效率。,单选题,结构组成,中等,2,是,V形尾翼,双立尾,单立尾,无尾布局,,,V形尾翼,,超级管理员,2025-09-18 15:38:26,2025-09-18 15:38:36
01691,无尾式布局的无人机与有尾式布局相比具有（）优点。,单选题,结构组成,困难,2,是,更高的飞行稳定性,更好的低速操控性,更轻的结构重量和更低的阻力,更大的载重能力,,,更轻的结构重量和更低的阻力,,超级管理员,2025-09-18 15:38:26,2025-09-18 15:38:36
01692,飞翼布局的固定翼无人机没有明显的机身和尾翼结构，整个飞机外形类似一个大机翼。（）,单选题,结构组成,中等,2,是,正确,错误,,,,,正确,,超级管理员,2025-09-18 15:38:26,2025-09-18 15:38:36
01693,多旋翼无人机的布局结构通常包括X型和+型两种。（）,单选题,结构组成,中等,2,是,正确,错误,,,,,正确,,超级管理员,2025-09-18 15:38:26,2025-09-18 15:38:36
01694,串列翼布局固定翼无人机的特点有（ ）。,多选题,结构组成,中等,3,是,前后机翼可分担不同飞行阶段的升力需求,能够在低空复杂气流环境下保持较好稳定性,设计灵活，前后机翼的翼型、面积、安装角等可按需调配,相较于单翼布局，相同翼展下可获得更大的升力面积,飞行速度慢，不适合长距离飞行任务,,前后机翼可分担不同飞行阶段的升力需求;能够在低空复杂气流环境下保持较好稳定性;设计灵活，前后机翼的翼型、面积、安装角等可按需调配;相较于单翼布局，相同翼展下可获得更大的升力面积,,超级管理员,2025-09-18 15:38:26,2025-09-18 15:38:36
01695,属于常规布局固定翼无人机具操纵面的是（ ）。,多选题,结构组成,中等,3,是,升降舵,方向舵,副翼,水平安定面,扰流板,,升降舵;方向舵;副翼,,超级管理员,2025-09-18 15:38:26,2025-09-18 15:38:36
01696,在农业领域中，进行大范围的作物监测和喷洒作业，（）无人机布局结构更为适用。,单选题,结构组成,中等,2,是,固定翼布局,共轴双旋翼布局,单旋翼带尾桨布局,八旋翼布局,,,固定翼布局,,超级管理员,2025-09-18 15:38:26,2025-09-18 15:38:36
01697,固定翼无人机通常用于（）的应用场景。,单选题,结构组成,中等,2,是,长距离监测,短距离快速移动,垂直起降,室内导航,,,长距离监测,,超级管理员,2025-09-18 15:38:26,2025-09-18 15:38:36
01698,在多旋翼无人机中，（）布局结构最适合进行空中摄影和监视任务。,单选题,结构组成,中等,2,是,X型布局,H型布局,V型布局,Y型布局,,,H型布局,,超级管理员,2025-09-18 15:38:26,2025-09-18 15:38:36
01699,在城市中，当需要进行空中巡逻和交通监控时，采用垂直起降固定翼无人机是最合适的选择。,单选题,结构组成,中等,2,是,正确,错误,,,,,正确,,超级管理员,2025-09-18 15:38:26,2025-09-18 15:38:36
01700,在需要长时间、大范围进行地形测绘和地质勘查的情况下，固定翼无人机是最佳布局结构。（）,单选题,结构组成,中等,2,是,正确,错误,,,,,正确,,超级管理员,2025-09-18 15:38:26,2025-09-18 15:38:36
01701,不同无人机布局结构适用于不同的应用场景，（）描述是正确的。,多选题,结构组成,中等,3,是,旋翼式无人机常用于城市航拍和建筑检测,固定翼无人机适用于大面积地形的测绘和巡查,无人直升机常用于执行复杂环境下的侦察任务,扑翼式无人机主要用于快递配送和物流运输,多旋翼无人机适用于农业植保和精准施肥,,旋翼式无人机常用于城市航拍和建筑检测;固定翼无人机适用于大面积地形的测绘和巡查;无人直升机常用于执行复杂环境下的侦察任务;多旋翼无人机适用于农业植保和精准施肥,,超级管理员,2025-09-18 15:38:26,2025-09-18 15:38:36
01702,无人机的布局结构对其应用场景有（）影响。,多选题,结构组成,中等,3,是,旋翼式无人机的垂直起降能力使其适合在狭小空间作业,固定翼无人机的续航能力强，适合长时间监控和追踪,无人直升机在高海拔和稀薄空气环境下表现优越,扑翼式无人机因其仿生特性，常用于野生动物观察和保护,多旋翼无人机因其结构稳定，适合在恶劣气候条件下作业,,旋翼式无人机的垂直起降能力使其适合在狭小空间作业;固定翼无人机的续航能力强，适合长时间监控和追踪;无人直升机在高海拔和稀薄空气环境下表现优越;扑翼式无人机因其仿生特性，常用于野生动物观察和保护,,超级管理员,2025-09-18 15:38:26,2025-09-18 15:38:36
01703,无人机布局结构适合于需要快速移动的任务的是（）。,单选题,结构组成,中等,2,是,固定翼,多旋翼,直升机,滑翔翼,,,固定翼,,超级管理员,2025-09-18 15:38:26,2025-09-18 15:38:36
01704,在选型无人机布局结构时，（）原则应优先考虑以确保飞行稳定性和安全性。,单选题,结构组成,中等,2,是,结构复杂度越低越好,适应多种飞行模式,最大化载荷能力,经过充分测试和验证,,,经过充分测试和验证,,超级管理员,2025-09-18 15:38:26,2025-09-18 15:38:36
01705,在无人机布局结构选型中，正确的是（）。,单选题,结构组成,中等,2,是,所有无人机都应该选择最轻的材料以确保最大飞行时间,在保证飞行性能的前提下，选择成本较低且强度足够的材料,无人机的材料选择只取决于其是否符合任务需求,无人机的材料选择不应考虑其对飞行性能的影响,,,在保证飞行性能的前提下，选择成本较低且强度足够的材料,,超级管理员,2025-09-18 15:38:26,2025-09-18 15:38:36
01706,在选择无人机布局结构时，应根据实际应用场景和环境条件来确定最佳的布局结构。（）,单选题,结构组成,中等,2,是,正确,错误,,,,,正确,,超级管理员,2025-09-18 15:38:26,2025-09-18 15:38:36
01707,无人机布局结构的选择主要取决于飞行任务的需求。（）,单选题,结构组成,中等,2,是,正确,错误,,,,,正确,,超级管理员,2025-09-18 15:38:26,2025-09-18 15:38:36
01708,在选型无人机布局结构时，需要考虑（）原则。,多选题,结构组成,中等,3,是,任务需求决定布局结构,飞行环境决定无人机尺寸和材质,成本控制与性能要求平衡,美观度与品牌影响力,操作简便性与维护成本考虑,,任务需求决定布局结构;飞行环境决定无人机尺寸和材质;成本控制与性能要求平衡;操作简便性与维护成本考虑,,超级管理员,2025-09-18 15:38:26,2025-09-18 15:38:36
01709,在进行无人机布局结构选型时，（）方法有助于做出合适的选择。,多选题,结构组成,中等,3,是,对市场上不同布局结构的无人机进行调研和对比,根据任务需求制定详细的技术规格要求,考虑无人机集成其他设备的可能性和兼容性,依赖个人经验或直觉进行选择,进行模拟飞行测试以验证布局结构的性能,,对市场上不同布局结构的无人机进行调研和对比;根据任务需求制定详细的技术规格要求;考虑无人机集成其他设备的可能性和兼容性;进行模拟飞行测试以验证布局结构的性能,,超级管理员,2025-09-18 15:38:26,2025-09-18 15:38:36
01710,多旋翼无人机机身需要材料具备轻质且高强度的特性，（）材料最符合这一要求。,单选题,结构组成,中等,2,是,钛合金,碳纤维复合材料,不锈钢,铝合金,,,碳纤维复合材料,,超级管理员,2025-09-18 15:38:26,2025-09-18 15:38:36
01711,无人机电池一般使用（）化学物质作为储能介质。,单选题,结构组成,中等,2,是,锂离子,镍氢,铅酸,氢氧化镍,,,锂离子,,超级管理员,2025-09-18 15:38:26,2025-09-18 15:38:36
01712,无人机机翼材料通常需要具备（）性能。,单选题,结构组成,中等,2,是,高强度,高强度和耐腐蚀性及低重量,耐热性和耐寒性,高强度和良好的导电性,,,高强度和耐腐蚀性及低重量,,超级管理员,2025-09-18 15:38:26,2025-09-18 15:38:36
01713,碳纤维材料因其轻质和高强度特性，常被用于无人机的机身和机翼结构。（）,单选题,结构组成,中等,2,是,正确,错误,,,,,正确,,超级管理员,2025-09-18 15:38:26,2025-09-18 15:38:36
01714,铝合金因其良好的导电性，常被用作无人机的电子元件。（）,单选题,结构组成,中等,2,是,正确,错误,,,,,错误,,超级管理员,2025-09-18 15:38:26,2025-09-18 15:38:36
01715,在无人机部件材料选择时，（）因素需要考虑其性能特点。,多选题,结构组成,中等,3,是,材料的强度和重,材料的抗腐蚀性能,材料的热稳定性和导电性,材料的美观度,材料的成本和生产工艺,,材料的强度和重;材料的抗腐蚀性能;材料的热稳定性和导电性;材料的成本和生产工艺,,超级管理员,2025-09-18 15:38:26,2025-09-18 15:38:36
01716,（）区分不同性能的无人机部件材料。,多选题,结构组成,中等,3,是,查阅材料的技术规格和性能指标,观察材料的外观和颜色,进行力学性能测试，如拉伸强度和硬度测试,进行化学稳定性测试，如耐腐蚀性测试,依赖销售人员的推荐和口头描述,,查阅材料的技术规格和性能指标;观察材料的外观和颜色;进行力学性能测试，如拉伸强度和硬度测试;进行化学稳定性测试，如耐腐蚀性测试,,超级管理员,2025-09-18 15:38:26,2025-09-18 15:38:36
01717,无人机的机身通常采用（）材料以保证足够的强度同时减轻重量。,单选题,结构组成,中等,2,是,塑料,碳纤维,不锈钢,铝合金,,,碳纤维,,超级管理员,2025-09-18 15:38:26,2025-09-18 15:38:36
01718,在无人机部件中，（）材料常用于制造螺旋桨以提供高强度和耐翘曲。,单选题,结构组成,中等,2,是,碳纤维,PA6-CF（聚酰胺6-碳纤维复合材料）,铝合金,硅胶,,,PA6-CF（聚酰胺6-碳纤维复合材料）,,超级管理员,2025-09-18 15:38:26,2025-09-18 15:38:36
01719,无人机的折叠机臂、收放式起落架的连接件通常采用（）材料。,单选题,结构组成,中等,2,是,碳纤维,玻璃纤维,金属合金,尼龙,,,金属合金,,超级管理员,2025-09-18 15:38:26,2025-09-18 15:38:36
01720,无人机的电机外壳通常采用碳纤维材料，因为碳纤维具有高强度、低密度的特性，能有效减轻电机重量，提高无人机的飞行性能。(),单选题,结构组成,中等,2,是,正确,错误,,,,,错误,,超级管理员,2025-09-18 15:38:26,2025-09-18 15:38:36
01721,无人机的电池外壳采用金属材料，因为金属材料能够很好地保护电池，防止电池受到外界撞击而损坏。(),单选题,结构组成,中等,2,是,正确,错误,,,,,错误,,超级管理员,2025-09-18 15:38:26,2025-09-18 15:38:36
01722,（）材料常用于固定翼无人机的机翼制作  。,多选题,结构组成,中等,3,是,碳纤维复合材料,泡沫材料,木材,高分子复合材料,铝合金,,碳纤维复合材料;泡沫材料;木材;高分子复合材料,,超级管理员,2025-09-18 15:38:26,2025-09-18 15:38:36
01723,无人机的电机通常采用的材料有（）。,多选题,结构组成,中等,3,是,铜,铝合金,碳纤维,钢,泡沫,,铜;铝合金;钢,,超级管理员,2025-09-18 15:38:26,2025-09-18 15:38:36
01724,无人机电机机芯主要由（）材料制成。,单选题,结构组成,中等,2,是,铁,铜,玻璃,陶瓷,,,铜,,超级管理员,2025-09-18 15:38:26,2025-09-18 15:38:36
01725,在选择无人机电池时，应主要关注（）参数。,单选题,结构组成,中等,2,是,容量,体积小,重量轻,充放电次数,,,充放电次数,,超级管理员,2025-09-18 15:38:26,2025-09-18 15:38:36
01726,在无人机材料选择中，（）因素不是主要的考量因素。,单选题,结构组成,中等,2,是,强度,重量,颜色,耐腐蚀性,,,颜色,,超级管理员,2025-09-18 15:38:26,2025-09-18 15:38:36
01727,无人机电机中使用了大量的铜线，以提高其转速和效率。（）,单选题,结构组成,中等,2,是,正确,错误,,,,,正确,,超级管理员,2025-09-18 15:38:26,2025-09-18 15:38:36
01728,选择无人机机身材料时，应优先考虑材料的重量和强度，以确保无人机具有优秀的飞行性能。（）,单选题,结构组成,中等,2,是,正确,错误,,,,,正确,,超级管理员,2025-09-18 15:38:26,2025-09-18 15:38:36
01729,在选择无人机部件材料时，（）选型原则是需要遵循的。,多选题,结构组成,中等,3,是,优先考虑材料的轻量化特性,选择高强度且耐磨损的材料,忽略材料的抗疲劳性能,考虑材料的加工性和可制造性,优先选择成本低廉的材料,,优先考虑材料的轻量化特性;选择高强度且耐磨损的材料;考虑材料的加工性和可制造性,,超级管理员,2025-09-18 15:38:26,2025-09-18 15:38:36
01730,无人机部件材料的选型原则中，（）选项是正确的。,多选题,结构组成,中等,3,是,根据部件的功能和受力情况选择合适的材料,优先选择具有较好电磁屏蔽性能的材料,不考虑材料的环境适应性,材料的热稳定性应满足无人机的使用要求,选择易于维修和更换的材料,,根据部件的功能和受力情况选择合适的材料;优先选择具有较好电磁屏蔽性能的材料;材料的热稳定性应满足无人机的使用要求;选择易于维修和更换的材料,,超级管理员,2025-09-18 15:38:26,2025-09-18 15:38:36
01731,在无人机制造中，常用于制作电机外壳的材料有（）。,单选题,结构组成,中等,2,是,铝合金,不锈钢,塑料,陶瓷,,,铝合金,,超级管理员,2025-09-18 15:38:26,2025-09-18 15:38:36
01732,在无人机制造中，常用于制作螺旋桨的材料是（）。,单选题,结构组成,中等,2,是,钛合金,碳纤维,不锈钢,高强度塑料,,,碳纤维,,超级管理员,2025-09-18 15:38:26,2025-09-18 15:38:36
01733,在无人机结构设计中，经常被用于制作发动机部件材料是（）。,单选题,结构组成,中等,2,是,高温合金,塑料,碳纤维复合材料,陶瓷,,,高温合金,,超级管理员,2025-09-18 15:38:26,2025-09-18 15:38:36
01734,在无人机部件材料选型时，首先需要分析无人机的使用环境和功能需求，以确定所需的材料性能。（）,单选题,结构组成,中等,2,是,正确,错误,,,,,正确,,超级管理员,2025-09-18 15:38:26,2025-09-18 15:38:36
01735,无人机部件材料的选型过程中，需要综合考虑材料的成本、加工性能以及可持续性。（）,单选题,结构组成,中等,2,是,正确,错误,,,,,正确,,超级管理员,2025-09-18 15:38:26,2025-09-18 15:38:36
01736,在无人在无人机机架的设计和制造过程中，（）技术或工艺是常用的。,多选题,结构组成,中等,3,是,3D打印技术,铝合金铸造,碳纤维复合材料,电子元器件焊接,飞行控制系统编程,,3D打印技术;铝合金铸造;碳纤维复合材料,,超级管理员,2025-09-18 15:38:26,2025-09-18 15:38:36
01737,无人机部件材料选型方法中，必要的步骤是（）。,多选题,结构组成,中等,3,是,收集并分析不同材料的性能数据,评估材料的可靠性和耐久性,进行实际飞行测试以验证材料性能,直接选择市场上最常见的材料,综合考虑材料的成本效益和供应链稳定性,,收集并分析不同材料的性能数据;评估材料的可靠性和耐久性;进行实际飞行测试以验证材料性能;综合考虑材料的成本效益和供应链稳定性,,超级管理员,2025-09-18 15:38:26,2025-09-18 15:38:36
01738,固定桨螺旋桨选型时，最重要的考虑因素通常是（ ）。,单选题,结构组成,中等,2,是,颜色,材质,直径和螺距,品牌,,,直径和螺距,,超级管理员,2025-09-18 15:38:26,2025-09-18 15:38:36
01739,对于需要高推力的应用，一般应选择（ ）的螺旋桨。,单选题,结构组成,中等,2,是,直径大、螺距小,直径小、螺距大,直径大、螺距大,直径小、螺距小,,,直径大、螺距大,,超级管理员,2025-09-18 15:38:26,2025-09-18 15:38:36
01740,固定桨螺旋桨的材质会影响其性能，通常用于对强度要求较高场合的材质是（ ）。,单选题,结构组成,中等,2,是,塑料,碳纤维,木材,铝合金,,,碳纤维,,超级管理员,2025-09-18 15:38:26,2025-09-18 15:38:36
01741,固定桨螺旋桨的直径越大，飞行器的续航时间一定越长。（）,单选题,结构组成,中等,2,是,正确,错误,,,,,错误,,超级管理员,2025-09-18 15:38:26,2025-09-18 15:38:37
01742,在选择固定桨螺旋桨时，只需要考虑电机的转速，不需要考虑扭矩。（）,单选题,结构组成,中等,2,是,正确,错误,,,,,错误,,超级管理员,2025-09-18 15:38:26,2025-09-18 15:38:37
01743,固定桨螺旋桨选型时需要考虑的因素有（ ）。,多选题,结构组成,中等,3,是,飞行器或设备的重量,电机的功率,飞行环境,遥控器的型号,桨叶的形状,,飞行器或设备的重量;电机的功率;飞行环境;桨叶的形状,,超级管理员,2025-09-18 15:38:26,2025-09-18 15:38:37
01744,关于固定桨螺旋桨选型说法正确的是（ ）。,多选题,结构组成,中等,3,是,多旋翼飞行器通常需要多个相同规格的螺旋桨,大螺距螺旋桨适合高速飞行,桨叶数量越多，推力一定越大,不同形状的桨叶对效率有影响,螺旋桨的价格决定其性能,,多旋翼飞行器通常需要多个相同规格的螺旋桨;大螺距螺旋桨适合高速飞行;不同形状的桨叶对效率有影响,,超级管理员,2025-09-18 15:38:26,2025-09-18 15:38:37
01745,电机选型时，用于衡量电机输出能力的关键参数是（ ）。,单选题,结构组成,中等,2,是,电压,电流,功率,电阻,,,功率,,超级管理员,2025-09-18 15:38:26,2025-09-18 15:38:37
01746,对于需要频繁启停和快速响应的应用，应优先选择（ ）电机。,单选题,结构组成,中等,2,是,有刷直流,无刷直流,交流异步,步进,,,无刷直流,,超级管理员,2025-09-18 15:38:26,2025-09-18 15:38:37
01747,电机的极对数会影响其（ ）。,单选题,结构组成,中等,2,是,外观尺寸,转速,颜色,价格,,,转速,,超级管理员,2025-09-18 15:38:26,2025-09-18 15:38:37
01748,电机的额定功率越大，其体积一定越大。（）,单选题,结构组成,中等,2,是,正确,错误,,,,,错误,,超级管理员,2025-09-18 15:38:26,2025-09-18 15:38:37
01749,选择电机时，只要电压匹配，其他参数可以不考虑。（）,单选题,结构组成,中等,2,是,正确,错误,,,,,错误,,超级管理员,2025-09-18 15:38:26,2025-09-18 15:38:37
01750,电机选型需要考虑的因素包括（ ）。,多选题,结构组成,中等,3,是,负载特性,工作电压范围,控制精度要求,安装空间,电机颜色,,负载特性;工作电压范围;控制精度要求;安装空间,,超级管理员,2025-09-18 15:38:26,2025-09-18 15:38:37
01751,关于电机选型说法正确的是（ ）。,多选题,结构组成,中等,3,是,直流电机具有良好的调速性能,交流电机通常比直流电机更适合高功率应用,步进电机可以精确控制角度和位置,无刷电机比有刷电机维护成本高,电机的防护等级不影响其使用场景,,直流电机具有良好的调速性能;交流电机通常比直流电机更适合高功率应用;步进电机可以精确控制角度和位置,,超级管理员,2025-09-18 15:38:26,2025-09-18 15:38:37
01752,电子调速器的主要作用是（ ）。,单选题,结构组成,中等,2,是,调节电机电压,调节电机电流,调节电机转速,调节电机功率,,,调节电机转速,,超级管理员,2025-09-18 15:38:26,2025-09-18 15:38:37
01753,电子调速器的电流容量应（ ）电机的最大工作电流。,单选题,结构组成,中等,2,是,小于,等于,大于,无所谓,,,大于,,超级管理员,2025-09-18 15:38:26,2025-09-18 15:38:37
01754,具有更好的调速精度和响应速度的电子调速器通常采用（ ）控制方式。,单选题,结构组成,中等,2,是,PWM,模拟,数字,变频,,,数字,,超级管理员,2025-09-18 15:38:26,2025-09-18 15:38:37
01755,电子调速器的电压输入范围越窄，其性能越好。（）,单选题,结构组成,中等,2,是,正确,错误,,,,,错误,,超级管理员,2025-09-18 15:38:26,2025-09-18 15:38:37
01756,只要电子调速器的电流容量足够，就可以随意搭配任何电机。（）,单选题,结构组成,中等,2,是,正确,错误,,,,,错误,,超级管理员,2025-09-18 15:38:26,2025-09-18 15:38:37
01757,电子调速器选型时要考虑的因素有（ ）。,多选题,结构组成,中等,3,是,电机类型,电池电压,所带负载大小,通信协议,电子调速器的尺寸,,电机类型;电池电压;所带负载大小;电子调速器的尺寸,,超级管理员,2025-09-18 15:38:26,2025-09-18 15:38:37
01758,关于电子调速器选型正确的是（ ）。,多选题,结构组成,中等,3,是,多旋翼飞行器一般选择支持多通道的电子调速器,高功率电机需要大电流容量的电子调速器,电子调速器的重量对飞行器性能没有影响,有些电子调速器具有过热保护功能,电子调速器的品牌决定其质量,,多旋翼飞行器一般选择支持多通道的电子调速器;高功率电机需要大电流容量的电子调速器;有些电子调速器具有过热保护功能,,超级管理员,2025-09-18 15:38:26,2025-09-18 15:38:37
01759,电池选型时，决定设备续航时间的主要参数是（ ）。,单选题,结构组成,中等,2,是,电池电压,电池容量,电池内阻,电池重量,,,电池容量,,超级管理员,2025-09-18 15:38:26,2025-09-18 15:38:37
01760,对于需要大电流放电的设备，应选择（ ）的电池。,单选题,结构组成,中等,2,是,高内阻,低内阻,高电压,低电压,,,低内阻,,超级管理员,2025-09-18 15:38:26,2025-09-18 15:38:37
01761,具有较高的能量密度，常用于无人机等设备的是（ ）电池。,单选题,结构组成,中等,2,是,铅酸电池,镍氢电池,锂离子电池,镍镉电池,,,锂离子电池,,超级管理员,2025-09-18 15:38:26,2025-09-18 15:38:37
01762,电池的电压越高，其容量一定越大。（）,单选题,结构组成,中等,2,是,正确,错误,,,,,错误,,超级管理员,2025-09-18 15:38:26,2025-09-18 15:38:37
01763,只要电池的容量满足要求，就可以不考虑电池的放电倍率。（）,单选题,结构组成,中等,2,是,正确,错误,,,,,错误,,超级管理员,2025-09-18 15:38:26,2025-09-18 15:38:37
01764,电池选型需要考虑的因素包括（ ）。,多选题,结构组成,中等,3,是,设备的工作电压要求,通信协议,续航时间要求,环境温度,设备的功率消耗,,设备的工作电压要求;续航时间要求;环境温度;设备的功率消耗,,超级管理员,2025-09-18 15:38:26,2025-09-18 15:38:37
01765,关于电池选型说法正确的是（ ）。,多选题,结构组成,中等,3,是,不同类型的电池具有不同的充放电特性,低温环境下，电池的性能可能会下降,电池的循环寿命对长期使用成本有影响,大尺寸的电池一定比小尺寸电池容量大,电池的自放电率不影响使用,,不同类型的电池具有不同的充放电特性;低温环境下，电池的性能可能会下降;电池的循环寿命对长期使用成本有影响,,超级管理员,2025-09-18 15:38:26,2025-09-18 15:38:37
01766,在为无人机选择电机和固定桨距螺旋桨时，以下（ ）因素不是主要考虑的因素。,单选题,结构组成,中等,2,是,电机的KV值,螺旋桨的直径和螺距,电池的容量,环境温度,,,环境温度,,超级管理员,2025-09-18 15:38:26,2025-09-18 15:38:37
01767,当电机扭矩较小，为保证飞行器正常飞行，应搭配（ ）的螺旋桨。,单选题,结构组成,中等,2,是,大直径大螺距,大直径小螺距,小直径大螺距,小直径小螺距,,,小直径小螺距,,超级管理员,2025-09-18 15:38:26,2025-09-18 15:38:37
01768,低转速电机一般搭配（ ），以获得较大的推力。,单选题,结构组成,中等,2,是,小直径高转速螺旋桨,大直径低转速螺旋桨,小直径低转速螺旋桨,大直径高转速螺旋桨,,,大直径低转速螺旋桨,,超级管理员,2025-09-18 15:38:26,2025-09-18 15:38:37
01769,只要电机能带动螺旋桨转动，就说明配型合适。（）,单选题,结构组成,中等,2,是,正确,错误,,,,,错误,,超级管理员,2025-09-18 15:38:26,2025-09-18 15:38:37
01770,电机与螺旋桨配型时，不需要考虑两者的安装方式。（）,单选题,结构组成,中等,2,是,正确,错误,,,,,错误,,超级管理员,2025-09-18 15:38:26,2025-09-18 15:38:37
01771,关于电机与固定桨距螺旋桨配型，下列说法正确的是（ ）。,多选题,结构组成,中等,3,是,电机功率越大，可搭配的螺旋桨尺寸越大,螺旋桨螺距越大，对电机扭矩要求越低,桨叶数量增加会降低电机的负载,不同飞行任务对电机与螺旋桨的配型有不同要求,电机的极数与螺旋桨配型无关,,电机功率越大，可搭配的螺旋桨尺寸越大;不同飞行任务对电机与螺旋桨的配型有不同要求,,超级管理员,2025-09-18 15:38:26,2025-09-18 15:38:37
01772,电机与固定桨距螺旋桨配型时需要考虑（ ）。,多选题,结构组成,中等,3,是,飞行器的预期飞行速度,电机的发热情况,螺旋桨的效率曲线,空气密度对螺旋桨的影响,电机的生产厂家,,飞行器的预期飞行速度;螺旋桨的效率曲线;空气密度对螺旋桨的影响,,超级管理员,2025-09-18 15:38:26,2025-09-18 15:38:37
01773,电池的输出电压应（ ）电子调速器的输入电压范围。,单选题,结构组成,中等,2,是,小于,等于,大于,在其范围内,,,在其范围内,,超级管理员,2025-09-18 15:38:26,2025-09-18 15:38:37
01774,当使用高倍率放电电池时，应选择（ ）的电子调速器。,单选题,结构组成,中等,2,是,低电流容量,高电流容量,低电压适应范围,高电压适应范围,,,高电流容量,,超级管理员,2025-09-18 15:38:26,2025-09-18 15:38:37
01775,电子调速器的内阻与电池内阻匹配不佳时，可能导致（ ）。,单选题,结构组成,中等,2,是,电池寿命延长,电子调速器过热,电机转速不稳定,飞行器飞行高度增加,,,电子调速器过热,,超级管理员,2025-09-18 15:38:26,2025-09-18 15:38:37
01776,只要电池的电压和电子调速器的输入电压一致，就可以随意搭配。（）,单选题,结构组成,中等,2,是,正确,错误,,,,,错误,,超级管理员,2025-09-18 15:38:26,2025-09-18 15:38:37
01777,电池的放电曲线对与电子调速器的配型没有影响。（）,单选题,结构组成,中等,2,是,正确,错误,,,,,错误,,超级管理员,2025-09-18 15:38:26,2025-09-18 15:38:37
01778,"电池与电子调速器配型时需要关注（ ）因素,以确保系统的安全性和性能。",多选题,结构组成,中等,3,是,电池的放电倍率,电池的容量（mAh）,电池的输出电压范围,电子调速器的响应时间,两者之间的连接方式,,电池的放电倍率;电池的容量（mAh）;电池的输出电压范围;两者之间的连接方式,,超级管理员,2025-09-18 15:38:26,2025-09-18 15:38:37
01779,关于电池与电子调速器配型，说法正确的是（ ）。,多选题,结构组成,中等,3,是,不同类型电池适合不同的电子调速器控制方式,电子调速器的功率应略大于电池的输出功率,电池容量越大，对电子调速器的性能要求越低,电子调速器的过流保护值应根据电池的最大放电电流设置,电池的重量会影响电子调速器的工作稳定性,,不同类型电池适合不同的电子调速器控制方式;电子调速器的过流保护值应根据电池的最大放电电流设置,,超级管理员,2025-09-18 15:38:26,2025-09-18 15:38:37
01781,对于有刷电机，应选择（ ）的电子调速器。,单选题,结构组成,中等,2,是,支持无刷电机控制,支持有刷电机控制,高电压输入,低电流输出,,,支持有刷电机控制,,超级管理员,2025-09-18 15:38:26,2025-09-18 15:38:37
01782,电子调速器的 PWM 频率对电机的（ ）有影响。,单选题,结构组成,中等,2,是,外观,重量,转速稳定性,价格,,,转速稳定性,,超级管理员,2025-09-18 15:38:26,2025-09-18 15:38:37
01783,电子调速器的电压输出范围只要覆盖电机的额定电压即可，无需考虑其他。（）,单选题,结构组成,中等,2,是,正确,错误,,,,,错误,,超级管理员,2025-09-18 15:38:26,2025-09-18 15:38:37
01784,电机的启动电流对电子调速器与电机的配型没有影响。（）,单选题,结构组成,中等,2,是,正确,错误,,,,,错误,,超级管理员,2025-09-18 15:38:26,2025-09-18 15:38:37
01785,电子调速器与电机配型时需要考虑（ ）因素。,多选题,结构组成,中等,3,是,电机的类型（有刷 / 无刷）,电机的额定转速,电子调速器的品牌,电机的堵转电流,电子调速器的体积,,电机的类型（有刷 / 无刷）;电机的额定转速;电机的堵转电流,,超级管理员,2025-09-18 15:38:26,2025-09-18 15:38:37
01786,关于电子调速器与电机配型，说法正确的是（ ）。,多选题,结构组成,中等,3,是,电子调速器的控制算法会影响电机的运行效率,电机的磁极对数与电子调速器配型无关,电子调速器的反向电动势保护功能对电机起保护作用,不同的飞行模式需要不同的电子调速器与电机配型,电机的生产地会影响与电子调速器的配型,,电子调速器的控制算法会影响电机的运行效率;电子调速器的反向电动势保护功能对电机起保护作用;不同的飞行模式需要不同的电子调速器与电机配型,,超级管理员,2025-09-18 15:38:26,2025-09-18 15:38:37
01787,那种（）情况不会导致无人机失控。,单选题,结构组成,中等,2,是,飞控系统故障,电源故障,遥控器失灵,云台不工作,,,云台不工作,,超级管理员,2025-09-18 15:38:26,2025-09-18 15:38:37
01788,无人机导航系统中，用于提供精准位置和航向信息的是（）。,单选题,结构组成,中等,2,是,角速度传感器,加速度传感器,全球定位系统（GPS）,陀螺仪,,,全球定位系统（GPS）,,超级管理员,2025-09-18 15:38:26,2025-09-18 15:38:37
01789,在飞行控制系统中，负责计算控制指令并对无人机进行实时控制的是（）。,单选题,结构组成,中等,2,是,传感器,控制器,执行器,通信器,,,控制器,,超级管理员,2025-09-18 15:38:26,2025-09-18 15:38:37
01790,所有无人机都使用相同的飞行控制与导航系统。（）,单选题,结构组成,中等,2,是,正确,错误,,,,,错误,,超级管理员,2025-09-18 15:38:26,2025-09-18 15:38:37
01791,惯性导航系统（INS）可以完全替代GPS，在无人机导航中不需要GPS。（）,单选题,结构组成,中等,2,是,正确,错误,,,,,错误,,超级管理员,2025-09-18 15:38:26,2025-09-18 15:38:37
01792,影响无人机飞行稳定性的是（）。,多选题,结构组成,中等,3,是,风速和风向,飞机重量分布,电池电量,操作员年龄,飞控系统性能,,风速和风向;飞机重量分布;电池电量;飞控系统性能,,超级管理员,2025-09-18 15:38:26,2025-09-18 15:38:37
01793,常见的无人机飞行控制系统包括（）种类。,多选题,结构组成,中等,3,是,基于 PID 控制算法的传统飞行控制系统,带有姿态稳定功能的先进飞行控制系统,基于机器视觉的自主飞行控制系统,采用模拟信号传输的简易飞行控制系统,仅通过遥控器操作的简单飞行控制系统,,基于 PID 控制算法的传统飞行控制系统;带有姿态稳定功能的先进飞行控制系统;基于机器视觉的自主飞行控制系统;仅通过遥控器操作的简单飞行控制系统,,超级管理员,2025-09-18 15:38:26,2025-09-18 15:38:37
01794,常见的无人机飞行控制系统主要包括姿态控制、航向控制、高度控制和（）。,单选题,结构组成,中等,2,是,稳定性控制,距离控制,气压控制,风速控制,,,稳定性控制,,超级管理员,2025-09-18 15:38:26,2025-09-18 15:38:37
01795,（）不属于无人机飞行控制系统的核心技术。,单选题,结构组成,中等,2,是,飞控算法,传感器数据融合,飞行器动力学模型,导航卫星系统,,,导航卫星系统,,超级管理员,2025-09-18 15:38:26,2025-09-18 15:38:37
01796,无人机飞行控制系统中，用于实现飞行器姿态控制和导航的子系统是（）。,单选题,结构组成,中等,2,是,飞控计算机,飞行管理系统,导航子系统,制导子系统,,,制导子系统,,超级管理员,2025-09-18 15:38:26,2025-09-18 15:38:37
01797,无人机飞行控制系统中的稳定性控制主要是通过保持飞机的姿态稳定来实现的。（）,单选题,结构组成,中等,2,是,正确,错误,,,,,正确,,超级管理员,2025-09-18 15:38:26,2025-09-18 15:38:37
01798,所有无人机的飞行控制系统都具备完全自主飞行的能力。（）,单选题,结构组成,中等,2,是,正确,错误,,,,,错误,,超级管理员,2025-09-18 15:38:26,2025-09-18 15:38:37
01799,常见的无人机导航系统的缺点包括（）。,多选题,结构组成,中等,3,是,易受天气影响,定位精度不高,成本较高,维护难度较大,无法实现自主飞行,,易受天气影响;定位精度不高;成本较高,,超级管理员,2025-09-18 15:38:26,2025-09-18 15:38:37
01800,无人机飞行控制系统的主要功能包括（）。,多选题,结构组成,中等,3,是,实现无人机的稳定飞行和姿态控制,自主规划飞行路径并进行导航,实时采集和处理飞行数据,远程控制无人机的起飞、降落和悬停,自动识别障碍物并实时避障,,实现无人机的稳定飞行和姿态控制;自主规划飞行路径并进行导航;远程控制无人机的起飞、降落和悬停,,超级管理员,2025-09-18 15:38:26,2025-09-18 15:38:37
01801,无人机飞行控制与导航系统的选型原则不包括（）。,单选题,结构组成,中等,2,是,系统的可靠性,系统的实时性,系统的普适性,系统的经济性,,,系统的普适性,,超级管理员,2025-09-18 15:38:26,2025-09-18 15:38:37
01802,在选择无人机飞行控制与导航系统时，（）不是主要的考量因素。,单选题,结构组成,中等,2,是,飞行器的类型和用途,飞行环境的特点,飞行器的尺寸和重量,预算和资金,,,预算和资金,,超级管理员,2025-09-18 15:38:26,2025-09-18 15:38:37
01803,（）技术在无人机飞行控制与导航系统中不是经常使用的。,单选题,结构组成,中等,2,是,惯性测量单元（IMU）,全球定位系统（GPS）,电子指南针,声音导航,,,声音导航,,超级管理员,2025-09-18 15:38:26,2025-09-18 15:38:37
01804,无人机导航系统只能提供位置信息，不能提供飞行路径规划。（）,单选题,结构组成,中等,2,是,正确,错误,,,,,错误,,超级管理员,2025-09-18 15:38:26,2025-09-18 15:38:37
01805,在选择无人机飞行控制系统时，只需考虑无人机的尺寸和重量，其他因素可以忽略。（）,单选题,结构组成,中等,2,是,正确,错误,,,,,错误,,超级管理员,2025-09-18 15:38:26,2025-09-18 15:38:37
01806,在选择无人机飞行控制系统时，应考虑的因素有（）。,多选题,结构组成,中等,3,是,控制精度,可靠性,实用性,成本,易于操作,,控制精度;可靠性;实用性;成本,,超级管理员,2025-09-18 15:38:26,2025-09-18 15:38:37
01807,（）因素可能影响无人机的飞行性能。,多选题,结构组成,中等,3,是,风速,温度,空气湿度,地面坡度,大气层厚度,,风速;温度;空气湿度;大气层厚度,,超级管理员,2025-09-18 15:38:26,2025-09-18 15:38:37
01808,在地面站与飞行控制系统匹配中，（）方法最常用。,单选题,结构组成,中等,2,是,硬件匹配法,软件匹配法,混合匹配法,无匹配法,,,软件匹配法,,超级管理员,2025-09-18 15:38:26,2025-09-18 15:38:37
01809,地面站与飞行控制系统匹配时，（）方法可以确保数据传输的可靠性。,单选题,结构组成,中等,2,是,使用专用的数据通信线路,增加数据传输速率,提高数据编码效率,增加数据校验位,,,增加数据校验位,,超级管理员,2025-09-18 15:38:26,2025-09-18 15:38:37
01810,在无人机系统中，地面站与飞行控制导航系统的匹配关键在（）。,单选题,结构组成,中等,2,是,数据链路的建立与维护,飞行器的飞行状态信息,地面站软件的稳定性,飞行控制器的性能,,,数据链路的建立与维护,,超级管理员,2025-09-18 15:38:26,2025-09-18 15:38:37
01811,在匹配地面站与飞行控制导航系统时，只需关注通信协议的兼容性，无需考虑其他因素。（）,单选题,结构组成,中等,2,是,正确,错误,,,,,错误,,超级管理员,2025-09-18 15:38:26,2025-09-18 15:38:37
01812,无人机地面站必须采用与飞行控制导航系统完全相同的通信协议，才能实现两者的有效匹配。（）,单选题,结构组成,中等,2,是,正确,错误,,,,,错误,,超级管理员,2025-09-18 15:38:26,2025-09-18 15:38:38
01813,地面站与飞行控制导航系统匹配时，需要考虑（）关键要素。,多选题,结构组成,中等,3,是,通信协议与接口的兼容性,数据传输的实时性和稳定性,控制指令的精确性和响应速度,地面站软件的操作界面和用户体验,飞行控制导航系统的硬件尺寸和重量,,通信协议与接口的兼容性;数据传输的实时性和稳定性;控制指令的精确性和响应速度;地面站软件的操作界面和用户体验,,超级管理员,2025-09-18 15:38:26,2025-09-18 15:38:38
01814,在匹配地面站与飞行控制导航系统时，（）功能特性是重要的。,多选题,结构组成,中等,3,是,地面站能够实时监控飞行数据和状态,支持远程更改飞行计划和导航路径,具备故障诊断和自动修复功能,提供飞行数据的存储和分析功能,地面站具有多种控制模式和操作权限设置,,地面站能够实时监控飞行数据和状态;支持远程更改飞行计划和导航路径;提供飞行数据的存储和分析功能;地面站具有多种控制模式和操作权限设置,,超级管理员,2025-09-18 15:38:26,2025-09-18 15:38:38
01815,关于避障智能传感器系统的工作原理描述错误的是（）。,单选题,结构组成,中等,2,是,利用传感器感知障碍物的位置、形状和大小等信息,根据感知到的信息，通过控制器进行计算和决策,控制器输出控制信号，驱动执行机构避开障碍物,执行机构可以通过声音或振动来实现避障,,,执行机构可以通过声音或振动来实现避障,,超级管理员,2025-09-18 15:38:26,2025-09-18 15:38:38
01816,在避障智能传感器系统中，对于传感器的选择至关重要。不是选择传感器时通常考虑的因素（）。,单选题,结构组成,中等,2,是,测量范围,响应速度,分辨率,供电电压,,,供电电压,,超级管理员,2025-09-18 15:38:26,2025-09-18 15:38:38
01817,在无人机避障智能传感器系统中，传感器的灵敏度通常与下（）因素相关。,单选题,结构组成,中等,2,是,传感器尺寸,环境光线强度,被测物体的材质,传感器的分辨率和测量范围,,,传感器的分辨率和测量范围,,超级管理员,2025-09-18 15:38:26,2025-09-18 15:38:38
01818,无人机避障智能传感器系统只能通过超声波传感器来检测障碍物。（）,单选题,结构组成,中等,2,是,正确,错误,,,,,错误,,超级管理员,2025-09-18 15:38:26,2025-09-18 15:38:38
01819,无人机避障智能传感器系统的精度越高，无人机的飞行安全性就越高。（）,单选题,结构组成,中等,2,是,正确,错误,,,,,正确,,超级管理员,2025-09-18 15:38:26,2025-09-18 15:38:38
01820,关于避障智能传感器系统的优点，说法正确的是（）。,多选题,结构组成,中等,3,是,可以实现实时、准确的障碍物检测,可以根据障碍物的性质选择合适的避障策略,可以提高机器人的灵活性和自主性,可以应用于各种环境下的机器人避障任务,可以适应多种复杂环境下的动态避障需求，如光照变化、雾天等环境下仍能保持一定的避障能力,,可以实现实时、准确的障碍物检测;可以根据障碍物的性质选择合适的避障策略;可以提高机器人的灵活性和自主性;可以适应多种复杂环境下的动态避障需求，如光照变化、雾天等环境下仍能保持一定的避障能力,,超级管理员,2025-09-18 15:38:26,2025-09-18 15:38:38
01821,无人机避障智能传感器系统的关键参数包括（）。,多选题,结构组成,中等,3,是,最大探测距离,探测角度与范围,分辨率与精度,是否支持语音交互,工作电压与功耗,,最大探测距离;探测角度与范围;分辨率与精度;工作电压与功耗,,超级管理员,2025-09-18 15:38:26,2025-09-18 15:38:38
01822,无人机避障智能传感器系统的配型原则不包括（）。,单选题,结构组成,中等,2,是,敏感度高,稳定性好,功耗低,成本低,,,成本低,,超级管理员,2025-09-18 15:38:26,2025-09-18 15:38:38
01823,可以用于无人机智能避障传感器系统的是（）。,单选题,结构组成,中等,2,是,温度传感器,压力传感器,红外线传感器,湿度传感器,,,红外线传感器,,超级管理员,2025-09-18 15:38:26,2025-09-18 15:38:38
01824,在无人机智能避障系统中，（）负责实现实际的避障动作。,单选题,结构组成,中等,2,是,传感器,数据处理单元,执行机构,用户界面,,,执行机构,,超级管理员,2025-09-18 15:38:26,2025-09-18 15:38:38
01825,在配型避障智能传感器系统时，只需要考虑传感器的性能即可。（）,单选题,结构组成,中等,2,是,正确,错误,,,,,错误,,超级管理员,2025-09-18 15:38:26,2025-09-18 15:38:38
01826,在为无人机选择避障智能传感器系统时，只需考虑传感器的精度和价格，无需考虑无人机的应用场景。（）,单选题,结构组成,中等,2,是,正确,错误,,,,,错误,,超级管理员,2025-09-18 15:38:26,2025-09-18 15:38:38
01827,在无人机避障智能传感器系统配型时，应遵循（）原则。,多选题,结构组成,中等,3,是,功能需求与性能指标相匹配,环境适应性与可靠性并重,经济性与实用性相结合,外观设计的新颖性,安全性与稳定性优先,,功能需求与性能指标相匹配;环境适应性与可靠性并重;经济性与实用性相结合;安全性与稳定性优先,,超级管理员,2025-09-18 15:38:26,2025-09-18 15:38:38
01828,无人机避障智能传感器系统配型方法包括（）步骤。,多选题,结构组成,中等,3,是,分析无人机的任务需求和工作环境,对比不同传感器系统的性能参数和优缺点,选择合适的通信接口和数据传输方式,给传感器系统配备专属显示屏,根据实际飞行结果进行调整和优化,,分析无人机的任务需求和工作环境;对比不同传感器系统的性能参数和优缺点;选择合适的通信接口和数据传输方式;根据实际飞行结果进行调整和优化,,超级管理员,2025-09-18 15:38:26,2025-09-18 15:38:38
01829,避障系统中，用于衡量检测距离远近的关键参数是（ ）。,单选题,结构组成,中等,2,是,帧率,分辨率,探测范围,响应时间,,,探测范围,,超级管理员,2025-09-18 15:38:26,2025-09-18 15:38:38
01830,避障系统的分辨率主要影响（ ）。,单选题,结构组成,中等,2,是,最大探测距离,对障碍物细节的识别能力,系统功耗,数据传输速率,,,对障碍物细节的识别能力,,超级管理员,2025-09-18 15:38:26,2025-09-18 15:38:38
01831,不是避障系统响应时间的重要影响因素是（ ）。,单选题,结构组成,中等,2,是,传感器性能,算法复杂度,电源电压,处理器性能,,,电源电压,,超级管理员,2025-09-18 15:38:26,2025-09-18 15:38:38
01832,避障系统的探测范围越大，就一定能更精准地识别小型障碍物。（）,单选题,结构组成,中等,2,是,正确,错误,,,,,错误,,超级管理员,2025-09-18 15:38:26,2025-09-18 15:38:38
01833,避障系统的帧率和分辨率相互独立，没有关联。（）,单选题,结构组成,中等,2,是,正确,错误,,,,,错误,,超级管理员,2025-09-18 15:38:26,2025-09-18 15:38:38
01834,避障系统参数包含（ ）。,多选题,结构组成,困难,3,是,检测角度,数据处理能力,安装位置,抗干扰能力,外观尺寸,,检测角度;数据处理能力;抗干扰能力,,超级管理员,2025-09-18 15:38:26,2025-09-18 15:38:38
01835,关于避障系统参数，下列说法正确的是（ ）。,多选题,结构组成,困难,3,是,高帧率有利于捕捉快速移动的障碍物,探测范围越大，系统成本一定越低,抗干扰能力强可减少误报,数据处理能力不影响避障效果,检测角度与飞行器的飞行安全有关,,高帧率有利于捕捉快速移动的障碍物;抗干扰能力强可减少误报;检测角度与飞行器的飞行安全有关,,超级管理员,2025-09-18 15:38:26,2025-09-18 15:38:38
01836,为小型室内飞行器选择避障系统时，优先考虑（ ）的系统。,单选题,结构组成,中等,2,是,探测范围大,体积小、重量轻,高分辨率,高帧率,,,体积小、重量轻,,超级管理员,2025-09-18 15:38:26,2025-09-18 15:38:38
01837,当飞行器飞行速度较快时，避障系统应具备（ ）。,单选题,结构组成,中等,2,是,更高的分辨率,更大的视场角（FOV）,更快的响应时间,更高的帧率,,,更快的响应时间,,超级管理员,2025-09-18 15:38:26,2025-09-18 15:38:38
01838,避障系统与飞行器配型时，不需要考虑（ ）。,单选题,结构组成,中等,2,是,飞行器的飞行环境,飞行器的飞行姿态变化范围,飞行器的颜色,飞行器的动力系统,,,飞行器的颜色,,超级管理员,2025-09-18 15:38:26,2025-09-18 15:38:38
01839,只要避障系统的探测范围覆盖飞行器的飞行路径，就可以随意配型。（）,单选题,结构组成,中等,2,是,正确,错误,,,,,错误,,超级管理员,2025-09-18 15:38:26,2025-09-18 15:38:38
01840,飞行器的飞行高度对避障系统的配型没有影响。（）,单选题,结构组成,中等,2,是,正确,错误,,,,,错误,,超级管理员,2025-09-18 15:38:26,2025-09-18 15:38:38
01841,避障系统配型需要考虑的因素（ ）。,多选题,结构组成,中等,3,是,飞行器的用途,系统的兼容性,维护成本,操作人员的技术水平,天气条件,,飞行器的用途;系统的兼容性;维护成本,,超级管理员,2025-09-18 15:38:26,2025-09-18 15:38:38
01842,关于避障系统配型，说法正确的是（ ）。,多选题,结构组成,中等,3,是,不同类型的传感器适用于不同的飞行场景,配型时只需关注避障系统的参数，无需考虑飞行器整体,系统的稳定性对配型很重要,避障系统的价格是配型的首要考虑因素,通信接口的匹配影响避障系统与飞行器的连接,,不同类型的传感器适用于不同的飞行场景;系统的稳定性对配型很重要;通信接口的匹配影响避障系统与飞行器的连接,,超级管理员,2025-09-18 15:38:26,2025-09-18 15:38:38
01843,定高系统中，用于测量高度的关键参数是（ ）。,单选题,结构组成,中等,2,是,气压值,温度值,电流值,电压值,,,气压值,,超级管理员,2025-09-18 15:38:26,2025-09-18 15:38:38
01844,定高系统的精度主要取决于（ ）。,单选题,结构组成,中等,2,是,电源稳定性,传感器的精度,系统的外观,飞行器的速度,,,传感器的精度,,超级管理员,2025-09-18 15:38:26,2025-09-18 15:38:38
01845,定高系统（高度保持系统）的关键参数是（ ）。,单选题,结构组成,中等,2,是,横滚角,俯仰角,高度传感器读数,偏航角,,,高度传感器读数,,超级管理员,2025-09-18 15:38:26,2025-09-18 15:38:38
01846,定高系统的精度越高，测量范围就一定越大。（）,单选题,结构组成,中等,2,是,正确,错误,,,,,错误,,超级管理员,2025-09-18 15:38:26,2025-09-18 15:38:38
01847,定高系统的更新频率与飞行器的飞行稳定性无关。（）,单选题,结构组成,中等,2,是,正确,错误,,,,,错误,,超级管理员,2025-09-18 15:38:26,2025-09-18 15:38:38
01848,定高系统参数包括（ ）。,多选题,结构组成,中等,3,是,高度传感器读数,设定高度值,控制增益（PID参数）,横滚角,生产厂家,,高度传感器读数;设定高度值;控制增益（PID参数）,,超级管理员,2025-09-18 15:38:26,2025-09-18 15:38:38
01849,关于定高系统参数，说法正确的是（ ）。,多选题,结构组成,中等,3,是,测量范围应满足飞行器的飞行高度需求,抗振动能力强可保证高度测量的准确性,校准方式不影响定高精度,高更新频率会增加系统功耗,定高系统的重量是重要参数,,测量范围应满足飞行器的飞行高度需求;抗振动能力强可保证高度测量的准确性;高更新频率会增加系统功耗,,超级管理员,2025-09-18 15:38:26,2025-09-18 15:38:38
01850,对于在复杂地形飞行的飞行器，定高系统应选择（ ）。,单选题,结构组成,中等,2,是,精度低但测量范围大的,精度高且适应复杂环境的,价格便宜但更新频率低的,体积大但稳定性好的,,,精度高且适应复杂环境的,,超级管理员,2025-09-18 15:38:26,2025-09-18 15:38:38
01851,定高系统与飞行器动力系统配型时，主要考虑（ ）。,单选题,结构组成,中等,2,是,动力系统的颜色,动力系统的推力变化对高度的影响,动力系统的品牌,动力系统的生产地,,,动力系统的推力变化对高度的影响,,超级管理员,2025-09-18 15:38:26,2025-09-18 15:38:38
01852,定高系统配型时，不需要考虑（ ）。,单选题,结构组成,中等,2,是,高度传感器的精度,控制算法的参数设置,定高系统的品牌知名度,飞行器的飞行姿态控制精度,,,定高系统的品牌知名度,,超级管理员,2025-09-18 15:38:26,2025-09-18 15:38:38
01853,只要定高系统的精度满足要求，就可以与任何飞行器配型。（）,单选题,结构组成,中等,2,是,正确,错误,,,,,错误,,超级管理员,2025-09-18 15:38:26,2025-09-18 15:38:38
01854,飞行器的飞行姿态对定高系统的配型没有影响。（）,单选题,结构组成,中等,2,是,正确,错误,,,,,错误,,超级管理员,2025-09-18 15:38:26,2025-09-18 15:38:38
01855,定高系统配型需要考虑（ ）。,多选题,结构组成,中等,3,是,飞行器的飞行环境温度,系统的可靠性,操作人员的操作习惯,控制算法的参数设置,高度传感器的精度,,飞行器的飞行环境温度;系统的可靠性;操作人员的操作习惯;控制算法的参数设置,,超级管理员,2025-09-18 15:38:26,2025-09-18 15:38:38
01856,关于定高系统配型，说法正确的是（ ）。,多选题,结构组成,中等,3,是,不同飞行环境对定高系统的要求不同,配型时要综合考虑系统成本和性能,定高系统的安装位置不影响其工作效果,飞行器的飞行速度不影响定高系统配型,与其他系统的兼容性很重要,,不同飞行环境对定高系统的要求不同;配型时要综合考虑系统成本和性能;与其他系统的兼容性很重要,,超级管理员,2025-09-18 15:38:26,2025-09-18 15:38:38
01857,在进行网络通信时，为了保证数据传输的正确性和可靠性，通常使用的通信协议是（）。,单选题,结构组成,中等,2,是,HTTP,FTP,TCP/IP,DNS,,,TCP/IP,,超级管理员,2025-09-18 15:38:26,2025-09-18 15:38:38
01858,在选择合适的通信协议时，（）不是主要的考虑因素。,单选题,结构组成,中等,2,是,网络环境,数据传输需求,安全性,成本,,,成本,,超级管理员,2025-09-18 15:38:26,2025-09-18 15:38:38
01859,当数据传输速率很高且对延迟敏感时，应优先选择的协议是（）。,单选题,结构组成,中等,2,是,TCP/IP,UDP,FTP,HTTP,,,UDP,,超级管理员,2025-09-18 15:38:26,2025-09-18 15:38:38
01860,在无人机通信协议选型中，只需选择传输速度最快的协议，无需考虑其他因素。（）,单选题,结构组成,中等,2,是,正确,错误,,,,,错误,,超级管理员,2025-09-18 15:38:26,2025-09-18 15:38:38
01861,无人机通信协议的选择应完全遵循国际通用的标准协议，以确保兼容性和互通性。（）,单选题,结构组成,中等,2,是,正确,错误,,,,,错误,,超级管理员,2025-09-18 15:38:26,2025-09-18 15:38:38
01862,（）通信协议常用于无人机通信中。,多选题,结构组成,中等,3,是,Wi-Fi,Bluetooth,ZigBee,4G/5G移动通信,专用通信频段,,Wi-Fi;4G/5G移动通信;专用通信频段,,超级管理员,2025-09-18 15:38:26,2025-09-18 15:38:38
01863,在选择无人机通信协议时，（）因素需要考虑。,多选题,结构组成,中等,3,是,通信距离和带宽需求,数据传输的稳定性和可靠性,协议的兼容性和标准化程度,无人机的飞行时间,安全性与加密措施,,通信距离和带宽需求;数据传输的稳定性和可靠性;协议的兼容性和标准化程度;安全性与加密措施,,超级管理员,2025-09-18 15:38:26,2025-09-18 15:38:38
01864,在选择无人机通道数时，（）因素不是主要考虑内容。,单选题,结构组成,中等,2,是,无人机的应用场景,无人机的体积和重量,无人机的飞行时长,操作者的飞行技能,,,无人机的飞行时长,,超级管理员,2025-09-18 15:38:26,2025-09-18 15:38:38
01865,在无人机无线图传系统处理RGB图像时，（）说法是正确的。,单选题,结构组成,中等,2,是,每个像素点只能有一个通道,RGB图像有3个通道,每个像素点可以有多个通道,输入数据的通道数,,,RGB图像有3个通道,,超级管理员,2025-09-18 15:38:26,2025-09-18 15:38:38
01867,无人机通道数越多，控制功能就越丰富，因此应尽量选择通道数多的遥控器。（）,单选题,结构组成,中等,2,是,正确,错误,,,,,错误,,超级管理员,2025-09-18 15:38:26,2025-09-18 15:38:38
01868,在视频处理中，选择通道数越少，处理效率越高。（）,单选题,结构组成,中等,2,是,正确,错误,,,,,错误,,超级管理员,2025-09-18 15:38:26,2025-09-18 15:38:38
01869,在选择无人机的通道数时，（）因素是需要考虑的。,多选题,结构组成,中等,3,是,无人机的飞行稳定性和控制精度,无人机的应用场景和任务需求,遥控器的功能和操作复杂度,飞行控制系统的性能和计算能力,飞行时长,,无人机的飞行稳定性和控制精度;无人机的应用场景和任务需求;遥控器的功能和操作复杂度;飞行控制系统的性能和计算能力,,超级管理员,2025-09-18 15:38:26,2025-09-18 15:38:38
01870,在图像处理中，选择通道数的方法包括（）。,多选题,结构组成,中等,3,是,根据飞行时间选择通道数,根据处理任务的需求选择通道数,根据图像的分辨率选择通道数,根据通道之间的相关性选择通道数,根据特征提取和识别的需求选择通道数,,根据处理任务的需求选择通道数;根据图像的分辨率选择通道数;根据通道之间的相关性选择通道数;根据特征提取和识别的需求选择通道数,,超级管理员,2025-09-18 15:38:26,2025-09-18 15:38:38
01871,方法中可以帮助我们更好地控制距离的是（）。,单选题,结构组成,中等,2,是,目测法,身体感知法,使用测量工具,手势比划,,,使用测量工具,,超级管理员,2025-09-18 15:38:26,2025-09-18 15:38:38
01872,在进行无人机飞行前，（）不是考虑控制距离的重要因素。,单选题,结构组成,中等,2,是,无人机类型,任务需求,环境条件,飞行时间,,,飞行时间,,超级管理员,2025-09-18 15:38:26,2025-09-18 15:38:38
01873,无人机选择控制距离的主要目的是（）,单选题,结构组成,中等,2,是,性能限制,方便控制,避免电机过热,安全性和稳定性,,,安全性和稳定性,,超级管理员,2025-09-18 15:38:26,2025-09-18 15:38:38
01874,选择无人机时，控制距离越长越好，因此应优先选择控制距离最远的无人机。（）,单选题,结构组成,中等,2,是,正确,错误,,,,,错误,,超级管理员,2025-09-18 15:38:26,2025-09-18 15:38:38
01875,在选择无人机控制距离时，只需考虑无人机的飞行距离，无需考虑控制信号的稳定性。（）,单选题,结构组成,中等,2,是,正确,错误,,,,,错误,,超级管理员,2025-09-18 15:38:26,2025-09-18 15:38:38
01876,会影响我们距离感知的因素是（）。,多选题,结构组成,中等,3,是,视线角度,颜色对比度,环境噪音,距离感是否敏锐,物体材质,,视线角度;颜色对比度;环境噪音;距离感是否敏锐,,超级管理员,2025-09-18 15:38:26,2025-09-18 15:38:38
01877,在选择无人机的控制距离时，一般需要考虑（）因素。,多选题,结构组成,中等,3,是,无人机的飞行性能和续航能力,通信协议和设备的性能,地面控制站的功能和范围,飞行环境和障碍物,无人机的飞行时间,,无人机的飞行性能和续航能力;通信协议和设备的性能;地面控制站的功能和范围;飞行环境和障碍物,,超级管理员,2025-09-18 15:38:26,2025-09-18 15:38:38
01878,在选择无人机通讯频率时，首先要注意的是（）。,单选题,结构组成,中等,2,是,无人机机型,预期传输距离,无线电管理法规,成本,,,无线电管理法规,,超级管理员,2025-09-18 15:38:26,2025-09-18 15:38:38
01879,在选择无人机通讯频率时，（）频段是通常不被推荐的。,单选题,结构组成,中等,2,是,2.4 GHz ISM频段,5.8 GHz ISM频段,900 MHz频段,30 MHz频段,,,30 MHz频段,,超级管理员,2025-09-18 15:38:26,2025-09-18 15:38:38
01880,无人机通讯频率的选择与（）无关。,单选题,结构组成,中等,2,是,无人机的飞行高度,无人机的飞行速度,无人机的载重量,无人机的飞行任务,,,无人机的载重量,,超级管理员,2025-09-18 15:38:26,2025-09-18 15:38:38
01881,当无人机周围存在大量金属障碍物时，选择高频通讯频率有利于穿透障碍物，保障通讯。（）,单选题,结构组成,中等,2,是,正确,错误,,,,,错误,,超级管理员,2025-09-18 15:38:26,2025-09-18 15:38:38
01882,只要两个无人机使用的通讯频率不同，就不会出现信号干扰问题。（）,单选题,结构组成,中等,2,是,正确,错误,,,,,错误,,超级管理员,2025-09-18 15:38:26,2025-09-18 15:38:38
01883,在选择通讯频率时， 需要考虑的因素有（）。,多选题,结构组成,中等,3,是,信号的传输距离,信号的穿透能力,信号的带宽,无人机性能,遥控器型号,,信号的传输距离;信号的穿透能力;信号的带宽;遥控器型号,,超级管理员,2025-09-18 15:38:26,2025-09-18 15:38:38
01884,（）频率通常用于无人机的通讯。,多选题,结构组成,中等,3,是,2.4 GHz,5 GHz,900 MHz,100 GHz,1000 GHz,,2.4 GHz;5 GHz;900 MHz,,超级管理员,2025-09-18 15:38:26,2025-09-18 15:38:39
01885,在选择无人机无线数据传输系统时，主要考虑的因素是（）。,单选题,结构组成,中等,2,是,功耗,品牌,抗干扰能力,成本,,,抗干扰能力,,超级管理员,2025-09-18 15:38:26,2025-09-18 15:38:39
01886,无人机无线数据传输技术可以提供最远的数据传输距离的是（）。,单选题,结构组成,中等,2,是,Wi-Fi,蓝牙,Zigbee,微波,,,微波,,超级管理员,2025-09-18 15:38:26,2025-09-18 15:38:39
01887,无人机无线数据传输系统选型时，（）不是首要考虑的因素。,单选题,结构组成,中等,2,是,传输速率,通信距离,信号稳定性,功耗,,,信号稳定性,,超级管理员,2025-09-18 15:38:26,2025-09-18 15:38:39
01888,在选择无线数据传输系统时，只需考虑传输速度，无需考虑传输距离和数据安全性。（）,单选题,结构组成,中等,2,是,正确,错误,,,,,错误,,超级管理员,2025-09-18 15:38:26,2025-09-18 15:38:39
01889,无线数据传输系统的频率选择应根据可用频段和通信距离来确定。（）,单选题,结构组成,中等,2,是,正确,错误,,,,,正确,,超级管理员,2025-09-18 15:38:26,2025-09-18 15:38:39
01890,在选择无线数据传输系统时，应考虑的因素有（）。,多选题,结构组成,中等,3,是,传输距离是否满足需求,数据传输速率,设备成本,系统的美观性,安全性,,传输距离是否满足需求;数据传输速率;设备成本;安全性,,超级管理员,2025-09-18 15:38:26,2025-09-18 15:38:39
01891,在无人机无线数据传输系统选型过程中，需要（）关键因素。,多选题,结构组成,中等,3,是,数据传输速率和带宽要求,传输距离和覆盖范围,抗干扰能力和稳定性,选择高功率的发射设备,兼容性和可扩展性,,数据传输速率和带宽要求;传输距离和覆盖范围;抗干扰能力和稳定性;兼容性和可扩展性,,超级管理员,2025-09-18 15:38:26,2025-09-18 15:38:39
01892,在选择无线图像传输系统时，以下（）因素不是主要考虑的因素。,单选题,结构组成,中等,2,是,传输距离,图像分辨率,环境温度,数据加密方式,,,环境温度,,超级管理员,2025-09-18 15:38:26,2025-09-18 15:38:39
01893,在无人机无线图像传输系统中，（）因素会影响传输距离。,单选题,结构组成,中等,2,是,信号强度,遥控器电池电量,手机屏幕亮度,景象质量,,,信号强度,,超级管理员,2025-09-18 15:38:26,2025-09-18 15:38:39
01894,为了保证高质量的视频传输，无线图像传输系统应优先选择（）频段。,单选题,结构组成,中等,2,是,2.4 GHz,5.8 GHz,900 MHz,60 GHz,,,5.8 GHz,,超级管理员,2025-09-18 15:38:26,2025-09-18 15:38:39
01895,无线图像传输系统中的天线增益越高，信号覆盖范围越广。（）,单选题,结构组成,中等,2,是,正确,错误,,,,,正确,,超级管理员,2025-09-18 15:38:26,2025-09-18 15:38:39
01896,无线图像传输系统中，使用更高的调制方式可以减少传输延迟。（）,单选题,结构组成,中等,2,是,正确,错误,,,,,错误,,超级管理员,2025-09-18 15:38:26,2025-09-18 15:38:39
01897,在选择无人机无线图像传输系统时，（）因素需要考虑。,多选题,结构组成,中等,3,是,图像分辨率和传输质量,传输距离和覆盖范围,抗干扰能力和信号稳定性,是否支持 5G 网络,兼容性和易用性,,图像分辨率和传输质量;传输距离和覆盖范围;抗干扰能力和信号稳定性;兼容性和易用性,,超级管理员,2025-09-18 15:38:26,2025-09-18 15:38:39
01898,无人机无线图像传输系统的选型方法通常涉及（）步骤。,多选题,结构组成,中等,3,是,明确无人机图像传输的具体需求和场景,调研市场上的无线图像传输技术和产品,对比不同系统的性能指标和价格,评估系统的品牌知名度,进行实地测试或模拟飞行验证系统性能,,明确无人机图像传输的具体需求和场景;调研市场上的无线图像传输技术和产品;对比不同系统的性能指标和价格;进行实地测试或模拟飞行验证系统性能,,超级管理员,2025-09-18 15:38:26,2025-09-18 15:38:39
01899,（）在短跑道上效果较好。,单选题,结构组成,中等,2,是,轮胎起飞系统,航空母舰滑跃起飞系统,滑跑起飞系统,跑道起飞系统,,,航空母舰滑跃起飞系统,,超级管理员,2025-09-18 15:38:26,2025-09-18 15:38:39
01900,无人机采用手抛式起飞系统的特点是（）。,单选题,结构组成,中等,2,是,需要大型起飞场地,起飞准备过程复杂,便灵活，适用于小型无人机,需要专门的发射装置,,,便灵活，适用于小型无人机,,超级管理员,2025-09-18 15:38:26,2025-09-18 15:38:39
01901,无人机滑跑起飞的特点是（）。,单选题,结构组成,中等,2,是,需要跑道,不适合大型无人机,快速部署,无需助跑设施,,,需要跑道,,超级管理员,2025-09-18 15:38:26,2025-09-18 15:38:39
01902,抛式起飞系统适用于所有类型的无人机，无需特殊准备即可进行起飞。（）,单选题,结构组成,中等,2,是,正确,错误,,,,,错误,,超级管理员,2025-09-18 15:38:26,2025-09-18 15:38:39
01903,滑跑式起飞系统需要较长的跑道，并且在起飞过程中无人机容易受到风向的影响。（）,单选题,结构组成,中等,2,是,正确,错误,,,,,正确,,超级管理员,2025-09-18 15:38:26,2025-09-18 15:38:39
01904,关于起飞系统的描述正确的是（）。,多选题,结构组成,中等,3,是,起飞系统可以根据飞机类型和跑道条件进行选择,不同类型的飞机可能需要不同的起飞系统,飞机在起飞过程中必须克服重力，因此需要有足够的推力,起飞系统的设计应该考虑到飞机的性能、乘客舒适度和安全性,起飞系统可以完全替代飞机发动机的作用,,起飞系统可以根据飞机类型和跑道条件进行选择;不同类型的飞机可能需要不同的起飞系统;飞机在起飞过程中必须克服重力，因此需要有足够的推力;起飞系统的设计应该考虑到飞机的性能、乘客舒适度和安全性,,超级管理员,2025-09-18 15:38:26,2025-09-18 15:38:39
01905,手抛式无人机起飞系统通常适用于（）场景。,多选题,结构组成,中等,3,是,紧急救援任务，需要快速部署,侦察和监控任务，需要隐蔽操作,航拍和摄影任务，需要便携性,长途运输任务，需要持久续航,事打击任务，需要高精度打击,,紧急救援任务，需要快速部署;侦察和监控任务，需要隐蔽操作;航拍和摄影任务，需要便携性,,超级管理员,2025-09-18 15:38:26,2025-09-18 15:38:39
01906,常用于大型飞机的起落架是（）。,单选题,结构组成,中等,2,是,电动起落架,液压起落架,气动起落架,电磁起落架,,,液压起落架,,超级管理员,2025-09-18 15:38:26,2025-09-18 15:38:39
01907,适用于轻型或小型飞机的起落架是（）。,单选题,结构组成,中等,2,是,电动起落架,液压起落架,气动起落架,电磁起落架,,,电动起落架,,超级管理员,2025-09-18 15:38:26,2025-09-18 15:38:39
01908,在农业监测领域，通常使用的无人机起飞与回收技术是（）,单选题,结构组成,中等,2,是,弹射起飞,滑翔着陆,垂直起降,固定翼起飞,,,垂直起降,,超级管理员,2025-09-18 15:38:26,2025-09-18 15:38:39
01909,气动起落架通常只在轻型或小型飞机上使用。（）,单选题,结构组成,中等,2,是,正确,错误,,,,,错误,,超级管理员,2025-09-18 15:38:26,2025-09-18 15:38:39
01910,手抛式起飞系统主要应用于大型、重型无人机的起飞场景。（）,单选题,结构组成,中等,2,是,正确,错误,,,,,错误,,超级管理员,2025-09-18 15:38:26,2025-09-18 15:38:39
01911,关于无人机起飞系统的应用场景差异，（）说法是正确的。,多选题,结构组成,中等,3,是,弹射式起飞系统常用于需要迅速部署且场地受限的情况,手抛式起飞系统更适用于短距离侦查和快速响应任务,滑跑式起飞系统通常用于大型无人机执行长距离飞行任务,垂直起降系统适用于城市环境和复杂地形中的航拍与监测,火箭助推起飞系统主要用于大型货物运输任务,,弹射式起飞系统常用于需要迅速部署且场地受限的情况;手抛式起飞系统更适用于短距离侦查和快速响应任务;滑跑式起飞系统通常用于大型无人机执行长距离飞行任务;垂直起降系统适用于城市环境和复杂地形中的航拍与监测,,超级管理员,2025-09-18 15:38:26,2025-09-18 15:38:39
01912,在不同应用场景下，无人机起飞系统的选择应考虑（）因素。,多选题,结构组成,中等,3,是,起飞和降落场地的条件,任务所需的航程和载荷能力,操作的简便性和响应速度,任务对色彩识别的需求,无人机的尺寸和重量,,起飞和降落场地的条件;任务所需的航程和载荷能力;操作的简便性和响应速度;无人机的尺寸和重量,,超级管理员,2025-09-18 15:38:26,2025-09-18 15:38:39
01913,无人机采用伞降着陆系统时，其主要作用是（）。,单选题,结构组成,中等,2,是,缩短着陆距离,增加无人机着陆速度,降低着陆冲击力,提高无人机着陆精度,,,降低着陆冲击力,,超级管理员,2025-09-18 15:38:26,2025-09-18 15:38:39
01914,最适用于小型无人机着陆的系统的是（）。,单选题,结构组成,中等,2,是,跑道型着陆系统,任意着陆系统均可,滑跃式着陆系统,垂直着陆系统,,,垂直着陆系统,,超级管理员,2025-09-18 15:38:26,2025-09-18 15:38:39
01915,在大风环境下，最不易采用何种着陆方式（）。,单选题,结构组成,中等,2,是,跑道型着陆系统,垂直着陆系统,滑跃式着陆系统,伞降着陆系统,,,伞降着陆系统,,超级管理员,2025-09-18 15:38:26,2025-09-18 15:38:39
01916,伞降着陆系统适用于所有类型的无人机，且着陆过程无需操作员干预。（）,单选题,结构组成,中等,2,是,正确,错误,,,,,错误,,超级管理员,2025-09-18 15:38:26,2025-09-18 15:38:39
01917,悬停型着陆系统只适用于直升机。（）,单选题,结构组成,中等,2,是,正确,错误,,,,,正确,,超级管理员,2025-09-18 15:38:26,2025-09-18 15:38:39
01918,关于无人机不同着陆系统的特点，（）描述是准确的。,多选题,结构组成,中等,3,是,伞降着陆系统适合小型无人机进行快速回收,滑跑着陆系统需要较长的着陆跑道以确保安全,垂直着陆系统可以在狭小空间内完成着陆,网回收系统适用于高速飞行的无人机,网兜回收系统需要无人机在着陆时降低速度,,伞降着陆系统适合小型无人机进行快速回收;滑跑着陆系统需要较长的着陆跑道以确保安全;垂直着陆系统可以在狭小空间内完成着陆;网兜回收系统需要无人机在着陆时降低速度,,超级管理员,2025-09-18 15:38:26,2025-09-18 15:38:39
01919,无人机着陆系统的选择应考虑（）因素。,多选题,结构组成,中等,3,是,着陆场地的条件,无人机的尺寸和重量,陆过程中的安全性,任务执行后的时间要求,无人机的续航能力和电池电量,,着陆场地的条件;无人机的尺寸和重量;陆过程中的安全性;任务执行后的时间要求,,超级管理员,2025-09-18 15:38:26,2025-09-18 15:38:39
01920,在山区进行无人机侦察任务时，（）着陆系统更为合适。,单选题,结构组成,中等,2,是,垂直着陆系统,伞降着陆系统,滑跑着陆系统,任意着陆系统均可,,,垂直着陆系统,,超级管理员,2025-09-18 15:38:26,2025-09-18 15:38:39
01921,在（）应用场景中，无人机自动着陆控制系统的设计技术最为关键。,单选题,结构组成,中等,2,是,军事侦察,无人机电力检测,航天器回收,无人机农业监测,,,航天器回收,,超级管理员,2025-09-18 15:38:26,2025-09-18 15:38:39
01922,在野外复杂不平整地形条件下，（）类型的着陆系统更能保障无人机安全着陆。,单选题,结构组成,中等,2,是,垂直着陆系统,滑跑着陆系统,天钩回收系统,跑道型着陆系统,,,垂直着陆系统,,超级管理员,2025-09-18 15:38:26,2025-09-18 15:38:39
01923,在城市狭窄空间内，无人机采用垂直起降着陆系统更加适合。（）,单选题,结构组成,中等,2,是,正确,错误,,,,,正确,,超级管理员,2025-09-18 15:38:26,2025-09-18 15:38:39
01924,伞降着陆系统通常用于执行海上搜救任务的无人机。（）,单选题,结构组成,中等,2,是,正确,错误,,,,,错误,,超级管理员,2025-09-18 15:38:26,2025-09-18 15:38:39
01925,在月球探测任务中，可能需要采用的着陆系统包括（）。,多选题,结构组成,中等,3,是,大气减速降落,避障跳跃降落,喷气减速降落,降落伞减速降落,避障探测与自主导航降落,,避障跳跃降落;喷气减速降落;降落伞减速降落;避障探测与自主导航降落,,超级管理员,2025-09-18 15:38:26,2025-09-18 15:38:39
01926,根据应用场景的差异，（）着陆系统适用于无人机的不同任务需求。,多选题,结构组成,中等,3,是,伞降着陆系统适合小型无人机进行快速回收,滑跑着陆系统 - 适用于大型无人机在机场或开阔地带的起飞和着陆,垂直起降系统 - 适用于城市环境和复杂地形中的无人机作业,撞网回收系统 - 适用于高速飞行且需要精准着陆的无人机任务,网兜回收系统 - 适用于小型无人机的空中捕捉和回收,,伞降着陆系统适合小型无人机进行快速回收;滑跑着陆系统 - 适用于大型无人机在机场或开阔地带的起飞和着陆;垂直起降系统 - 适用于城市环境和复杂地形中的无人机作业;网兜回收系统 - 适用于小型无人机的空中捕捉和回收,,超级管理员,2025-09-18 15:38:26,2025-09-18 15:38:39
01927,FPV系统的主要功能是（）。,单选题,结构组成,中等,2,是,控制无人机飞行,实时传输视频信号,检测环境参数,实现自主导航,,,实时传输视频信号,,超级管理员,2025-09-18 15:38:26,2025-09-18 15:38:39
01928,在选择无人机FPV系统时，首要考虑的因素是（）。,单选题,结构组成,中等,2,是,摄像头品牌,图传系统的稳定性,电池续航能力,飞行控制器的性能,,,图传系统的稳定性,,超级管理员,2025-09-18 15:38:26,2025-09-18 15:38:39
01929,在选择FPV系统的飞控时，（）功能是必须考虑的。,单选题,结构组成,中等,2,是,三轴陀螺仪,三轴加速度计,气压计,GPS模块,,,三轴陀螺仪,,超级管理员,2025-09-18 15:38:26,2025-09-18 15:38:39
01930,FPV系统中的无线传输距离只受电池容量的影响。（）,单选题,结构组成,中等,2,是,正确,错误,,,,,错误,,超级管理员,2025-09-18 15:38:26,2025-09-18 15:38:39
01931,在选择无人机FPV系统时，只需考虑摄像头的分辨率，分辨率越高，FPV效果就越好。 （）,单选题,结构组成,中等,2,是,正确,错误,,,,,错误,,超级管理员,2025-09-18 15:38:26,2025-09-18 15:38:39
01932,在选择无人机第一人称视角（FPV）系统时，应考虑（）关键因素。,多选题,结构组成,中等,3,是,图像传输距离与稳定性,摄像头分辨率与画质,飞行控制器的兼容性与性能,飞行环境及光照条件,飞行速度与高度范围,,图像传输距离与稳定性;摄像头分辨率与画质;飞行控制器的兼容性与性能;飞行环境及光照条件,,超级管理员,2025-09-18 15:38:26,2025-09-18 15:38:39
01933,（）因素有助于优化无人机FPV系统的使用体验。,多选题,结构组成,中等,3,是,高清晰度显示屏幕,低延迟的图像传输技术,轻便且耐用的FPV眼镜或显示设备,智能飞行跟踪与自动校准功能,大容量电池以延长飞行时间,,高清晰度显示屏幕;低延迟的图像传输技术;轻便且耐用的FPV眼镜或显示设备;智能飞行跟踪与自动校准功能,,超级管理员,2025-09-18 15:38:26,2025-09-18 15:38:39
01934,在选择无人机航拍系统时，（）因素对于拍摄质量至关重要。,单选题,结构组成,中等,2,是,无人机的最大飞行速度,无人机的最大载重能力,摄像头的像素和分辨率,无人机的续航能力,,,摄像头的像素和分辨率,,超级管理员,2025-09-18 15:38:26,2025-09-18 15:38:39
01935,在进行长时间航拍任务时，（）因素对于无人机航拍系统最为重要。,单选题,结构组成,中等,2,是,无人机的飞行速度,无人机的续航能力,无人机的起降方式,摄像头的广角范围,,,无人机的续航能力,,超级管理员,2025-09-18 15:38:26,2025-09-18 15:38:39
01936,在无人机航拍系统中，（）技术可以提高画面的稳定性和清晰度。,单选题,结构组成,中等,2,是,高速飞行技术,摄像机的防抖技术,无人机的自动跟踪功能,无人机的遥控操作技术,,,摄像机的防抖技术,,超级管理员,2025-09-18 15:38:26,2025-09-18 15:38:39
01937,在选择无人航拍系统时，无人机的载重能力越大，就一定越适合搭载大型航拍设备。（）,单选题,结构组成,中等,2,是,正确,错误,,,,,错误,,超级管理员,2025-09-18 15:38:26,2025-09-18 15:38:39
01938,在选择无人航拍系统时，飞行稳定性是确保高质量航拍画面的关键因素之一。（）,单选题,结构组成,中等,2,是,正确,错误,,,,,正确,,超级管理员,2025-09-18 15:38:26,2025-09-18 15:38:39
01939,（）技术特性有助于提升无人机航拍系统的性能。,多选题,结构组成,中等,3,是,智能飞行控制系统,光学防抖技术,高清图像编码技术,遥控距离和信号稳定性,配备专业云台稳定器,,智能飞行控制系统;光学防抖技术;高清图像编码技术;遥控距离和信号稳定性,,超级管理员,2025-09-18 15:38:26,2025-09-18 15:38:39
01940,在无人机航拍系统的选型过程中，（）做法是推荐的。,多选题,结构组成,中等,3,是,根据拍摄需求选择合适的无人机类型（如多旋翼、固定翼等）,对比不同品牌和型号的性价比,只考虑价格因素，选择最便宜的航拍系统,考虑航拍系统的扩展性和升级潜力,在购买前进行实际飞行测试以评估性能,,根据拍摄需求选择合适的无人机类型（如多旋翼、固定翼等）;对比不同品牌和型号的性价比;考虑航拍系统的扩展性和升级潜力;在购买前进行实际飞行测试以评估性能,,超级管理员,2025-09-18 15:38:26,2025-09-18 15:38:39
01941,无人机物流系统在执行任务时，（）确保货物的精确投放。,单选题,结构组成,中等,2,是,依赖飞行员的视觉判断,使用高精度定位系统和传感器,增加无人机的载重能力,提高无人机的飞行速度,,,使用高精度定位系统和传感器,,超级管理员,2025-09-18 15:38:26,2025-09-18 15:38:39
01942,在物流系统中，拣选设备的选型应重点考虑（）。,单选题,结构组成,中等,2,是,拣选效率,设备成本,软件系统的兼容性,设备的娱乐功能,,,拣选效率,,超级管理员,2025-09-18 15:38:26,2025-09-18 15:38:39
01943,（）是物流系统选型中重要的软实力指标。,单选题,结构组成,中等,2,是,系统集成能力,数据分析能力,设备管理能力,客户服务能力,,,数据分析能力,,超级管理员,2025-09-18 15:38:26,2025-09-18 15:38:39
01944,在选择无人机物流系统的导航模块时，仅需要考虑精度因素，精度越高，系统性能就越好。（）,单选题,结构组成,中等,2,是,正确,错误,,,,,错误,,超级管理员,2025-09-18 15:38:26,2025-09-18 15:38:39
01945,对于无人机物流系统的货物抓取装置，只要能够牢固抓取货物，就可以满足所有需求。（）,单选题,结构组成,中等,2,是,正确,错误,,,,,错误,,超级管理员,2025-09-18 15:38:26,2025-09-18 15:38:39
01946,（）技术特性有助于提升无人机物流系统的效率和安全性。,多选题,结构组成,中等,3,是,高清摄像头与图像识别技术,先进的导航系统,自主避障与防撞技术,高性能电池与快速充电技术,具备机械臂抓取功能,,高清摄像头与图像识别技术;先进的导航系统;自主避障与防撞技术;高性能电池与快速充电技术,,超级管理员,2025-09-18 15:38:26,2025-09-18 15:38:39
01947,无人机着陆系统可能具备（）特点。,多选题,结构组成,中等,3,是,自动识别着陆点,实时调整飞行姿态,固定翼和旋翼通用,设备的操作人员技能水平,配备降落伞等安全设备,,自动识别着陆点;实时调整飞行姿态;配备降落伞等安全设备,,超级管理员,2025-09-18 15:38:26,2025-09-18 15:38:39
01948,拆卸多旋翼无人机时，首先要进行的操作是（）。,单选题,飞行原理,中等,2,是,拆除螺旋桨,断开电池连接,拆卸电机,移除外壳,,,断开电池连接,,超级管理员,2025-09-18 15:38:26,2025-09-18 15:38:39
01949,在拆卸多旋翼无人机螺旋桨时，应该（）。,单选题,飞行原理,中等,2,是,直接用手拧下,不管正反桨，拆卸方式相同,按照螺旋桨旋转方向的反方向旋转拧下,使用蛮力拆卸,,,按照螺旋桨旋转方向的反方向旋转拧下,,超级管理员,2025-09-18 15:38:26,2025-09-18 15:38:39
01950,拆卸多旋翼无人机的电机时，通常会用到（）工具。,单选题,飞行原理,中等,2,是,电钻,扳手,螺丝刀,钳子,,,螺丝刀,,超级管理员,2025-09-18 15:38:26,2025-09-18 15:38:39
01951,多旋翼无人机拆卸时，可随意顺序拆卸，对后续装配无影响。,单选题,飞行原理,中等,2,是,正确,错误,,,,,错误,,超级管理员,2025-09-18 15:38:26,2025-09-18 15:38:39
01952,拆卸多旋翼无人机电子调速器（ESC）时，不用断开与电机的连接。,单选题,飞行原理,困难,2,是,正确,错误,,,,,错误,,超级管理员,2025-09-18 15:38:26,2025-09-18 15:38:39
01953,在拆卸多旋翼无人机时，以下步骤是必要的（）。,多选题,飞行原理,中等,3,是,拆卸螺旋桨,拆卸电机,注意不要损坏内部线路,清理所有组件表面的灰尘,记录各组件的位置和连接方式,,拆卸螺旋桨;拆卸电机;注意不要损坏内部线路;清理所有组件表面的灰尘;记录各组件的位置和连接方式,,超级管理员,2025-09-18 15:38:26,2025-09-18 15:38:40
01954,在拆卸多旋翼无人机的过程中，以下做法是正确的（）。,多选题,飞行原理,中等,3,是,做好部件标记，便于后续安装,随意放置拆卸下来的部件,边拆卸边检查部件是否有损坏,拆卸完成后，将所有部件随意堆放,使用合适的工具进行拆卸,,做好部件标记，便于后续安装;边拆卸边检查部件是否有损坏;使用合适的工具进行拆卸,,超级管理员,2025-09-18 15:38:26,2025-09-18 15:38:40
01955,拆卸多旋翼无人机螺旋桨时，正确的操作是（）。,单选题,飞行原理,中等,2,是,直接用大力拧下,按螺旋桨旋转方向反向轻轻拧下,用钳子夹下,用电钻钻下,,,按螺旋桨旋转方向反向轻轻拧下,,超级管理员,2025-09-18 15:38:26,2025-09-18 15:38:40
01956,拆卸多旋翼无人机电机前，必须先（）。,单选题,飞行原理,中等,2,是,拆除螺旋桨,断开电池连接,取下外壳,校准电机,,,断开电池连接,,超级管理员,2025-09-18 15:38:26,2025-09-18 15:38:40
01957,拆卸多旋翼无人机电子调速器（ESC）时， 下列操作错误的是（）。,单选题,飞行原理,中等,2,是,先断开与电机的连接,做好线路标记,直接剪断线路,关闭电源,,,直接剪断线路,,超级管理员,2025-09-18 15:38:26,2025-09-18 15:38:40
01958,拆卸多旋翼无人机可以不按顺序，随意拆卸各部件（）。,单选题,飞行原理,中等,2,是,正确,错误,,,,,错误,,超级管理员,2025-09-18 15:38:26,2025-09-18 15:38:40
01959,在拆卸多旋翼无人机的过程中，可以不戴防静电手环直接接触电路板（）。,单选题,飞行原理,中等,2,是,正确,错误,,,,,错误,,超级管理员,2025-09-18 15:38:26,2025-09-18 15:38:40
01960,拆卸多旋翼无人机电池时，需要注意 （）。,多选题,飞行原理,中等,3,是,先关闭无人机电源,小心操作避免短路,检查电池外观是否有损坏,随意放置拆卸后的电池,直接用力拔出电池插头,,先关闭无人机电源;小心操作避免短路;检查电池外观是否有损坏,,超级管理员,2025-09-18 15:38:26,2025-09-18 15:38:40
01961,在拆卸多旋翼无人机时， （）工具可能会用到。,多选题,飞行原理,中等,3,是,螺丝刀,扳手,电钻,镊子,剪刀,,螺丝刀;扳手,,超级管理员,2025-09-18 15:38:26,2025-09-18 15:38:40
01962,多旋翼无人机装配时，安装电机的下一步通常是（）。,单选题,飞行原理,中等,2,是,安装螺旋桨,连接电子调速器（ESC）,安装电池,固定外壳,,,连接电子调速器（ESC）,,超级管理员,2025-09-18 15:38:26,2025-09-18 15:38:40
01963,装配多旋翼无人机的螺旋桨时，正反桨安装错误会导致（）。,单选题,飞行原理,中等,2,是,无人机无法起飞,螺旋桨寿命缩短,飞行时震动加剧,电机过热,,,飞行时震动加剧,,超级管理员,2025-09-18 15:38:26,2025-09-18 15:38:40
01964,多旋翼无人机装配完成后，首次通电前需要检查的是（）。,单选题,飞行原理,中等,2,是,螺旋桨旋转方向,电池电量,所有连接线是否牢固,以上所有,,,以上所有,,超级管理员,2025-09-18 15:38:26,2025-09-18 15:38:40
01965,多旋翼无人机装配时，电子设备的线路可以随意连接（）。,单选题,飞行原理,中等,2,是,正确,错误,,,,,错误,,超级管理员,2025-09-18 15:38:26,2025-09-18 15:38:40
01966,装配多旋翼无人机外壳时，无需考虑内部线路走向（）。,单选题,飞行原理,中等,2,是,正确,错误,,,,,错误,,超级管理员,2025-09-18 15:38:26,2025-09-18 15:38:40
01967,多旋翼无人机装配过程中，安装电池需要注意（）。,多选题,飞行原理,中等,3,是,电池的正负极连接正确,电池固定牢固,电池安装位置不影响重心,随意选择电池安装位置,安装前检查电池外观,,电池的正负极连接正确;电池固定牢固;电池安装位置不影响重心;安装前检查电池外观,,超级管理员,2025-09-18 15:38:26,2025-09-18 15:38:40
01968,装配多旋翼无人机的电子调速器（ESC）时，需要（）。,多选题,飞行原理,中等,3,是,将其固定在合适位置,正确连接电机和飞控,确保线路整齐不缠绕,随意设置参数,安装后进行调试,,将其固定在合适位置;正确连接电机和飞控;确保线路整齐不缠绕;安装后进行调试,,超级管理员,2025-09-18 15:38:26,2025-09-18 15:38:40
01969,多旋翼无人机装配中，使用（）工具安装电机螺丝更合适。,单选题,飞行原理,中等,2,是,普通螺丝刀,电动螺丝刀,扳手,钳子,,,普通螺丝刀,,超级管理员,2025-09-18 15:38:26,2025-09-18 15:38:40
01970,装配多旋翼无人机螺旋桨时，为了确保安装牢固操作正确的是（）。,单选题,飞行原理,中等,2,是,使用胶水粘贴,用力拧紧,使用专用垫片和螺母,多次旋转测试,,,使用专用垫片和螺母,,超级管理员,2025-09-18 15:38:26,2025-09-18 15:38:40
01971,多旋翼无人机装配完成后，调试飞控的第一步是（）。,单选题,飞行原理,中等,2,是,校准指南针,校准陀螺仪,设置飞行模式,调整 PID 参数,,,校准陀螺仪,,超级管理员,2025-09-18 15:38:26,2025-09-18 15:38:40
01972,装配多旋翼无人机时，所有部件都可以直接用手安装，无需工具（）。,单选题,飞行原理,中等,2,是,正确,错误,,,,,错误,,超级管理员,2025-09-18 15:38:26,2025-09-18 15:38:40
01973,装配多旋翼无人机电子设备时，无需防静电措施（）。,单选题,飞行原理,中等,2,是,正确,错误,,,,,错误,,超级管理员,2025-09-18 15:38:26,2025-09-18 15:38:40
01974,多旋翼无人机装配过程中， 有助于提高装配质量的操作是（）。,多选题,飞行原理,中等,3,是,严格按照装配手册操作,使用高质量的零部件,装配完成后进行全面检查,随意调整装配顺序,边装配边测试,,严格按照装配手册操作;使用高质量的零部件;装配完成后进行全面检查;边装配边测试,,超级管理员,2025-09-18 15:38:26,2025-09-18 15:38:40
01975,装配多旋翼无人机的外壳时，需要注意（）。,多选题,飞行原理,中等,3,是,外壳安装牢固无松动,预留好线路出口,不损坏内部已安装的部件,随意选择外壳材质,安装后进行外观检查,,外壳安装牢固无松动;预留好线路出口;不损坏内部已安装的部件;安装后进行外观检查,,超级管理员,2025-09-18 15:38:26,2025-09-18 15:38:40
01976,拆卸固定翼无人机机翼时，首先要做的是（）。,单选题,飞行原理,中等,2,是,拆除副翼,断开机翼与机身的连接部件,取下机翼上的舵机,拆除螺旋桨,,,断开机翼与机身的连接部件,,超级管理员,2025-09-18 15:38:26,2025-09-18 15:38:40
01977,固定翼无人机拆卸起落架时，通常需要使用的工具是（）。,单选题,飞行原理,中等,2,是,螺丝刀,电钻,扳手,钳子,,,扳手,,超级管理员,2025-09-18 15:38:26,2025-09-18 15:38:40
01978,拆卸固定翼无人机发动机时， 错误的步骤是（）。,单选题,飞行原理,中等,2,是,先关闭燃油阀门,拆除发动机与机身的固定螺丝,直接拔掉火花塞,断开发动机与螺旋桨的连接,,,直接拔掉火花塞,,超级管理员,2025-09-18 15:38:26,2025-09-18 15:38:40
01979,固定翼无人机拆卸时，可以先拆卸重要部件，再拆卸次要部件。,单选题,飞行原理,中等,2,是,正确,错误,,,,,错误,,超级管理员,2025-09-18 15:38:26,2025-09-18 15:38:40
01980,拆卸固定翼无人机的电子设备时，不用考虑顺序（）。,单选题,飞行原理,中等,2,是,正确,错误,,,,,错误,,超级管理员,2025-09-18 15:38:26,2025-09-18 15:38:40
01981,拆卸固定翼无人机时，对于拆卸下来的零部件，应该（）。,多选题,飞行原理,中等,3,是,分类存放,随意丢弃,做好标记,放在潮湿环境中,妥善保管,,分类存放;做好标记;妥善保管,,超级管理员,2025-09-18 15:38:26,2025-09-18 15:38:40
01982,拆卸固定翼无人机螺旋桨时，需要注意（）。,多选题,飞行原理,中等,3,是,按正确方向拆卸,避免损伤螺旋桨,检查螺旋桨是否有裂纹,直接用力拔出,使用合适工具,,按正确方向拆卸;避免损伤螺旋桨;检查螺旋桨是否有裂纹;使用合适工具,,超级管理员,2025-09-18 15:38:26,2025-09-18 15:38:40
01983,拆卸固定翼无人机机翼上的舵机，正确的工具是（）。,单选题,飞行原理,中等,2,是,大扳手,小螺丝刀,电钻,钳子,,,小螺丝刀,,超级管理员,2025-09-18 15:38:26,2025-09-18 15:38:40
01984,固定翼无人机拆卸发动机罩时，若有卡扣，应该（）。,单选题,飞行原理,中等,2,是,直接用力掰开,用工具小心撬开,加热后再掰,剪断卡扣,,,用工具小心撬开,,超级管理员,2025-09-18 15:38:26,2025-09-18 15:38:40
01985,拆卸固定翼无人机燃油箱时， 做法正确的是（）。,单选题,飞行原理,中等,2,是,在明火附近操作,先排空燃油,直接拆卸,不做任何防护,,,先排空燃油,,超级管理员,2025-09-18 15:38:26,2025-09-18 15:38:40
01986,拆卸固定翼无人机部件时，遇到螺丝拧不动可以用大力气强行拧（）。,单选题,飞行原理,中等,2,是,正确,错误,,,,,错误,,超级管理员,2025-09-18 15:38:26,2025-09-18 15:38:40
01987,拆卸固定翼无人机电子设备线路时，可以随意拉扯（）。,单选题,飞行原理,中等,2,是,正确,错误,,,,,错误,,超级管理员,2025-09-18 15:38:26,2025-09-18 15:38:40
01988,拆卸固定翼无人机的起落架，需要准备的工具是（）。,多选题,飞行原理,中等,3,是,扳手,螺丝刀,千斤顶,电钻,锤子,,扳手;螺丝刀,,超级管理员,2025-09-18 15:38:26,2025-09-18 15:38:40
01989,拆卸固定翼无人机时，为防止部件损坏，应该（）。,多选题,飞行原理,中等,3,是,使用合适工具,小心操作,避免粗暴用力,随意拆卸,不按顺序拆卸,,使用合适工具;小心操作;避免粗暴用力,,超级管理员,2025-09-18 15:38:26,2025-09-18 15:38:40
01990,在固定翼无人机整机装配过程中， 首先应该进行的步骤是（）。,单选题,飞行原理,中等,2,是,安装机翼,安装飞控,组装机翼,检查所有零件是否齐全,,,检查所有零件是否齐全,,超级管理员,2025-09-18 15:38:26,2025-09-18 15:38:40
01991,在固定翼无人机装配过程中，下列步骤需要特别小心以避免损坏内部电路的是（）。,单选题,飞行原理,中等,2,是,安装机翼,连接电子元件之间的连接线,安装螺旋桨,固定机身外壳,,,连接电子元件之间的连接线,,超级管理员,2025-09-18 15:38:26,2025-09-18 15:38:40
01992,固定翼无人机装配完成后，调试发动机的第一步是（）。,单选题,飞行原理,中等,2,是,检查燃油系统,启动发动机,调整发动机转速,检查火花塞,,,检查燃油系统,,超级管理员,2025-09-18 15:38:26,2025-09-18 15:38:40
01993,在固定翼无人机装配过程中，可以随意拔下各种连接线，不需要注意顺序。（）。,单选题,飞行原理,中等,2,是,正确,错误,,,,,错误,,超级管理员,2025-09-18 15:38:26,2025-09-18 15:38:40
01994,固定翼无人机装配完成后，首次通电前需要检查电池电压。（）,单选题,飞行原理,中等,2,是,正确,错误,,,,,正确,,超级管理员,2025-09-18 15:38:26,2025-09-18 15:38:40
01995,固定翼无人机装配过程中，安装电子设备需要注意（）。,多选题,飞行原理,中等,3,是,正确连接线路,做好防静电措施,固定牢固,随意放置,安装后进行测试,,正确连接线路;做好防静电措施;固定牢固;安装后进行测试,,超级管理员,2025-09-18 15:38:26,2025-09-18 15:38:40
01996,装配固定翼无人机的发动机时，需要（）。,多选题,飞行原理,中等,3,是,安装牢固,调整好发动机与螺旋桨的连接,检查燃油管路密封性,随意设置发动机参数,安装后进行调试,,安装牢固;调整好发动机与螺旋桨的连接;检查燃油管路密封性;安装后进行调试,,超级管理员,2025-09-18 15:38:26,2025-09-18 15:38:40
01997,固定翼无人机装配机翼与机身连接部件时，使用（）连接方式更牢固。,单选题,飞行原理,中等,2,是,胶水粘贴,普通螺丝连接,高强度螺栓连接,橡皮筋捆绑,,,高强度螺栓连接,,超级管理员,2025-09-18 15:38:26,2025-09-18 15:38:40
01998,装配固定翼无人机起落架减震装置时，应该（）。,单选题,飞行原理,中等,2,是,直接安装减震弹簧，无需检查,确保减震装置的行程与飞机重量匹配,使用最硬的减震材料以确保耐用性,尽量减少减震装置的行程以提高稳定性,,,确保减震装置的行程与飞机重量匹配,,超级管理员,2025-09-18 15:38:26,2025-09-18 15:38:40
01999,固定翼无人机装配完成后，校准指南针时，周围环境应该（）。,单选题,飞行原理,中等,2,是,有强磁场,无金属干扰,在室内,在山顶,,,无金属干扰,,超级管理员,2025-09-18 15:38:26,2025-09-18 15:38:40
02000,装配固定翼无人机时，使用低质量的零部件不影响飞行性能（）。,单选题,飞行原理,中等,2,是,正确,错误,,,,,错误,,超级管理员,2025-09-18 15:38:26,2025-09-18 15:38:40
02001,装配固定翼无人机发动机时，无需检查发动机内部部件（）。,单选题,飞行原理,中等,2,是,正确,错误,,,,,错误,,超级管理员,2025-09-18 15:38:26,2025-09-18 15:38:40
02002,固定翼无人机装配过程中， （）操作可以提高装配精度。,多选题,飞行原理,中等,3,是,使用专业测量工具,严格按照装配顺序,反复检查调整,随意装配,不参考装配手册,,使用专业测量工具;严格按照装配顺序;反复检查调整,,超级管理员,2025-09-18 15:38:26,2025-09-18 15:38:40
02003,装配固定翼无人机的电子设备时，需要（）。,多选题,飞行原理,中等,3,是,选择合适的安装位置,整理好线路,安装屏蔽装置,随意连接,不做任何防护,,选择合适的安装位置;整理好线路;安装屏蔽装置,,超级管理员,2025-09-18 15:38:26,2025-09-18 15:38:40
02004,在调整多旋翼无人机的重心时，正确的做法是（）。,单选题,飞行原理,中等,2,是,将重心尽量靠近电机安装位置,使重心位于几何中心上方,确保重心位于几何中心附近,将重心尽量靠近电池安装位置,,,确保重心位于几何中心附近,,超级管理员,2025-09-18 15:38:26,2025-09-18 15:38:40
02005,当发现多旋翼无人机的重心偏移时，最合适的调整方法是（）。,单选题,飞行原理,中等,2,是,调整螺旋桨的角度,移动电池或其他重物的位置,更换更轻的电机,增加或减少机臂长度,,,移动电池或其他重物的位置,,超级管理员,2025-09-18 15:38:26,2025-09-18 15:38:40
02006,多旋翼无人机在挂载不同任务载荷时，重心调整原则是（）。,单选题,飞行原理,中等,2,是,不考虑载荷重心,根据载荷重心重新调整整机重心,只调整载荷位置，不调整整机重心,随意调整,,,根据载荷重心重新调整整机重心,,超级管理员,2025-09-18 15:38:26,2025-09-18 15:38:40
02007,多旋翼无人机重心调整可以不考虑飞行姿态（）。,单选题,飞行原理,中等,2,是,正确,错误,,,,,错误,,超级管理员,2025-09-18 15:38:26,2025-09-18 15:38:40
02008,如果多旋翼无人机的重心过高，可能会导致飞行器在起飞或降落时发生翻转。（）,单选题,飞行原理,中等,2,是,正确,错误,,,,,正确,,超级管理员,2025-09-18 15:38:26,2025-09-18 15:38:40
02009,多旋翼无人机整机重心调整时，需要考虑 （）因素。,多选题,飞行原理,中等,3,是,电池位置,螺旋桨的尺寸,动力系统的布局,机身的结构设计,机身材质,,电池位置;动力系统的布局;机身的结构设计,,超级管理员,2025-09-18 15:38:26,2025-09-18 15:38:40
02010,以下措施可以帮助调整多旋翼无人机的重心（）。,多选题,飞行原理,中等,3,是,移动电池的位置,避免重心偏移过大,考虑飞行时的动态变化,使用不同重量的电机,调整飞控参数,,移动电池的位置;避免重心偏移过大;考虑飞行时的动态变化,,超级管理员,2025-09-18 15:38:26,2025-09-18 15:38:40
02011,多旋翼无人机重心靠前时，可通过 （）方法调整。,单选题,飞行原理,中等,2,是,将电池向后移动,增加前部配重,减小后部螺旋桨尺寸,增大前部螺旋桨尺寸,,,将电池向后移动,,超级管理员,2025-09-18 15:38:26,2025-09-18 15:38:40
02012,多旋翼无人机重心调整时，测量重心的常用工具是（）。,单选题,飞行原理,中等,2,是,电子秤,万用表,水平仪,激光测距仪,,,电子秤,,超级管理员,2025-09-18 15:38:26,2025-09-18 15:38:40
02013,多旋翼无人机在更换较重的任务载荷后，为调整重心， 做法正确的是（）。,单选题,飞行原理,中等,2,是,将电池向载荷方向移动,减少电池电量,增加螺旋桨数量,将电池向远离载荷方向移动,,,将电池向远离载荷方向移动,,超级管理员,2025-09-18 15:38:26,2025-09-18 15:38:40
02014,多旋翼无人机重心调整可以通过改变螺旋桨旋转方向来实现（）。,单选题,飞行原理,中等,2,是,正确,错误,,,,,错误,,超级管理员,2025-09-18 15:38:26,2025-09-18 15:38:40
02015,多旋翼无人机重心调整时，直接在机身上随意添加配重即可（）。,单选题,飞行原理,中等,2,是,正确,错误,,,,,错误,,超级管理员,2025-09-18 15:38:26,2025-09-18 15:38:40
02016,多旋翼无人机整机重心调整可以采用 （）方法。,多选题,飞行原理,中等,3,是,调整电池位置,增减配重,改变任务载荷位置,更换不同重量的电机,调整螺旋桨角度,,调整电池位置;增减配重;改变任务载荷位置;更换不同重量的电机,,超级管理员,2025-09-18 15:38:26,2025-09-18 15:38:40
02017,多旋翼无人机重心调整过程中， 操作正确的是（）。,多选题,飞行原理,中等,3,是,每次调整幅度不宜过大,调整后进行飞行测试,参考飞行姿态数据调整,随意调整,不考虑其他部件影响,,每次调整幅度不宜过大;调整后进行飞行测试;参考飞行姿态数据调整,,超级管理员,2025-09-18 15:38:26,2025-09-18 15:38:40
02018,多旋翼无人机整机重心配平的主要目的是（）。,单选题,飞行原理,中等,2,是,提高飞行速度,增强飞行稳定性,增加续航时间,减小噪音,,,增强飞行稳定性,,超级管理员,2025-09-18 15:38:26,2025-09-18 15:38:40
02019,多旋翼无人机重心配平时，各轴方向的配重要求是（）。,单选题,飞行原理,中等,2,是,前重后轻,左重右轻,均匀分布,随意分配,,,均匀分布,,超级管理员,2025-09-18 15:38:26,2025-09-18 15:38:40
02020,多旋翼无人机在进行重心配平时，不需要考虑（）。,单选题,飞行原理,中等,2,是,机身颜色,电机重量,电池重量,任务载荷重量,,,机身颜色,,超级管理员,2025-09-18 15:38:26,2025-09-18 15:38:40
02021,多旋翼无人机重心配平只需要在地面进行，飞行中无需考虑（）。,单选题,飞行原理,中等,2,是,正确,错误,,,,,错误,,超级管理员,2025-09-18 15:38:26,2025-09-18 15:38:40
02022,多旋翼无人机重心配平可以不考虑空气阻力（）。,单选题,飞行原理,中等,2,是,正确,错误,,,,,错误,,超级管理员,2025-09-18 15:38:26,2025-09-18 15:38:40
02023,多旋翼无人机整机重心配平原则包括 （）。,多选题,飞行原理,中等,3,是,保证各方向力矩平衡,使重心在合理范围内,避免重心集中在某一点,随意配平,不考虑飞行姿态,,保证各方向力矩平衡;使重心在合理范围内;避免重心集中在某一点,,超级管理员,2025-09-18 15:38:26,2025-09-18 15:38:40
02024,多旋翼无人机重心配平需要考虑 （）方面。,多选题,飞行原理,中等,3,是,部件重量分布,飞行姿态控制,任务需求,外观美观,成本控制,,部件重量分布;飞行姿态控制;任务需求,,超级管理员,2025-09-18 15:38:26,2025-09-18 15:38:41
02025,多旋翼无人机重心配平中，常用的配重材料是（）。,单选题,飞行原理,中等,2,是,铝合金,碳纤维,铅块,塑料,,,铅块,,超级管理员,2025-09-18 15:38:26,2025-09-18 15:38:41
02026,多旋翼无人机重心配平的第一步是（）。,单选题,飞行原理,中等,2,是,测量整机重心位置,安装配重,调整电池位置,更换螺旋桨,,,测量整机重心位置,,超级管理员,2025-09-18 15:38:26,2025-09-18 15:38:41
02027,多旋翼无人机在重心配平过程中，发现某一方向偏重，可通过 （）方法调整。,单选题,飞行原理,中等,2,是,减少该方向配重,增加该方向配重,调整电机转速,改变螺旋桨旋转方向,,,减少该方向配重,,超级管理员,2025-09-18 15:38:26,2025-09-18 15:38:41
02028,多旋翼无人机重心配平可以通过改变电机的安装角度来实现（）。,单选题,飞行原理,中等,2,是,正确,错误,,,,,错误,,超级管理员,2025-09-18 15:38:26,2025-09-18 15:38:41
02029,多旋翼无人机重心配平完成后，无需再次检查（）。,单选题,飞行原理,中等,2,是,正确,错误,,,,,错误,,超级管理员,2025-09-18 15:38:26,2025-09-18 15:38:41
02030,多旋翼无人机整机重心配平可以采用 （）方式。,多选题,飞行原理,中等,3,是,在不同位置添加配重,调整任务载荷分布,更换不同重量的电池,改变螺旋桨螺距,调整电机位置,,在不同位置添加配重;调整任务载荷分布;更换不同重量的电池;调整电机位置,,超级管理员,2025-09-18 15:38:26,2025-09-18 15:38:41
02031,多旋翼无人机重心配平过程中， 注意事项正确的是（）。,多选题,飞行原理,中等,3,是,精确测量配重重量,确保配重固定牢固,逐步调整,随意选择配重材料,不考虑其他部件,,精确测量配重重量;确保配重固定牢固;逐步调整,,超级管理员,2025-09-18 15:38:26,2025-09-18 15:38:41
02032,固定翼无人机整机重心调整时，重心位于（）位置较为合适。,单选题,飞行原理,中等,2,是,机翼前缘,机翼后缘,机翼平均气动弦长的 25%-35% 处,机头,,,机翼平均气动弦长的 25%-35% 处,,超级管理员,2025-09-18 15:38:26,2025-09-18 15:38:41
02033,固定翼无人机重心调整对飞行性能的影响， 说法正确的是（）。,单选题,飞行原理,中等,2,是,重心靠前，起飞容易,重心靠后，飞行更稳定,重心在合适范围，飞行性能最佳,重心不影响飞行性能,,,重心在合适范围，飞行性能最佳,,超级管理员,2025-09-18 15:38:26,2025-09-18 15:38:41
02034,固定翼无人机在挂载不同武器时，重心调整原则是（）。,单选题,飞行原理,中等,2,是,不调整重心,根据武器重心调整整机重心,只调整武器位置，不调整整机重心,随意调整,,,根据武器重心调整整机重心,,超级管理员,2025-09-18 15:38:26,2025-09-18 15:38:41
02035,固定翼无人机重心调整可以不考虑燃油消耗对重心的影响（）。,单选题,飞行原理,中等,2,是,正确,错误,,,,,错误,,超级管理员,2025-09-18 15:38:26,2025-09-18 15:38:41
02036,固定翼无人机重心调整只需要在出厂时进行，后续无需再调整（）。,单选题,飞行原理,中等,2,是,正确,错误,,,,,错误,,超级管理员,2025-09-18 15:38:26,2025-09-18 15:38:41
02037,固定翼无人机整机重心调整时，需要考虑 （）因素。,多选题,飞行原理,困难,3,是,机身结构,燃油重量,武器挂载,起落架位置,飞行高度,,机身结构;燃油重量;武器挂载,,超级管理员,2025-09-18 15:38:26,2025-09-18 15:38:41
02038,关于固定翼无人机重心调整原则正确的是（）。,多选题,飞行原理,中等,3,是,保证纵向平衡,避免横向重心偏移,考虑飞行时的动态变化,随意调整重心,重心越低越好,,保证纵向平衡;避免横向重心偏移;考虑飞行时的动态变化,,超级管理员,2025-09-18 15:38:26,2025-09-18 15:38:41
02039,固定翼无人机重心靠后时，可通过 （）方法调整。,单选题,飞行原理,中等,2,是,在机头增加配重,将电池向机尾移动,增加机翼面积,减少机尾的重量,,,在机头增加配重,,超级管理员,2025-09-18 15:38:26,2025-09-18 15:38:41
02040,固定翼无人机重心调整时，测量重心的常用工具是（）。,单选题,飞行原理,中等,2,是,游标卡尺,电子秤,重心测量仪（平衡架）,万用表,,,重心测量仪（平衡架）,,超级管理员,2025-09-18 15:38:26,2025-09-18 15:38:41
02041,固定翼无人机在挂载较重武器后，为调整重心， 做法正确的是（）。,单选题,飞行原理,中等,2,是,将燃油向武器方向转移,减少燃油量,增加武器挂载点配重,将燃油向远离武器方向转移,,,将燃油向远离武器方向转移,,超级管理员,2025-09-18 15:38:26,2025-09-18 15:38:41
02042,固定翼无人机在飞行过程中发现重心偏移，可直接在空中通过调整配重块位置来纠正重心。（  ）,单选题,飞行原理,中等,2,是,正确,错误,,,,,错误,,超级管理员,2025-09-18 15:38:26,2025-09-18 15:38:41
02043,固定翼无人机更换较轻的螺旋桨后，不需要调整整机重心，因为螺旋桨重量对重心影响极小。（  ）,单选题,飞行原理,中等,2,是,正确,错误,,,,,错误,,超级管理员,2025-09-18 15:38:26,2025-09-18 15:38:41
02044,以下操作有助于准确调整固定翼无人机整机重心的是（）。,多选题,飞行原理,中等,3,是,使用高精度电子秤测量各部件重量,在调整重心过程中，随意增减配重块,参考飞机设计图纸上的重心范围,调整完成后，直接进行复杂飞行测试,多次测量重心位置，取平均值确定最终重心,,使用高精度电子秤测量各部件重量;参考飞机设计图纸上的重心范围;多次测量重心位置，取平均值确定最终重心,,超级管理员,2025-09-18 15:38:26,2025-09-18 15:38:41
02045,固定翼无人机整机重心调整方法中，考虑到燃油消耗对重心的影响， 做法正确的是（）。,多选题,飞行原理,中等,3,是,忽略燃油消耗，认为其对重心影响不大,在飞机满油和燃油剩余 10% 时分别测量重心并调整,根据燃油消耗曲线，预估不同飞行阶段的重心变化,只在飞机满油状态下调整重心,调整重心时，选择密度与燃油相近的材料作为配重,,在飞机满油和燃油剩余 10% 时分别测量重心并调整;根据燃油消耗曲线，预估不同飞行阶段的重心变化;调整重心时，选择密度与燃油相近的材料作为配重,,超级管理员,2025-09-18 15:38:26,2025-09-18 15:38:41
02046,固定翼无人机整机重心配平的主要目的是（）。,单选题,飞行原理,中等,2,是,提高飞行速度,增强飞行稳定性,增加续航时间,降低噪音,,,增强飞行稳定性,,超级管理员,2025-09-18 15:38:26,2025-09-18 15:38:41
02047,在进行固定翼无人机重心配平时，理想的重心位置应位于（）。,单选题,飞行原理,中等,2,是,机翼前缘,机翼后缘,机翼平均气动弦长的 25%-35% 处,机头,,,机翼平均气动弦长的 25%-35% 处,,超级管理员,2025-09-18 15:38:26,2025-09-18 15:38:41
02048,固定翼无人机在挂载不同任务载荷时，重心配平原则是（）。,单选题,飞行原理,中等,2,是,不考虑载荷重心,根据载荷重心重新调整整机重心,只调整载荷位置，不调整整机重心,随意调整,,,根据载荷重心重新调整整机重心,,超级管理员,2025-09-18 15:38:26,2025-09-18 15:38:41
02049,固定翼无人机重心配平只需要在地面进行，飞行中无需考虑。,单选题,飞行原理,中等,2,是,正确,错误,,,,,错误,,超级管理员,2025-09-18 15:38:26,2025-09-18 15:38:41
02050,固定翼无人机重心配平可以不考虑燃油消耗对重心的影响。,单选题,飞行原理,中等,2,是,正确,错误,,,,,错误,,超级管理员,2025-09-18 15:38:26,2025-09-18 15:38:41
02051,固定翼无人机整机重心配平原则包括（）。,多选题,飞行原理,中等,3,是,保证各方向力矩平衡,使重心在合理范围内,避免重心集中在某一点,随意配平,不考虑飞行姿态,,保证各方向力矩平衡;使重心在合理范围内;避免重心集中在某一点,,超级管理员,2025-09-18 15:38:26,2025-09-18 15:38:41
02052,固定翼无人机重心配平需要考虑（）方面。,多选题,飞行原理,中等,3,是,部件重量分布,飞行姿态控制,任务需求,外观美观,成本控制,,部件重量分布;飞行姿态控制;任务需求,,超级管理员,2025-09-18 15:38:26,2025-09-18 15:38:41
02053,固定翼无人机整机重心配平方法是（）。,单选题,飞行原理,中等,2,是,通过增加或减少机翼面积,通过调整螺旋桨的螺距,通过移动电池或其他重物的位置,通过改变机身的颜色,,,通过移动电池或其他重物的位置,,超级管理员,2025-09-18 15:38:26,2025-09-18 15:38:41
02054,固定翼无人机重心配平的第一步是（）。,单选题,飞行原理,中等,2,是,测量整机重心位置,安装配重,调整电池位置,更换螺旋桨,,,测量整机重心位置,,超级管理员,2025-09-18 15:38:26,2025-09-18 15:38:41
02055,固定翼无人机在重心配平过程中，发现重心偏前，可通过（）方法调整。,单选题,飞行原理,中等,2,是,将燃油向后转移,增加前部配重,减小后部螺旋桨尺寸,增大前部螺旋桨尺寸,,,将燃油向后转移,,超级管理员,2025-09-18 15:38:26,2025-09-18 15:38:41
02056,固定翼无人机重心配平可以通过改变电机的安装角度来实现。,单选题,飞行原理,中等,2,是,正确,错误,,,,,错误,,超级管理员,2025-09-18 15:38:26,2025-09-18 15:38:41
02057,固定翼无人机重心配平完成后，无需再次检查。,单选题,飞行原理,中等,2,是,正确,错误,,,,,错误,,超级管理员,2025-09-18 15:38:26,2025-09-18 15:38:41
02058,固定翼无人机整机重心配平可以采用（）方式。,多选题,飞行原理,中等,3,是,在不同位置添加配重,调整任务载荷分布,更换不同重量的电池,改变螺旋桨螺距,调整电机位置,,在不同位置添加配重;调整任务载荷分布;更换不同重量的电池;调整电机位置,,超级管理员,2025-09-18 15:38:26,2025-09-18 15:38:41
02059,固定翼无人机重心配平过程中，注意事项正确的是（）。,多选题,飞行原理,中等,3,是,精确测量配重重量,确保配重固定牢固,逐步调整,随意选择配重材料,不考虑其他部件,,精确测量配重重量;确保配重固定牢固;逐步调整,,超级管理员,2025-09-18 15:38:26,2025-09-18 15:38:41
02060,装配 FPV 系统时，安装摄像头的下一步通常是（）。,单选题,飞行原理,中等,2,是,安装图传发射模块,连接电池,安装遥控器,调试系统,,,安装图传发射模块,,超级管理员,2025-09-18 15:38:26,2025-09-18 15:38:41
02061,FPV 系统装配完成后，首次测试前需要检查的是（）。,单选题,飞行原理,中等,2,是,摄像头角度,图传频率,天线连接,以上都是,,,以上都是,,超级管理员,2025-09-18 15:38:26,2025-09-18 15:38:41
02062,在装配 FPV 系统的天线时，正确安装安装方法是（）。,单选题,飞行原理,中等,2,是,随意安装,尽量远离其他电子设备,靠近摄像头,缩短天线长度,,,尽量远离其他电子设备,,超级管理员,2025-09-18 15:38:26,2025-09-18 15:38:41
02063,装配 FPV 系统可以不按照特定顺序，随意安装各部件。,单选题,飞行原理,中等,2,是,正确,错误,,,,,错误,,超级管理员,2025-09-18 15:38:26,2025-09-18 15:38:41
02064,FPV 系统装配完成后，无需进行信号测试即可使用。,单选题,飞行原理,中等,2,是,正确,错误,,,,,错误,,超级管理员,2025-09-18 15:38:26,2025-09-18 15:38:41
02065,装配 FPV 系统时，需要准备（）工具。,多选题,飞行原理,中等,3,是,螺丝刀,电钻,万用表,热熔胶枪,钳子,,螺丝刀;钳子,,超级管理员,2025-09-18 15:38:26,2025-09-18 15:38:41
02066,FPV 系统装配过程中的注意事项是（）。,多选题,飞行原理,中等,3,是,确保摄像头和图传模块的连接线牢固且屏蔽良好,使用高质量的天线以确保信号传输稳定,检查所有电子元件的工作电压是否匹配,在安装前对所有组件进行外观检查，确保无损坏,安装后进行防水处理,,确保摄像头和图传模块的连接线牢固且屏蔽良好;检查所有电子元件的工作电压是否匹配;使用高质量的天线以确保信号传输稳定;在安装前对所有组件进行外观检查，确保无损坏,,超级管理员,2025-09-18 15:38:26,2025-09-18 15:38:41
02067,安装 FPV 摄像头时，使用（）固定方式更稳固。,单选题,飞行原理,中等,2,是,胶带粘贴,螺丝固定,橡皮筋捆绑,胶水粘贴,,,螺丝固定,,超级管理员,2025-09-18 15:38:26,2025-09-18 15:38:41
02068,调整 FPV 图传发射功率时，应依据（）。,单选题,飞行原理,中等,2,是,当地法规和法律要求,电池的剩余电量,摄像头的分辨率设置,飞行器的最大飞行速度,,,当地法规和法律要求,,超级管理员,2025-09-18 15:38:26,2025-09-18 15:38:41
02069,FPV 系统装配中，校准摄像头的目的是（）。,单选题,飞行原理,中等,2,是,调整画面亮度,确保图像清晰无畸变,改变拍摄角度,提高拍摄帧率,,,确保图像清晰无畸变,,超级管理员,2025-09-18 15:38:26,2025-09-18 15:38:41
02070,装配 FPV 系统时，所有部件都可以直接用手安装，无需工具。,单选题,飞行原理,中等,2,是,正确,错误,,,,,错误,,超级管理员,2025-09-18 15:38:26,2025-09-18 15:38:41
02071,FPV 系统装配过程中，对图传设备的设置可以随意进行。,单选题,飞行原理,中等,2,是,正确,错误,,,,,错误,,超级管理员,2025-09-18 15:38:26,2025-09-18 15:38:41
02072,FPV 系统装配方法中，正确连接线路的要点包括（）。,多选题,飞行原理,中等,3,是,区分正负极,避免线路缠绕,使用合适的接头,随意布线,固定线路,,区分正负极;避免线路缠绕;使用合适的接头;固定线路,,超级管理员,2025-09-18 15:38:26,2025-09-18 15:38:41
02073,装配 FPV 系统的天线时，需要考虑的因素有（）。,多选题,飞行原理,中等,3,是,天线增益,天线方向,周围电子设备干扰,天线颜色,无人机外观,,天线增益;天线方向;周围电子设备干扰,,超级管理员,2025-09-18 15:38:26,2025-09-18 15:38:41
02074,装配航拍系统时，安装云台的第一步是（）。,单选题,飞行原理,中等,2,是,将云台直接固定在无人机上,检查所有组件是否齐全且无损坏,连接云台与飞行控制器,校准云台的三轴传感器,,,检查所有组件是否齐全且无损坏,,超级管理员,2025-09-18 15:38:26,2025-09-18 15:38:41
02075,航拍系统装配完成后，进行飞行测试前需要检查的是（）。,单选题,飞行原理,中等,2,是,相机存储卡,云台水平度,电池电量,以上都是,,,以上都是,,超级管理员,2025-09-18 15:38:26,2025-09-18 15:38:41
02076,在装配航拍相机时，调整相机角度应在（）。,单选题,飞行原理,中等,2,是,安装云台之前,固定相机到云台之后，但在连接飞控之前,,,,,安装云台之前,,超级管理员,2025-09-18 15:38:26,2025-09-18 15:38:41
02077,航拍系统装配可以不考虑相机与云台的兼容性。,单选题,飞行原理,中等,2,是,正确,错误,,,,,错误,,超级管理员,2025-09-18 15:38:26,2025-09-18 15:38:41
02078,装配航拍系统时，先安装相机再安装云台支架是正确顺序。,单选题,飞行原理,中等,2,是,正确,错误,,,,,错误,,超级管理员,2025-09-18 15:38:26,2025-09-18 15:38:41
02079,装配航拍系统时，需要准备的材料有（）。,多选题,飞行原理,中等,3,是,相机,云台,图传模块,飞行控制器,遥控器和接收机,,相机;云台;图传模块;飞行控制器;遥控器和接收机,,超级管理员,2025-09-18 15:38:26,2025-09-18 15:38:41
02080,航拍系统装配过程中，（）操作有助于提高拍摄稳定性。,多选题,飞行原理,中等,3,是,正确安装云台减震装置,选择合适的相机安装位置,随意调整云台参数,固定好相机与云台连接,定期校准云台,,正确安装云台减震装置;选择合适的相机安装位置;固定好相机与云台连接;定期校准云台,,超级管理员,2025-09-18 15:38:26,2025-09-18 15:38:41
02081,安装航拍相机镜头时，下列做法正确的是（）。,单选题,飞行原理,中等,2,是,直接拧上镜头,先清洁镜头和接口再安装,安装后用力晃动相机,随意旋转镜头,,,先清洁镜头和接口再安装,,超级管理员,2025-09-18 15:38:26,2025-09-18 15:38:41
02082,调整航拍云台的俯仰角度范围，应在（）。,单选题,飞行原理,中等,2,是,云台设置界面,相机设置界面,遥控器设置,飞行中调整,,,云台设置界面,,超级管理员,2025-09-18 15:38:26,2025-09-18 15:38:41
02083,航拍系统装配完成后，校准相机白平衡的目的是（）。,单选题,飞行原理,中等,2,是,提高照片清晰度,使色彩还原更准确,增加拍摄距离,改变拍摄帧率,,,使色彩还原更准确,,超级管理员,2025-09-18 15:38:26,2025-09-18 15:38:41
02084,装配航拍系统时，使用低质量的存储卡不影响拍摄效果。,单选题,飞行原理,中等,2,是,正确,错误,,,,,错误,,超级管理员,2025-09-18 15:38:26,2025-09-18 15:38:41
02085,航拍系统装配过程中，对云台的调试可以不进行。,单选题,飞行原理,中等,2,是,正确,错误,,,,,错误,,超级管理员,2025-09-18 15:38:26,2025-09-18 15:38:41
02086,航拍系统装配方法中，调试云台的步骤包括（）。,多选题,飞行原理,中等,3,是,校准水平,测试俯仰和横滚运动,设置运动速度,随意调整参数,检查云台与相机连接,,校准水平;测试俯仰和横滚运动;设置运动速度;检查云台与相机连接,,超级管理员,2025-09-18 15:38:26,2025-09-18 15:38:41
02087,安装航拍相机时，需要注意（）方面。,多选题,飞行原理,中等,3,是,相机的朝向,相机的固定牢固程度,相机的防水处理,相机的品牌,相机的重量,,相机的朝向;相机的固定牢固程度;相机的防水处理,,超级管理员,2025-09-18 15:38:26,2025-09-18 15:38:41
02088,装配抓取系统时，安装机械爪的关键步骤是（）。,单选题,飞行原理,中等,2,是,调整机械爪张合度,固定机械爪支架,连接控制线路,安装驱动电机,,,固定机械爪支架,,超级管理员,2025-09-18 15:38:26,2025-09-18 15:38:41
02089,调整抓取系统的抓取力度，应通过调整（）。,单选题,飞行原理,中等,2,是,机械爪材质,驱动电机功率,控制程序参数,机械爪形状,,,驱动电机功率,,超级管理员,2025-09-18 15:38:26,2025-09-18 15:38:41
02090,抓取系统装配完成后，进行抓取测试时，应先（）。,单选题,飞行原理,中等,2,是,设置抓取目标,检查系统稳定性,调整机械爪位置,启动驱动电机,,,检查系统稳定性,,超级管理员,2025-09-18 15:38:26,2025-09-18 15:38:41
02091,装配抓取系统时，机械爪的安装位置可以随意确定。,单选题,飞行原理,中等,2,是,正确,错误,,,,,错误,,超级管理员,2025-09-18 15:38:26,2025-09-18 15:38:41
02092,抓取系统装配完成后，无需进行负载测试即可使用。,单选题,飞行原理,中等,2,是,正确,错误,,,,,错误,,超级管理员,2025-09-18 15:38:26,2025-09-18 15:38:41
02093,装配抓取系统需要用到（）工具。,多选题,飞行原理,困难,3,是,扳手,螺丝刀,电钻,示波器,万用表,,扳手;螺丝刀,,超级管理员,2025-09-18 15:38:26,2025-09-18 15:38:42
02094,抓取系统装配过程中，（）操作有助于提高抓取精度。,多选题,飞行原理,中等,3,是,精确调整机械爪位置,优化控制程序,选择合适的驱动电机,随意安装机械爪,定期维护系统,,精确调整机械爪位置;优化控制程序;选择合适的驱动电机;定期维护系统,,超级管理员,2025-09-18 15:38:26,2025-09-18 15:38:42
02095,装配运载系统时，安装运载平台的第一步是（）。,单选题,飞行原理,中等,2,是,固定平台支架,连接动力系统,安装货物固定装置,调试平台,,,固定平台支架,,超级管理员,2025-09-18 15:38:26,2025-09-18 15:38:42
02096,调整运载系统的载重能力，可通过改变（）。,单选题,飞行原理,中等,2,是,运载平台材质,动力系统功率,货物固定方式,运载平台形状,,,动力系统功率,,超级管理员,2025-09-18 15:38:26,2025-09-18 15:38:42
02097,运载系统装配完成后，进行载重测试时，应逐渐（）。,单选题,飞行原理,中等,2,是,增加载重量,提高运行速度,改变运行方向,调整动力系统,,,增加载重量,,超级管理员,2025-09-18 15:38:26,2025-09-18 15:38:42
02098,装配运载系统时，动力系统的安装可以不考虑与运载平台的匹配性。,单选题,飞行原理,中等,2,是,正确,错误,,,,,错误,,超级管理员,2025-09-18 15:38:26,2025-09-18 15:38:42
02099,运载系统装配完成后，无需检查货物固定装置即可运载货物。,单选题,飞行原理,中等,2,是,正确,错误,,,,,错误,,超级管理员,2025-09-18 15:38:26,2025-09-18 15:38:42
02100,装配运载系统需要准备（）材料。,多选题,飞行原理,中等,3,是,运载平台,动力系统,货物固定装置,电池,遥控器,,运载平台;动力系统;货物固定装置,,超级管理员,2025-09-18 15:38:26,2025-09-18 15:38:42
02101,运载系统装配过程中，（）操作有助于提高运载安全性。,多选题,飞行原理,中等,3,是,确保动力系统稳定,优化货物固定方式,随意调整运载平台高度,定期检查系统,选择合适的运行路线,,确保动力系统稳定;优化货物固定方式;定期检查系统;选择合适的运行路线,,超级管理员,2025-09-18 15:38:26,2025-09-18 15:38:42
02102,装配物流系统时，安装货物存储箱的下一步是（）。,单选题,飞行原理,中等,2,是,连接运输轨道,安装识别装置,调试存储箱,固定存储箱,,,安装识别装置,,超级管理员,2025-09-18 15:38:26,2025-09-18 15:38:42
02103,物流系统装配完成后，进行货物运输测试前需要检查的是（）。,单选题,飞行原理,中等,2,是,运输轨道平整度,识别装置准确性,动力系统,以上都是,,,以上都是,,超级管理员,2025-09-18 15:38:26,2025-09-18 15:38:42
02104,在装配物流系统的运输轨道时，轨道的连接应（）。,单选题,飞行原理,中等,2,是,紧密无缝,留有一定间隙,随意连接,使用胶水粘贴,,,紧密无缝,,超级管理员,2025-09-18 15:38:26,2025-09-18 15:38:42
02105,物流系统装配可以不按照设计图纸进行，随意安装各部件（）。,单选题,飞行原理,中等,2,是,正确,错误,,,,,错误,,超级管理员,2025-09-18 15:38:26,2025-09-18 15:38:42
02106,物流系统装配完成后，无需进行空载测试即可运输货物（）。,单选题,飞行原理,中等,2,是,正确,错误,,,,,错误,,超级管理员,2025-09-18 15:38:26,2025-09-18 15:38:42
02107,装配物流系统时，需要准备（）工具。,多选题,飞行原理,中等,3,是,螺丝刀,扳手,电钻,水平仪,示波器,,螺丝刀;扳手;电钻;水平仪,,超级管理员,2025-09-18 15:38:26,2025-09-18 15:38:42
02108,物流系统装配过程中，（）操作有助于提高运输效率。,多选题,飞行原理,中等,3,是,优化运输轨道布局,确保识别装置准确,随意设置动力系统参数,定期维护系统,合理安排货物存储,,优化运输轨道布局;确保识别装置准确;定期维护系统;合理安排货物存储,,超级管理员,2025-09-18 15:38:26,2025-09-18 15:38:42
02109,装配投放系统时，安装投放机构的关键步骤是（）。,单选题,飞行原理,中等,2,是,调整投放角度,固定投放机构支架,连接控制线路,安装驱动电机,,,固定投放机构支架,,超级管理员,2025-09-18 15:38:26,2025-09-18 15:38:42
02110,调整投放系统的投放距离，应通过调整（）。,单选题,飞行原理,中等,2,是,投放机构材质,驱动电机功率,控制程序参数,投放机构形状,,,控制程序参数,,超级管理员,2025-09-18 15:38:26,2025-09-18 15:38:42
02111,投放系统装配完成后，进行投放测试时，应先（）。,单选题,飞行原理,中等,2,是,设置投放目标,检查系统稳定性,调整投放机构位置,启动驱动电机,,,检查系统稳定性,,超级管理员,2025-09-18 15:38:26,2025-09-18 15:38:42
02112,装配投放系统时，投放机构的安装位置可以随意确定。,单选题,飞行原理,中等,2,是,正确,错误,,,,,错误,,超级管理员,2025-09-18 15:38:26,2025-09-18 15:38:42
02113,投放系统装配完成后，无需进行精度测试即可投放物品。,单选题,飞行原理,中等,2,是,正确,错误,,,,,错误,,超级管理员,2025-09-18 15:38:26,2025-09-18 15:38:42
02114,装配投放系统需要用到（）工具。,多选题,飞行原理,中等,3,是,扳手,螺丝刀,电钻,示波器,万用表,,扳手;螺丝刀,,超级管理员,2025-09-18 15:38:26,2025-09-18 15:38:42
02115,投放系统装配过程中，（）操作有助于提高投放精度。,多选题,飞行原理,中等,3,是,精确调整投放机构位置,优化控制程序,选择合适的驱动电机,随意安装投放机构,定期维护系统,,精确调整投放机构位置;优化控制程序;选择合适的驱动电机;定期维护系统,,超级管理员,2025-09-18 15:38:26,2025-09-18 15:38:42
02116,装配航测系统时，安装航测相机的第一步是（）。,单选题,飞行原理,中等,2,是,固定相机支架,连接相机与数据传输线,调试相机,安装存储卡,,,固定相机支架,,超级管理员,2025-09-18 15:38:26,2025-09-18 15:38:42
02117,航测系统装配完成后，进行飞行航测前需要检查的是（）。,单选题,飞行原理,中等,2,是,相机参数设置,GPS 定位精度,数据存储设备,以上都是,,,以上都是,,超级管理员,2025-09-18 15:38:26,2025-09-18 15:38:42
02118,在装配航测系统的 GPS 模块时，模块的安装位置应（）。,单选题,飞行原理,中等,2,是,随意放置,尽量靠近相机,在无人机顶部开阔处,在无人机底部,,,在无人机顶部开阔处,,超级管理员,2025-09-18 15:38:26,2025-09-18 15:38:42
02119,航测系统装配可以不考虑相机与 GPS 模块的协同工作（）。,单选题,飞行原理,中等,2,是,正确,错误,,,,,错误,,超级管理员,2025-09-18 15:38:26,2025-09-18 15:38:42
02120,装配航测系统时，先安装数据传输线再安装相机是正确顺序（）。,单选题,飞行原理,中等,2,是,正确,错误,,,,,错误,,超级管理员,2025-09-18 15:38:26,2025-09-18 15:38:42
02121,装配航测系统时，需要准备的材料有（）。,多选题,飞行原理,中等,3,是,航测相机,GPS 模块,数据传输线,存储卡,电池,,航测相机;GPS 模块;数据传输线;存储卡,,超级管理员,2025-09-18 15:38:26,2025-09-18 15:38:42
02122,航测系统装配过程中，（）操作有助于提高航测精度。,多选题,飞行原理,中等,3,是,正确校准相机,确保 GPS 定位准确,随意调整数据传输速率,固定好相机与支架连接,定期维护系统,,正确校准相机;确保 GPS 定位准确;固定好相机与支架连接;定期维护系统,,超级管理员,2025-09-18 15:38:26,2025-09-18 15:38:42
02123,安装无人机五目镜头时，做法正确的是（）。,单选题,飞行原理,中等,2,是,直接安装，无需对准,先清洁镜头和接口再安装,安装后用力晃动镜头,随意旋转镜头,,,先清洁镜头和接口再安装,,超级管理员,2025-09-18 15:38:26,2025-09-18 15:38:42
02124,调整五目镜头的拍摄角度，应在（）。,单选题,飞行原理,中等,2,是,镜头设置界面,飞控设置界面,遥控器设置,飞行中调整,,,镜头设置界面,,超级管理员,2025-09-18 15:38:26,2025-09-18 15:38:42
02125,五目镜头装配完成后，校准镜头参数的目的是（）。,单选题,飞行原理,中等,2,是,提高图像分辨率,确保所有镜头的焦距一致,使多个镜头之间的视差最小化,增强图像色彩饱和度,,,使多个镜头之间的视差最小化,,超级管理员,2025-09-18 15:38:26,2025-09-18 15:38:42
02126,装配五目镜头时，使用低质量的镜头不影响拍摄效果（）。,单选题,飞行原理,中等,2,是,正确,错误,,,,,错误,,超级管理员,2025-09-18 15:38:26,2025-09-18 15:38:42
02127,五目镜头装配过程中，对镜头的调试可以不进行（）。,单选题,飞行原理,中等,2,是,正确,错误,,,,,错误,,超级管理员,2025-09-18 15:38:26,2025-09-18 15:38:42
02128,五目镜头装配方法中，正确安装镜头的要点包括（）。,多选题,飞行原理,中等,3,是,对准安装位置,避免镜头污染,使用合适的固定件,随意安装,固定镜头,,对准安装位置;避免镜头污染;使用合适的固定件;固定镜头,,超级管理员,2025-09-18 15:38:26,2025-09-18 15:38:42
02129,安装五目镜头时，需要注意（）方面。,多选题,飞行原理,中等,3,是,镜头的朝向,镜头的固定牢固程度,镜头的防水处理,镜头的品牌,镜头的重量,,镜头的朝向;镜头的固定牢固程度;镜头的防水处理,,超级管理员,2025-09-18 15:38:26,2025-09-18 15:38:42
02130,装配热红外成像系统时，安装热像仪的关键步骤是（）。,单选题,飞行原理,中等,2,是,调整热像仪角度,固定热像仪支架,连接数据传输线,安装电池,,,固定热像仪支架,,超级管理员,2025-09-18 15:38:26,2025-09-18 15:38:42
02131,调整热红外成像系统的测温精度，应通过调整（）。,单选题,飞行原理,中等,2,是,热像仪材质,数据传输线,控制程序参数,热像仪形状,,,控制程序参数,,超级管理员,2025-09-18 15:38:26,2025-09-18 15:38:42
02132,热红外成像系统装配完成后，进行测试时，应先（）。,单选题,飞行原理,中等,2,是,设置测温范围,检查系统稳定性,调整热像仪位置,启动系统,,,检查系统稳定性,,超级管理员,2025-09-18 15:38:26,2025-09-18 15:38:42
02133,装配热红外成像系统时，热像仪的安装位置可以随意确定。,单选题,飞行原理,中等,2,是,正确,错误,,,,,错误,,超级管理员,2025-09-18 15:38:26,2025-09-18 15:38:42
02134,热红外成像系统装配完成后，无需进行校准即可使用。,单选题,飞行原理,中等,2,是,正确,错误,,,,,错误,,超级管理员,2025-09-18 15:38:26,2025-09-18 15:38:42
02135,装配热红外成像系统需要用到（）工具。,多选题,飞行原理,中等,3,是,扳手,螺丝刀,电钻,示波器,万用表,,扳手;螺丝刀,,超级管理员,2025-09-18 15:38:26,2025-09-18 15:38:42
02136,热红外成像系统装配过程中，（）操作有助于提高成像质量。,多选题,飞行原理,中等,3,是,精确调整热像仪位置,优化控制程序,选择合适的数据传输线,随意安装热像仪,定期维护系统,,精确调整热像仪位置;优化控制程序;选择合适的数据传输线;定期维护系统,,超级管理员,2025-09-18 15:38:26,2025-09-18 15:38:42
02137,装配植保系统时，安装药箱的下一步是（）。,单选题,飞行原理,中等,2,是,连接喷雾管道,安装搅拌装置,调试药箱,固定药箱,,,连接喷雾管道,,超级管理员,2025-09-18 15:38:26,2025-09-18 15:38:42
02138,植保系统装配完成后，进行喷雾测试前需要检查的是（）。,单选题,飞行原理,中等,2,是,药箱密封性,喷雾泵压力,电池电量,以上都是,,,以上都是,,超级管理员,2025-09-18 15:38:26,2025-09-18 15:38:42
02139,在装配植保系统的喷雾管道时，管道的连接应（）。,单选题,飞行原理,中等,2,是,紧密不漏液,留有一定间隙,随意连接,使用胶水粘贴,,,紧密不漏液,,超级管理员,2025-09-18 15:38:26,2025-09-18 15:38:42
02140,植保系统装配可以不按照设计要求进行，随意安装各部件。,单选题,飞行原理,中等,2,是,正确,错误,,,,,错误,,超级管理员,2025-09-18 15:38:26,2025-09-18 15:38:42
02141,植保系统装配完成后，无需进行空载喷雾测试即可作业。,单选题,飞行原理,中等,2,是,正确,错误,,,,,错误,,超级管理员,2025-09-18 15:38:26,2025-09-18 15:38:42
02142,装配植保系统时，需要准备（）工具。,多选题,飞行原理,中等,3,是,螺丝刀,扳手,电钻,水平仪,密封胶,,螺丝刀;扳手;电钻;密封胶,,超级管理员,2025-09-18 15:38:26,2025-09-18 15:38:42
02143,植保系统装配过程中，（）操作有助于提高喷雾均匀性。,多选题,飞行原理,中等,3,是,优化喷雾管道布局,确保喷雾泵稳定,随意设置搅拌装置参数,固定好药箱与管道连接,定期维护系统,,优化喷雾管道布局;确保喷雾泵稳定;固定好药箱与管道连接;定期维护系统,,超级管理员,2025-09-18 15:38:26,2025-09-18 15:38:42
02144,安装植保喷洒系统的喷头时，以下做法正确的是（）。,单选题,飞行原理,中等,2,是,直接安装，无需调整,先清洁喷头再安装,安装后用力晃动喷头,随意更换喷头,,,先清洁喷头再安装,,超级管理员,2025-09-18 15:38:26,2025-09-18 15:38:42
02145,调整植保喷洒系统的喷洒流量，应通过调整（）。,单选题,飞行原理,中等,2,是,无人机的飞行速度,喷洒泵的压力,摄像头的角度,喷头形状,,,喷洒泵的压力,,超级管理员,2025-09-18 15:38:26,2025-09-18 15:38:42
02146,植保喷洒系统装配完成后，进行流量测试时，应先（）。,单选题,飞行原理,中等,2,是,设置喷洒模式,检查系统密封性,调整喷头位置,启动喷雾泵,,,检查系统密封性,,超级管理员,2025-09-18 15:38:26,2025-09-18 15:38:42
02147,装配植保喷洒系统时，喷头的安装位置可以随意确定（）。,单选题,飞行原理,中等,2,是,正确,错误,,,,,错误,,超级管理员,2025-09-18 15:38:26,2025-09-18 15:38:42
02148,植保喷洒系统装配完成后，无需进行压力测试即可作业（）。,单选题,飞行原理,中等,2,是,正确,错误,,,,,错误,,超级管理员,2025-09-18 15:38:26,2025-09-18 15:38:42
02149,植保喷洒系统装配方法中，正确连接喷雾管道的要点包括（）。,多选题,飞行原理,中等,3,是,区分管道进出口,避免管道扭曲,使用合适的接头,随意布线,固定管道,,区分管道进出口;避免管道扭曲;使用合适的接头;固定管道,,超级管理员,2025-09-18 15:38:26,2025-09-18 15:38:42
02150,安装植保喷洒系统的喷头时，需要注意（）方面。,多选题,飞行原理,中等,3,是,喷头的朝向,喷头的固定牢固程度,喷头的防堵塞处理,喷头的品牌,喷头的重量,,喷头的朝向;喷头的固定牢固程度;喷头的防堵塞处理,,超级管理员,2025-09-18 15:38:26,2025-09-18 15:38:42
02151,装配植保播种系统时，安装播种器的关键步骤是（）。,单选题,飞行原理,中等,2,是,调整播种器播量,固定播种器支架,连接传动装置,安装电机,,,固定播种器支架,,超级管理员,2025-09-18 15:38:26,2025-09-18 15:38:42
02152,调整植保播种系统的播种深度，应通过调整（）。,单选题,飞行原理,中等,2,是,播种器材质,传动装置,控制程序参数,播种器形状,,,控制程序参数,,超级管理员,2025-09-18 15:38:26,2025-09-18 15:38:42
02153,植保播种系统装配完成后，进行播种测试时，应先（）。,单选题,飞行原理,中等,2,是,直接在田间进行大面积播种测试,检查所有组件是否齐全且无损坏,调整播种深度和间距,校准播种量,,,检查所有组件是否齐全且无损坏,,超级管理员,2025-09-18 15:38:26,2025-09-18 15:38:42
02154,装配植保播种系统时，播种器的安装位置不会影响播种的均匀性。,单选题,飞行原理,中等,2,是,正确,错误,,,,,错误,,超级管理员,2025-09-18 15:38:26,2025-09-18 15:38:42
02155,植保播种系统装配完成后，不需要进行播种量的校准即可投入使用。,单选题,飞行原理,中等,2,是,正确,错误,,,,,错误,,超级管理员,2025-09-18 15:38:26,2025-09-18 15:38:42
02156,（）是装配植保播种系统时，正确安装传动装置的要点。,多选题,飞行原理,中等,3,是,确保传动部件连接紧密,涂抹适量润滑油,随意安装，无需调整,检查传动部件的同心度,使用不合适的连接件,,确保传动部件连接紧密;涂抹适量润滑油;检查传动部件的同心度,,超级管理员,2025-09-18 15:38:26,2025-09-18 15:38:42
02157,装配植保播种系统时，选择播种器需要考虑（）因素。,多选题,飞行原理,中等,3,是,播种作物种类,播种面积,播种精度要求,播种器的颜色,无人机的续航能力,,播种作物种类;播种面积;播种精度要求,,超级管理员,2025-09-18 15:38:26,2025-09-18 15:38:42
02158,装配喊话系统时，安装扬声器的下一步通常是（）。,单选题,飞行原理,中等,2,是,连接音频传输线,安装控制器,固定支架,调试系统,,,连接音频传输线,,超级管理员,2025-09-18 15:38:26,2025-09-18 15:38:42
02159,喊话系统装配完成后，首次测试前需要检查的是（）。,单选题,飞行原理,中等,2,是,扬声器音量,控制器设置,音频线路连接,以上都是,,,以上都是,,超级管理员,2025-09-18 15:38:26,2025-09-18 15:38:42
02160,在装配喊话系统的控制器时，应将其安装在（）。,单选题,飞行原理,中等,2,是,无人机顶部,便于操作和散热的位置,无人机底部,随意位置,,,便于操作和散热的位置,,超级管理员,2025-09-18 15:38:26,2025-09-18 15:38:42
02161,装配喊话系统可以不按照特定顺序，随意安装各部件。,单选题,飞行原理,中等,2,是,正确,错误,,,,,错误,,超级管理员,2025-09-18 15:38:26,2025-09-18 15:38:42
02162,喊话系统装配完成后，无需进行声音测试即可使用。,单选题,飞行原理,中等,2,是,正确,错误,,,,,错误,,超级管理员,2025-09-18 15:38:26,2025-09-18 15:38:42
02163,装配喊话系统时，需要准备（）工具。,多选题,飞行原理,中等,3,是,螺丝刀,电钻,万用表,剥线钳,钳子,,螺丝刀;钳子,,超级管理员,2025-09-18 15:38:26,2025-09-18 15:38:43
02164,（）是喊话系统装配过程中的注意事项。,多选题,飞行原理,中等,3,是,防止线路短路,保持部件干燥,随意设置控制器参数,正确连接音频线路,安装后进行防水处理,,防止线路短路;保持部件干燥;正确连接音频线路,,超级管理员,2025-09-18 15:38:26,2025-09-18 15:38:43
02165,安装喊话系统扬声器时，使用（）固定方式更稳固。,单选题,飞行原理,中等,2,是,胶带粘贴,螺丝固定,橡皮筋捆绑,胶水粘贴,,,螺丝固定,,超级管理员,2025-09-18 15:38:26,2025-09-18 15:38:43
02166,调整喊话系统的音量大小，应依据（）。,单选题,飞行原理,中等,2,是,个人喜好,飞行环境噪音,电池电量,无人机型号,,,飞行环境噪音,,超级管理员,2025-09-18 15:38:26,2025-09-18 15:38:43
02167,喊话系统装配中，校准音频输出的目的是（）。,单选题,飞行原理,中等,2,是,调整声音清晰度,确保声音不失真,改变声音频率,提高声音响度,,,确保声音不失真,,超级管理员,2025-09-18 15:38:26,2025-09-18 15:38:43
02168,装配喊话系统时，所有部件都可以直接用手安装，无需工具。,单选题,飞行原理,中等,2,是,正确,错误,,,,,错误,,超级管理员,2025-09-18 15:38:26,2025-09-18 15:38:43
02169,喊话系统装配过程中，对控制器的设置可以随意进行。,单选题,飞行原理,中等,2,是,正确,错误,,,,,错误,,超级管理员,2025-09-18 15:38:26,2025-09-18 15:38:43
02170,喊话系统装配方法中，正确连接音频线路的要点包括（）。,多选题,飞行原理,困难,3,是,区分正负极,避免线路缠绕,使用合适的接头,随意布线,固定线路,,区分正负极;避免线路缠绕;使用合适的接头;固定线路,,超级管理员,2025-09-18 15:38:26,2025-09-18 15:38:43
02171,装配喊话系统的扬声器时，需要考虑（）因素。,多选题,飞行原理,中等,3,是,扬声器功率,扬声器朝向,周围电子设备干扰,扬声器颜色,无人机外观,,扬声器功率;扬声器朝向;周围电子设备干扰,,超级管理员,2025-09-18 15:38:26,2025-09-18 15:38:43
02172,装配照明系统时，安装灯具的第一步是（）。,单选题,飞行原理,中等,2,是,固定灯具支架,连接电源线路,调试灯具,安装灯罩,,,固定灯具支架,,超级管理员,2025-09-18 15:38:26,2025-09-18 15:38:43
02173,照明系统装配完成后，进行点亮测试前需要检查的是（）。,单选题,飞行原理,中等,2,是,灯具亮度,电源电压,电池电量,以上都是,,,以上都是,,超级管理员,2025-09-18 15:38:26,2025-09-18 15:38:43
02174,在装配照明系统的电源线路时，线路的连接应（）。,单选题,飞行原理,中等,2,是,紧密牢固,留有一定间隙,随意连接,使用胶水粘贴,,,紧密牢固,,超级管理员,2025-09-18 15:38:26,2025-09-18 15:38:43
02175,照明系统装配可以不考虑灯具与电源的兼容性。,单选题,飞行原理,中等,2,是,正确,错误,,,,,错误,,超级管理员,2025-09-18 15:38:26,2025-09-18 15:38:43
02176,装配照明系统时，先安装灯罩再安装灯具是正确顺序。,单选题,飞行原理,中等,2,是,正确,错误,,,,,错误,,超级管理员,2025-09-18 15:38:26,2025-09-18 15:38:43
02177,装配照明系统时，需要准备的材料有（）。,多选题,飞行原理,中等,3,是,灯具,电源模块,控制器,连接线和接插件,散热装置,,灯具;电源模块;控制器;连接线和接插件;散热装置,,超级管理员,2025-09-18 15:38:26,2025-09-18 15:38:43
02178,照明系统装配过程中，（）操作有助于提高照明效果。,多选题,飞行原理,中等,3,是,正确安装灯具位置,选择合适的灯具功率,随意调整电源参数,固定好灯具与支架连接,定期维护系统,,正确安装灯具位置;选择合适的灯具功率;固定好灯具与支架连接;定期维护系统,,超级管理员,2025-09-18 15:38:26,2025-09-18 15:38:43
02179,安装照明灯具时，以下做法正确的是（）。,单选题,飞行原理,中等,2,是,直接安装，无需检查,先清洁灯具再安装,安装后用力晃动灯具,随意更换灯具,,,先清洁灯具再安装,,超级管理员,2025-09-18 15:38:26,2025-09-18 15:38:43
02180,调整照明系统的光照角度，应在（）。,单选题,飞行原理,中等,2,是,灯具设置界面,遥控器设置,安装后手动调整,飞行中调整,,,安装后手动调整,,超级管理员,2025-09-18 15:38:26,2025-09-18 15:38:43
02181,照明系统装配完成后，校准灯具亮度的目的是（）。,单选题,飞行原理,中等,2,是,提高照明范围,使光照均匀,增加照明时间,改变照明颜色,,,使光照均匀,,超级管理员,2025-09-18 15:38:26,2025-09-18 15:38:43
02182,装配照明系统时，使用低质量的电线不影响照明效果。,单选题,飞行原理,中等,2,是,正确,错误,,,,,错误,,超级管理员,2025-09-18 15:38:26,2025-09-18 15:38:43
02183,照明系统装配过程中，对灯具的调试可以不进行。,单选题,飞行原理,中等,2,是,正确,错误,,,,,错误,,超级管理员,2025-09-18 15:38:26,2025-09-18 15:38:43
02184,照明系统装配方法中，调试灯具的步骤包括（）。,多选题,飞行原理,中等,3,是,检查亮度,测试开关,设置光照模式,随意调整参数,检查灯具与电源连接,,检查亮度;测试开关;设置光照模式;检查灯具与电源连接,,超级管理员,2025-09-18 15:38:26,2025-09-18 15:38:43
02185,安装照明灯具时，需要注意的方面是（）。,多选题,飞行原理,中等,3,是,灯具的朝向,灯具的固定牢固程度,灯具的防水处理,灯具的品牌,灯具的重量,,灯具的朝向;灯具的固定牢固程度;灯具的防水处理,,超级管理员,2025-09-18 15:38:26,2025-09-18 15:38:43
02186,装配激光雷达系统时，安装雷达传感器的第一步是（）。,单选题,飞行原理,中等,2,是,固定传感器支架,连接数据传输线,调试传感器,安装防护罩,,,固定传感器支架,,超级管理员,2025-09-18 15:38:26,2025-09-18 15:38:43
02187,激光雷达系统装配完成后，进行扫描测试前需要检查的是（）。,单选题,飞行原理,中等,2,是,传感器角度,数据传输速率,电源稳定性,以上都是,,,以上都是,,超级管理员,2025-09-18 15:38:26,2025-09-18 15:38:43
02188,在装配激光雷达系统的数据传输线时，应（）。,单选题,飞行原理,中等,2,是,避免线路过长,随意布线,使用普通电线,无需固定,,,避免线路过长,,超级管理员,2025-09-18 15:38:26,2025-09-18 15:38:43
02189,激光雷达系统装配可以不按照设计要求进行，随意安装各部件（）。,单选题,飞行原理,中等,2,是,正确,错误,,,,,错误,,超级管理员,2025-09-18 15:38:26,2025-09-18 15:38:43
02190,激光雷达系统装配完成后，无需进行校准即可使用（）。,单选题,飞行原理,中等,2,是,正确,错误,,,,,错误,,超级管理员,2025-09-18 15:38:26,2025-09-18 15:38:43
02191,装配激光雷达系统时，需要准备（）工具。,多选题,飞行原理,中等,3,是,螺丝刀和扳手,万用表,水平仪,数据线和接插件,热风枪,,螺丝刀和扳手;万用表;水平仪;数据线和接插件,,超级管理员,2025-09-18 15:38:26,2025-09-18 15:38:43
02192,激光雷达系统装配过程中，（）操作有助于提高扫描精度。,多选题,飞行原理,中等,3,是,正确安装传感器,优化数据传输线路,随意设置传感器参数,固定好传感器与支架连接,定期维护系统,,正确安装传感器;优化数据传输线路;固定好传感器与支架连接;定期维护系统,,超级管理员,2025-09-18 15:38:26,2025-09-18 15:38:43
02193,安装激光雷达传感器时，使用（）固定方式更稳固。,单选题,飞行原理,中等,2,是,胶带粘贴,螺丝固定,橡皮筋捆绑,胶水粘贴,,,螺丝固定,,超级管理员,2025-09-18 15:38:26,2025-09-18 15:38:43
02194,调整激光雷达系统的扫描范围，应通过调整（）。,单选题,飞行原理,中等,2,是,传感器材质,数据传输线,控制程序参数,传感器形状,,,控制程序参数,,超级管理员,2025-09-18 15:38:26,2025-09-18 15:38:43
02195,激光雷达系统装配完成后，进行校准测试时，应先（）。,单选题,飞行原理,中等,2,是,设置扫描参数,检查系统稳定性,调整传感器位置,启动系统,,,检查系统稳定性,,超级管理员,2025-09-18 15:38:26,2025-09-18 15:38:43
02196,装配激光雷达系统时，传感器的安装位置可以随意确定（）。,单选题,飞行原理,中等,2,是,正确,错误,,,,,错误,,超级管理员,2025-09-18 15:38:26,2025-09-18 15:38:43
02197,激光雷达系统装配完成后，无需进行性能测试即可使用（）。,单选题,飞行原理,中等,2,是,正确,错误,,,,,错误,,超级管理员,2025-09-18 15:38:26,2025-09-18 15:38:43
02198,激光雷达系统装配方法中，正确连接数据传输线的要点包括（）。,多选题,飞行原理,中等,3,是,区分接口类型,避免线路干扰,使用合适的接头,随意布线,固定线路,,区分接口类型;避免线路干扰;使用合适的接头;固定线路,,超级管理员,2025-09-18 15:38:26,2025-09-18 15:38:43
02199,装配激光雷达系统的传感器时，需要考虑（）因素。,多选题,飞行原理,中等,3,是,传感器精度,传感器朝向,周围电子设备干扰,传感器颜色,无人机外观,,传感器精度;传感器朝向;周围电子设备干扰,,超级管理员,2025-09-18 15:38:26,2025-09-18 15:38:43
02200,编制零部件报告单时，首先应记录的是（）。,单选题,飞行原理,中等,2,是,零部件名称,零部件价格,零部件生产厂家,零部件使用说明,,,零部件名称,,超级管理员,2025-09-18 15:38:26,2025-09-18 15:38:43
02201,在记录零部件的技术参数时，（）不需要记录。,单选题,飞行原理,中等,2,是,尺寸规格,重量,外观颜色,性能指标,,,外观颜色,,超级管理员,2025-09-18 15:38:26,2025-09-18 15:38:43
02202,零部件报告单中，备注栏主要填写（）。,单选题,飞行原理,中等,2,是,零部件的安装步骤,零部件的采购渠道,零部件的特殊要求或注意事项,零部件的库存数量,,,零部件的特殊要求或注意事项,,超级管理员,2025-09-18 15:38:26,2025-09-18 15:38:43
02203,编制零部件报告单时，可以随意省略部分信息（）。,单选题,飞行原理,中等,2,是,正确,错误,,,,,错误,,超级管理员,2025-09-18 15:38:26,2025-09-18 15:38:43
02204,零部件报告单不需要进行审核（）。,单选题,飞行原理,中等,2,是,正确,错误,,,,,错误,,超级管理员,2025-09-18 15:38:26,2025-09-18 15:38:43
02205,编制零部件报告单需要收集（）信息。,多选题,飞行原理,中等,3,是,零部件型号,零部件生产日期,零部件采购成本,零部件供应商,零部件使用频率,,零部件型号;零部件生产日期;零部件采购成本;零部件供应商,,超级管理员,2025-09-18 15:38:26,2025-09-18 15:38:43
02206,关于零部件报告单编制正确的是（）。,多选题,飞行原理,中等,3,是,内容准确完整,格式规范统一,可随意修改,及时更新,无需备份,,内容准确完整;格式规范统一;及时更新,,超级管理员,2025-09-18 15:38:26,2025-09-18 15:38:43
02207,编制子系统报告单时，系统功能描述应（）。,单选题,飞行原理,中等,2,是,简洁明了,详细复杂,随意编写,无需描述,,,简洁明了,,超级管理员,2025-09-18 15:38:26,2025-09-18 15:38:43
02208,在记录子系统的测试结果时，（）是必须记录的。,单选题,飞行原理,中等,2,是,测试时间,测试人员姓名,测试中出现的问题及解决方法,测试地点,,,测试中出现的问题及解决方法,,超级管理员,2025-09-18 15:38:26,2025-09-18 15:38:43
02209,子系统报告单中，维护建议部分应根据（）。,单选题,飞行原理,中等,2,是,个人经验,系统使用频率,系统运行状况,随意填写,,,系统运行状况,,超级管理员,2025-09-18 15:38:26,2025-09-18 15:38:43
02210,编制子系统报告单时，数据可以随意编造（）。,单选题,飞行原理,中等,2,是,正确,错误,,,,,错误,,超级管理员,2025-09-18 15:38:26,2025-09-18 15:38:43
02211,子系统报告单只需编制一次，无需更新（）。,单选题,飞行原理,中等,2,是,正确,错误,,,,,错误,,超级管理员,2025-09-18 15:38:26,2025-09-18 15:38:43
02212,编制子系统报告单需要收集（）信息。,多选题,飞行原理,困难,3,是,子系统组成部件,子系统工作原理,子系统故障记录,子系统维修历史,子系统生产厂家,,子系统组成部件;子系统工作原理;子系统故障记录;子系统维修历史,,超级管理员,2025-09-18 15:38:26,2025-09-18 15:38:43
02213,关于子系统报告单编制正确的是（）。,多选题,飞行原理,中等,3,是,语言通俗易懂,数据真实可靠,重点突出,无需分类,定期整理,,语言通俗易懂;数据真实可靠;重点突出;定期整理,,超级管理员,2025-09-18 15:38:26,2025-09-18 15:38:43
02214,编制整机报告单时，整机性能参数不包括（）。,单选题,飞行原理,中等,2,是,飞行速度,续航时间,外观颜色,载重能力,,,外观颜色,,超级管理员,2025-09-18 15:38:26,2025-09-18 15:38:43
02215,在记录整机的装配过程时，应（）。,单选题,飞行原理,中等,2,是,详细记录每一步骤,只记录关键步骤,随意记录,无需记录,,,详细记录每一步骤,,超级管理员,2025-09-18 15:38:26,2025-09-18 15:38:43
02216,整机报告单中，质量评估部分主要依据（）。,单选题,飞行原理,中等,2,是,零部件质量,装配工艺,测试结果,以上都是,,,以上都是,,超级管理员,2025-09-18 15:38:26,2025-09-18 15:38:43
02217,编制整机报告单时，报告格式可以随意确定（）。,单选题,飞行原理,中等,2,是,正确,错误,,,,,错误,,超级管理员,2025-09-18 15:38:26,2025-09-18 15:38:43
02218,整机报告单不需要存档（）。,单选题,飞行原理,中等,2,是,正确,错误,,,,,错误,,超级管理员,2025-09-18 15:38:26,2025-09-18 15:38:43
02219,编制整机报告单需要收集（）信息。,多选题,飞行原理,中等,3,是,整机型号,装配人员,飞行测试数据,客户反馈,市场价格,,整机型号;装配人员;飞行测试数据;客户反馈,,超级管理员,2025-09-18 15:38:26,2025-09-18 15:38:43
02220,关于整机报告单编制正确的是（）。,多选题,飞行原理,中等,3,是,内容全面,条理清晰,数据准确,格式统一,无需审核,,内容全面;条理清晰;数据准确;格式统一,,超级管理员,2025-09-18 15:38:26,2025-09-18 15:38:43
02221,编制任务载荷系统报告单时，任务载荷的功能描述应（）。,单选题,飞行原理,中等,2,是,简单概括,详细准确,随意编写,无需描述,,,详细准确,,超级管理员,2025-09-18 15:38:26,2025-09-18 15:38:43
02222,在记录任务载荷系统的调试过程时，应重点记录（）。,单选题,飞行原理,困难,2,是,调试时间,调试人员,调试中出现的问题及解决方法,调试地点,,,调试中出现的问题及解决方法,,超级管理员,2025-09-18 15:38:26,2025-09-18 15:38:43
02223,任务载荷系统报告单中，使用注意事项部分应根据（）。,单选题,飞行原理,中等,2,是,任务类型,个人喜好,系统成本,随意填写,,,任务类型,,超级管理员,2025-09-18 15:38:26,2025-09-18 15:38:43
02224,编制任务载荷系统报告单时，信息可以随意删减（）。,单选题,飞行原理,中等,2,是,正确,错误,,,,,错误,,超级管理员,2025-09-18 15:38:26,2025-09-18 15:38:43
02225,任务载荷系统报告单不需要定期更新（）。,单选题,飞行原理,中等,2,是,正确,错误,,,,,错误,,超级管理员,2025-09-18 15:38:26,2025-09-18 15:38:43
02226,编制任务载荷系统报告单需要收集（）信息。,多选题,飞行原理,中等,3,是,任务载荷型号,安装位置,性能指标,维护记录,采购合同,,任务载荷型号;安装位置;性能指标;维护记录,,超级管理员,2025-09-18 15:38:26,2025-09-18 15:38:43
02227,关于任务载荷系统报告单编制正确的是（）。,多选题,飞行原理,中等,3,是,重点突出,内容详实,数据可靠,格式规范,无需备份,,重点突出;内容详实;数据可靠;格式规范,,超级管理员,2025-09-18 15:38:26,2025-09-18 15:38:43
02228,视距内飞行时，与障碍物保持的安全距离至少为（）米。,单选题,飞行原理,中等,2,是,5,10,15,20,,,10,,超级管理员,2025-09-18 15:38:26,2025-09-18 15:38:43
02229,在人群密集区域进行视距内飞行，高度应限制在（）。,单选题,飞行原理,中等,2,是,50 米,100 米,150 米,200 米,,,50 米,,超级管理员,2025-09-18 15:38:26,2025-09-18 15:38:43
02230,视距内飞行时，遇到强风天气应（）。,单选题,飞行原理,中等,2,是,继续飞行，提高速度,降低飞行高度,立即降落,改变飞行方向,,,立即降落,,超级管理员,2025-09-18 15:38:26,2025-09-18 15:38:43
02231,视距内飞行时，无需关注周围的电磁干扰情况（）。,单选题,飞行原理,中等,2,是,正确,错误,,,,,错误,,超级管理员,2025-09-18 15:38:26,2025-09-18 15:38:44
02232,在视距内飞行，只要能看到无人机，就可以随意飞行（）。,单选题,飞行原理,中等,2,是,正确,错误,,,,,错误,,超级管理员,2025-09-18 15:38:26,2025-09-18 15:38:44
02233,视距内飞行前，需要检查（）方面。,多选题,飞行原理,中等,3,是,无人机的电池电量,遥控器和接收机的连接状态,摄像头的工作状态,天气条件,飞行区域的法规限制,,无人机的电池电量;遥控器和接收机的连接状态;天气条件;飞行区域的法规限制,,超级管理员,2025-09-18 15:38:26,2025-09-18 15:38:44
02234,视距内飞行时，以下行为是危险的有（）。,多选题,飞行原理,中等,3,是,在高压线附近飞行,在水面上方飞行,飞行中突然改变航向,超出视距范围飞行,不进行飞行前检查,,在高压线附近飞行;超出视距范围飞行;不进行飞行前检查,,超级管理员,2025-09-18 15:38:26,2025-09-18 15:38:44
02235,视距内飞行时，想要让无人机快速上升，应如何操作遥控器（）。,单选题,飞行原理,中等,2,是,快速向上推动油门摇杆,缓慢向上推动油门摇杆,快速向左推动方向摇杆,快速向右推动方向摇杆,,,快速向上推动油门摇杆,,超级管理员,2025-09-18 15:38:26,2025-09-18 15:38:44
02236,无人机在视距内飞行时出现漂移，应优先调整（）。,单选题,飞行原理,中等,2,是,相机的角度,GPS模块的位置,遥控器的天线方向,水平校准和IMU传感器,,,水平校准和IMU传感器,,超级管理员,2025-09-18 15:38:26,2025-09-18 15:38:44
02237,在视距内飞行中，进行转弯操作时，需要同时调整（）。,单选题,飞行原理,中等,2,是,油门和方向,油门和俯仰,方向和俯仰,俯仰和横滚,,,油门和方向,,超级管理员,2025-09-18 15:38:26,2025-09-18 15:38:44
02238,视距内飞行时，遥控器的操作指令可以随意发送，无人机都能准确响应（）。,单选题,飞行原理,中等,2,是,正确,错误,,,,,错误,,超级管理员,2025-09-18 15:38:26,2025-09-18 15:38:44
02239,在视距内飞行，只要熟悉遥控器按键，无需练习就能熟练操控无人机（）。,单选题,飞行原理,中等,2,是,正确,错误,,,,,错误,,超级管理员,2025-09-18 15:38:26,2025-09-18 15:38:44
02240,视距内飞行操控无人机时，（）操作技巧是正确的。,多选题,飞行原理,中等,3,是,平稳操作遥控器摇杆,快速频繁切换飞行模式,根据飞行姿态及时调整,操作前了解无人机性能,随意调整飞行速度,,平稳操作遥控器摇杆;根据飞行姿态及时调整;操作前了解无人机性能,,超级管理员,2025-09-18 15:38:26,2025-09-18 15:38:44
02241,影响视距内飞行操控精度的因素有（）。,多选题,飞行原理,中等,3,是,无人机的重量,遥控器的信号强度,飞行环境的风速,操作人员的经验,无人机的颜色,,无人机的重量;遥控器的信号强度;飞行环境的风速;操作人员的经验,,超级管理员,2025-09-18 15:38:26,2025-09-18 15:38:44
02242,在无人机控制中，比例（P）的主要作用是（）。,单选题,飞行原理,中等,2,是,消除系统误差,对偏差进行快速响应,预测偏差变化趋势,稳定系统输出,,,对偏差进行快速响应,,超级管理员,2025-09-18 15:38:26,2025-09-18 15:38:44
02243,比例（P）参数越大，对无人机控制的影响是（）。,单选题,飞行原理,中等,2,是,控制响应更迟缓,控制响应更快但可能导致超调和振荡,控制精度降低,系统稳定性增强,,,控制响应更快但可能导致超调和振荡,,超级管理员,2025-09-18 15:38:26,2025-09-18 15:38:44
02244,当无人机的实际位置与目标位置偏差较大时，比例（P）控制会（）。,单选题,飞行原理,中等,2,是,缓慢调整以减小偏差,迅速调整以减小偏差，但可能导致超调,保持控制量不变,逐渐增加偏差,,,迅速调整以减小偏差，但可能导致超调,,超级管理员,2025-09-18 15:38:26,2025-09-18 15:38:44
02245,比例（P）控制可以完全消除系统的稳态误差。,单选题,飞行原理,中等,2,是,正确,错误,,,,,错误,,超级管理员,2025-09-18 15:38:26,2025-09-18 15:38:44
02246,比例（P）参数只影响无人机的飞行速度，不影响飞行姿态。,单选题,飞行原理,中等,2,是,正确,错误,,,,,错误,,超级管理员,2025-09-18 15:38:26,2025-09-18 15:38:44
02247,关于比例（P）在无人机控制中的作用，说法正确的是（）。,多选题,飞行原理,中等,3,是,能够快速纠正偏差,与积分、微分共同作用,比例系数越大越好,可根据飞行任务调整,只在起飞阶段起作用,,能够快速纠正偏差;与积分、微分共同作用;可根据飞行任务调整,,超级管理员,2025-09-18 15:38:26,2025-09-18 15:38:44
02248,比例（P）控制在无人机（）飞行操作中发挥重要作用。,多选题,飞行原理,中等,3,是,起飞,悬停,降落,巡航,倒飞,,起飞;悬停;降落;巡航,,超级管理员,2025-09-18 15:38:26,2025-09-18 15:38:44
02249,积分（I）在无人机控制中的主要目的是（）。,单选题,飞行原理,中等,2,是,快速响应偏差,消除稳态误差,抑制干扰,调整飞行速度,,,消除稳态误差,,超级管理员,2025-09-18 15:38:26,2025-09-18 15:38:44
02250,积分（I）参数过大，会导致无人机（）。,单选题,飞行原理,中等,2,是,响应迟缓,快速响应,积分饱和，控制不稳定,无明显影响,,,积分饱和，控制不稳定,,超级管理员,2025-09-18 15:38:26,2025-09-18 15:38:44
02251,当无人机长时间处于某个偏差状态时，积分（I）控制会（）。,单选题,飞行原理,中等,2,是,不断累加偏差,忽略偏差,减小偏差,反向计算偏差,,,不断累加偏差,,超级管理员,2025-09-18 15:38:26,2025-09-18 15:38:44
02252,积分（I）控制对无人机的瞬间偏差响应最敏感。,单选题,飞行原理,中等,2,是,正确,错误,,,,,错误,,超级管理员,2025-09-18 15:38:26,2025-09-18 15:38:44
02253,在无人机控制中，积分（I）参数可以随意设置，不影响飞行性能。,单选题,飞行原理,中等,2,是,正确,错误,,,,,错误,,超级管理员,2025-09-18 15:38:26,2025-09-18 15:38:44
02254,积分（I）控制在无人机控制中，（）说法是正确的。,多选题,飞行原理,中等,3,是,与比例控制协同工作,能消除累计误差,积分时间越长越好,根据飞行环境调整,只在降落时使用,,与比例控制协同工作;能消除累计误差;根据飞行环境调整,,超级管理员,2025-09-18 15:38:26,2025-09-18 15:38:44
02255,（）情况需要重点考虑积分（I）控制在无人机中的应用。,多选题,飞行原理,中等,3,是,长时间保持特定高度,精确的航线飞行,快速转弯,起飞加速,定点悬停,,长时间保持特定高度;精确的航线飞行;定点悬停,,超级管理员,2025-09-18 15:38:26,2025-09-18 15:38:44
02256,微分（D）在无人机控制中的作用是（）。,单选题,飞行原理,中等,2,是,对偏差进行快速响应,消除稳态误差,根据偏差变化率调整控制量,调整飞行姿态,,,根据偏差变化率调整控制量,,超级管理员,2025-09-18 15:38:26,2025-09-18 15:38:44
02257,微分（D）参数增大，无人机的控制会（）。,单选题,飞行原理,中等,2,是,更稳定，抑制快速变化,变得不稳定,响应变慢,无影响,,,更稳定，抑制快速变化,,超级管理员,2025-09-18 15:38:26,2025-09-18 15:38:44
02258,当无人机飞行姿态变化过快时，微分（D）控制会（）。,单选题,飞行原理,中等,2,是,输出较大控制量抑制变化,输出较小控制量,保持控制量不变,反向输出控制量,,,输出较大控制量抑制变化,,超级管理员,2025-09-18 15:38:26,2025-09-18 15:38:44
02259,微分（D）控制主要关注无人机当前的偏差大小。,单选题,飞行原理,中等,2,是,正确,错误,,,,,错误,,超级管理员,2025-09-18 15:38:26,2025-09-18 15:38:44
02260,在无人机平稳飞行时，微分（D）控制不起作用。,单选题,飞行原理,中等,2,是,正确,错误,,,,,错误,,超级管理员,2025-09-18 15:38:26,2025-09-18 15:38:44
02261,关于微分（D）在无人机控制中的特点，说法正确的是（）。,多选题,飞行原理,中等,3,是,对变化趋势敏感,可增强系统稳定性,微分系数越大越好,与比例、积分配合,只在飞行故障时起作用,,对变化趋势敏感;可增强系统稳定性;与比例、积分配合,,超级管理员,2025-09-18 15:38:26,2025-09-18 15:38:44
02262,微分（D）控制在无人机（）飞行场景中效果明显。,多选题,飞行原理,中等,3,是,快速机动飞行,躲避障碍物,起飞阶段,降落阶段,悬停微调,,快速机动飞行;躲避障碍物,,超级管理员,2025-09-18 15:38:26,2025-09-18 15:38:44
02263,调整比例（P）参数时，应遵循的原则是（）。,单选题,飞行原理,中等,2,是,越大越好,越小越好,根据系统响应和稳定性逐步调整,随意调整,,,根据系统响应和稳定性逐步调整,,超级管理员,2025-09-18 15:38:26,2025-09-18 15:38:44
02264,当无人机响应迟缓，比例（P）参数应如何调整（）。,单选题,飞行原理,中等,2,是,增大,减小,保持不变,先减小再增大,,,增大,,超级管理员,2025-09-18 15:38:26,2025-09-18 15:38:44
02265,在调整比例（P）参数时，需要重点关注（）。,单选题,飞行原理,中等,2,是,无人机的颜色,飞行场地,系统的超调量和响应时间,操作人员心情,,,系统的超调量和响应时间,,超级管理员,2025-09-18 15:38:26,2025-09-18 15:38:44
02266,比例（P）参数调整后，无需测试就可确定效果。,单选题,飞行原理,中等,2,是,正确,错误,,,,,错误,,超级管理员,2025-09-18 15:38:26,2025-09-18 15:38:44
02267,调整比例（P）参数不会影响无人机的飞行安全性。,单选题,飞行原理,中等,2,是,正确,错误,,,,,错误,,超级管理员,2025-09-18 15:38:26,2025-09-18 15:38:44
02268,调整比例（P）参数时，需要考虑（）因素。,多选题,飞行原理,中等,3,是,无人机的负载,飞行高度,风速,遥控器电量,飞行任务,,无人机的负载;飞行高度;风速;飞行任务,,超级管理员,2025-09-18 15:38:26,2025-09-18 15:38:44
02269,（）属于合理的比例（P）调整原则。,多选题,飞行原理,中等,3,是,先小幅度调整观察效果,参考经验值,一次调整到位,根据飞行姿态反馈调整,不考虑其他参数,,先小幅度调整观察效果;参考经验值;根据飞行姿态反馈调整,,超级管理员,2025-09-18 15:38:26,2025-09-18 15:38:44
02270,积分（I）参数调整的关键原则是（）。,单选题,飞行原理,中等,2,是,尽量增大以消除稳态误差,逐步增加直到系统稳定,避免过大以防止系统振荡,完全忽略，因为其影响较小,,,避免过大以防止系统振荡,,超级管理员,2025-09-18 15:38:26,2025-09-18 15:38:44
02271,当无人机出现积分饱和现象，积分（I）参数应（）。,单选题,飞行原理,中等,2,是,增大,减小,保持不变,先增大再减小,,,减小,,超级管理员,2025-09-18 15:38:26,2025-09-18 15:38:44
02272,在调整积分（I）参数时，需要结合（）。,单选题,飞行原理,中等,2,是,比例（P）参数,微分（D）参数,系统的稳态误差,以上所有选项,,,以上所有选项,,超级管理员,2025-09-18 15:38:26,2025-09-18 15:38:44
02273,积分（I）参数调整只需要考虑当前偏差大小。,单选题,飞行原理,中等,2,是,正确,错误,,,,,错误,,超级管理员,2025-09-18 15:38:26,2025-09-18 15:38:44
02274,积分（I）参数调整不会影响无人机的能耗。,单选题,飞行原理,中等,2,是,正确,错误,,,,,错误,,超级管理员,2025-09-18 15:38:26,2025-09-18 15:38:44
02275,调整积分（I）参数时，（）做法是正确的。,多选题,飞行原理,中等,3,是,根据飞行任务需求调整,参考无人机说明书,一次性大幅度调整,结合比例和微分参数,不考虑飞行环境,,根据飞行任务需求调整;参考无人机说明书;结合比例和微分参数,,超级管理员,2025-09-18 15:38:26,2025-09-18 15:38:44
02276,积分（I）参数调整需要考虑（）因素。,多选题,飞行原理,中等,3,是,系统的响应时间,误差的积累速度,无人机的续航能力,操作人员的技能,飞行的稳定性,,系统的响应时间;误差的积累速度;飞行的稳定性,,超级管理员,2025-09-18 15:38:26,2025-09-18 15:38:44
02277,调整微分（D）参数的主要目的是（）。,单选题,飞行原理,中等,2,是,提高响应速度,抑制系统的快速变化,消除稳态误差,增大飞行速度,,,抑制系统的快速变化,,超级管理员,2025-09-18 15:38:26,2025-09-18 15:38:44
02278,当无人机飞行姿态变化过于剧烈，微分（D）参数应（）。,单选题,飞行原理,中等,2,是,增大,减小,保持不变,先减小再增大,,,增大,,超级管理员,2025-09-18 15:38:26,2025-09-18 15:38:44
02279,微分（D）参数调整应避免（）。,单选题,飞行原理,中等,2,是,参数过小导致无法抑制变化,过大导致系统响应过于迟缓,过大导致高频噪声放大,不参考其他参数,,,过大导致高频噪声放大,,超级管理员,2025-09-18 15:38:26,2025-09-18 15:38:44
02280,微分（D）参数调整只在无人机高速飞行时起作用。,单选题,飞行原理,中等,2,是,正确,错误,,,,,错误,,超级管理员,2025-09-18 15:38:26,2025-09-18 15:38:44
02281,微分（D）参数调整不会影响无人机的操控手感。,单选题,飞行原理,中等,2,是,正确,错误,,,,,错误,,超级管理员,2025-09-18 15:38:26,2025-09-18 15:38:44
02282,调整微分（D）参数时，需要考虑（）方面。,多选题,飞行原理,中等,3,是,无人机的飞行模式,传感器噪声,飞行环境的稳定性,比例和积分参数,操作人员的喜好,,无人机的飞行模式;传感器噪声;飞行环境的稳定性;比例和积分参数,,超级管理员,2025-09-18 15:38:26,2025-09-18 15:38:44
02283,关于微分（D）参数调整正确的是（）。,多选题,飞行原理,中等,3,是,根据飞行姿态调整,结合系统响应特性,参考经验值,随意调整,不考虑其他因素,,根据飞行姿态调整;结合系统响应特性;参考经验值,,超级管理员,2025-09-18 15:38:26,2025-09-18 15:38:44
02284,调整比例（P）参数的常用方法是（）。,单选题,飞行原理,中等,2,是,直接在遥控器上调整,通过飞控软件调整,更换硬件设备,改变无人机外形,,,通过飞控软件调整,,超级管理员,2025-09-18 15:38:26,2025-09-18 15:38:44
02285,在调整比例（P）参数时，每次调整的幅度应该（）。,单选题,飞行原理,中等,2,是,越大越好,越小越好,适中，根据实际情况逐步调整,随意,,,适中，根据实际情况逐步调整,,超级管理员,2025-09-18 15:38:26,2025-09-18 15:38:44
02286,调整比例（P）参数后，验证调整效果的方法是（）。,单选题,飞行原理,中等,2,是,观察无人机外观,进行飞行测试,检查电池电量,调整其他参数,,,进行飞行测试,,超级管理员,2025-09-18 15:38:26,2025-09-18 15:38:44
02287,比例（P）参数调整可以在无人机飞行中实时进行。,单选题,飞行原理,中等,2,是,正确,错误,,,,,错误,,超级管理员,2025-09-18 15:38:26,2025-09-18 15:38:44
02288,调整比例（P）参数不需要备份原始参数。,单选题,飞行原理,中等,2,是,正确,错误,,,,,错误,,超级管理员,2025-09-18 15:38:26,2025-09-18 15:38:44
02289,调整比例（P）参数的步骤包括（）。,多选题,飞行原理,中等,3,是,备份原始参数,设置调整幅度,直接进行大幅度调整,飞行测试验证,不参考任何数据,,备份原始参数;设置调整幅度;飞行测试验证,,超级管理员,2025-09-18 15:38:26,2025-09-18 15:38:44
02290,（）工具可以用于调整比例（P）参数。,多选题,飞行原理,中等,3,是,飞控调试软件,万用表,示波器,遥控器设置界面,频谱分析仪,,飞控调试软件;遥控器设置界面,,超级管理员,2025-09-18 15:38:26,2025-09-18 15:38:44
02291,积分（I）参数调整通常在（）。,单选题,飞行原理,中等,2,是,飞行中直接操作,飞控系统设置中,更换电池时,改变飞行场地时,,,飞控系统设置中,,超级管理员,2025-09-18 15:38:26,2025-09-18 15:38:44
02292,如果无人机积分控制效果不佳，调整积分（I）参数的做法是（）。,单选题,飞行原理,中等,2,是,重新校准传感器,直接改变参数值,先分析原因，再根据情况调整,更换积分算法,,,先分析原因，再根据情况调整,,超级管理员,2025-09-18 15:38:26,2025-09-18 15:38:44
02293,调整积分（I）参数后，为确保效果，需要（）。,单选题,飞行原理,中等,2,是,观察系统的稳态误差是否消除,检查系统是否出现振荡现象,结合比例（P）和微分（D）参数进行综合调试,以上所有选项,,,以上所有选项,,超级管理员,2025-09-18 15:38:26,2025-09-18 15:38:44
02294,积分（I）参数调整可以随意进行，无需考虑其他因素。,单选题,飞行原理,中等,2,是,正确,错误,,,,,错误,,超级管理员,2025-09-18 15:38:26,2025-09-18 15:38:44
02295,积分（I）参数调整后，不需要关注无人机的能耗变化。,单选题,飞行原理,中等,2,是,正确,错误,,,,,错误,,超级管理员,2025-09-18 15:38:26,2025-09-18 15:38:44
02296,积分（I）参数调整过程中，需要注意（）方面。,多选题,飞行原理,中等,3,是,记录调整前后数据,调整后进行数据分析,快速多次调整,参考其他无人机的参数,结合实际飞行情况,,记录调整前后数据;调整后进行数据分析;结合实际飞行情况,,超级管理员,2025-09-18 15:38:26,2025-09-18 15:38:45
02297,调整积分（I）参数可以采用（）方式。,多选题,飞行原理,中等,3,是,逐步增加积分时间,一次性大幅度减小积分系数,根据误差变化调整,随机改变参数,参考经验公式,,逐步增加积分时间;根据误差变化调整;参考经验公式,,超级管理员,2025-09-18 15:38:26,2025-09-18 15:38:45
02298,调整微分（D）参数时，主要依据是（）。,单选题,飞行原理,中等,2,是,操作人员的感觉,无人机的飞行速度,传感器测量的偏差变化率,电池电量,,,传感器测量的偏差变化率,,超级管理员,2025-09-18 15:38:26,2025-09-18 15:38:45
02299,当无人机飞行姿态不稳定，调整微分（D）参数的第一步是（）。,单选题,飞行原理,中等,2,是,增大参数,减小参数,分析姿态不稳定的原因,更换微分算法,,,分析姿态不稳定的原因,,超级管理员,2025-09-18 15:38:26,2025-09-18 15:38:45
02300,微分（D）参数调整完成后，验证效果的关键是（）。,单选题,飞行原理,中等,2,是,观察飞行姿态是否平稳,检查参数是否正确,测试飞行速度,调整其他参数,,,观察飞行姿态是否平稳,,超级管理员,2025-09-18 15:38:26,2025-09-18 15:38:45
02301,微分（D）参数调整可以不考虑传感器的精度。,单选题,飞行原理,中等,2,是,正确,错误,,,,,错误,,超级管理员,2025-09-18 15:38:26,2025-09-18 15:38:45
02302,微分（D）参数调整后，无人机的飞行性能会立即提升。,单选题,飞行原理,中等,2,是,正确,错误,,,,,错误,,超级管理员,2025-09-18 15:38:26,2025-09-18 15:38:45
02303,调整微分（D）参数时，需要考虑（）因素。,多选题,飞行原理,中等,3,是,传感器噪声水平,飞行环境的动态变化,比例和积分参数设置,无人机的品牌,操作人员的经验,,传感器噪声水平;飞行环境的动态变化;比例和积分参数设置,,超级管理员,2025-09-18 15:38:26,2025-09-18 15:38:45
02304,关于微分（D）参数调整方法正确的是（）。,多选题,飞行原理,中等,3,是,根据飞行姿态变化趋势调整,参考历史飞行数据,随意尝试不同参数,结合比例和积分参数协同调整,不考虑其他因素,,根据飞行姿态变化趋势调整;参考历史飞行数据;结合比例和积分参数协同调整,,超级管理员,2025-09-18 15:38:26,2025-09-18 15:38:45
02305,提高无人机定位精度，首先应检查（）。,单选题,飞行原理,中等,2,是,电池电量,GPS 天线安装位置,遥控器设置,飞行模式,,,GPS 天线安装位置,,超级管理员,2025-09-18 15:38:26,2025-09-18 15:38:45
02306,如果无人机定位出现漂移，可采取的调整方法是（）。,单选题,飞行原理,中等,2,是,更换螺旋桨,重新校准 GPS,增大飞行速度,调整飞行姿态,,,重新校准 GPS,,超级管理员,2025-09-18 15:38:26,2025-09-18 15:38:45
02307,在调整无人机定位精度时，需要关注（）。,单选题,飞行原理,中等,2,是,GPS模块的安装位置,GPS信号强度和卫星数量,磁罗盘的校准情况,飞控系统的固件版本,,,GPS信号强度和卫星数量,,超级管理员,2025-09-18 15:38:26,2025-09-18 15:38:45
02308,定位精度调整只需要校准一次，无需再次检查。,单选题,飞行原理,中等,2,是,正确,错误,,,,,错误,,超级管理员,2025-09-18 15:38:26,2025-09-18 15:38:45
02309,调整定位精度不会影响无人机的飞行稳定性。,单选题,飞行原理,中等,2,是,正确,错误,,,,,错误,,超级管理员,2025-09-18 15:38:26,2025-09-18 15:38:45
02310,调整无人机定位精度的方法包括（）。,多选题,飞行原理,中等,3,是,更换高精度 GPS 模块,优化 GPS 算法,校准指南针,调整飞行速度,增加配重,,更换高精度 GPS 模块;优化 GPS 算法;校准指南针,,超级管理员,2025-09-18 15:38:26,2025-09-18 15:38:45
02311,在调整定位精度时，需要考虑（）因素。,多选题,飞行原理,中等,3,是,卫星信号强度,周围建筑物遮挡,天气状况,无人机的负载,操作人员的技能,,卫星信号强度;周围建筑物遮挡;天气状况;无人机的负载,,超级管理员,2025-09-18 15:38:26,2025-09-18 15:38:45
02312,调整无人机波特率时，通常在（）设备中进行操作。,单选题,飞行原理,中等,2,是,遥控器,无人机电机,飞控系统,螺旋桨,,,飞控系统,,超级管理员,2025-09-18 15:38:26,2025-09-18 15:38:45
02313,如果无人机与地面站通信出现数据丢失，合理调整波特率的做法是（）。,单选题,飞行原理,中等,2,是,随意调高波特率,随意调低波特率,根据通信距离和环境适当调整,保持波特率不变,,,根据通信距离和环境适当调整,,超级管理员,2025-09-18 15:38:26,2025-09-18 15:38:45
02314,在调整波特率前，需要重点了解的是（）。,单选题,飞行原理,中等,2,是,无人机的颜色,无人机的生产日期,通信设备支持的波特率范围,电池容量,,,通信设备支持的波特率范围,,超级管理员,2025-09-18 15:38:26,2025-09-18 15:38:45
02315,波特率越高，无人机通信越稳定，所以应尽量调高。,单选题,飞行原理,中等,2,是,正确,错误,,,,,错误,,超级管理员,2025-09-18 15:38:26,2025-09-18 15:38:45
02316,调整波特率不会影响无人机与其他设备的兼容性。,单选题,飞行原理,中等,2,是,正确,错误,,,,,错误,,超级管理员,2025-09-18 15:38:26,2025-09-18 15:38:45
02317,调整无人机波特率时，（）因素需要考虑。,多选题,飞行原理,中等,3,是,通信距离,信号干扰程度,无人机型号,操作人员喜好,设备成本,,通信距离;信号干扰程度;无人机型号,,超级管理员,2025-09-18 15:38:26,2025-09-18 15:38:45
02318,关于波特率调整方法，说法正确的是（）。,多选题,飞行原理,中等,3,是,需要专业软件配合,可在无人机飞行中随时调整,调整后需进行通信测试,不同品牌无人机调整方式相同,调整前备份原有设置,,需要专业软件配合;调整后需进行通信测试;调整前备份原有设置,,超级管理员,2025-09-18 15:38:26,2025-09-18 15:38:45
02319,要调整无人机的解锁条件，一般在（）。,单选题,飞行原理,中等,2,是,无人机外壳,飞控设置界面,电池管理系统,螺旋桨叶片,,,飞控设置界面,,超级管理员,2025-09-18 15:38:26,2025-09-18 15:38:45
02320,为提高无人机使用安全性，（）解锁条件调整较为合理。,单选题,飞行原理,中等,2,是,降低 GPS 定位精度要求,增加额外的密码验证,缩短自检时间,取消姿态稳定检测,,,增加额外的密码验证,,超级管理员,2025-09-18 15:38:26,2025-09-18 15:38:45
02321,在调整解锁条件时，错误的做法是（）。,单选题,飞行原理,中等,2,是,仔细阅读说明书,参考实际使用场景,随意更改参数,备份原始设置,,,随意更改参数,,超级管理员,2025-09-18 15:38:26,2025-09-18 15:38:45
02322,解锁条件调整后，无需进行测试即可正常使用。,单选题,飞行原理,中等,2,是,正确,错误,,,,,错误,,超级管理员,2025-09-18 15:38:26,2025-09-18 15:38:45
02323,将解锁条件设置得过于简单不会带来安全风险。,单选题,飞行原理,中等,2,是,正确,错误,,,,,错误,,超级管理员,2025-09-18 15:38:26,2025-09-18 15:38:45
02324,调整无人机解锁条件时，可考虑（）方面。,多选题,飞行原理,中等,3,是,飞行环境,使用目的,操作人员技能水平,天气状况,无人机价格,,飞行环境;使用目的;操作人员技能水平;天气状况,,超级管理员,2025-09-18 15:38:26,2025-09-18 15:38:45
02325,（）属于合理的解锁条件调整。,多选题,飞行原理,中等,3,是,增加起飞前的设备检查步骤,根据时间限制解锁,随意放宽姿态要求,根据地理位置限制解锁,取消所有解锁条件,,增加起飞前的设备检查步骤;根据时间限制解锁;根据地理位置限制解锁,,超级管理员,2025-09-18 15:38:26,2025-09-18 15:38:45
02326,调整电源报警电压，主要是为了（）。,单选题,飞行原理,中等,2,是,改变无人机飞行速度,保护电池和设备,提高信号强度,调整飞行姿态,,,保护电池和设备,,超级管理员,2025-09-18 15:38:26,2025-09-18 15:38:45
02327,当发现无人机电池消耗过快，且经常过早报警，合理的调整措施是（）。,单选题,飞行原理,中等,2,是,提高报警电压值,降低报警电压值,更换电池品牌,调整电机功率,,,降低报警电压值,,超级管理员,2025-09-18 15:38:26,2025-09-18 15:38:45
02328,在调整电源报警电压时，通常使用（）。,单选题,飞行原理,中等,2,是,万用表,示波器,飞控软件,遥控器,,,飞控软件,,超级管理员,2025-09-18 15:38:26,2025-09-18 15:38:45
02329,电源报警电压只能调高，不能调低。,单选题,飞行原理,中等,2,是,正确,错误,,,,,错误,,超级管理员,2025-09-18 15:38:26,2025-09-18 15:38:45
02330,电源报警电压调整后，对电池寿命没有影响。,单选题,飞行原理,中等,2,是,正确,错误,,,,,错误,,超级管理员,2025-09-18 15:38:26,2025-09-18 15:38:45
02331,调整电源报警电压需要考虑（）因素。,多选题,飞行原理,中等,3,是,电池类型,飞行时长,负载大小,天气温度,操作人员习惯,,电池类型;飞行时长;负载大小;天气温度,,超级管理员,2025-09-18 15:38:26,2025-09-18 15:38:45
02332,关于电源报警电压调整正确的是（）。,多选题,飞行原理,中等,3,是,调整后需监控电池使用情况,可随意调整无需参考,根据电池老化程度调整,调整后不影响飞行性能,过低报警电压可能导致设备损坏,,调整后需监控电池使用情况;根据电池老化程度调整;过低报警电压可能导致设备损坏,,超级管理员,2025-09-18 15:38:26,2025-09-18 15:38:45
02333,调试无人机姿态控制参数时，首先要关注的是（）。,单选题,飞行原理,中等,2,是,飞行速度,电池电量,姿态传感器数据,GPS 信号,,,姿态传感器数据,,超级管理员,2025-09-18 15:38:26,2025-09-18 15:38:45
02334,如果无人机飞行时出现剧烈晃动，（）姿态控制参数调整可能有效。,单选题,飞行原理,中等,2,是,增大 PID 参数中的 P 值,减小 PID 参数中的 I 值,增大 PID 参数中的 D 值,随意改变参数,,,增大 PID 参数中的 D 值,,超级管理员,2025-09-18 15:38:26,2025-09-18 15:38:45
02335,姿态控制参数调试完成后，必须进行（）。,单选题,飞行原理,中等,2,是,外观检查,重量测量,飞行测试,设备清洁,,,飞行测试,,超级管理员,2025-09-18 15:38:26,2025-09-18 15:38:45
02336,姿态控制参数可以随意调整，不会影响飞行安全。,单选题,飞行原理,中等,2,是,正确,错误,,,,,错误,,超级管理员,2025-09-18 15:38:26,2025-09-18 15:38:45
02337,姿态控制参数调试只需在地面进行，无需飞行测试。,单选题,飞行原理,中等,2,是,正确,错误,,,,,错误,,超级管理员,2025-09-18 15:38:26,2025-09-18 15:38:45
02338,调试无人机姿态控制参数时，需要用到（）工具。,多选题,飞行原理,中等,3,是,飞行模拟器,示波器,万用表,数据分析软件,频谱分析仪,,飞行模拟器;数据分析软件,,超级管理员,2025-09-18 15:38:26,2025-09-18 15:38:45
02339,影响姿态控制参数调试的因素有（）。,多选题,飞行原理,中等,3,是,无人机载重,飞行高度,风速,螺旋桨材质,操作人员心情,,无人机载重;飞行高度;风速,,超级管理员,2025-09-18 15:38:26,2025-09-18 15:38:45
02340,调试自动驾驶模式参数时，设置航线点的关键依据是（）。,单选题,飞行原理,中等,2,是,无人机颜色,任务需求,电池电量,操作人员喜好,,,任务需求,,超级管理员,2025-09-18 15:38:26,2025-09-18 15:38:45
02341,如果自动驾驶时无人机偏离航线，应优先检查（）。,单选题,飞行原理,中等,2,是,电池电量,GPS 信号,自动驾驶模式参数中的速度设置,姿态控制参数,,,GPS 信号,,超级管理员,2025-09-18 15:38:26,2025-09-18 15:38:45
02342,自动驾驶模式参数中，关于高度保持参数的调整，说法正确的是（）。,单选题,飞行原理,中等,2,是,随意设置高度值,根据飞行区域障碍物高度调整,越高越好,越低越好,,,根据飞行区域障碍物高度调整,,超级管理员,2025-09-18 15:38:26,2025-09-18 15:38:45
02343,自动驾驶模式参数设置完成后，无需再次检查。,单选题,飞行原理,中等,2,是,正确,错误,,,,,错误,,超级管理员,2025-09-18 15:38:26,2025-09-18 15:38:45
02344,自动驾驶模式参数可以在飞行中随意更改。,单选题,飞行原理,中等,2,是,正确,错误,,,,,错误,,超级管理员,2025-09-18 15:38:26,2025-09-18 15:38:45
02345,调试自动驾驶模式参数需要考虑（）因素。,多选题,飞行原理,中等,3,是,飞行任务,天气状况,地理环境,设备成本,操作人员经验,,飞行任务;天气状况;地理环境,,超级管理员,2025-09-18 15:38:26,2025-09-18 15:38:45
02346,（）属于自动驾驶模式参数调试内容。,多选题,飞行原理,中等,3,是,设置飞行速度,调整转弯半径,设置返航高度,改变无人机外观,校准摄像头,,设置飞行速度;调整转弯半径;设置返航高度,,超级管理员,2025-09-18 15:38:26,2025-09-18 15:38:45
02347,GNSS 导航模式参数中，影响定位精度的关键参数是（）。,单选题,飞行原理,中等,2,是,波特率,卫星搜索时间,信号强度阈值,解锁条件,,,信号强度阈值,,超级管理员,2025-09-18 15:38:26,2025-09-18 15:38:45
02348,如果无人机在 GNSS 导航模式下定位出现漂移，应优先检查（）。,单选题,飞行原理,中等,2,是,姿态控制参数,电池电量,GNSS 导航模式参数中的定位更新频率,自动驾驶模式参数,,,GNSS 导航模式参数中的定位更新频率,,超级管理员,2025-09-18 15:38:26,2025-09-18 15:38:45
02349,在调试 GNSS 导航模式参数时，获取准确位置信息的前提是（）。,单选题,飞行原理,中等,2,是,良好的卫星信号,高速飞行,频繁调整参数,使用旧地图,,,良好的卫星信号,,超级管理员,2025-09-18 15:38:26,2025-09-18 15:38:45
02350,GNSS 导航模式参数设置后，不受环境影响。,单选题,飞行原理,困难,2,是,正确,错误,,,,,错误,,超级管理员,2025-09-18 15:38:26,2025-09-18 15:38:45
02351,GNSS 导航模式参数只能在专业机构调整。,单选题,飞行原理,中等,2,是,正确,错误,,,,,错误,,超级管理员,2025-09-18 15:38:26,2025-09-18 15:38:45
02352,调试 GNSS 导航模式参数时，需要注意（）方面。,多选题,飞行原理,中等,3,是,周围电磁干扰,卫星分布情况,地图更新情况,无人机重量,操作人员技能,,周围电磁干扰;卫星分布情况;地图更新情况,,超级管理员,2025-09-18 15:38:26,2025-09-18 15:38:45
02353,（）操作有助于优化 GNSS 导航模式参数。,多选题,飞行原理,中等,3,是,选择合适的定位算法,增加信号放大器,定期校准,随意更改参数,更换不同品牌的 GNSS 模块,,选择合适的定位算法;定期校准,,超级管理员,2025-09-18 15:38:26,2025-09-18 15:38:45
02354,调试气压计校准参数时，需要在（）环境下进行。,单选题,飞行原理,中等,2,是,强磁场环境,高空飞行中,稳定的地面环境,水中,,,稳定的地面环境,,超级管理员,2025-09-18 15:38:26,2025-09-18 15:38:45
02355,如果无人机显示的高度与实际高度不符，可能需要调整气压计校准参数中的（）。,单选题,飞行原理,中等,2,是,温度补偿系数,波特率,解锁条件,GPS 定位参数,,,温度补偿系数,,超级管理员,2025-09-18 15:38:26,2025-09-18 15:38:45
02356,气压计校准参数调试完成后，验证校准效果的方法是（）。,单选题,飞行原理,中等,2,是,观察无人机外观,检查电池电量,进行不同高度的飞行测试,调整姿态控制参数,,,进行不同高度的飞行测试,,超级管理员,2025-09-18 15:38:26,2025-09-18 15:38:45
02357,气压计校准参数可以随意调整，不会影响高度测量。,单选题,飞行原理,中等,2,是,正确,错误,,,,,错误,,超级管理员,2025-09-18 15:38:26,2025-09-18 15:38:45
02358,气压计校准参数只需校准一次，无需再次校准。,单选题,飞行原理,中等,2,是,正确,错误,,,,,错误,,超级管理员,2025-09-18 15:38:26,2025-09-18 15:38:45
02359,调试气压计校准参数需要考虑（）因素。,多选题,飞行原理,中等,3,是,大气压强变化,温度变化,飞行速度,周围湿度,无人机品牌,,大气压强变化;温度变化,,超级管理员,2025-09-18 15:38:26,2025-09-18 15:38:45
02360,关于气压计校准参数调试正确的是（）。,多选题,飞行原理,中等,3,是,使用标准高度计辅助校准,根据不同海拔区域调整,调整后立即进行飞行表演,在恶劣天气下校准,定期检查校准效果,,使用标准高度计辅助校准;根据不同海拔区域调整;定期检查校准效果,,超级管理员,2025-09-18 15:38:26,2025-09-18 15:38:45
02361,进行磁罗盘校准参数调试时，（）做法是错误的。,单选题,飞行原理,中等,2,是,远离金属物体,在开阔场地进行,保持无人机静止,在强磁场区域操作,,,在强磁场区域操作,,超级管理员,2025-09-18 15:38:26,2025-09-18 15:38:45
02362,如果无人机飞行时航向指示异常，可能需要调整磁罗盘校准参数中的（）。,单选题,飞行原理,中等,2,是,灵敏度,波特率,电源报警电压,自动驾驶模式参数,,,灵敏度,,超级管理员,2025-09-18 15:38:26,2025-09-18 15:38:45
02363,磁罗盘校准参数调试的关键步骤是（）。,单选题,飞行原理,中等,2,是,随意旋转无人机,精确测量磁场强度,快速调整参数,记录校准数据,,,精确测量磁场强度,,超级管理员,2025-09-18 15:38:26,2025-09-18 15:38:46
02364,磁罗盘校准参数调试不影响无人机的飞行方向控制。,单选题,飞行原理,中等,2,是,正确,错误,,,,,错误,,超级管理员,2025-09-18 15:38:26,2025-09-18 15:38:46
02365,磁罗盘校准参数可以在飞行中随时调整。,单选题,飞行原理,中等,2,是,正确,错误,,,,,错误,,超级管理员,2025-09-18 15:38:26,2025-09-18 15:38:46
02366,调试磁罗盘校准参数时，需要注意（）方面。,多选题,飞行原理,中等,3,是,周围是否有干扰源,校准时间,无人机姿态,操作人员心情,电池剩余电量,,周围是否有干扰源;无人机姿态,,超级管理员,2025-09-18 15:38:26,2025-09-18 15:38:46
02367,（）操作有助于准确调试磁罗盘校准参数。,多选题,飞行原理,中等,3,是,使用专业校准工具,多次校准取平均值,随意改变校准方法,在不同地点校准,快速完成校准,,使用专业校准工具;多次校准取平均值;在不同地点校准,,超级管理员,2025-09-18 15:38:26,2025-09-18 15:38:46
02368,在超视距通讯链路调试中，天线的高度对通讯效果没有影响。（）,单选题,飞行原理,中等,2,是,正确,错误,,,,,错误,,超级管理员,2025-09-18 15:38:26,2025-09-18 15:38:46
02369,超视距通讯链路调试中，（）设备是必需的。,多选题,飞行原理,中等,3,是,发射机,接收机,天线,频谱分析仪,气压计,,发射机;接收机;天线,,超级管理员,2025-09-18 15:38:26,2025-09-18 15:38:46
02370,超视距通讯链路调试完成后， （）测试是必要的。,多选题,飞行原理,中等,3,是,实地测试,模拟测试,干扰测试,距离测试,功率测试,,实地测试;模拟测试;干扰测试;距离测试,,超级管理员,2025-09-18 15:38:26,2025-09-18 15:38:46
02371,着陆系统联调最注重的原则是（ ）。,单选题,飞行原理,中等,2,是,稳定性,安全性,便捷性,高效性,,,安全性,,超级管理员,2025-09-18 15:38:26,2025-09-18 15:38:46
02372,着陆系统联调需考虑的核心因素不包括（ ）。,单选题,飞行原理,中等,2,是,飞行器性能,着陆场地条件,操作人员心情,气象条件,,,操作人员心情,,超级管理员,2025-09-18 15:38:26,2025-09-18 15:38:46
02373,对着陆系统联调影响最大的环境因素（ ）。,单选题,飞行原理,中等,2,是,噪音,大气压强,光照强度,跑道坡度,,,跑道坡度,,超级管理员,2025-09-18 15:38:26,2025-09-18 15:38:46
02374,属于着陆系统联调原则的是（ ）。,多选题,飞行原理,中等,3,是,可靠性原则,可重复性原则,经济性原则,可维护性原则,美观性原则,,可靠性原则;经济性原则;可维护性原则,,超级管理员,2025-09-18 15:38:26,2025-09-18 15:38:46
02375,影响着陆系统联调的重要因素有（ ）。,多选题,飞行原理,中等,3,是,导航精度,通讯稳定性,设备老化程度,周围建筑物分布,地磁场强度,,导航精度;通讯稳定性;设备老化程度,,超级管理员,2025-09-18 15:38:26,2025-09-18 15:38:46
02376,着陆系统联调时，飞行器的重量对其没有影响。（ ）,单选题,飞行原理,中等,2,是,正确,错误,,,,,错误,,超级管理员,2025-09-18 15:38:26,2025-09-18 15:38:46
02377,着陆系统联调的经济性原则比安全性原则更重要。（ ）,单选题,飞行原理,中等,2,是,正确,错误,,,,,错误,,超级管理员,2025-09-18 15:38:26,2025-09-18 15:38:46
02378,起落架滑跑着陆系统联调最先要做的是（ ）。,单选题,飞行原理,中等,2,是,安装调试软件,检查硬件连接,模拟飞行测试,校准传感器,,,检查硬件连接,,超级管理员,2025-09-18 15:38:26,2025-09-18 15:38:46
02379,联调中主要通过（ ）来检测起落架的结构强度。,单选题,飞行原理,中等,2,是,应力测试,速度测试,温度测试,密封性测试,,,应力测试,,超级管理员,2025-09-18 15:38:26,2025-09-18 15:38:46
02380,调整起落架滑跑着陆系统的关键参数是（ ）。,单选题,飞行原理,中等,2,是,着陆姿态,轮胎气压,减震器刚度,刹车灵敏度,,,着陆姿态,,超级管理员,2025-09-18 15:38:26,2025-09-18 15:38:46
02381,起落架滑跑着陆系统联调方法有（ ）。,多选题,飞行原理,中等,3,是,静态性能测试,动态响应测试,故障模拟测试,外观完整性检查,人为操作测试,,静态性能测试;动态响应测试;故障模拟测试,,超级管理员,2025-09-18 15:38:26,2025-09-18 15:38:46
02382,联调过程中需要重点关注的方面是（ ）。,多选题,飞行原理,中等,3,是,起落架收放可靠性,刹车系统有效性,轮胎磨损情况,系统兼容性,环境适应性,,起落架收放可靠性;刹车系统有效性;轮胎磨损情况;系统兼容性,,超级管理员,2025-09-18 15:38:26,2025-09-18 15:38:46
02383,起落架滑跑着陆系统联调不需要考虑温度对设备的影响。（ ）,单选题,飞行原理,中等,2,是,正确,错误,,,,,错误,,超级管理员,2025-09-18 15:38:26,2025-09-18 15:38:46
02384,模拟飞行测试是起落架滑跑着陆系统联调的必要步骤。（ ）,单选题,飞行原理,中等,2,是,正确,错误,,,,,正确,,超级管理员,2025-09-18 15:38:26,2025-09-18 15:38:46
02385,FPV 系统联调中，确保图像流畅传输的关键是（ ）。,单选题,飞行原理,中等,2,是,传输带宽,发射功率,天线增益,电池容量,,,传输带宽,,超级管理员,2025-09-18 15:38:26,2025-09-18 15:38:46
02386,校准 FPV 系统摄像头视野范围主要依据是（ ）。,单选题,飞行原理,中等,2,是,飞行任务需求,飞行器大小,拍摄目标距离,操作人员习惯,,,飞行任务需求,,超级管理员,2025-09-18 15:38:26,2025-09-18 15:38:46
02387,FPV 系统联调时信号中断的常见原因是（ ）。,单选题,飞行原理,中等,2,是,信号干扰,软件故障,设备老化,电量不足,,,信号干扰,,超级管理员,2025-09-18 15:38:26,2025-09-18 15:38:46
02388,FPV 系统联调工作内容包括（ ）。,多选题,飞行原理,中等,3,是,图像色彩校正,信号强度优化,控制延迟测试,系统防水性能检查,设备外观清洁,,图像色彩校正;信号强度优化;控制延迟测试,,超级管理员,2025-09-18 15:38:26,2025-09-18 15:38:46
02389,提高 FPV 系统联调质量的措施有（ ）。,多选题,飞行原理,中等,3,是,选用高质量传输设备,优化天线安装位置,定期维护设备,增加操作人员数量,升级飞行器硬件,,选用高质量传输设备;优化天线安装位置;定期维护设备,,超级管理员,2025-09-18 15:38:26,2025-09-18 15:38:46
02390,FPV 系统联调时，只需要关注信号传输，不用在意图像质量。（ ）,单选题,飞行原理,中等,2,是,正确,错误,,,,,错误,,超级管理员,2025-09-18 15:38:26,2025-09-18 15:38:46
02391,FPV 系统摄像头的校准对飞行操作至关重要。（ ）,单选题,飞行原理,中等,2,是,正确,错误,,,,,正确,,超级管理员,2025-09-18 15:38:26,2025-09-18 15:38:46
02392,航拍系统云台联调的关键目标是（ ）。,单选题,飞行原理,中等,2,是,保证拍摄画面清晰,提高云台旋转速度,确保云台载重能力,稳定拍摄画面,,,稳定拍摄画面,,超级管理员,2025-09-18 15:38:26,2025-09-18 15:38:46
02393,调整云台垂直稳定性主要依靠（ ）。,单选题,飞行原理,中等,2,是,调整平衡配重,校准角度传感器,更换电机型号,优化控制算法,,,校准角度传感器,,超级管理员,2025-09-18 15:38:26,2025-09-18 15:38:46
02394,联调中检测云台锁定精度使用的仪器是（ ）。,单选题,飞行原理,中等,2,是,电子水平仪,加速度传感器,陀螺仪,万用表,,,电子水平仪,,超级管理员,2025-09-18 15:38:26,2025-09-18 15:38:46
02395,航拍系统云台联调内容包含（ ）。,多选题,飞行原理,中等,3,是,云台转动角度精度调试,云台载重能力测试,云台与飞行器连接牢固性检查,云台外观设计评估,云台控制软件升级,,云台转动角度精度调试;云台载重能力测试;云台与飞行器连接牢固性检查;云台控制软件升级,,超级管理员,2025-09-18 15:38:26,2025-09-18 15:38:46
02396,影响航拍系统云台联调效果的因素有（ ）。,多选题,飞行原理,中等,3,是,云台电机的扭矩,安装方式的合理性,飞行过程中的振动,相机的分辨率,拍摄环境的亮度,,云台电机的扭矩;安装方式的合理性;飞行过程中的振动,,超级管理员,2025-09-18 15:38:26,2025-09-18 15:38:46
02397,航拍系统云台联调只涉及硬件调试，与软件无关。（ ）,单选题,飞行原理,中等,2,是,正确,错误,,,,,错误,,超级管理员,2025-09-18 15:38:26,2025-09-18 15:38:46
02398,云台的载重能力会影响拍摄画面的稳定性。（ ）,单选题,飞行原理,中等,2,是,正确,错误,,,,,正确,,超级管理员,2025-09-18 15:38:26,2025-09-18 15:38:46
02399,航拍系统相机进行色彩校准主要依据（ ）。,单选题,飞行原理,中等,2,是,标准色卡,随机色彩样本,人眼观察,拍摄目标颜色,,,标准色卡,,超级管理员,2025-09-18 15:38:26,2025-09-18 15:38:46
02400,检查航拍相机存储兼容性时，重点查看（ ）。,单选题,飞行原理,中等,2,是,存储容量,存储格式,存储速度,存储品牌,,,存储格式,,超级管理员,2025-09-18 15:38:26,2025-09-18 15:38:46
02401,为保证航拍画面清晰，关键要校准相机的（ ）。,单选题,飞行原理,困难,2,是,焦距,快门声音,镜头材质,电池续航,,,焦距,,超级管理员,2025-09-18 15:38:26,2025-09-18 15:38:46
02402,航拍系统相机联调时，对图像质量有影响的调整项目是（ ）。,多选题,飞行原理,中等,3,是,对比度调整,饱和度调整,锐度调整,相机重量调整,文件命名调整,,对比度调整;饱和度调整;锐度调整,,超级管理员,2025-09-18 15:38:26,2025-09-18 15:38:46
02403,优化航拍系统相机联调的前期准备工作包括（ ）。,多选题,飞行原理,中等,3,是,收集相机技术资料,准备测试场地,购买新的相机,了解飞行任务需求,培训操作人员,,收集相机技术资料;准备测试场地;了解飞行任务需求,,超级管理员,2025-09-18 15:38:26,2025-09-18 15:38:46
02404,航拍系统相机联调时无需考虑相机的连拍性能。（ ）,单选题,飞行原理,中等,2,是,正确,错误,,,,,错误,,超级管理员,2025-09-18 15:38:26,2025-09-18 15:38:46
02405,校准相机的曝光补偿对拍摄夜景画面很重要。（ ）,单选题,飞行原理,困难,2,是,正确,错误,,,,,正确,,超级管理员,2025-09-18 15:38:26,2025-09-18 15:38:46
02406,抓取系统联调中，测试抓取动作准确性的常用方法是（ ）。,单选题,飞行原理,中等,2,是,使用标准物体进行多次抓取测试,目测检查机械臂的运动轨迹,测量电机电流的变化,检查传感器的输出信号,,,使用标准物体进行多次抓取测试,,超级管理员,2025-09-18 15:38:26,2025-09-18 15:38:46
02407,调整抓取系统的抓取力度，通常通过改变（ ）。,单选题,飞行原理,中等,2,是,控制电压,机械结构,抓取速度,操作人员手法,,,控制电压,,超级管理员,2025-09-18 15:38:26,2025-09-18 15:38:46
02408,抓取系统联调时，检测抓取系统可靠性的关键指标是（ ）。,单选题,飞行原理,中等,2,是,抓取成功率,抓取速度,电机功率消耗,传感器响应时间,,,抓取成功率,,超级管理员,2025-09-18 15:38:26,2025-09-18 15:38:46
02409,抓取系统联调的环境模拟测试包含（ ）。,多选题,飞行原理,中等,3,是,高温环境测试,潮湿环境测试,强风环境测试,复杂地形测试,人群密集环境测试,,高温环境测试;潮湿环境测试;强风环境测试;复杂地形测试,,超级管理员,2025-09-18 15:38:26,2025-09-18 15:38:46
02410,优化抓取系统联调效果的策略有（ ）。,多选题,飞行原理,中等,3,是,定期维护抓取设备,优化控制算法,更换操作人员,增加抓取工具,采用高精度传感器,,定期维护抓取设备;优化控制算法;采用高精度传感器,,超级管理员,2025-09-18 15:38:26,2025-09-18 15:38:46
02411,抓取系统联调时，机械结构的润滑对抓取效果无影响。（ ）,单选题,飞行原理,中等,2,是,正确,错误,,,,,错误,,超级管理员,2025-09-18 15:38:26,2025-09-18 15:38:46
02412,抓取系统的通讯稳定性不影响抓取动作的执行。（ ）,单选题,飞行原理,中等,2,是,正确,错误,,,,,错误,,超级管理员,2025-09-18 15:38:26,2025-09-18 15:38:46
02413,运载系统联调时，检查货物固定是否牢固的主要方法是（ ）。,单选题,飞行原理,中等,2,是,摇晃测试,重量测试,速度测试,高度测试,,,摇晃测试,,超级管理员,2025-09-18 15:38:26,2025-09-18 15:38:46
02414,调整运载系统的动力分配，主要依据（ ）。,单选题,飞行原理,中等,2,是,运载重量,运载距离,运行路况,运载时间,,,运载重量,,超级管理员,2025-09-18 15:38:26,2025-09-18 15:38:46
02415,运载系统联调中，确保系统安全运行的关键是（ ）。,单选题,飞行原理,中等,2,是,制动系统可靠性,外观完整性,通讯信号强度,运行成本控制,,,制动系统可靠性,,超级管理员,2025-09-18 15:38:26,2025-09-18 15:38:46
02416,运载系统联调的性能测试项目有（ ）。,多选题,飞行原理,中等,3,是,载重能力测试,爬坡能力测试,转弯半径测试,噪音测试,加速性能测试,,载重能力测试;爬坡能力测试;转弯半径测试;加速性能测试,,超级管理员,2025-09-18 15:38:26,2025-09-18 15:38:46
02417,提升运载系统联调效率的方法包括（ ）。,多选题,飞行原理,中等,3,是,制定详细测试计划,使用专业检测设备,增加测试人员数量,简化联调流程,随机进行测试,,制定详细测试计划;使用专业检测设备;简化联调流程,,超级管理员,2025-09-18 15:38:26,2025-09-18 15:38:46
02418,运载系统联调时，只要动力足够，无需考虑能耗问题。（ ）,单选题,飞行原理,中等,2,是,正确,错误,,,,,错误,,超级管理员,2025-09-18 15:38:26,2025-09-18 15:38:46
02419,运载系统的控制系统联调对整体运行影响不大。（ ）,单选题,飞行原理,中等,2,是,正确,错误,,,,,错误,,超级管理员,2025-09-18 15:38:26,2025-09-18 15:38:46
02420,抛投系统联调时，确定抛投力度的关键因素是（ ）。,单选题,飞行原理,中等,2,是,抛投目标距离,抛投物形状,飞行器姿态,天气状况,,,抛投目标距离,,超级管理员,2025-09-18 15:38:26,2025-09-18 15:38:46
02421,调整抛投系统的抛投角度，主要通过（ ）。,单选题,飞行原理,中等,2,是,改变机械结构,修改控制程序,更换抛投装置,人工手动调节,,,修改控制程序,,超级管理员,2025-09-18 15:38:26,2025-09-18 15:38:46
02422,抛投系统联调中，检查抛投一致性的手段是（ ）。,单选题,飞行原理,中等,2,是,多次抛投测量偏差,观察单次抛投效果,调整抛投参数,更换抛投物,,,多次抛投测量偏差,,超级管理员,2025-09-18 15:38:26,2025-09-18 15:38:46
02423,抛投系统联调的准备工作包含（ ）。,多选题,飞行原理,中等,3,是,检查抛投装置完整性,测试通讯线路,校准传感器,准备抛投物,清洁飞行器,,检查抛投装置完整性;测试通讯线路;校准传感器;准备抛投物,,超级管理员,2025-09-18 15:38:26,2025-09-18 15:38:46
02424,影响抛投系统联调精度的因素有（ ）。,多选题,飞行原理,中等,3,是,风速,飞行器稳定性,操作人员经验,抛投装置材质,抛投物重量,,风速;飞行器稳定性;操作人员经验;抛投物重量,,超级管理员,2025-09-18 15:38:26,2025-09-18 15:38:46
02425,抛投系统联调时，抛投物的重心位置对抛投效果无影响。（ ）,单选题,飞行原理,中等,2,是,正确,错误,,,,,错误,,超级管理员,2025-09-18 15:38:26,2025-09-18 15:38:47
02426,优化抛投系统的控制算法能提高抛投精度。（ ）,单选题,飞行原理,中等,2,是,正确,错误,,,,,正确,,超级管理员,2025-09-18 15:38:26,2025-09-18 15:38:47
02427,航测系统联调时，校准航线规划准确性的依据是（ ）。,单选题,飞行原理,中等,2,是,地理信息数据,飞行器性能,操作人员经验,天气条件,,,地理信息数据,,超级管理员,2025-09-18 15:38:26,2025-09-18 15:38:47
02428,检查航测系统数据传输稳定性，主要关注（ ）。,单选题,飞行原理,中等,2,是,传输速率,传输距离,数据格式,传输协议,,,传输速率,,超级管理员,2025-09-18 15:38:26,2025-09-18 15:38:47
02429,航测系统联调中，保证图像拼接质量的关键是（ ）。,单选题,飞行原理,中等,2,是,拍摄重叠度,相机像素,飞行高度,图像分辨率,,,拍摄重叠度,,超级管理员,2025-09-18 15:38:26,2025-09-18 15:38:47
02430,航测系统联调的地面准备工作有（ ）。,多选题,飞行原理,中等,3,是,基站设置,设备充电,飞行区域勘察,操作人员培训,飞行器外观检查,,基站设置;设备充电;飞行区域勘察;操作人员培训,,超级管理员,2025-09-18 15:38:26,2025-09-18 15:38:47
02431,提升航测系统联调效果的措施有（ ）。,多选题,飞行原理,中等,3,是,采用高精度定位设备,优化飞行参数,增加数据存储设备,定期维护航测设备,更换飞行器型号,,采用高精度定位设备;优化飞行参数;定期维护航测设备,,超级管理员,2025-09-18 15:38:26,2025-09-18 15:38:47
02432,航测系统联调时，飞行速度对航测数据质量无影响。（ ）,单选题,飞行原理,中等,2,是,正确,错误,,,,,错误,,超级管理员,2025-09-18 15:38:26,2025-09-18 15:38:47
02433,航测系统的数据处理软件联调很重要。（ ）,单选题,飞行原理,中等,2,是,正确,错误,,,,,正确,,超级管理员,2025-09-18 15:38:26,2025-09-18 15:38:47
02434,遥感系统联调时，校准传感器灵敏度的主要依据是（ ）。,单选题,飞行原理,中等,2,是,目标地物特征,遥感平台高度,天气状况,操作人员指令,,,目标地物特征,,超级管理员,2025-09-18 15:38:26,2025-09-18 15:38:47
02435,检查遥感系统数据解译准确性，关键在于（ ）。,单选题,飞行原理,中等,2,是,解译算法,数据传输速度,传感器分辨率,遥感平台稳定性,,,解译算法,,超级管理员,2025-09-18 15:38:26,2025-09-18 15:38:47
02436,遥感系统联调中，确保数据完整性的要点是（ ）。,单选题,飞行原理,中等,2,是,数据备份策略,数据存储格式,数据采集频率,数据传输可靠性,,,数据传输可靠性,,超级管理员,2025-09-18 15:38:26,2025-09-18 15:38:47
02437,遥感系统联调的技术指标测试包括（ ）。,多选题,飞行原理,中等,3,是,辐射定标精度,几何校正精度,空间分辨率,时间分辨率,数据压缩比,,辐射定标精度;几何校正精度;空间分辨率;时间分辨率,,超级管理员,2025-09-18 15:38:26,2025-09-18 15:38:47
02438,优化遥感系统联调的技术手段有（ ）。,多选题,飞行原理,中等,3,是,更新传感器固件,升级数据处理软件,调整遥感平台姿态,更换操作人员,增加数据传输线路,,更新传感器固件;升级数据处理软件,,超级管理员,2025-09-18 15:38:26,2025-09-18 15:38:47
02439,遥感系统联调时，传感器的安装位置对数据质量无影响。（ ）,单选题,飞行原理,中等,2,是,正确,错误,,,,,错误,,超级管理员,2025-09-18 15:38:26,2025-09-18 15:38:47
02440,遥感系统的数据传输加密对数据安全很关键。（ ）,单选题,飞行原理,中等,2,是,正确,错误,,,,,正确,,超级管理员,2025-09-18 15:38:26,2025-09-18 15:38:47
02441,植保喷洒系统联调时，确定喷洒量的主要依据是（ ）。,单选题,飞行原理,中等,2,是,农作物种类,田地面积,农药浓度,天气情况,,,农作物种类,,超级管理员,2025-09-18 15:38:26,2025-09-18 15:38:47
02442,调整植保喷洒系统的喷洒压力，主要通过（ ）。,单选题,飞行原理,中等,2,是,调节泵的转速,更换喷头,改变管道直径,调整农药配方,,,调节泵的转速,,超级管理员,2025-09-18 15:38:26,2025-09-18 15:38:47
02443,植保喷洒系统联调中，检查喷洒均匀性的常用方法是（ ）。,单选题,飞行原理,中等,2,是,放置测试板,观察实际喷洒效果,计算喷洒总量,询问操作人员,,,放置测试板,,超级管理员,2025-09-18 15:38:26,2025-09-18 15:38:47
02444,植保喷洒系统联调的安全检查项目有（ ）。,多选题,飞行原理,中等,3,是,农药泄漏检测,电气安全检测,喷洒设备固定检查,操作人员防护装备检查,飞行器外观检查,,农药泄漏检测;电气安全检测;喷洒设备固定检查;操作人员防护装备检查,,超级管理员,2025-09-18 15:38:26,2025-09-18 15:38:47
02445,提升植保喷洒系统联调质量的措施有（ ）。,多选题,飞行原理,中等,3,是,定期校准喷洒设备,优化飞行路径,增加农药种类,使用高精度流量传感器,培训操作人员,,定期校准喷洒设备;优化飞行路径;使用高精度流量传感器;培训操作人员,,超级管理员,2025-09-18 15:38:26,2025-09-18 15:38:47
02446,植保喷洒系统联调时，飞行高度对喷洒效果无影响。（ ）,单选题,飞行原理,中等,2,是,正确,错误,,,,,错误,,超级管理员,2025-09-18 15:38:26,2025-09-18 15:38:47
02447,植保喷洒系统的喷头选择对喷洒质量很重要。（ ）,单选题,飞行原理,中等,2,是,正确,错误,,,,,正确,,超级管理员,2025-09-18 15:38:26,2025-09-18 15:38:47
02448,植保播种系统联调时，确定播种量的关键因素是（ ）。,单选题,飞行原理,中等,2,是,种子类型,田地肥力,播种深度,播种时间,,,种子类型,,超级管理员,2025-09-18 15:38:26,2025-09-18 15:38:47
02449,调整植保播种系统的播种深度，主要依靠（ ）。,单选题,飞行原理,中等,2,是,改变机械结构,调整电机转速,更换播种装置,修改控制程序,,,改变机械结构,,超级管理员,2025-09-18 15:38:26,2025-09-18 15:38:47
02450,植保播种系统联调中，检查播种均匀性的有效方式是（ ）。,单选题,飞行原理,中等,2,是,抽样检查,观察播种轨迹,测量播种总量,询问操作人员,,,抽样检查,,超级管理员,2025-09-18 15:38:26,2025-09-18 15:38:47
02451,植保播种系统联调的前期准备工作有（ ）。,多选题,飞行原理,中等,3,是,种子筛选,设备清洁,调试播种设备,规划播种区域,检查飞行器性能,,种子筛选;调试播种设备;规划播种区域;检查飞行器性能,,超级管理员,2025-09-18 15:38:26,2025-09-18 15:38:47
02452,优化植保播种系统联调效果的策略包括（ ）。,多选题,飞行原理,中等,3,是,定期维护播种设备,改进种子处理工艺,增加操作人员数量,采用高精度定位系统,调整播种时间,,定期维护播种设备;采用高精度定位系统,,超级管理员,2025-09-18 15:38:26,2025-09-18 15:38:47
02453,植保播种系统联调时，播种速度对播种效果无影响。（ ）,单选题,飞行原理,中等,2,是,正确,错误,,,,,错误,,超级管理员,2025-09-18 15:38:26,2025-09-18 15:38:47
02454,植保播种系统的排种器性能对播种质量很关键。（ ）,单选题,飞行原理,中等,2,是,正确,错误,,,,,正确,,超级管理员,2025-09-18 15:38:26,2025-09-18 15:38:47
02455,照明系统联调时，调节灯光亮度主要通过（ ）。,单选题,飞行原理,中等,2,是,改变电源电压,更换灯泡,调节控制开关,调整灯罩角度,,,改变电源电压,,超级管理员,2025-09-18 15:38:26,2025-09-18 15:38:47
02456,检查照明系统的光照均匀度，常用工具是（ ）。,单选题,飞行原理,中等,2,是,照度计,亮度计,分光光度计,色温仪,,,照度计,,超级管理员,2025-09-18 15:38:26,2025-09-18 15:38:47
02457,照明系统联调中，确保灯光稳定的关键是（ ）。,单选题,飞行原理,中等,2,是,电源稳定性,灯泡质量,灯罩材质,安装位置,,,电源稳定性,,超级管理员,2025-09-18 15:38:26,2025-09-18 15:38:47
02458,照明系统联调的准备工作包含（ ）。,多选题,飞行原理,中等,3,是,检查灯具外观,测试电源线路,准备调试工具,确定安装位置,购买新灯具,,检查灯具外观;测试电源线路;准备调试工具,,超级管理员,2025-09-18 15:38:26,2025-09-18 15:38:47
02459,优化照明系统联调效果的措施有（ ）。,多选题,飞行原理,中等,3,是,定期清洁灯具,选择优质灯泡,增加照明数量,调整安装角度,更换安装人员,,定期清洁灯具;选择优质灯泡;调整安装角度,,超级管理员,2025-09-18 15:38:26,2025-09-18 15:38:47
02460,照明系统联调时，灯具的散热对其性能无影响。（ ）,单选题,飞行原理,中等,2,是,正确,错误,,,,,错误,,超级管理员,2025-09-18 15:38:26,2025-09-18 15:38:47
02461,照明系统的控制方式联调对灯光使用便利性很重要。（ ）,单选题,飞行原理,中等,2,是,正确,错误,,,,,正确,,超级管理员,2025-09-18 15:38:26,2025-09-18 15:38:47
02462,喊话系统联调时，测试声音清晰度主要通过（ ）。,单选题,飞行原理,中等,2,是,语音识别软件,人耳听辨,声音频谱分析仪,音量测试仪,,,人耳听辨,,超级管理员,2025-09-18 15:38:26,2025-09-18 15:38:47
02463,调整喊话系统的音量大小，主要通过（ ）。,单选题,飞行原理,中等,2,是,调节功率放大器,更换扬声器,改变麦克风位置,修改控制程序,,,调节功率放大器,,超级管理员,2025-09-18 15:38:26,2025-09-18 15:38:47
02464,喊话系统联调中，确保声音传输稳定的要点是（ ）。,单选题,飞行原理,中等,2,是,信号抗干扰能力,麦克风灵敏度,扬声器功率,电源电量,,,信号抗干扰能力,,超级管理员,2025-09-18 15:38:26,2025-09-18 15:38:47
02465,喊话系统联调的功能测试项目有（ ）。,多选题,飞行原理,中等,3,是,声音传播距离,声音失真度,声音切换功能,系统防水性能,设备外观,,声音传播距离;声音失真度;声音切换功能,,超级管理员,2025-09-18 15:38:26,2025-09-18 15:38:47
02466,提升喊话系统联调质量的策略包括（ ）。,多选题,飞行原理,中等,3,是,定期维护设备,优化音频处理算法,更换操作人员,增加喊话内容,采用降噪技术,,定期维护设备;优化音频处理算法;采用降噪技术,,超级管理员,2025-09-18 15:38:26,2025-09-18 15:38:47
02467,喊话系统联调时，麦克风的指向性对声音采集效果无影响。（ ）,单选题,飞行原理,中等,2,是,正确,错误,,,,,错误,,超级管理员,2025-09-18 15:38:26,2025-09-18 15:38:47
02468,喊话系统的扬声器安装位置对声音传播效果很关键。（ ）,单选题,飞行原理,中等,2,是,正确,错误,,,,,正确,,超级管理员,2025-09-18 15:38:26,2025-09-18 15:38:47
02469,雷达系统联调时，校准雷达测距精度的主要依据是（ ）。,单选题,飞行原理,中等,2,是,标准目标距离,雷达发射功率,环境温度,天线角度,,,标准目标距离,,超级管理员,2025-09-18 15:38:26,2025-09-18 15:38:47
02470,检查雷达系统的目标识别能力，关键在于（ ）。,单选题,飞行原理,中等,2,是,信号处理算法,雷达工作频率,天线增益,回波强度,,,信号处理算法,,超级管理员,2025-09-18 15:38:26,2025-09-18 15:38:47
02471,雷达系统联调中，确保雷达稳定工作的关键是（ ）。,单选题,飞行原理,中等,2,是,电源稳定性,信号传输线路,散热系统,雷达外壳材质,,,电源稳定性,,超级管理员,2025-09-18 15:38:26,2025-09-18 15:38:47
02472,雷达系统联调的性能测试包括（ ）。,多选题,飞行原理,中等,3,是,探测距离测试,方位分辨率测试,仰角分辨率测试,雷达重量测试,功耗测试,,探测距离测试;方位分辨率测试;仰角分辨率测试;功耗测试,,超级管理员,2025-09-18 15:38:26,2025-09-18 15:38:47
02473,优化雷达系统联调的技术手段有（ ）。,多选题,飞行原理,中等,3,是,更新雷达固件,升级信号处理软件,调整天线位置,更换操作人员,增加数据存储容量,,更新雷达固件;升级信号处理软件;调整天线位置,,超级管理员,2025-09-18 15:38:26,2025-09-18 15:38:47
02474,雷达系统联调时，环境湿度对雷达性能无影响。（ ）,单选题,飞行原理,中等,2,是,正确,错误,,,,,错误,,超级管理员,2025-09-18 15:38:26,2025-09-18 15:38:47
02475,雷达系统的数据处理速度对目标跟踪很重要。（ ）,单选题,飞行原理,中等,2,是,正确,错误,,,,,正确,,超级管理员,2025-09-18 15:38:26,2025-09-18 15:38:47
02476,巡线系统调试时，确定巡线路径准确性的依据是（ ）。,单选题,飞行原理,中等,2,是,预设地图数据,飞行器速度,操作人员指令,天气状况,,,预设地图数据,,超级管理员,2025-09-18 15:38:26,2025-09-18 15:38:47
02477,检查巡线系统的图像采集清晰度，主要关注（ ）。,单选题,飞行原理,中等,2,是,相机分辨率,传输线路,光照条件,飞行器稳定性,,,相机分辨率,,超级管理员,2025-09-18 15:38:26,2025-09-18 15:38:47
02478,巡线系统调试中，确保系统稳定运行的关键是（ ）。,单选题,飞行原理,中等,2,是,通讯稳定性,相机重量,飞行器颜色,电池续航,,,通讯稳定性,,超级管理员,2025-09-18 15:38:26,2025-09-18 15:38:47
02479,巡线系统调试的准备工作有（ ）。,多选题,飞行原理,中等,3,是,检查飞行器状态,校准定位设备,测试通讯链路,规划巡线路径,更换飞行器型号,,检查飞行器状态;校准定位设备;测试通讯链路;规划巡线路径,,超级管理员,2025-09-18 15:38:26,2025-09-18 15:38:47
02480,提升巡线系统调试效果的措施有（ ）。,多选题,飞行原理,中等,3,是,采用高清相机,优化飞行参数,增加数据存储设备,定期维护巡线设备,更换操作人员,,采用高清相机;优化飞行参数;定期维护巡线设备,,超级管理员,2025-09-18 15:38:26,2025-09-18 15:38:47
02481,巡线系统调试时，飞行器的飞行高度对巡线效果无影响。（ ）,单选题,飞行原理,中等,2,是,正确,错误,,,,,错误,,超级管理员,2025-09-18 15:38:26,2025-09-18 15:38:47
02482,巡线系统的数据传输加密对数据安全很关键。（ ）,单选题,飞行原理,中等,2,是,正确,错误,,,,,正确,,超级管理员,2025-09-18 15:38:26,2025-09-18 15:38:47
02483,搜救系统调试时，测试信号搜索灵敏度的主要方法是（ ）。,单选题,飞行原理,中等,2,是,使用标准信号源,改变搜索频率,调整天线方向,人耳监听,,,使用标准信号源,,超级管理员,2025-09-18 15:38:26,2025-09-18 15:38:47
02484,调整搜救系统的定位精度，主要依靠（ ）。,单选题,飞行原理,中等,2,是,校准定位算法,更换传感器,改变发射功率,调整搜索范围,,,校准定位算法,,超级管理员,2025-09-18 15:38:26,2025-09-18 15:38:47
02485,搜救系统调试中，确保系统有效工作的关键是（ ）。,单选题,飞行原理,中等,2,是,信号处理能力,设备外观,操作人员数量,电源品牌,,,信号处理能力,,超级管理员,2025-09-18 15:38:26,2025-09-18 15:38:47
02486,搜救系统调试的功能测试项目有（ ）。,多选题,飞行原理,中等,3,是,目标搜索能力,定位准确性,信号传输距离,设备防水性,系统响应时间,,目标搜索能力;定位准确性;信号传输距离;系统响应时间,,超级管理员,2025-09-18 15:38:26,2025-09-18 15:38:47
02487,优化搜救系统调试效果的策略包括（ ）。,多选题,飞行原理,中等,3,是,定期维护设备,更新搜索算法,增加操作人员,采用高精度传感器,调整搜索时间,,定期维护设备;更新搜索算法;采用高精度传感器,,超级管理员,2025-09-18 15:38:26,2025-09-18 15:38:47
02488,搜救系统调试时，环境噪音对信号接收效果无影响。（ ）,单选题,飞行原理,中等,2,是,正确,错误,,,,,错误,,超级管理员,2025-09-18 15:38:26,2025-09-18 15:38:47
02489,搜救系统的天线性能对信号搜索很关键。（ ）,单选题,飞行原理,中等,2,是,正确,错误,,,,,正确,,超级管理员,2025-09-18 15:38:26,2025-09-18 15:38:47
02490,安防系统调试时，检测摄像头监控范围主要通过（ ）。,单选题,飞行原理,中等,2,是,实地测量,图像分析软件,人眼观察,计算摄像头参数,,,实地测量,,超级管理员,2025-09-18 15:38:26,2025-09-18 15:38:48
02491,调整安防系统的报警灵敏度，主要通过（ ）。,单选题,飞行原理,中等,2,是,修改控制程序,更换传感器,增加报警设备,改变摄像头位置,,,修改控制程序,,超级管理员,2025-09-18 15:38:26,2025-09-18 15:38:48
02492,安防系统调试中，确保系统安全可靠的关键是（ ）。,单选题,飞行原理,中等,2,是,数据加密技术,设备外观,操作人员培训,电源供应,,,数据加密技术,,超级管理员,2025-09-18 15:38:26,2025-09-18 15:38:48
02493,安防系统调试的安全检查项目有（ ）。,多选题,飞行原理,中等,3,是,设备接地检查,电气安全检测,数据存储安全性,操作人员权限管理,飞行器外观检查,,设备接地检查;电气安全检测;数据存储安全性;操作人员权限管理,,超级管理员,2025-09-18 15:38:26,2025-09-18 15:38:48
02494,提升安防系统调试质量的措施有（ ）。,多选题,飞行原理,中等,3,是,定期校准摄像头,优化报警算法,增加监控区域,使用高清摄像头,培训操作人员,,定期校准摄像头;优化报警算法;使用高清摄像头;培训操作人员,,超级管理员,2025-09-18 15:38:26,2025-09-18 15:38:48
02495,安防系统调试时，摄像头的安装角度对监控效果无影响。（ ）,单选题,飞行原理,中等,2,是,正确,错误,,,,,错误,,超级管理员,2025-09-18 15:38:26,2025-09-18 15:38:48
02496,安防系统的数据存储安全性对系统运行很重要。（ ）,单选题,飞行原理,中等,2,是,正确,错误,,,,,正确,,超级管理员,2025-09-18 15:38:26,2025-09-18 15:38:48
02497,超视距飞行时，保障飞行安全的关键设备是（ ）。,单选题,飞行原理,中等,2,是,GPS模块,数据链路,自动返航系统,避障传感器,,,数据链路,,超级管理员,2025-09-18 15:38:26,2025-09-18 15:38:48
02498,超视距飞行前，必须检查的项目是（ ）。,单选题,飞行原理,中等,2,是,飞行器外观,通讯链路稳定性,操作人员心情,飞行场地美观度,,,通讯链路稳定性,,超级管理员,2025-09-18 15:38:26,2025-09-18 15:38:48
02499,超视距飞行中，应对信号中断的首要措施是（ ）。,单选题,飞行原理,中等,2,是,启动返航程序,提高飞行速度,降低飞行高度,更换通讯频率,,,启动返航程序,,超级管理员,2025-09-18 15:38:26,2025-09-18 15:38:48
02500,超视距飞行的安全保障措施有（ ）。,多选题,飞行原理,中等,3,是,设置安全返航点,实时监控飞行数据,配备备用电源,增加飞行器重量,选择合适飞行时段,,设置安全返航点;实时监控飞行数据;配备备用电源;选择合适飞行时段,,超级管理员,2025-09-18 15:38:26,2025-09-18 15:38:48
02501,影响超视距飞行安全的因素有（ ）。,多选题,飞行原理,中等,3,是,天气状况,电磁干扰,飞行器性能,操作人员技术,飞行场地面积,,天气状况;电磁干扰;飞行器性能;操作人员技术,,超级管理员,2025-09-18 15:38:26,2025-09-18 15:38:48
02502,超视距飞行时，不需要考虑与其他飞行器的避障问题。（ ）,单选题,飞行原理,中等,2,是,正确,错误,,,,,错误,,超级管理员,2025-09-18 15:38:26,2025-09-18 15:38:48
02503,超视距飞行前的设备检查对飞行安全至关重要。（ ）,单选题,飞行原理,中等,2,是,正确,错误,,,,,正确,,超级管理员,2025-09-18 15:38:26,2025-09-18 15:38:48
02504,超视距飞行操控中，调整飞行姿态的主要依据是（ ）。,单选题,飞行原理,中等,2,是,飞行仪表数据,地面人员指令,飞行器外观,飞行时间,,,飞行仪表数据,,超级管理员,2025-09-18 15:38:26,2025-09-18 15:38:48
02505,超视距飞行时，控制飞行速度的关键操作是（ ）。,单选题,飞行原理,中等,2,是,调节动力系统,改变飞行方向,调整飞行高度,更换操控设备,,,调节动力系统,,超级管理员,2025-09-18 15:38:26,2025-09-18 15:38:48
02506,超视距飞行操控中，确保精准降落的要点是（ ）。,单选题,飞行原理,中等,2,是,精确的定位和导航,快速的降落速度,平稳的飞行姿态,良好的天气条件,,,精确的定位和导航,,超级管理员,2025-09-18 15:38:26,2025-09-18 15:38:48
02507,超视距飞行操控的技能训练内容包括（ ）。,多选题,飞行原理,中等,3,是,模拟飞行练习,应急情况处理,设备故障排查,飞行器组装,飞行计划制定,,模拟飞行练习;应急情况处理;飞行计划制定,,超级管理员,2025-09-18 15:38:26,2025-09-18 15:38:48
02508,提升超视距飞行操控能力的方法有（ ）。,多选题,飞行原理,中等,3,是,参加专业培训,使用先进操控设备,增加飞行次数,更换操作人员,学习飞行理论,,参加专业培训;使用先进操控设备;增加飞行次数;学习飞行理论,,超级管理员,2025-09-18 15:38:26,2025-09-18 15:38:48
02509,超视距飞行操控时，不需要关注飞行器的电量消耗。（ ）,单选题,飞行原理,中等,2,是,正确,错误,,,,,错误,,超级管理员,2025-09-18 15:38:26,2025-09-18 15:38:48
02510,超视距飞行的飞行计划制定对操控很重要。（ ）,单选题,飞行原理,中等,2,是,正确,错误,,,,,正确,,超级管理员,2025-09-18 15:38:26,2025-09-18 15:38:48
02511,测试整机布局结构的强度，主要采用（ ）。,单选题,飞行原理,中等,2,是,压力测试,重量测试,速度测试,温度测试,,,压力测试,,超级管理员,2025-09-18 15:38:26,2025-09-18 15:38:48
02512,检查整机布局结构的稳定性，关键在于（ ）。,单选题,飞行原理,中等,2,是,重心位置,部件数量,外观设计,制造材料,,,重心位置,,超级管理员,2025-09-18 15:38:26,2025-09-18 15:38:48
02513,整机布局结构性能测试中，确保结构可靠性的要点是（ ）。,单选题,飞行原理,中等,2,是,连接部位的牢固性,部件的颜色,操作人员的经验,测试场地的大小,,,连接部位的牢固性,,超级管理员,2025-09-18 15:38:26,2025-09-18 15:38:48
02514,整机布局结构性能的测试项目有（ ）。,多选题,飞行原理,中等,3,是,振动测试,冲击测试,防水性能测试,噪音测试,美观度测试,,振动测试;冲击测试;防水性能测试;噪音测试,,超级管理员,2025-09-18 15:38:26,2025-09-18 15:38:48
02515,优化整机布局结构性能测试的措施有（ ）。,多选题,飞行原理,中等,3,是,使用专业测试设备,制定详细测试计划,增加测试人员,选择合适测试环境,更换测试设备品牌,,使用专业测试设备;制定详细测试计划;选择合适测试环境,,超级管理员,2025-09-18 15:38:26,2025-09-18 15:38:48
02516,整机布局结构性能测试时，结构的对称性对性能无影响。（ ）,单选题,飞行原理,中等,2,是,正确,错误,,,,,错误,,超级管理员,2025-09-18 15:38:26,2025-09-18 15:38:48
02517,整机布局结构的连接方式对其性能很关键。（ ）,单选题,飞行原理,中等,2,是,正确,错误,,,,,正确,,超级管理员,2025-09-18 15:38:26,2025-09-18 15:38:48
02518,测试整机飞行性能中的续航能力，主要记录（ ）。,单选题,飞行原理,中等,2,是,飞行时间,飞行高度,飞行速度,飞行方向,,,飞行时间,,超级管理员,2025-09-18 15:38:26,2025-09-18 15:38:48
02519,检查整机飞行性能的机动性，关键在于（ ）。,单选题,飞行原理,中等,2,是,转弯半径,起飞距离,降落时间,飞行姿态,,,转弯半径,,超级管理员,2025-09-18 15:38:26,2025-09-18 15:38:48
02520,整机飞行性能测试中，确保飞行稳定的关键是（ ）。,单选题,飞行原理,中等,2,是,飞行控制系统,发动机功率,机翼形状,机身重量,,,飞行控制系统,,超级管理员,2025-09-18 15:38:26,2025-09-18 15:38:48
02521,整机飞行性能的测试内容包括（ ）。,多选题,飞行原理,中等,3,是,爬升率测试,巡航速度测试,抗风能力测试,设备兼容性测试,飞行噪音测试,,爬升率测试;巡航速度测试;抗风能力测试;飞行噪音测试,,超级管理员,2025-09-18 15:38:26,2025-09-18 15:38:48
02522,提升整机飞行性能测试准确性的方法有（ ）。,多选题,飞行原理,中等,3,是,多次重复测试,使用高精度测量仪器,优化测试流程,增加测试人员,更换飞行器型号,,多次重复测试;使用高精度测量仪器;优化测试流程,,超级管理员,2025-09-18 15:38:26,2025-09-18 15:38:48
02523,整机飞行性能测试时，飞行环境对测试结果无影响。（ ）,单选题,飞行原理,中等,2,是,正确,错误,,,,,错误,,超级管理员,2025-09-18 15:38:26,2025-09-18 15:38:48
02524,整机飞行性能的动力系统性能对飞行很重要。（ ）,单选题,飞行原理,中等,2,是,正确,错误,,,,,正确,,超级管理员,2025-09-18 15:38:26,2025-09-18 15:38:48
02525,测试整机环境适应性能中的高温适应性，主要监测（ ）。,单选题,飞行原理,中等,2,是,设备运行状态,飞行器颜色,操作人员感受,测试场地温度,,,设备运行状态,,超级管理员,2025-09-18 15:38:26,2025-09-18 15:38:48
02526,检查整机环境适应性能的防水能力，关键在于（ ）。,单选题,飞行原理,中等,2,是,密封性能,外壳材质,设备重量,排水系统,,,密封性能,,超级管理员,2025-09-18 15:38:26,2025-09-18 15:38:48
02527,整机环境适应性能测试中，确保设备正常工作的要点是（ ）。,单选题,飞行原理,中等,2,是,防护措施有效性,设备外观,操作人员培训,测试时间,,,防护措施有效性,,超级管理员,2025-09-18 15:38:26,2025-09-18 15:38:48
02528,整机环境适应性能的测试项目有（ ）。,多选题,飞行原理,中等,3,是,低温测试,沙尘测试,盐雾测试,电磁干扰测试,美观度测试,,低温测试;沙尘测试;盐雾测试;电磁干扰测试,,超级管理员,2025-09-18 15:38:26,2025-09-18 15:38:48
02529,优化整机环境适应性能测试的策略包括（ ）。,多选题,飞行原理,中等,3,是,制定全面测试方案,使用专业环境模拟设备,增加测试次数,更换测试人员,调整测试顺序,,制定全面测试方案;使用专业环境模拟设备;增加测试次数,,超级管理员,2025-09-18 15:38:26,2025-09-18 15:38:48
02530,整机环境适应性能测试时，设备的安装方式对测试结果无影响。（ ）,单选题,飞行原理,中等,2,是,正确,错误,,,,,错误,,超级管理员,2025-09-18 15:38:26,2025-09-18 15:38:48
02531,整机环境适应性能的防护设计对设备运行很关键。（ ）,单选题,飞行原理,中等,2,是,正确,错误,,,,,正确,,超级管理员,2025-09-18 15:38:26,2025-09-18 15:38:48
02532,视距内飞行测试中，用于检测飞行稳定性的主要设备是（ ）。,单选题,飞行原理,中等,2,是,陀螺仪,加速度计,高度计,气压计,,,陀螺仪,,超级管理员,2025-09-18 15:38:26,2025-09-18 15:38:48
02533,超视距作业飞行测试时，不是判定通讯正常的关键指标是（ ）。,单选题,飞行原理,中等,2,是,信号强度大于设定阈值,误码率低于一定标准,数据传输速率稳定,电源充足,,,电源充足,,超级管理员,2025-09-18 15:38:26,2025-09-18 15:38:48
02534,进行视距内或超视距作业飞行测试前，对飞行场地的关键要求是（ ）。,单选题,飞行原理,中等,2,是,空旷无障碍物,地面平坦,远离居民区,有明显地标,,,空旷无障碍物,,超级管理员,2025-09-18 15:38:26,2025-09-18 15:38:48
02535,视距内或超视距作业飞行测试的项目包含（ ）。,多选题,飞行原理,中等,3,是,续航时间测试,飞行速度测试,抗干扰能力测试,外观完整性检查,飞行姿态调整测试,,续航时间测试;飞行速度测试;抗干扰能力测试;飞行姿态调整测试,,超级管理员,2025-09-18 15:38:26,2025-09-18 15:38:48
02536,影响视距内或超视距作业飞行测试结果的因素有（ ）。,多选题,飞行原理,中等,3,是,天气状况,飞行器老化程度,操作人员技能水平,测试设备精度,测试当天的日期,,天气状况;飞行器老化程度;操作人员技能水平;测试设备精度,,超级管理员,2025-09-18 15:38:26,2025-09-18 15:38:48
02537,视距内飞行测试无需关注通讯情况，只有超视距才需要。（ ）,单选题,飞行原理,中等,2,是,正确,错误,,,,,错误,,超级管理员,2025-09-18 15:38:26,2025-09-18 15:38:48
02538,超视距作业飞行测试时，飞行器的定位精度对测试结果影响不大。（ ）,单选题,飞行原理,中等,2,是,正确,错误,,,,,错误,,超级管理员,2025-09-18 15:38:26,2025-09-18 15:38:48
02539,整机功能测试流程的第一步通常是（ ）。,单选题,飞行原理,中等,2,是,硬件连接检查,软件初始化,功能模块测试,性能指标测试,,,硬件连接检查,,超级管理员,2025-09-18 15:38:26,2025-09-18 15:38:48
02540,在整机功能测试中，检测动力系统输出功率使用的工具是（ ）。,单选题,飞行原理,中等,2,是,功率分析仪,万用表,示波器,频率计,,,功率分析仪,,超级管理员,2025-09-18 15:38:26,2025-09-18 15:38:48
02541,整机功能测试方法中，用于验证各系统协同工作的是（ ）。,单选题,飞行原理,中等,2,是,模拟飞行测试,负载测试,压力测试,综合性能测试,,,模拟飞行测试,,超级管理员,2025-09-18 15:38:26,2025-09-18 15:38:48
02542,整机功能测试的项目涵盖（ ）。,多选题,飞行原理,中等,3,是,动力系统功能测试,飞控系统功能测试,通信导航系统功能测试,外观材质检测,任务载荷系统功能测试,,动力系统功能测试;飞控系统功能测试;通信导航系统功能测试;任务载荷系统功能测试,,超级管理员,2025-09-18 15:38:26,2025-09-18 15:38:48
02543,优化整机功能测试流程的措施有（ ）。,多选题,飞行原理,中等,3,是,制定详细测试计划,采用自动化测试工具,增加测试人员数量,定期维护测试设备,随机选择测试顺序,,制定详细测试计划;采用自动化测试工具;定期维护测试设备,,超级管理员,2025-09-18 15:38:26,2025-09-18 15:38:48
02544,整机功能测试时，只要各功能模块单独测试通过，就无需进行综合测试。（ ）,单选题,飞行原理,中等,2,是,正确,错误,,,,,错误,,超级管理员,2025-09-18 15:38:26,2025-09-18 15:38:48
02545,整机功能测试的环境条件对测试结果没有影响。（ ）,单选题,飞行原理,中等,2,是,正确,错误,,,,,错误,,超级管理员,2025-09-18 15:38:26,2025-09-18 15:38:48
02546,任务载荷系统功能测试流程中，首先要确认的是（ ）。,单选题,飞行原理,中等,2,是,任务载荷安装正确,测试软件安装与配置,测试目标和要求,测试设备准备就绪,,,测试目标和要求,,超级管理员,2025-09-18 15:38:26,2025-09-18 15:38:48
02547,检测航拍任务载荷系统的图像分辨率使用的工具是（ ）。,单选题,飞行原理,中等,2,是,图像分析软件,放大镜,投影仪,光谱仪,,,图像分析软件,,超级管理员,2025-09-18 15:38:26,2025-09-18 15:38:48
02548,任务载荷系统功能测试方法中，不会用于验证其可靠性的是（ ）。,单选题,飞行原理,中等,2,是,长时间连续工作测试,高温环境测试,振动测试,高电压测试,,,高电压测试,,超级管理员,2025-09-18 15:38:26,2025-09-18 15:38:48
02549,任务载荷系统功能测试的内容包括（ ）。,多选题,飞行原理,中等,3,是,功能完整性测试,性能指标测试,兼容性测试,安全性测试,外观设计评估,,功能完整性测试;性能指标测试;兼容性测试;安全性测试,,超级管理员,2025-09-18 15:38:26,2025-09-18 15:38:48
02550,提升任务载荷系统功能测试质量的策略有（ ）。,多选题,飞行原理,中等,3,是,建立标准测试流程,选用高精度测试设备,加强测试人员培训,频繁更换测试设备,随意调整测试参数,,建立标准测试流程;选用高精度测试设备;加强测试人员培训,,超级管理员,2025-09-18 15:38:26,2025-09-18 15:38:48
02551,任务载荷系统功能测试只需要关注主要功能，次要功能可忽略。（ ）,单选题,飞行原理,中等,2,是,正确,错误,,,,,错误,,超级管理员,2025-09-18 15:38:26,2025-09-18 15:38:48
02552,任务载荷系统功能测试时，其与整机的连接稳定性对测试结果影响不大。（ ）,单选题,飞行原理,中等,2,是,正确,错误,,,,,错误,,超级管理员,2025-09-18 15:38:26,2025-09-18 15:38:48
02553,整机与任务载荷系统联机功能测试流程的起始步骤是（ ）。,单选题,飞行原理,中等,2,是,检查联机硬件连接,加载联机测试软件,确认任务载荷参数,制定测试计划,,,检查联机硬件连接,,超级管理员,2025-09-18 15:38:26,2025-09-18 15:38:48
02554,在联机功能测试中，验证数据交互准确性的方法是（ ）。,单选题,飞行原理,中等,2,是,对比发送与接收数据,检查数据传输线路,重启设备,更换数据格式,,,对比发送与接收数据,,超级管理员,2025-09-18 15:38:26,2025-09-18 15:38:49
02555,整机与任务载荷系统联机功能测试方法中，模拟实际作业场景的是（ ）。,单选题,飞行原理,中等,2,是,模拟飞行与任务执行测试,静态性能测试,空载测试,极限条件测试,,,模拟飞行与任务执行测试,,超级管理员,2025-09-18 15:38:26,2025-09-18 15:38:49
02556,整机与任务载荷系统联机功能测试的项目包含（ ）。,多选题,飞行原理,中等,3,是,数据传输测试,协同工作测试,故障模拟测试,外观一致性检查,任务完成精度测试,,数据传输测试;协同工作测试;故障模拟测试;任务完成精度测试,,超级管理员,2025-09-18 15:38:26,2025-09-18 15:38:49
02557,优化整机与任务载荷系统联机功能测试流程的要点有（ ）。,多选题,飞行原理,中等,3,是,明确测试步骤和标准,合理安排测试顺序,及时记录测试数据,随意增加测试环节,频繁更换测试人员,,明确测试步骤和标准;合理安排测试顺序;及时记录测试数据,,超级管理员,2025-09-18 15:38:26,2025-09-18 15:38:49
02558,整机与任务载荷系统联机功能测试时，只要任务载荷单独测试正常，联机测试就一定能通过。（ ）,单选题,飞行原理,中等,2,是,正确,错误,,,,,错误,,超级管理员,2025-09-18 15:38:26,2025-09-18 15:38:49
02559,联机功能测试中，环境因素不会对联机效果产生影响。（ ）,单选题,飞行原理,中等,2,是,正确,错误,,,,,错误,,超级管理员,2025-09-18 15:38:26,2025-09-18 15:38:49
02560,零部件与子系统测试报告单中，必须包含的基本信息是（ ）。,单选题,飞行原理,中等,2,是,零部件型号,测试人员姓名,测试天气,测试设备品牌,,,零部件型号,,超级管理员,2025-09-18 15:38:26,2025-09-18 15:38:49
02561,在记录测试数据时，应采用的原则是（ ）。,单选题,飞行原理,中等,2,是,准确、完整、清晰,简洁、美观,随意记录,只记录关键数据,,,准确、完整、清晰,,超级管理员,2025-09-18 15:38:26,2025-09-18 15:38:49
02562,零部件与子系统测试报告单的结论部分应（ ）。,单选题,飞行原理,中等,2,是,明确说明是否合格,列出所有测试数据,分析测试过程,提出改进建议,,,明确说明是否合格,,超级管理员,2025-09-18 15:38:26,2025-09-18 15:38:49
02563,零部件与子系统测试报告单的内容通常包括（ ）。,多选题,飞行原理,中等,3,是,测试目的,测试环境,测试结果,是否符合无人机行业标准,审批意见,,测试目的;测试环境;测试结果;审批意见,,超级管理员,2025-09-18 15:38:26,2025-09-18 15:38:49
02564,规范零部件与子系统测试报告单编制的好处有（ ）。,多选题,飞行原理,中等,3,是,便于数据管理和分析,提高测试效率,保证测试质量,方便后续维护和追溯,增加测试成本,,便于数据管理和分析;提高测试效率;方便后续维护和追溯,,超级管理员,2025-09-18 15:38:26,2025-09-18 15:38:49
02565,零部件与子系统测试报告单可以随意涂改。（ ）,单选题,飞行原理,中等,2,是,正确,错误,,,,,错误,,超级管理员,2025-09-18 15:38:26,2025-09-18 15:38:49
02566,测试报告单中无需记录测试过程中出现的异常情况。（ ）,单选题,飞行原理,中等,2,是,正确,错误,,,,,错误,,超级管理员,2025-09-18 15:38:26,2025-09-18 15:38:49
02567,整机与任务载荷性能功能测试报告单中，性能指标部分应（ ）。,单选题,飞行原理,中等,2,是,详细列出各项性能参数及测试结果,只写最终结论,列举测试方法,描述测试环境,,,详细列出各项性能参数及测试结果,,超级管理员,2025-09-18 15:38:26,2025-09-18 15:38:49
02568,在编制测试报告单时，对测试照片或图表的要求是（ ）。,单选题,飞行原理,中等,2,是,清晰、标注明确,色彩鲜艳,随意放置,无需标注,,,清晰、标注明确,,超级管理员,2025-09-18 15:38:26,2025-09-18 15:38:49
02569,整机与任务载荷性能功能测试报告单的审核人主要职责是（ ）。,单选题,飞行原理,中等,2,是,检查报告内容准确性和完整性,修改报告格式,增加测试数据,决定是否重新测试,,,检查报告内容准确性和完整性,,超级管理员,2025-09-18 15:38:26,2025-09-18 15:38:49
02570,整机与任务载荷性能功能测试报告单应包含（ ）。,多选题,飞行原理,困难,3,是,项目概述,测试依据,测试数据汇总,风险评估,测试人员签名,,项目概述;测试依据;测试数据汇总;测试人员签名,,超级管理员,2025-09-18 15:38:26,2025-09-18 15:38:49
02571,提高整机与任务载荷性能功能测试报告单质量的方法有（ ）。,多选题,飞行原理,中等,3,是,建立报告模板,组织报告审核会议,随意编写内容,加强报告填写培训,频繁更换报告格式,,建立报告模板;组织报告审核会议;加强报告填写培训,,超级管理员,2025-09-18 15:38:26,2025-09-18 15:38:49
02572,整机与任务载荷性能功能测试报告单可以不写测试目的。（ ）,单选题,飞行原理,中等,2,是,正确,错误,,,,,错误,,超级管理员,2025-09-18 15:38:26,2025-09-18 15:38:49
02573,报告中的测试数据可以四舍五入简化记录。（ ）,单选题,飞行原理,中等,2,是,正确,错误,,,,,错误,,超级管理员,2025-09-18 15:38:26,2025-09-18 15:38:49
02574,整机故障检修的首要原则是（ ）。,单选题,飞行原理,中等,2,是,安全第一,快速修复,最小成本,不扩大故障,,,安全第一,,超级管理员,2025-09-18 15:38:26,2025-09-18 15:38:49
02575,在故障检修时，遵循先易后难原则是指（ ）。,单选题,飞行原理,中等,2,是,先检查简单部件，后检查复杂部件,先更换便宜部件，后更换昂贵部件,先解决软件问题，后解决硬件问题,先处理外观问题，后处理内部问题,,,先检查简单部件，后检查复杂部件,,超级管理员,2025-09-18 15:38:26,2025-09-18 15:38:49
02576,整机故障检修中，保证检修质量的关键原则是（ ）。,单选题,飞行原理,中等,2,是,严格按照操作手册进行检查,使用原厂配件,多次测试,详细记录,,,严格按照操作手册进行检查,,超级管理员,2025-09-18 15:38:26,2025-09-18 15:38:49
02577,整机故障检修原则包括（ ）。,多选题,飞行原理,中等,3,是,准确判断故障,及时修复,避免二次故障,数据备份,成本控制,,准确判断故障;及时修复;避免二次故障;成本控制,,超级管理员,2025-09-18 15:38:26,2025-09-18 15:38:49
02578,在整机故障检修中遵循正确原则的好处有（ ）。,多选题,飞行原理,中等,3,是,提高检修效率,降低维修成本,保障设备安全,增加设备使用寿命,提升操作人员技能,,提高检修效率;降低维修成本;保障设备安全;增加设备使用寿命,,超级管理员,2025-09-18 15:38:26,2025-09-18 15:38:49
02579,整机故障检修时，可以不考虑成本，只要能修好就行。（ ）,单选题,飞行原理,中等,2,是,正确,错误,,,,,错误,,超级管理员,2025-09-18 15:38:26,2025-09-18 15:38:49
02580,故障检修时，为了快速修复，可以跳过一些检查步骤。（ ）,单选题,飞行原理,中等,2,是,正确,错误,,,,,错误,,超级管理员,2025-09-18 15:38:26,2025-09-18 15:38:49
02581,整机故障检修流程的第一步是（ ）。,单选题,飞行原理,中等,2,是,故障现象调查,故障原因分析,制定检修方案,实施检修,,,故障现象调查,,超级管理员,2025-09-18 15:38:26,2025-09-18 15:38:49
02582,在故障原因分析中，不会用到的方法是（ ）。,单选题,飞行原理,中等,2,是,排除法,对比法,替换法,进一法,,,进一法,,超级管理员,2025-09-18 15:38:26,2025-09-18 15:38:49
02583,完成检修后，必须进行的步骤是（ ）。,单选题,飞行原理,中等,2,是,测试验证,清理现场,填写检修记录,通知用户,,,测试验证,,超级管理员,2025-09-18 15:38:26,2025-09-18 15:38:49
02584,整机故障检修流程的环节包含（ ）。,多选题,飞行原理,中等,3,是,故障诊断,零部件更换,系统调试,验收交付,设备清洁,,故障诊断;零部件更换;系统调试;验收交付,,超级管理员,2025-09-18 15:38:26,2025-09-18 15:38:49
02585,优化整机故障检修流程的措施有（ ）。,多选题,飞行原理,中等,3,是,建立故障案例库,定期培训检修人员,随意更改流程,使用先进检测设备,简化记录要求,,建立故障案例库;定期培训检修人员;使用先进检测设备,,超级管理员,2025-09-18 15:38:26,2025-09-18 15:38:49
02586,整机故障检修流程中，故障诊断环节可以省略。（ ）,单选题,飞行原理,中等,2,是,正确,错误,,,,,错误,,超级管理员,2025-09-18 15:38:26,2025-09-18 15:38:49
02587,检修完成后，无需进行测试验证，只要感觉修好了就行。（ ）,单选题,飞行原理,中等,2,是,正确,错误,,,,,错误,,超级管理员,2025-09-18 15:38:26,2025-09-18 15:38:49
02588,检测动力系统是否缺油，常用的方法是（ ）。,单选题,飞行原理,中等,2,是,查看油位标尺,闻气味,观察动力输出,听声音,,,查看油位标尺,,超级管理员,2025-09-18 15:38:26,2025-09-18 15:38:49
02589,判断动力系统电机是否短路，使用的工具是（ ）。,单选题,飞行原理,中等,2,是,万用表,示波器,兆欧表,频率计,,,万用表,,超级管理员,2025-09-18 15:38:26,2025-09-18 15:38:49
02590,检测动力系统皮带是否松弛，有效的方法是（ ）。,单选题,飞行原理,中等,2,是,用手按压测试张紧度,观察皮带外观,测量皮带长度,听皮带运转声音,,,用手按压测试张紧度,,超级管理员,2025-09-18 15:38:26,2025-09-18 15:38:49
02591,动力系统故障的检测方法有（ ）。,多选题,飞行原理,中等,3,是,外观检查,性能测试,振动检测,颜色识别检测（与动力系统无关）,压力检测,,外观检查;性能测试;振动检测;压力检测,,超级管理员,2025-09-18 15:38:26,2025-09-18 15:38:49
02592,提高动力系统故障检测准确性的措施有（ ）。,多选题,飞行原理,中等,3,是,使用专业检测工具,定期校准检测设备,培训检测人员,随意猜测故障原因,参考设备手册,,使用专业检测工具;定期校准检测设备;培训检测人员;参考设备手册,,超级管理员,2025-09-18 15:38:26,2025-09-18 15:38:49
02593,动力系统故障检测时，只需要关注主要部件，次要部件可忽略。（ ）,单选题,飞行原理,中等,2,是,正确,错误,,,,,错误,,超级管理员,2025-09-18 15:38:26,2025-09-18 15:38:49
02594,检测动力系统故障时，不需要考虑环境因素。（ ）,单选题,飞行原理,中等,2,是,正确,错误,,,,,错误,,超级管理员,2025-09-18 15:38:26,2025-09-18 15:38:49
02595,动力系统出现异常噪音，初步分析中不可能出现的是（ ）。,单选题,飞行原理,中等,2,是,部件磨损,润滑不良,安装松动,电源过放,,,电源过放,,超级管理员,2025-09-18 15:38:26,2025-09-18 15:38:49
02596,通过分析动力系统的运行数据来诊断故障，主要关注不是（ ）。,单选题,飞行原理,中等,2,是,功率变化,电流波动,转速异常,气压高低,,,气压高低,,超级管理员,2025-09-18 15:38:26,2025-09-18 15:38:49
02597,动力系统故障分析诊断中，使用故障树分析法的目的是（ ）。,单选题,飞行原理,中等,2,是,系统地找出故障原因,计算维修成本,确定维修时间,评估设备寿命,,,系统地找出故障原因,,超级管理员,2025-09-18 15:38:26,2025-09-18 15:38:49
02598,动力系统故障的分析诊断方法有（ ）。,多选题,飞行原理,中等,3,是,经验判断法,仪器检测分析法,对比分析法,代码调试法（不适用于动力系统故障诊断）,专家会诊法,,经验判断法;仪器检测分析法;对比分析法;专家会诊法,,超级管理员,2025-09-18 15:38:26,2025-09-18 15:38:49
02599,在动力系统故障分析诊断中，收集故障信息的途径有（ ）。,多选题,飞行原理,中等,3,是,操作人员描述,设备运行日志,检测数据,设备外观,周围环境,,操作人员描述;设备运行日志;检测数据,,超级管理员,2025-09-18 15:38:26,2025-09-18 15:38:49
02600,动力系统故障分析诊断时，只根据一次检测结果就能确定故障原因。（ ）,单选题,飞行原理,中等,2,是,正确,错误,,,,,错误,,超级管理员,2025-09-18 15:38:26,2025-09-18 15:38:49
02601,分析动力系统故障时，不需要考虑设备的使用历史。（ ）,单选题,飞行原理,中等,2,是,正确,错误,,,,,错误,,超级管理员,2025-09-18 15:38:26,2025-09-18 15:38:49
02602,动力系统某部件磨损严重，通常的维修方法是（ ）。,单选题,飞行原理,中等,2,是,更换部件,修复磨损部位,调整部件间隙,添加润滑剂,,,更换部件,,超级管理员,2025-09-18 15:38:26,2025-09-18 15:38:49
02603,动力系统电路故障，维修时首先要做的是（ ）。,单选题,飞行原理,中等,2,是,切断电源,检查线路连接,更换损坏元件,测试电路,,,切断电源,,超级管理员,2025-09-18 15:38:26,2025-09-18 15:38:49
02604,维修动力系统后，进行性能测试的主要目的是（ ）。,单选题,飞行原理,中等,2,是,验证维修效果,检查设备外观,调整设备参数,确定设备寿命,,,验证维修效果,,超级管理员,2025-09-18 15:38:26,2025-09-18 15:38:49
02605,动力系统故障的维修方法包括（ ）。,多选题,飞行原理,中等,3,是,机械维修,电气维修,软件升级,系统调试,设备更换,,机械维修;电气维修;系统调试;设备更换,,超级管理员,2025-09-18 15:38:26,2025-09-18 15:38:49
02606,保证动力系统故障维修质量的要点有（ ）。,多选题,飞行原理,中等,3,是,使用合格配件,遵循维修工艺,做好维修记录,随意选择维修工具,忽略维修后的测试,,使用合格配件;遵循维修工艺;做好维修记录,,超级管理员,2025-09-18 15:38:26,2025-09-18 15:38:49
02607,动力系统故障维修时，可以使用非原厂配件替代。（ ）,单选题,飞行原理,中等,2,是,正确,错误,,,,,错误,,超级管理员,2025-09-18 15:38:26,2025-09-18 15:38:49
02608,维修动力系统后，无需进行全面测试，只要能启动就行。（ ）,单选题,飞行原理,中等,2,是,正确,错误,,,,,错误,,超级管理员,2025-09-18 15:38:26,2025-09-18 15:38:49
02609,检测飞控系统传感器是否正常工作，常用的工具是（ ）。,单选题,飞行原理,中等,2,是,传感器检测仪,万用表,示波器,频谱仪,,,传感器检测仪,,超级管理员,2025-09-18 15:38:26,2025-09-18 15:38:49
02610,判断飞控系统软件是否存在漏洞，采用的方法是（ ）。,单选题,飞行原理,中等,2,是,软件测试工具,观察飞行姿态,对比正常数据,重启系统,,,软件测试工具,,超级管理员,2025-09-18 15:38:26,2025-09-18 15:38:49
02611,检测飞控系统通信线路是否畅通，使用的手段是（ ）。,单选题,飞行原理,中等,2,是,发送测试信号,检查线路外观,测量线路电阻,更换通信模块,,,发送测试信号,,超级管理员,2025-09-18 15:38:26,2025-09-18 15:38:49
02612,飞控系统故障的检测方法有（ ）。,多选题,飞行原理,中等,3,是,功能测试,数据监测,模拟故障注入,硬件拆解检查,软件代码审查,,功能测试;数据监测;模拟故障注入,,超级管理员,2025-09-18 15:38:26,2025-09-18 15:38:49
02613,提高飞控系统故障检测效率的措施有（ ）。,多选题,飞行原理,中等,3,是,制定检测流程,使用自动化检测设备,培训检测人员,随意检测,参考故障案例,,制定检测流程;使用自动化检测设备;培训检测人员;参考故障案例,,超级管理员,2025-09-18 15:38:26,2025-09-18 15:38:49
02614,飞控系统故障检测时，只需要检测硬件，软件无需检测。（ ）,单选题,飞行原理,中等,2,是,正确,错误,,,,,错误,,超级管理员,2025-09-18 15:38:26,2025-09-18 15:38:49
02615,检测飞控系统故障时，不需要对检测工具进行校准。（ ）,单选题,飞行原理,中等,2,是,正确,错误,,,,,错误,,超级管理员,2025-09-18 15:38:26,2025-09-18 15:38:49
02616,飞控系统出现航线偏离故障，分析时首先应排查（ ）。,单选题,飞行原理,中等,2,是,定位模块数据异常,控制算法错误,执行机构故障,云台故障,,,定位模块数据异常,,超级管理员,2025-09-18 15:38:26,2025-09-18 15:38:49
02617,通过对比飞控系统正常与故障状态下的信号特征来诊断故障，属于（ ）。,单选题,飞行原理,中等,2,是,对比分析法,频谱分析法,故障树分析法,经验判断法,,,对比分析法,,超级管理员,2025-09-18 15:38:26,2025-09-18 15:38:49
02618,当飞控系统出现不明原因故障时，采用专家会诊法的主要目的是（ ）。,单选题,飞行原理,中等,2,是,借助多领域专业知识确定故障根源,缩短诊断时间,降低诊断成本,提高诊断趣味性,,,借助多领域专业知识确定故障根源,,超级管理员,2025-09-18 15:38:26,2025-09-18 15:38:49
02619,飞控系统故障分析诊断过程中，需重点关注的因素有（ ）。,多选题,飞行原理,中等,3,是,故障发生的频率,故障出现的环境条件,飞控系统的历史故障记录,操作人员的操作习惯,设备的外观,,故障发生的频率;故障出现的环境条件;飞控系统的历史故障记录,,超级管理员,2025-09-18 15:38:26,2025-09-18 15:38:49
02620,飞控系统故障的分析诊断方法还包括（ ）。,多选题,飞行原理,中等,3,是,逻辑推理法,模型仿真法,数据挖掘法,抽样检测法,模糊诊断法,,逻辑推理法;模型仿真法;模糊诊断法,,超级管理员,2025-09-18 15:38:26,2025-09-18 15:38:50
02621,飞控系统故障分析时，只要硬件检测正常，就可排除软件问题。（ ）,单选题,飞行原理,中等,2,是,正确,错误,,,,,错误,,超级管理员,2025-09-18 15:38:26,2025-09-18 15:38:50
02622,分析飞控系统故障时，无需考虑电磁干扰对系统的影响。（ ）,单选题,飞行原理,中等,2,是,正确,错误,,,,,错误,,超级管理员,2025-09-18 15:38:26,2025-09-18 15:38:50
02623,飞控系统软件出现错误代码，通常的维修步骤是（ ）。,单选题,飞行原理,中等,2,是,根据错误提示查找问题并修复代码,直接重装软件,升级软件版本,更换硬件,,,根据错误提示查找问题并修复代码,,超级管理员,2025-09-18 15:38:26,2025-09-18 15:38:50
02624,飞控系统传感器故障，若确定是传感器损坏，应（ ）。,单选题,飞行原理,中等,2,是,更换同型号传感器,维修传感器内部电路,调整传感器安装位置,重新校准传感器,,,更换同型号传感器,,超级管理员,2025-09-18 15:38:26,2025-09-18 15:38:50
02625,维修飞控系统后，进行试飞测试的关键目的是（ ）。,单选题,飞行原理,中等,2,是,验证飞行姿态控制是否恢复正常,检查飞行器外观,测试飞行速度,确定续航时间,,,验证飞行姿态控制是否恢复正常,,超级管理员,2025-09-18 15:38:26,2025-09-18 15:38:50
02626,飞控系统故障的维修方法有（ ）。,多选题,飞行原理,中等,3,是,硬件替换维修,软件修复与升级,系统参数重新调校,整体更换飞控系统,优化飞行环境,,硬件替换维修;软件修复与升级;系统参数重新调校,,超级管理员,2025-09-18 15:38:26,2025-09-18 15:38:50
02627,保障飞控系统故障维修效果的要点有（ ）。,多选题,飞行原理,中等,3,是,维修后全面测试,详细记录维修过程,使用合适的维修工具,随意选择维修方案,忽略维修后的检查,,维修后全面测试;详细记录维修过程;使用合适的维修工具,,超级管理员,2025-09-18 15:38:26,2025-09-18 15:38:50
02628,飞控系统故障维修时，可自行修改软件底层代码来解决问题。（ ）,单选题,飞行原理,中等,2,是,正确,错误,,,,,错误,,超级管理员,2025-09-18 15:38:26,2025-09-18 15:38:50
02629,维修飞控系统硬件后，不需要重新校准相关参数。（ ）,单选题,飞行原理,中等,2,是,正确,错误,,,,,错误,,超级管理员,2025-09-18 15:38:26,2025-09-18 15:38:50
02630,检测通信导航系统信号强度，常用的设备是（ ）。,单选题,飞行原理,中等,2,是,信号强度测试仪,示波器,频谱分析仪,万用表,,,信号强度测试仪,,超级管理员,2025-09-18 15:38:26,2025-09-18 15:38:50
02631,判断通信导航系统时钟是否准确，采用的方式是（ ）。,单选题,飞行原理,中等,2,是,与标准时钟源比对,观察导航定位精度,测试通信数据传输,检查设备指示灯,,,与标准时钟源比对,,超级管理员,2025-09-18 15:38:26,2025-09-18 15:38:50
02632,检测通信导航系统天线是否正常工作，有效的手段是（ ）。,单选题,飞行原理,中等,2,是,检查天线外观及连接，进行信号收发测试,更换天线,增加天线增益,调整天线位置,,,检查天线外观及连接，进行信号收发测试,,超级管理员,2025-09-18 15:38:26,2025-09-18 15:38:50
02633,通信导航系统故障的检测方法包含（ ）。,多选题,飞行原理,中等,3,是,功能测试,信号质量分析,数据完整性校验,硬件性能检测,软件兼容性检查,,功能测试;信号质量分析;数据完整性校验;硬件性能检测,,超级管理员,2025-09-18 15:38:26,2025-09-18 15:38:50
02634,提高通信导航系统故障检测准确性的措施有（ ）。,多选题,飞行原理,中等,3,是,定期更新检测设备的固件,采用多种检测方法交叉验证,随意选择检测时间,参考设备技术手册,培训检测人员,,定期更新检测设备的固件;采用多种检测方法交叉验证;参考设备技术手册;培训检测人员,,超级管理员,2025-09-18 15:38:26,2025-09-18 15:38:50
02635,通信导航系统故障检测时，只需要检测信号传输，无需关注定位功能。（ ）,单选题,飞行原理,中等,2,是,正确,错误,,,,,错误,,超级管理员,2025-09-18 15:38:26,2025-09-18 15:38:50
02636,检测通信导航系统故障时，不需要考虑设备的安装位置对检测结果的影响。（ ）,单选题,飞行原理,中等,2,是,正确,错误,,,,,错误,,超级管理员,2025-09-18 15:38:26,2025-09-18 15:38:50
02637,通信导航系统出现信号中断故障，可能的原因不应该是（ ）。,单选题,飞行原理,中等,2,是,信号干扰,设备硬件损坏,软件异常,云台不工作,,,云台不工作,,超级管理员,2025-09-18 15:38:26,2025-09-18 15:38:50
02638,通过分析通信导航系统的信号频谱来诊断故障，属于（ ）。,单选题,飞行原理,中等,2,是,频谱分析法,对比分析法,逻辑推理法,经验判断法,,,频谱分析法,,超级管理员,2025-09-18 15:38:26,2025-09-18 15:38:50
02639,在通信导航系统故障分析中，建立故障模型的作用是（ ）。,单选题,飞行原理,中等,2,是,直观展示故障原因及影响,计算维修成本,确定维修人员,评估设备剩余寿命,,,直观展示故障原因及影响,,超级管理员,2025-09-18 15:38:26,2025-09-18 15:38:50
02640,通信导航系统故障的分析诊断方法有（ ）。,多选题,飞行原理,中等,3,是,故障树分析法,专家评估法,状态监测法,数据分析法,试错法,,故障树分析法;专家评估法;状态监测法;数据分析法,,超级管理员,2025-09-18 15:38:26,2025-09-18 15:38:50
02641,通信导航系统故障分析诊断时，收集故障信息的渠道有（ ）。,多选题,飞行原理,中等,3,是,设备自检报告,飞行日志,地面监控数据,设备外观,操作人员反馈,,设备自检报告;飞行日志;地面监控数据;操作人员反馈,,超级管理员,2025-09-18 15:38:26,2025-09-18 15:38:50
02642,通信导航系统故障分析诊断时，一次检测就能确定所有故障原因。（ ）,单选题,飞行原理,中等,2,是,正确,错误,,,,,错误,,超级管理员,2025-09-18 15:38:26,2025-09-18 15:38:50
02643,分析通信导航系统故障时，不需要考虑周边通信设施的影响。（ ）,单选题,飞行原理,中等,2,是,正确,错误,,,,,错误,,超级管理员,2025-09-18 15:38:26,2025-09-18 15:38:50
02644,通信导航系统硬件电路板上某元件损坏，维修时应（ ）。,单选题,飞行原理,中等,2,是,更换损坏元件,修复电路板线路,直接更换电路板,调整元件参数,,,更换损坏元件,,超级管理员,2025-09-18 15:38:26,2025-09-18 15:38:50
02645,通信导航系统软件出现漏洞导致故障，通常的维修措施是（ ）。,单选题,飞行原理,中等,2,是,安装软件补丁,卸载软件,重新安装软件,升级硬件,,,安装软件补丁,,超级管理员,2025-09-18 15:38:26,2025-09-18 15:38:50
02646,维修通信导航系统后，进行功能测试的重点是（ ）。,单选题,飞行原理,中等,2,是,验证通信与导航功能是否恢复正常,检查设备外观,测试设备功耗,确定设备重量,,,验证通信与导航功能是否恢复正常,,超级管理员,2025-09-18 15:38:26,2025-09-18 15:38:50
02647,通信导航系统故障的维修方法包括（ ）。,多选题,飞行原理,中等,3,是,硬件维修,软件修复,系统优化,整体更换设备,设备清洁,,硬件维修;软件修复;系统优化,,超级管理员,2025-09-18 15:38:26,2025-09-18 15:38:50
02648,保证通信导航系统故障维修质量的要点有（ ）。,多选题,飞行原理,中等,3,是,使用合格的维修配件,遵循维修操作规程,做好维修后的测试,随意选择维修工具,忽略维修记录,,使用合格的维修配件;遵循维修操作规程;做好维修后的测试,,超级管理员,2025-09-18 15:38:26,2025-09-18 15:38:50
02649,通信导航系统故障维修时，可以使用不同品牌的兼容配件。（ ）,单选题,飞行原理,中等,2,是,正确,错误,,,,,错误,,超级管理员,2025-09-18 15:38:26,2025-09-18 15:38:50
02650,维修通信导航系统后，只需简单测试即可投入使用。（ ）,单选题,飞行原理,中等,2,是,正确,错误,,,,,错误,,超级管理员,2025-09-18 15:38:26,2025-09-18 15:38:50
02651,检测起飞着陆系统刹车性能，常用的设备是（ ）。,单选题,飞行原理,中等,2,是,刹车力测试仪,转速表,温度计,压力计,,,刹车力测试仪,,超级管理员,2025-09-18 15:38:26,2025-09-18 15:38:50
02652,判断起飞着陆系统起落架收放是否正常，采用的方式是（ ）。,单选题,飞行原理,中等,2,是,进行收放操作测试并观察,检查起落架外观,测量起落架长度,听起落架工作声音,,,进行收放操作测试并观察,,超级管理员,2025-09-18 15:38:26,2025-09-18 15:38:50
02653,检测起飞着陆系统轮胎气压是否正常，有效的工具是（ ）。,单选题,飞行原理,中等,2,是,胎压表,卡尺,天平,硬度计,,,胎压表,,超级管理员,2025-09-18 15:38:26,2025-09-18 15:38:50
02654,起飞着陆系统故障的检测方法有（ ）。,多选题,飞行原理,中等,3,是,外观检查,性能测试,动作协调性检查,材料成分分析,电气系统检测,,外观检查;性能测试;动作协调性检查;电气系统检测,,超级管理员,2025-09-18 15:38:26,2025-09-18 15:38:50
02655,提高起飞着陆系统故障检测效率的措施有（ ）。,多选题,飞行原理,中等,3,是,制定详细的检测流程,采用自动化检测设备,培训检测人员,随意检测,参考类似故障案例,,制定详细的检测流程;采用自动化检测设备;培训检测人员;参考类似故障案例,,超级管理员,2025-09-18 15:38:26,2025-09-18 15:38:50
02656,起飞着陆系统故障检测时，只需要检测关键部件，非关键部件可忽略。（ ）,单选题,飞行原理,中等,2,是,正确,错误,,,,,错误,,超级管理员,2025-09-18 15:38:26,2025-09-18 15:38:50
02657,检测起飞着陆系统故障时，不需要考虑跑道状况对检测结果的影响。（ ）,单选题,飞行原理,中等,2,是,正确,错误,,,,,错误,,超级管理员,2025-09-18 15:38:26,2025-09-18 15:38:50
02658,起飞着陆系统出现起落架无法放下故障，可能的原因不应该是（ ）。,单选题,飞行原理,中等,2,是,液压系统故障,电气控制故障,机械卡滞,机翼受损,,,机翼受损,,超级管理员,2025-09-18 15:38:26,2025-09-18 15:38:50
02659,通过对比起飞着陆系统正常与故障状态下的动作参数来诊断故障，属于（ ）。,单选题,飞行原理,中等,2,是,对比分析法,故障树分析法,逻辑推理法,经验判断法,,,对比分析法,,超级管理员,2025-09-18 15:38:26,2025-09-18 15:38:50
02660,在起飞着陆系统故障分析中，利用故障树分析法的关键目的是（ ）。,单选题,飞行原理,中等,2,是,找出故障的根本原因及可能的故障路径,确定维修费用,选择维修人员,评估系统剩余寿命,,,找出故障的根本原因及可能的故障路径,,超级管理员,2025-09-18 15:38:26,2025-09-18 15:38:50
02661,起飞着陆系统故障的分析诊断方法包含（ ）。,多选题,飞行原理,中等,3,是,经验判断法,仪器检测分析法,统计分析法,网络信号分析法（与起飞着陆系统故障诊断无关）,模拟分析法,,经验判断法;仪器检测分析法;统计分析法;模拟分析法,,超级管理员,2025-09-18 15:38:26,2025-09-18 15:38:50
02662,起飞着陆系统故障分析诊断时，收集故障信息的途径有（ ）。,多选题,飞行原理,中等,3,是,飞行记录,地勤人员反馈,设备检测数据,设备外观,天气状况,,飞行记录;地勤人员反馈;设备检测数据,,超级管理员,2025-09-18 15:38:26,2025-09-18 15:38:50
02663,起飞着陆系统故障分析诊断时，一次检测就能确定故障原因。（ ）,单选题,飞行原理,中等,2,是,正确,错误,,,,,错误,,超级管理员,2025-09-18 15:38:26,2025-09-18 15:38:50
02664,分析起飞着陆系统故障时，不需要考虑飞机的使用年限。（ ）,单选题,飞行原理,中等,2,是,正确,错误,,,,,错误,,超级管理员,2025-09-18 15:38:26,2025-09-18 15:38:50
02665,起飞着陆系统刹车盘磨损严重，通常的维修方法是（ ）。,单选题,飞行原理,中等,2,是,更换刹车盘,修复刹车盘表面,调整刹车压力,添加刹车油,,,更换刹车盘,,超级管理员,2025-09-18 15:38:26,2025-09-18 15:38:50
02666,起飞着陆系统起落架液压管路泄漏，维修时首先要做的是（ ）。,单选题,飞行原理,中等,2,是,找到泄漏点并修复或更换管路,补充液压油,检查液压泵,测试液压系统压力,,,找到泄漏点并修复或更换管路,,超级管理员,2025-09-18 15:38:26,2025-09-18 15:38:50
02667,维修起飞着陆系统后，进行地面滑行测试的主要目的是（ ）。,单选题,飞行原理,中等,2,是,验证起飞着陆系统性能是否恢复正常,检查飞机外观,测试飞机速度,确定飞机重量,,,验证起飞着陆系统性能是否恢复正常,,超级管理员,2025-09-18 15:38:26,2025-09-18 15:38:50
02668,起飞着陆系统故障的维修方法包括（ ）。,多选题,飞行原理,中等,3,是,机械维修,液压系统维修,电气系统维修,软件程序升级（不属于常规起飞着陆系统维修）,设备更换,,机械维修;液压系统维修;电气系统维修;设备更换,,超级管理员,2025-09-18 15:38:26,2025-09-18 15:38:50
02669,保证起飞着陆系统故障维修质量的要点有（ ）。,多选题,飞行原理,中等,3,是,使用符合标准的维修配件,遵循维修工艺规范,做好维修后的测试,随意选择维修工具,忽略维修记录,,使用符合标准的维修配件;遵循维修工艺规范;做好维修后的测试,,超级管理员,2025-09-18 15:38:26,2025-09-18 15:38:50
02670,起飞着陆系统故障维修时，可以使用自制的非标准配件。（ ）,单选题,飞行原理,中等,2,是,正确,错误,,,,,错误,,超级管理员,2025-09-18 15:38:26,2025-09-18 15:38:50
02671,维修起飞着陆系统后，无需进行全面测试，只要能完成一次起降就行。（ ）,单选题,飞行原理,中等,2,是,正确,错误,,,,,错误,,超级管理员,2025-09-18 15:38:26,2025-09-18 15:38:50
02672,动力系统发动机活塞损坏，维修时应（ ）。,单选题,飞行原理,中等,2,是,直接更换新的活塞,检查并修复相关部件，如气缸壁和连杆,对损坏的活塞进行修复,以上所有选项,,,以上所有选项,,超级管理员,2025-09-18 15:38:26,2025-09-18 15:38:50
02673,动力系统传动链条磨损，通常的维修措施是（ ）。,单选题,飞行原理,中等,2,是,更换链条,修复磨损部位,调整链条张紧度,添加润滑油,,,更换链条,,超级管理员,2025-09-18 15:38:26,2025-09-18 15:38:50
02674,维修动力系统故障零部件后，进行性能测试的关键指标是（ ）。,单选题,飞行原理,中等,2,是,零部件的可靠性和耐久性,零部件的外观,零部件的重量,零部件的颜色,,,零部件的可靠性和耐久性,,超级管理员,2025-09-18 15:38:26,2025-09-18 15:38:50
02675,动力系统故障零部件的维修方法有（ ）。,多选题,飞行原理,中等,3,是,修复,更换,翻新,调整,优化,,修复;更换;翻新;调整,,超级管理员,2025-09-18 15:38:26,2025-09-18 15:38:50
02676,保障动力系统故障零部件维修效果的要点有（ ）。,多选题,飞行原理,中等,3,是,选择合适的维修工艺,使用专业的维修工具,做好维修后的质量检测,随意维修,忽略维修记录,,选择合适的维修工艺;使用专业的维修工具;做好维修后的质量检测,,超级管理员,2025-09-18 15:38:26,2025-09-18 15:38:50
02677,动力系统故障零部件维修时，可使用不同规格的替代零部件。（ ）,单选题,飞行原理,中等,2,是,正确,错误,,,,,错误,,超级管理员,2025-09-18 15:38:26,2025-09-18 15:38:50
02678,维修动力系统故障零部件后，不需要进行磨合测试。（ ）,单选题,飞行原理,中等,2,是,正确,错误,,,,,错误,,超级管理员,2025-09-18 15:38:26,2025-09-18 15:38:50
02679,飞控系统电路板上某电阻损坏，维修时应（ ）。,单选题,飞行原理,中等,2,是,更换同阻值电阻,修复电阻,调整电阻参数,忽略电阻,,,更换同阻值电阻,,超级管理员,2025-09-18 15:38:26,2025-09-18 15:38:50
02680,飞控系统电机电刷磨损，通常的维修方式是（ ）。,单选题,飞行原理,中等,2,是,更换电刷,修复电刷,调整电机转速,添加润滑油,,,更换电刷,,超级管理员,2025-09-18 15:38:26,2025-09-18 15:38:50
02681,维修飞控系统故障零部件后，进行功能测试的重点是（ ）。,单选题,飞行原理,中等,2,是,验证零部件是否恢复正常功能,检查零部件外观,测试零部件重量,确定零部件价格,,,验证零部件是否恢复正常功能,,超级管理员,2025-09-18 15:38:26,2025-09-18 15:38:50
02682,飞控系统故障零部件的维修方法包括（ ）。,多选题,飞行原理,中等,3,是,焊接修复,零件替换,参数校准,整体更换组件,表面处理,,焊接修复;零件替换;参数校准,,超级管理员,2025-09-18 15:38:26,2025-09-18 15:38:51
02683,保证飞控系统故障零部件维修质量的要点有（ ）。,多选题,飞行原理,中等,3,是,使用优质的维修材料,遵循严格的维修流程,做好维修后的性能检测,随意维修,忽略维修记录,,使用优质的维修材料;遵循严格的维修流程;做好维修后的性能检测,,超级管理员,2025-09-18 15:38:26,2025-09-18 15:38:51
02684,飞控系统故障零部件维修时，可自行改变零部件的安装位置。（ ）,单选题,飞行原理,中等,2,是,正确,错误,,,,,错误,,超级管理员,2025-09-18 15:38:26,2025-09-18 15:38:51
02685,维修飞控系统故障零部件后，不需要进行兼容性测试。（ ）,单选题,飞行原理,中等,2,是,正确,错误,,,,,错误,,超级管理员,2025-09-18 15:38:26,2025-09-18 15:38:51
02686,通信导航系统天线振子损坏，维修时应（ ）。,单选题,飞行原理,中等,2,是,更换振子,修复振子,调整天线角度,增加天线增益,,,更换振子,,超级管理员,2025-09-18 15:38:26,2025-09-18 15:38:51
02687,通信导航系统滤波器故障，通常的维修措施是（ ）。,单选题,飞行原理,中等,2,是,更换滤波器,修复滤波器,调整滤波参数,忽略滤波器,,,更换滤波器,,超级管理员,2025-09-18 15:38:26,2025-09-18 15:38:51
02688,维修通信导航系统故障零部件后，进行信号测试的关键目的是（ ）。,单选题,飞行原理,中等,2,是,验证零部件对信号的处理能力是否恢复正常,检查零部件外观,测试零部件功耗,确定零部件尺寸,,,验证零部件对信号的处理能力是否恢复正常,,超级管理员,2025-09-18 15:38:26,2025-09-18 15:38:51
02689,通信导航系统故障零部件的维修方法有（ ）。,多选题,飞行原理,中等,3,是,零部件更换,电路修复,软件更新,系统优化,外观清洁,,零部件更换;电路修复;软件更新,,超级管理员,2025-09-18 15:38:26,2025-09-18 15:38:51
02690,保障通信导航系统故障零部件维修效果的要点有（ ）。,多选题,飞行原理,中等,3,是,使用合格的维修配件,采用正确的维修技术,做好维修后的信号检测,随意维修,忽略维修记录,,使用合格的维修配件;采用正确的维修技术;做好维修后的信号检测,,超级管理员,2025-09-18 15:38:26,2025-09-18 15:38:51
02691,通信导航系统故障零部件维修时，可使用不同型号的替代零部件。（ ）,单选题,飞行原理,中等,2,是,正确,错误,,,,,错误,,超级管理员,2025-09-18 15:38:26,2025-09-18 15:38:51
02692,维修通信导航系统故障零部件后，不需要进行环境适应性测试。（ ）,单选题,飞行原理,中等,2,是,正确,错误,,,,,错误,,超级管理员,2025-09-18 15:38:26,2025-09-18 15:38:51
02693,起飞着陆系统起落架缓冲器故障，维修时应（ ）。,单选题,飞行原理,中等,2,是,更换缓冲器,修复缓冲器内部结构,调整缓冲器压力,添加缓冲介质,,,更换缓冲器,,超级管理员,2025-09-18 15:38:26,2025-09-18 15:38:51
02694,起飞着陆系统刹车皮磨损，通常的维修方式是（ ）。,单选题,飞行原理,中等,2,是,更换刹车皮,修复刹车皮表面,调整刹车间隙,添加刹车油,,,更换刹车皮,,超级管理员,2025-09-18 15:38:26,2025-09-18 15:38:51
02695,维修起飞着陆系统故障零部件后，进行疲劳测试的主要目的是（ ）。,单选题,飞行原理,中等,2,是,验证零部件在反复使用下的可靠性,检查零部件外观,测试零部件重量,确定零部件价格,,,验证零部件在反复使用下的可靠性,,超级管理员,2025-09-18 15:38:26,2025-09-18 15:38:51
02696,起飞着陆系统故障零部件的维修方法还包括（ ）。,多选题,飞行原理,中等,3,是,热处理强化,局部更换,整体翻新,功能优化,色彩调整,,热处理强化;局部更换;整体翻新,,超级管理员,2025-09-18 15:38:26,2025-09-18 15:38:51
02697,保障起飞着陆系统故障零部件维修质量的要点还有（ ）。,多选题,飞行原理,中等,3,是,进行维修前的全面检测,做好维修过程中的质量控制,对维修人员进行资质审查,随意选择维修工艺,忽略维修后的复查,,进行维修前的全面检测;做好维修过程中的质量控制;对维修人员进行资质审查,,超级管理员,2025-09-18 15:38:26,2025-09-18 15:38:51
02698,起飞着陆系统故障零部件维修时，可随意改变零部件的材料。（ ）,单选题,飞行原理,中等,2,是,正确,错误,,,,,错误,,超级管理员,2025-09-18 15:38:26,2025-09-18 15:38:51
02699,维修起飞着陆系统故障零部件后，不需要进行防锈处理。（ ）,单选题,飞行原理,中等,2,是,正确,错误,,,,,错误,,超级管理员,2025-09-18 15:38:26,2025-09-18 15:38:51
02700,零部件与整机故障检测报告单中，故障现象描述应（ ）。,单选题,飞行原理,中等,2,是,详细、准确、客观,简洁概括,使用专业术语,随意表述,,,详细、准确、客观,,超级管理员,2025-09-18 15:38:26,2025-09-18 15:38:51
02701,在编制故障检测报告单时，检测数据应（ ）。,单选题,飞行原理,中等,2,是,完整记录并标注单位,只记录关键数据,四舍五入简化记录,随意记录,,,完整记录并标注单位,,超级管理员,2025-09-18 15:38:26,2025-09-18 15:38:51
02702,零部件与整机故障检测报告单的审核人职责主要是（ ）。,单选题,飞行原理,中等,2,是,确保报告内容准确、完整、合规,修改报告格式,增加检测数据,决定是否重新检测,,,确保报告内容准确、完整、合规,,超级管理员,2025-09-18 15:38:26,2025-09-18 15:38:51
02703,零部件与整机故障检测报告单的内容通常包含（ ）。,多选题,飞行原理,中等,3,是,检测目的,检测环境,检测工具,检测人员的籍贯信息（无关内容）,改进建议,,检测目的;检测环境;检测工具;改进建议,,超级管理员,2025-09-18 15:38:26,2025-09-18 15:38:51
02704,规范零部件与整机故障检测报告单编制的好处有（ ）。,多选题,飞行原理,中等,3,是,便于故障分析与追溯,提高检测效率,保证检测质量,方便数据管理,增加检测成本,,便于故障分析与追溯;提高检测效率;保证检测质量;方便数据管理,,超级管理员,2025-09-18 15:38:26,2025-09-18 15:38:51
02705,零部件与整机故障检测报告单可以不写检测依据。（ ）,单选题,飞行原理,中等,2,是,正确,错误,,,,,错误,,超级管理员,2025-09-18 15:38:26,2025-09-18 15:38:51
02706,报告中的检测数据可以随意涂改。（ ）,单选题,飞行原理,中等,2,是,正确,错误,,,,,错误,,超级管理员,2025-09-18 15:38:26,2025-09-18 15:38:51
02707,零部件与整机故障维修报告单中，维修措施部分应（ ）。,单选题,飞行原理,中等,2,是,详细说明维修步骤和使用的方法,只写更换的零部件,描述维修人员,阐述维修费用,,,详细说明维修步骤和使用的方法,,超级管理员,2025-09-18 15:38:26,2025-09-18 15:38:51
02708,在编制故障维修报告单时，维修后的测试结果应（ ）。,单选题,飞行原理,中等,2,是,准确记录并与维修前对比,简单描述,只记录合格情况,忽略不写,,,准确记录并与维修前对比,,超级管理员,2025-09-18 15:38:26,2025-09-18 15:38:51
02709,零部件与整机故障维修报告单的批准人主要负责（ ）。,单选题,飞行原理,中等,2,是,审核维修工作的有效性和报告的准确性,修改报告内容,决定维修人员的奖惩,确定维修时间,,,审核维修工作的有效性和报告的准确性,,超级管理员,2025-09-18 15:38:26,2025-09-18 15:38:51
02710,零部件与整机故障维修报告单的内容包括（ ）。,多选题,飞行原理,中等,3,是,故障描述,维修过程,维修成本,验收意见,维修人员的兴趣爱好（无关内容）,,故障描述;维修过程;维修成本;维修人员的兴趣爱好（无关内容）,,超级管理员,2025-09-18 15:38:26,2025-09-18 15:38:51
02711,提高零部件与整机故障维修报告单质量的方法有（ ）。,多选题,飞行原理,中等,3,是,建立标准模板,组织审核会议,随意编写内容,加强报告填写培训,频繁更换报告格式,,建立标准模板;组织审核会议;加强报告填写培训,,超级管理员,2025-09-18 15:38:26,2025-09-18 15:38:51
02712,零部件与整机故障维修报告单可以不写维修后的注意事项。（ ）,单选题,飞行原理,中等,2,是,正确,错误,,,,,错误,,超级管理员,2025-09-18 15:38:26,2025-09-18 15:38:51
02713,报告中的维修成本可以估算大致金额。（ ）,单选题,飞行原理,中等,2,是,正确,错误,,,,,错误,,超级管理员,2025-09-18 15:38:26,2025-09-18 15:38:51
02714,制定无人机续航时间性能升级方案时，首先应考虑的因素是（ ）。,单选题,飞行原理,中等,2,是,电池容量和效率,无人机的飞行姿态,无人机的外观设计,操作人员的技能,,,电池容量和效率,,超级管理员,2025-09-18 15:38:26,2025-09-18 15:38:51
02715,通过优化无人机的动力系统来提升续航时间，关键在于（ ）。,单选题,飞行原理,中等,2,是,提高动力系统效率,增加动力系统重量,改变动力系统布局,更换动力系统品牌,,,提高动力系统效率,,超级管理员,2025-09-18 15:38:26,2025-09-18 15:38:51
02716,在制定无人机续航时间性能升级方案时，进行模拟分析的主要目的是（ ）。,单选题,飞行原理,中等,2,是,评估方案的可行性和效果,计算升级成本,确定升级时间,选择升级人员,,,评估方案的可行性和效果,,超级管理员,2025-09-18 15:38:26,2025-09-18 15:38:51
02717,无人机续航时间性能升级方案的制定方法包括（ ）。,多选题,飞行原理,中等,3,是,分析现有系统性能,研究新技术应用,参考同类产品经验,随意确定方案,忽略用户需求,,分析现有系统性能;研究新技术应用;参考同类产品经验,,超级管理员,2025-09-18 15:38:26,2025-09-18 15:38:51
02718,制定无人机续航时间性能升级方案时，需考虑的因素有（ ）。,多选题,飞行原理,中等,3,是,无人机的任务需求,飞行环境条件,成本预算,法律法规限制,无人机的颜色,,无人机的任务需求;飞行环境条件;成本预算;法律法规限制,,超级管理员,2025-09-18 15:38:26,2025-09-18 15:38:51
02719,制定无人机续航时间性能升级方案时，不需要考虑无人机的负载情况。（ ）,单选题,飞行原理,中等,2,是,正确,错误,,,,,错误,,超级管理员,2025-09-18 15:38:26,2025-09-18 15:38:51
02720,在制定方案过程中，不需要对升级方案进行风险评估。（ ）,单选题,飞行原理,中等,2,是,正确,错误,,,,,错误,,超级管理员,2025-09-18 15:38:26,2025-09-18 15:38:51
02721,无人机续航时间性能升级方案实施的第一步是（ ）。,单选题,飞行原理,中等,2,是,准备升级所需的设备和材料,对无人机进行拆解,进行升级操作,进行升级后测试,,,准备升级所需的设备和材料,,超级管理员,2025-09-18 15:38:26,2025-09-18 15:38:51
02722,在升级无人机电池系统时，关键操作是（ ）。,单选题,飞行原理,中等,2,是,正确安装新电池并进行调试,随意更换电池,增加电池数量,改变电池摆放位置,,,正确安装新电池并进行调试,,超级管理员,2025-09-18 15:38:26,2025-09-18 15:38:51
02723,无人机续航时间性能升级方案实施后，进行飞行测试的重点是（ ）。,单选题,飞行原理,中等,2,是,验证续航时间是否提升,检查无人机外观,测试无人机速度,确定无人机载重,,,验证续航时间是否提升,,超级管理员,2025-09-18 15:38:26,2025-09-18 15:38:51
02724,无人机续航时间性能升级方案的实施步骤包含（ ）。,多选题,飞行原理,中等,3,是,制定详细实施计划,严格按照方案进行升级操作,对升级过程进行监控,随意调整实施步骤,忽略升级后的评估,,制定详细实施计划;严格按照方案进行升级操作;对升级过程进行监控,,超级管理员,2025-09-18 15:38:26,2025-09-18 15:38:51
02725,保障无人机续航时间性能升级方案有效实施的要点有（ ）。,多选题,飞行原理,中等,3,是,对实施人员进行培训,使用合格的升级配件,做好实施过程中的记录,随意选择实施时间,忽略实施前的准备,,对实施人员进行培训;使用合格的升级配件;做好实施过程中的记录,,超级管理员,2025-09-18 15:38:26,2025-09-18 15:38:51
02726,无人机续航时间性能升级方案实施时，不需要遵循安全操作规程。（ ）,单选题,飞行原理,中等,2,是,正确,错误,,,,,错误,,超级管理员,2025-09-18 15:38:26,2025-09-18 15:38:51
02727,升级方案实施后，只需简单测试即可投入使用。（ ）,单选题,飞行原理,中等,2,是,正确,错误,,,,,错误,,超级管理员,2025-09-18 15:38:26,2025-09-18 15:38:51
02728,制定无人机载重比性能升级方案时，核心是（ ）。,单选题,飞行原理,中等,2,是,优化无人机的结构设计和动力匹配,增加无人机的尺寸,改变无人机的涂装,提高操作人员的工资,,,优化无人机的结构设计和动力匹配,,超级管理员,2025-09-18 15:38:26,2025-09-18 15:38:51
02729,通过改进无人机的材料来提升载重比，主要考虑材料的（ ）。,单选题,飞行原理,中等,2,是,强度和重量,颜色和外观,价格和供应,硬度和韧性,,,强度和重量,,超级管理员,2025-09-18 15:38:26,2025-09-18 15:38:51
02730,在制定无人机载重比性能升级方案时，进行载重模拟测试的目的是（ ）。,单选题,飞行原理,中等,2,是,验证方案对载重比提升的效果,计算升级成本,确定升级难度,选择升级工具,,,验证方案对载重比提升的效果,,超级管理员,2025-09-18 15:38:26,2025-09-18 15:38:51
02731,无人机载重比性能升级方案的制定方法有（ ）。,多选题,飞行原理,中等,3,是,理论计算分析,实际测试验证,参考行业标准,随意制定方案,忽略无人机的原有性能,,理论计算分析;实际测试验证;参考行业标准,,超级管理员,2025-09-18 15:38:26,2025-09-18 15:38:51
02732,制定无人机载重比性能升级方案时，需要考虑的因素包括（ ）。,多选题,飞行原理,中等,3,是,无人机的用途,飞行稳定性,成本效益,法律法规要求,无人机的品牌,,无人机的用途;飞行稳定性;成本效益;法律法规要求,,超级管理员,2025-09-18 15:38:26,2025-09-18 15:38:51
02733,制定无人机载重比性能升级方案时，不需要考虑无人机的飞行安全。（ ）,单选题,飞行原理,中等,2,是,正确,错误,,,,,错误,,超级管理员,2025-09-18 15:38:26,2025-09-18 15:38:51
02734,在制定方案时，不需要与相关部门沟通协调。（ ）,单选题,飞行原理,中等,2,是,正确,错误,,,,,错误,,超级管理员,2025-09-18 15:38:26,2025-09-18 15:38:51
02735,无人机载重比性能升级方案实施时，首先要（ ）。,单选题,飞行原理,中等,2,是,对无人机进行全面检查,直接更换零部件,进行升级操作,进行载重测试,,,对无人机进行全面检查,,超级管理员,2025-09-18 15:38:26,2025-09-18 15:38:51
02736,在升级无人机结构部件时，关键是（ ）。,单选题,飞行原理,中等,2,是,确保新部件的安装精度和可靠性,随意安装部件,增加部件数量,改变部件颜色,,,确保新部件的安装精度和可靠性,,超级管理员,2025-09-18 15:38:26,2025-09-18 15:38:51
02737,无人机载重比性能升级方案实施后，进行载重测试的目的是（ ）。,单选题,飞行原理,中等,2,是,检验载重比是否达到预期提升,检查无人机外观,测试无人机速度,确定无人机续航,,,检验载重比是否达到预期提升,,超级管理员,2025-09-18 15:38:26,2025-09-18 15:38:51
02738,无人机载重比性能升级方案的实施步骤有（ ）。,多选题,飞行原理,中等,3,是,按照设计方案进行改装,对升级后的无人机进行调试,进行多次载重测试,随意更改实施步骤,忽略实施后的评估,,按照设计方案进行改装;对升级后的无人机进行调试;进行多次载重测试,,超级管理员,2025-09-18 15:38:26,2025-09-18 15:38:51
02739,保证无人机载重比性能升级方案顺利实施的要点有（ ）。,多选题,飞行原理,中等,3,是,制定合理的实施计划,配备专业的实施人员,使用合适的工具和设备,随意选择实施地点,忽略实施过程中的质量控制,,制定合理的实施计划;配备专业的实施人员;使用合适的工具和设备,,超级管理员,2025-09-18 15:38:26,2025-09-18 15:38:51
02740,无人机载重比性能升级方案实施时，不需要进行质量检验。（ ）,单选题,飞行原理,中等,2,是,正确,错误,,,,,错误,,超级管理员,2025-09-18 15:38:26,2025-09-18 15:38:51
02741,升级方案实施后，无需进行飞行安全测试。（ ）,单选题,飞行原理,中等,2,是,正确,错误,,,,,错误,,超级管理员,2025-09-18 15:38:26,2025-09-18 15:38:51
02742,制定无人机飞行高度性能升级方案时，主要考虑改进（ ）。,单选题,飞行原理,中等,2,是,动力系统和飞控系统,无人机的起落架,无人机的通信系统,无人机的任务载荷,,,动力系统和飞控系统,,超级管理员,2025-09-18 15:38:26,2025-09-18 15:38:51
02743,通过优化飞控算法来提升飞行高度，关键在于（ ）。,单选题,飞行原理,中等,2,是,调整飞行姿态控制和升力调节算法,随意修改算法,增加算法复杂度,减少算法参数,,,调整飞行姿态控制和升力调节算法,,超级管理员,2025-09-18 15:38:26,2025-09-18 15:38:52
02744,在制定无人机飞行高度性能升级方案时，进行风洞试验的目的是（ ）。,单选题,飞行原理,中等,2,是,研究无人机在不同高度的空气动力学性能,计算升级成本,确定升级时间,选择升级材料,,,研究无人机在不同高度的空气动力学性能,,超级管理员,2025-09-18 15:38:26,2025-09-18 15:38:52
02745,无人机飞行高度性能升级方案的制定方法包含（ ）。,多选题,飞行原理,中等,3,是,空气动力学分析,飞行性能模拟,参考类似案例,随意确定方案,忽略飞行环境,,空气动力学分析;飞行性能模拟;参考类似案例,,超级管理员,2025-09-18 15:38:26,2025-09-18 15:38:52
02746,制定无人机飞行高度性能升级方案时，需考虑的因素有（ ）。,多选题,飞行原理,中等,3,是,大气环境条件,无人机的结构强度,电磁干扰,成本预算,无人机的颜色,,大气环境条件;无人机的结构强度;电磁干扰;成本预算,,超级管理员,2025-09-18 15:38:26,2025-09-18 15:38:52
02747,制定无人机飞行高度性能升级方案时，不需要考虑无人机的续航能力。（ ）,单选题,飞行原理,中等,2,是,正确,错误,,,,,错误,,超级管理员,2025-09-18 15:38:26,2025-09-18 15:38:52
02748,在制定方案过程中，不需要对升级方案进行验证。（ ）,单选题,飞行原理,中等,2,是,正确,错误,,,,,错误,,超级管理员,2025-09-18 15:38:26,2025-09-18 15:38:52
02749,无人机飞行高度性能升级方案实施的首要步骤是（ ）。,单选题,飞行原理,中等,2,是,准备相关技术资料和工具,拆除原有部件,安装新部件,进行飞行测试,,,准备相关技术资料和工具,,超级管理员,2025-09-18 15:38:26,2025-09-18 15:38:52
02750,在升级无人机动力系统时，关键操作是（ ）。,单选题,飞行原理,中等,2,是,确保新动力系统与无人机的兼容性和稳定性,随意更换动力系统,增加动力系统功率,改变动力系统安装位置,,,确保新动力系统与无人机的兼容性和稳定性,,超级管理员,2025-09-18 15:38:26,2025-09-18 15:38:52
02751,无人机飞行高度性能升级方案实施后，进行飞行高度测试的要点是（ ）。,单选题,飞行原理,中等,2,是,按照标准测试流程进行多组测试,随意选择测试高度,只进行一次测试,忽略测试环境,,,按照标准测试流程进行多组测试,,超级管理员,2025-09-18 15:38:26,2025-09-18 15:38:52
02752,无人机飞行高度性能升级方案的实施步骤包括（ ）。,多选题,飞行原理,中等,3,是,严格按照方案进行系统升级,对升级后的无人机进行校准和调试,进行飞行高度性能评估,随意调整实施步骤,忽略实施前的准备,,严格按照方案进行系统升级;对升级后的无人机进行校准和调试;进行飞行高度性能评估,,超级管理员,2025-09-18 15:38:26,2025-09-18 15:38:52
02753,保障无人机飞行高度性能升级方案有效实施的要点有（ ）。,多选题,飞行原理,中等,3,是,对实施人员进行技术交底,使用质量合格的升级部件,做好实施过程中的记录,随意选择实施时间,忽略实施后的检查,,对实施人员进行技术交底;使用质量合格的升级部件;做好实施过程中的记录,,超级管理员,2025-09-18 15:38:26,2025-09-18 15:38:52
02754,无人机飞行高度性能升级方案实施时，不需要进行安全风险评估。（ ）,单选题,飞行原理,中等,2,是,正确,错误,,,,,错误,,超级管理员,2025-09-18 15:38:26,2025-09-18 15:38:52
02755,升级方案实施后，只需简单检查即可投入使用。（ ）,单选题,飞行原理,中等,2,是,正确,错误,,,,,错误,,超级管理员,2025-09-18 15:38:26,2025-09-18 15:38:52
02756,制定无人机飞行速度性能升级方案时，关键在于提升（ ）。,单选题,飞行原理,中等,2,是,动力系统输出功率和降低空气阻力,无人机的重量,无人机的尺寸,无人机的通信质量,,,动力系统输出功率和降低空气阻力,,超级管理员,2025-09-18 15:38:26,2025-09-18 15:38:52
02757,通过改进无人机的机翼设计来提升飞行速度，主要关注机翼的（ ）。,单选题,飞行原理,中等,2,是,形状和表面光洁度,颜色和材质,厚度和宽度,长度和弧度,,,形状和表面光洁度,,超级管理员,2025-09-18 15:38:26,2025-09-18 15:38:52
02758,在制定无人机飞行速度性能升级方案时，进行数值模拟的目的是（ ）。,单选题,飞行原理,中等,2,是,预测方案实施后的飞行速度提升效果,计算升级成本,确定升级难度,选择升级工具,,,预测方案实施后的飞行速度提升效果,,超级管理员,2025-09-18 15:38:26,2025-09-18 15:38:52
02759,无人机飞行速度性能升级方案的制定方法有（ ）。,多选题,飞行原理,中等,3,是,理论研究与分析,实际飞行测试,借鉴先进技术,随意制定方案,忽略无人机的原有性能,,理论研究与分析;实际飞行测试;借鉴先进技术,,超级管理员,2025-09-18 15:38:26,2025-09-18 15:38:52
02760,制定无人机飞行速度性能升级方案时，需要考虑的因素包括（ ）。,多选题,飞行原理,中等,3,是,飞行安全,法律法规限制,成本效益,飞行稳定性,无人机的品牌,,飞行安全;法律法规限制;成本效益;飞行稳定性,,超级管理员,2025-09-18 15:38:26,2025-09-18 15:38:52
02761,制定无人机飞行速度性能升级方案时，不需要考虑无人机的操控性能。（ ）,单选题,飞行原理,中等,2,是,正确,错误,,,,,错误,,超级管理员,2025-09-18 15:38:26,2025-09-18 15:38:52
02762,在制定方案时，不需要与操作人员沟通需求。（ ）,单选题,飞行原理,中等,2,是,正确,错误,,,,,错误,,超级管理员,2025-09-18 15:38:26,2025-09-18 15:38:52
02763,无人机飞行速度性能升级方案实施时，首先要做的是（ ）。,单选题,飞行原理,中等,2,是,对无人机进行全面评估,拆除原有部件,安装新部件,进行飞行测试,,,对无人机进行全面评估,,超级管理员,2025-09-18 15:38:26,2025-09-18 15:38:52
02764,在升级无人机动力系统部件时，关键是（ ）。,单选题,飞行原理,中等,2,是,确保新部件的安装质量和性能匹配,随意安装部件,增加部件数量,改变部件颜色,,,确保新部件的安装质量和性能匹配,,超级管理员,2025-09-18 15:38:26,2025-09-18 15:38:52
02765,无人机飞行速度性能升级方案实施后，进行飞行速度测试的目的是（ ）。,单选题,飞行原理,中等,2,是,验证飞行速度是否达到预期提升,检查无人机外观,测试无人机高度,确定无人机载重,,,验证飞行速度是否达到预期提升,,超级管理员,2025-09-18 15:38:26,2025-09-18 15:38:52
02766,无人机飞行速度性能升级方案的实施步骤包含（ ）。,多选题,飞行原理,中等,3,是,按照方案进行部件更换和系统优化,对升级后的无人机进行全面调试,进行多次飞行速度测试,随意更改实施步骤,忽略实施后的评估,,按照方案进行部件更换和系统优化;对升级后的无人机进行全面调试;进行多次飞行速度测试,,超级管理员,2025-09-18 15:38:26,2025-09-18 15:38:52
02767,保证无人机飞行速度性能升级方案顺利实施的要点有（ ）。,多选题,飞行原理,中等,3,是,制定详细的实施计划,配备专业的技术人员,使用合适的测试设备,随意选择实施地点,忽略实施过程中的质量控制,,制定详细的实施计划;配备专业的技术人员;使用合适的测试设备,,超级管理员,2025-09-18 15:38:26,2025-09-18 15:38:52
02768,无人机飞行速度性能升级方案实施时，不需要进行质量检测。（ ）,单选题,飞行原理,中等,2,是,正确,错误,,,,,错误,,超级管理员,2025-09-18 15:38:26,2025-09-18 15:38:52
02770,制定无人机飞行距离性能升级方案时，首要考虑的因素是（ ）。,单选题,飞行原理,中等,2,是,动力系统效率和能耗,无人机外观设计,飞行操控方式,任务载荷重量,,,动力系统效率和能耗,,超级管理员,2025-09-18 15:38:26,2025-09-18 15:38:52
02771,通过优化无人机的气动外形提升飞行距离，关键在于（ ）。,单选题,飞行原理,中等,2,是,降低空气阻力系数,增大机翼面积,改变机身颜色,增加起落架高度,,,降低空气阻力系数,,超级管理员,2025-09-18 15:38:26,2025-09-18 15:38:52
02772,在制定方案时，进行飞行距离模拟计算的目的是（ ）。,单选题,飞行原理,中等,2,是,预估方案实施后的飞行距离提升效果,计算升级成本,确定升级时间,选择升级设备,,,预估方案实施后的飞行距离提升效果,,超级管理员,2025-09-18 15:38:26,2025-09-18 15:38:52
02773,无人机飞行距离性能升级方案的制定方法有（ ）。,多选题,飞行原理,中等,3,是,分析现有飞行数据,研究新型动力技术,参考同类产品升级经验,随意确定方案,忽略电池性能,,分析现有飞行数据;研究新型动力技术;参考同类产品升级经验,,超级管理员,2025-09-18 15:38:26,2025-09-18 15:38:52
02774,制定方案时，需考虑的因素有（ ）。,多选题,飞行原理,中等,3,是,飞行环境气候条件,无人机的续航能力,法律法规对飞行距离的限制,成本预算,操作人员的喜好,,飞行环境气候条件;无人机的续航能力;法律法规对飞行距离的限制;成本预算,,超级管理员,2025-09-18 15:38:26,2025-09-18 15:38:52
02775,制定无人机飞行距离性能升级方案时，不需要考虑无人机的通信距离。（ ）,单选题,飞行原理,中等,2,是,正确,错误,,,,,错误,,超级管理员,2025-09-18 15:38:26,2025-09-18 15:38:52
02776,在制定方案过程中，不需要对不同升级路径进行对比分析。（ ）,单选题,飞行原理,中等,2,是,正确,错误,,,,,错误,,超级管理员,2025-09-18 15:38:26,2025-09-18 15:38:52
02777,无人机飞行距离性能升级方案实施的第一步是（ ）。,单选题,飞行原理,中等,2,是,准备升级所需的技术资料和工具,拆解无人机,安装新部件,进行飞行测试,,,准备升级所需的技术资料和工具,,超级管理员,2025-09-18 15:38:26,2025-09-18 15:38:52
02778,在升级动力系统时，关键操作是（ ）。,单选题,飞行原理,中等,2,是,确保新动力系统与无人机的适配性和稳定性,随意更换动力系统,增加动力系统重量,改变动力系统安装角度,,,确保新动力系统与无人机的适配性和稳定性,,超级管理员,2025-09-18 15:38:26,2025-09-18 15:38:52
02779,方案实施后，进行飞行距离测试的要点是（ ）。,单选题,飞行原理,中等,2,是,按照标准流程在多种环境下进行多组测试,随意选择测试地点和次数,只进行一次长距离测试,忽略测试前的准备工作,,,按照标准流程在多种环境下进行多组测试,,超级管理员,2025-09-18 15:38:26,2025-09-18 15:38:52
02780,无人机飞行距离性能升级方案的实施步骤包含（ ）。,多选题,飞行原理,中等,3,是,严格按照方案进行系统升级,对升级后的无人机进行全面调试,进行多次飞行距离测试,随意调整实施步骤,忽略实施前的规划,,严格按照方案进行系统升级;对升级后的无人机进行全面调试;进行多次飞行距离测试,,超级管理员,2025-09-18 15:38:26,2025-09-18 15:38:52
02781,保障方案有效实施的要点有（ ）。,多选题,飞行原理,中等,3,是,对实施人员进行技术培训,使用质量合格的升级配件,做好实施过程中的记录,随意选择实施时间,忽略实施后的评估,,对实施人员进行技术培训;使用质量合格的升级配件;做好实施过程中的记录,,超级管理员,2025-09-18 15:38:26,2025-09-18 15:38:52
02782,无人机飞行距离性能升级方案实施时，不需要进行安全检查。（ ）,单选题,飞行原理,中等,2,是,正确,错误,,,,,错误,,超级管理员,2025-09-18 15:38:26,2025-09-18 15:38:52
02784,在制定无人机动力性能升级方案时，首先应进行的步骤是（ ）。,单选题,飞行原理,中等,2,是,更换更高功率的电机,增加电池容量,进行详细的系统评估和需求分析,动力系统的噪音,,,进行详细的系统评估和需求分析,,超级管理员,2025-09-18 15:38:26,2025-09-18 15:38:52
02785,在提升无人机的动力性能时，增加电池容量的主要目的是（ ）。,单选题,飞行原理,中等,2,是,提高飞行速度,延长飞行时间,改善飞行稳定性,增加散热设备重量,,,改善飞行稳定性,,超级管理员,2025-09-18 15:38:26,2025-09-18 15:38:52
02786,在制定方案时，进行动力性能模拟分析的目的是（ ）。,单选题,飞行原理,中等,2,是,评估方案对动力性能提升的可行性和效果,计算升级成本,确定升级难度,选择升级工具,,,评估方案对动力性能提升的可行性和效果,,超级管理员,2025-09-18 15:38:26,2025-09-18 15:38:52
02787,无人机动力性能升级方案的制定方法有（ ）。,多选题,飞行原理,中等,3,是,理论计算与分析,实际动力测试,借鉴先进动力技术,随意制定方案,忽略无人机的整体结构,,理论计算与分析;实际动力测试;借鉴先进动力技术,,超级管理员,2025-09-18 15:38:26,2025-09-18 15:38:52
02788,制定方案时，需要考虑的因素包括（ ）。,多选题,飞行原理,中等,3,是,无人机的用途和任务需求,动力系统的兼容性,成本效益,法律法规要求,无人机的品牌,,无人机的用途和任务需求;动力系统的兼容性;成本效益;法律法规要求,,超级管理员,2025-09-18 15:38:26,2025-09-18 15:38:52
02789,制定无人机动力性能升级方案时，不需要考虑动力系统的维护难度。（ ）,单选题,飞行原理,中等,2,是,正确,错误,,,,,错误,,超级管理员,2025-09-18 15:38:26,2025-09-18 15:38:52
02790,在制定方案时，不需要与动力系统供应商沟通。（ ）,单选题,飞行原理,中等,2,是,正确,错误,,,,,错误,,超级管理员,2025-09-18 15:38:26,2025-09-18 15:38:52
02791,无人机动力性能性能升级方案实施时，首先要（ ）。,单选题,飞行原理,中等,2,是,对无人机和动力系统进行全面检测,直接更换动力系统部件,进行升级操作,进行动力性能测试,,,对无人机和动力系统进行全面检测,,超级管理员,2025-09-18 15:38:26,2025-09-18 15:38:52
02792,在升级动力系统部件时，关键是（ ）。,单选题,飞行原理,中等,2,是,确保新部件的安装精度和性能匹配,随意安装部件,增加部件数量,改变部件颜色,,,确保新部件的安装精度和性能匹配,,超级管理员,2025-09-18 15:38:26,2025-09-18 15:38:52
02793,方案实施后，进行动力性能测试的目的是（ ）。,单选题,飞行原理,中等,2,是,验证动力性能是否达到预期提升,检查无人机外观,测试无人机飞行速度,确定无人机载重,,,验证动力性能是否达到预期提升,,超级管理员,2025-09-18 15:38:26,2025-09-18 15:38:52
02794,无人机动力性能性能升级方案的实施步骤有（ ）。,多选题,飞行原理,中等,3,是,按照设计方案进行动力系统改装,对升级后的动力系统进行调试,进行多次动力性能测试,随意更改实施步骤,忽略实施后的评估,,按照设计方案进行动力系统改装;对升级后的动力系统进行调试;进行多次动力性能测试,,超级管理员,2025-09-18 15:38:26,2025-09-18 15:38:52
02795,保证方案顺利实施的要点有（ ）。,多选题,飞行原理,中等,3,是,制定详细的实施计划,配备专业的技术人员,使用合适的工具和设备,随意选择实施地点,忽略实施过程中的质量控制,,制定详细的实施计划;配备专业的技术人员;使用合适的工具和设备,,超级管理员,2025-09-18 15:38:26,2025-09-18 15:38:52
02796,无人机动力性能性能升级方案实施时，不需要进行质量控制。（ ）,单选题,飞行原理,中等,2,是,正确,错误,,,,,错误,,超级管理员,2025-09-18 15:38:26,2025-09-18 15:38:52
02798,无人机布局结构中，对稳定性影响最大的是（ ）。,单选题,飞行原理,中等,2,是,机翼与机身的连接方式和布局,起落架的材质,无人机的涂装,任务载荷的类型,,,机翼与机身的连接方式和布局,,超级管理员,2025-09-18 15:38:26,2025-09-18 15:38:52
02799,合理的布局结构能增强无人机稳定性，主要是因为（ ）。,单选题,飞行原理,中等,2,是,优化了重心分布和空气动力学性能,增加了无人机的重量,改变了无人机的飞行速度,提高了动力系统效率,,,优化了重心分布和空气动力学性能,,超级管理员,2025-09-18 15:38:26,2025-09-18 15:38:52
02800,当无人机布局结构发生变化时，稳定性的变化趋势主要取决于（ ）。,单选题,飞行原理,中等,2,是,结构变化对重心和惯性矩的影响,结构变化的大小,结构变化的位置,结构变化的时间,,,结构变化对重心和惯性矩的影响,,超级管理员,2025-09-18 15:38:26,2025-09-18 15:38:52
02801,影响布局结构与稳定性关系的因素有（ ）。,多选题,飞行原理,中等,3,是,无人机的飞行姿态,布局结构的对称性,部件的安装位置,空气密度,操作人员的技术,,无人机的飞行姿态;布局结构的对称性;部件的安装位置,,超级管理员,2025-09-18 15:38:26,2025-09-18 15:38:52
02802,优化布局结构提升稳定性的方法有（ ）。,多选题,飞行原理,中等,3,是,调整机翼的展弦比,合理安排设备的安装位置,增加机身的长度,改变起落架的高度,使用轻质高强度材料,,调整机翼的展弦比;合理安排设备的安装位置,,超级管理员,2025-09-18 15:38:26,2025-09-18 15:38:52
02803,无人机布局结构对稳定性的影响可以忽略不计。（ ）,单选题,飞行原理,中等,2,是,正确,错误,,,,,错误,,超级管理员,2025-09-18 15:38:26,2025-09-18 15:38:52
02804,布局结构的微小变化不会对无人机稳定性产生影响。（ ）,单选题,飞行原理,中等,2,是,正确,错误,,,,,错误,,超级管理员,2025-09-18 15:38:26,2025-09-18 15:38:52
02805,在无人机部件中，硬度对稳定性影响较大的是（ ）。,单选题,飞行原理,中等,2,是,机翼的蒙皮,起落架,电池,通信天线,,,起落架,,超级管理员,2025-09-18 15:38:26,2025-09-18 15:38:52
02806,当无人机部件硬度增加时，其稳定性的变化是（ ）。,单选题,飞行原理,中等,2,是,在一定程度上增强，可抵抗更大外力变形,降低，因为材料变脆,不变，硬度与稳定性无关,先增强后降低,,,在一定程度上增强，可抵抗更大外力变形,,超级管理员,2025-09-18 15:38:26,2025-09-18 15:38:53
02807,判断硬度是否满足稳定性要求的关键指标是（ ）。,单选题,飞行原理,中等,2,是,部件在受力时的变形程度,硬度的具体数值,硬度的测量方法,硬度的变化速率,,,部件在受力时的变形程度,,超级管理员,2025-09-18 15:38:26,2025-09-18 15:38:53
02808,影响硬度与稳定性关系的因素有（ ）。,多选题,飞行原理,中等,3,是,部件的材料特性,所受外力的类型和大小,无人机的飞行环境温度,硬度的均匀性,无人机的品牌,,部件的材料特性;所受外力的类型和大小;无人机的飞行环境温度;硬度的均匀性,,超级管理员,2025-09-18 15:38:26,2025-09-18 15:38:53
02809,通过调整硬度提升稳定性的措施有（ ）。,多选题,飞行原理,中等,3,是,对部件进行热处理,选择合适硬度的材料,表面硬化处理,随意改变硬度,忽略材料的其他性能,,对部件进行热处理;选择合适硬度的材料;表面硬化处理,,超级管理员,2025-09-18 15:38:26,2025-09-18 15:38:53
02810,硬度越高，无人机部件的稳定性就一定越好。（ ）,单选题,飞行原理,中等,2,是,正确,错误,,,,,错误,,超级管理员,2025-09-18 15:38:26,2025-09-18 15:38:53
02811,硬度对无人机的飞行稳定性没有任何影响。（ ）,单选题,飞行原理,中等,2,是,正确,错误,,,,,错误,,超级管理员,2025-09-18 15:38:26,2025-09-18 15:38:53
02812,无人机结构的刚度主要影响其（ ）。,单选题,飞行原理,中等,2,是,抵抗变形的能力，进而影响稳定性,动力性能,通信质量,续航能力,,,抵抗变形的能力，进而影响稳定性,,超级管理员,2025-09-18 15:38:26,2025-09-18 15:38:53
02813,增加无人机结构刚度可以提升稳定性，主要原理是（ ）。,单选题,飞行原理,中等,2,是,减少结构在受力时的变形量,增大结构的重量,改变结构的形状,提高结构的硬度,,,减少结构在受力时的变形量,,超级管理员,2025-09-18 15:38:26,2025-09-18 15:38:53
02814,在评估刚度与稳定性关系时，关键要考虑（ ）。,单选题,飞行原理,中等,2,是,结构所承受的载荷类型和大小,刚度的测量单位,刚度的变化频率,结构的颜色,,,结构所承受的载荷类型和大小,,超级管理员,2025-09-18 15:38:26,2025-09-18 15:38:53
02815,影响刚度与稳定性关系的因素有（ ）。,多选题,飞行原理,中等,3,是,结构的几何形状,材料的弹性模量,连接方式的强度,无人机的飞行速度,操作人员的操作习惯,,结构的几何形状;材料的弹性模量;连接方式的强度,,超级管理员,2025-09-18 15:38:26,2025-09-18 15:38:53
02816,优化刚度提升稳定性的方法有（ ）。,多选题,飞行原理,中等,3,是,合理设计结构的截面形状,增加加强筋,选择高弹性模量的材料,随意改变结构,忽略结构的重量,,合理设计结构的截面形状;增加加强筋;选择高弹性模量的材料,,超级管理员,2025-09-18 15:38:26,2025-09-18 15:38:53
02817,刚度与无人机的稳定性之间没有必然联系。（ ）,单选题,飞行原理,中等,2,是,正确,错误,,,,,错误,,超级管理员,2025-09-18 15:38:26,2025-09-18 15:38:53
02818,只要增加刚度，无人机的稳定性就会无限制提升。（ ）,单选题,飞行原理,中等,2,是,正确,错误,,,,,错误,,超级管理员,2025-09-18 15:38:26,2025-09-18 15:38:53
02819,调整无人机布局结构时，首先要进行的是（ ）。,单选题,飞行原理,中等,2,是,分析现有布局结构的优缺点,直接拆除部件,安装新部件,进行飞行测试,,,分析现有布局结构的优缺点,,超级管理员,2025-09-18 15:38:26,2025-09-18 15:38:53
02820,为优化无人机的稳定性调整布局结构，关键在于（ ）。,单选题,飞行原理,中等,2,是,合理调整重心位置和部件布局,随意改变部件位置,增加部件数量,改变部件颜色,,,合理调整重心位置和部件布局,,超级管理员,2025-09-18 15:38:26,2025-09-18 15:38:53
02821,在调整布局结构后，必须进行的操作是（ ）。,单选题,飞行原理,中等,2,是,进行结构强度和稳定性分析,立即进行飞行测试,忽略调整后的检查,增加无人机的载重,,,进行结构强度和稳定性分析,,超级管理员,2025-09-18 15:38:26,2025-09-18 15:38:53
02822,布局结构的调整方法有（ ）。,多选题,飞行原理,中等,3,是,重新设计部件的连接方式,优化机翼和机身的布局比例,改变起落架的安装位置,随意切割结构部件,忽略空气动力学要求,,重新设计部件的连接方式;优化机翼和机身的布局比例;改变起落架的安装位置,,超级管理员,2025-09-18 15:38:26,2025-09-18 15:38:53
02823,保障布局结构调整效果的要点有（ ）。,多选题,飞行原理,中等,3,是,制定详细的调整计划,使用专业的设计软件,对调整后的结构进行测试,随意选择调整方案,忽略调整过程中的安全,,制定详细的调整计划;使用专业的设计软件;对调整后的结构进行测试,,超级管理员,2025-09-18 15:38:26,2025-09-18 15:38:53
02824,布局结构调整可以随意进行，不需要考虑后果。（ ）,单选题,飞行原理,中等,2,是,正确,错误,,,,,错误,,超级管理员,2025-09-18 15:38:26,2025-09-18 15:38:53
02825,调整布局结构后，不需要进行飞行试验验证。（ ）,单选题,飞行原理,中等,2,是,正确,错误,,,,,错误,,超级管理员,2025-09-18 15:38:26,2025-09-18 15:38:53
02826,调整无人机部件硬度时，常用的方法是（ ）。,单选题,飞行原理,中等,2,是,热处理工艺（如淬火、回火等）,改变部件的形状,增加部件的重量,改变部件的颜色,,,热处理工艺（如淬火、回火等）,,超级管理员,2025-09-18 15:38:26,2025-09-18 15:38:53
02827,通过选择不同材料来调整硬度，关键在于（ ）。,单选题,飞行原理,中等,2,是,了解材料的硬度特性和适用场景,随意选择材料,选择价格最高的材料,选择重量最轻的材料,,,了解材料的硬度特性和适用场景,,超级管理员,2025-09-18 15:38:26,2025-09-18 15:38:53
02828,在调整硬度后，需要进行的检测是（ ）。,单选题,飞行原理,中等,2,是,硬度测试和材料性能检测,外观检查,重量测量,颜色检测,,,硬度测试和材料性能检测,,超级管理员,2025-09-18 15:38:26,2025-09-18 15:38:53
02829,硬度的调整方法还包括（ ）。,多选题,飞行原理,中等,3,是,表面渗碳、渗氮处理,冷加工变形,添加硬度增强剂,随意改变硬度调整工艺,忽略材料的原始硬度,,表面渗碳、渗氮处理;冷加工变形;添加硬度增强剂,,超级管理员,2025-09-18 15:38:26,2025-09-18 15:38:53
02830,保障硬度调整质量的要点有（ ）。,多选题,飞行原理,中等,3,是,严格控制调整工艺参数,选择合适的调整设备,做好调整后的质量检测,随意调整硬度,忽略调整过程中的安全,,严格控制调整工艺参数;选择合适的调整设备;做好调整后的质量检测,,超级管理员,2025-09-18 15:38:26,2025-09-18 15:38:53
02831,硬度调整可以不按照工艺要求进行。（ ）,单选题,飞行原理,中等,2,是,正确,错误,,,,,错误,,超级管理员,2025-09-18 15:38:26,2025-09-18 15:38:53
02832,调整硬度后，不需要对部件的其他性能进行评估。（ ）,单选题,飞行原理,中等,2,是,正确,错误,,,,,错误,,超级管理员,2025-09-18 15:38:26,2025-09-18 15:38:53
02833,调整无人机结构刚度的有效方法是（ ）。,单选题,飞行原理,中等,2,是,改变结构的截面形状和尺寸,随意拆除结构部件,增加结构的重量,改变结构的颜色,,,改变结构的截面形状和尺寸,,超级管理员,2025-09-18 15:38:26,2025-09-18 15:38:53
02834,通过增加加强筋提升结构刚度，关键在于（ ）。,单选题,飞行原理,中等,2,是,合理设计加强筋的布局和尺寸,随意安装加强筋,增加加强筋的重量,改变加强筋的颜色,,,合理设计加强筋的布局和尺寸,,超级管理员,2025-09-18 15:38:26,2025-09-18 15:38:53
02835,在调整刚度后，需要进行的测试是（ ）。,单选题,飞行原理,中等,2,是,结构刚度测试和稳定性测试,外观测试,重量测试,导电性测试,,,结构刚度测试和稳定性测试,,超级管理员,2025-09-18 15:38:26,2025-09-18 15:38:53
02836,刚度的调整方法有（ ）。,多选题,飞行原理,中等,3,是,选择高弹性模量的材料,优化结构的连接方式,增加结构的壁厚,随意改变结构设计,忽略结构的使用环境,,选择高弹性模量的材料;优化结构的连接方式;增加结构的壁厚,,超级管理员,2025-09-18 15:38:26,2025-09-18 15:38:53
02837,保障刚度调整效果的要点有（ ）。,多选题,飞行原理,中等,3,是,进行详细的结构分析和计算,使用质量合格的材料和部件,做好调整后的性能检测,随意调整刚度,忽略调整过程中的安全,,进行详细的结构分析和计算;使用质量合格的材料和部件;做好调整后的性能检测,,超级管理员,2025-09-18 15:38:26,2025-09-18 15:38:53
02838,刚度调整可以不考虑结构的重量和成本。（ ）,单选题,飞行原理,中等,2,是,正确,错误,,,,,错误,,超级管理员,2025-09-18 15:38:26,2025-09-18 15:38:53
02839,调整刚度后，不需要对无人机的整体性能进行评估。（ ）,单选题,飞行原理,中等,2,是,正确,错误,,,,,错误,,超级管理员,2025-09-18 15:38:26,2025-09-18 15:38:53
02840,无人机重心位置靠前，会导致（ ）。,单选题,飞行原理,中等,2,是,机头容易下沉，影响飞行姿态稳定性,机尾容易下沉,飞行速度加快,续航能力增强,,,机头容易下沉，影响飞行姿态稳定性,,超级管理员,2025-09-18 15:38:26,2025-09-18 15:38:53
02841,为保证无人机飞行稳定性，重心位置应（ ）。,单选题,飞行原理,中等,2,是,处于设计的合理范围内,随意设置,尽量靠前,尽量靠后,,,处于设计的合理范围内,,超级管理员,2025-09-18 15:38:26,2025-09-18 15:38:53
02842,当无人机重心位置发生变化时，影响飞行稳定性的主要因素是（ ）。,单选题,飞行原理,中等,2,是,重心变化导致的力矩改变,重心变化的方向,重心变化的大小,重心变化的时间,,,重心变化导致的力矩改变,,超级管理员,2025-09-18 15:38:26,2025-09-18 15:38:53
02843,影响重心位置与飞行稳定性关系的因素有（ ）。,多选题,飞行原理,中等,3,是,无人机的载重分布,部件的安装位置,飞行姿态的调整,空气密度,操作人员的心情,,无人机的载重分布;部件的安装位置;飞行姿态的调整,,超级管理员,2025-09-18 15:38:26,2025-09-18 15:38:53
02844,通过调整重心位置提升飞行稳定性的措施有（ ）。,多选题,飞行原理,中等,3,是,合理安排设备和载荷的放置位置,调整机翼的安装角度,改变起落架的高度,随意移动重心,忽略重心对其他性能的影响,,合理安排设备和载荷的放置位置;调整机翼的安装角度,,超级管理员,2025-09-18 15:38:26,2025-09-18 15:38:53
02845,重心位置对无人机飞行稳定性没有影响。（ ）,单选题,飞行原理,中等,2,是,正确,错误,,,,,错误,,超级管理员,2025-09-18 15:38:26,2025-09-18 15:38:53
02846,只要重心在无人机内部，就不会影响飞行稳定性。（ ）,单选题,飞行原理,中等,2,是,正确,错误,,,,,错误,,超级管理员,2025-09-18 15:38:26,2025-09-18 15:38:53
02847,无人机重心位置靠后，对飞行机动性的影响是（ ）。,单选题,飞行原理,中等,2,是,俯仰机动性增强，滚转和偏航机动性可能受影响,所有机动性都减弱,所有机动性都增强,对机动性无影响,,,俯仰机动性增强，滚转和偏航机动性可能受影响,,超级管理员,2025-09-18 15:38:26,2025-09-18 15:38:53
02848,在追求高机动性飞行时，无人机重心应（ ）。,单选题,飞行原理,中等,2,是,适当靠后，但需保证飞行稳定性,尽量靠前,处于机身中心,随意设置,,,适当靠后，但需保证飞行稳定性,,超级管理员,2025-09-18 15:38:26,2025-09-18 15:38:53
02849,当无人机重心位置发生较大变化时，飞行机动性首先受影响的是（ ）。,单选题,飞行原理,中等,2,是,姿态改变的响应速度,飞行速度,续航时间,飞行高度,,,姿态改变的响应速度,,超级管理员,2025-09-18 15:38:26,2025-09-18 15:38:53
02850,影响重心位置与飞行机动性关系的因素有（ ）。,多选题,飞行原理,中等,3,是,无人机的机翼形状,动力系统的推力方向,飞行控制系统的性能,任务载荷的重量和分布,操作人员的技术水平,,无人机的机翼形状;动力系统的推力方向;飞行控制系统的性能;任务载荷的重量和分布,,超级管理员,2025-09-18 15:38:26,2025-09-18 15:38:53
02851,在分析重心位置与飞行机动性时，需考虑的方面有（ ）。,多选题,飞行原理,中等,3,是,不同飞行阶段的重心变化需求,空气动力学特性,无人机的结构强度,成本因素,法律法规,,不同飞行阶段的重心变化需求;空气动力学特性;无人机的结构强度,,超级管理员,2025-09-18 15:38:26,2025-09-18 15:38:53
02852,重心位置对无人机的飞行机动性影响很小，可以忽略不计。（ ）,单选题,飞行原理,中等,2,是,正确,错误,,,,,错误,,超级管理员,2025-09-18 15:38:26,2025-09-18 15:38:53
02853,无论重心位置如何变化，无人机的飞行机动性都能保持稳定。（ ）,单选题,飞行原理,中等,2,是,正确,错误,,,,,错误,,超级管理员,2025-09-18 15:38:26,2025-09-18 15:38:53
02854,调整无人机重心位置时，最直接的方法是（ ）。,单选题,飞行原理,中等,2,是,改变设备或载荷的安装位置,更换更轻的材料,调整动力系统的功率,改变飞行控制系统参数,,,改变设备或载荷的安装位置,,超级管理员,2025-09-18 15:38:26,2025-09-18 15:38:53
02855,当需要将无人机重心向前调整时，可行的操作是（ ）。,单选题,飞行原理,中等,2,是,将部分设备向前移动或在机头增加配重,将部分设备向后移动,拆除机尾部分部件,增加机翼面积,,,将部分设备向前移动或在机头增加配重,,超级管理员,2025-09-18 15:38:26,2025-09-18 15:38:53
02856,在调整重心位置后，必须进行的工作是（ ）。,单选题,飞行原理,中等,2,是,重新进行重心测量和飞行性能评估,立即进行飞行测试,忽略调整后的检查,增加无人机的载重,,,重新进行重心测量和飞行性能评估,,超级管理员,2025-09-18 15:38:26,2025-09-18 15:38:53
02857,重心位置的调整方法还包括（ ）。,多选题,飞行原理,中等,3,是,改变电池的放置位置,使用可移动的配重块,优化机翼的安装角度,随意拆除部件,忽略重心调整的精度,,改变电池的放置位置;使用可移动的配重块,,超级管理员,2025-09-18 15:38:26,2025-09-18 15:38:53
02858,保障重心位置调整效果的要点有（ ）。,多选题,飞行原理,中等,3,是,制定详细的调整计划,使用高精度的测量工具,对调整后的无人机进行全面测试,随意选择调整方案,忽略调整过程中的安全,,制定详细的调整计划;使用高精度的测量工具;对调整后的无人机进行全面测试,,超级管理员,2025-09-18 15:38:26,2025-09-18 15:38:53
02859,重心位置调整可以随意进行，不需要考虑对无人机其他性能的影响。（ ）,单选题,飞行原理,中等,2,是,正确,错误,,,,,错误,,超级管理员,2025-09-18 15:38:26,2025-09-18 15:38:53
02860,调整重心位置后，不需要重新校准飞行控制系统。（ ）,单选题,飞行原理,中等,2,是,正确,错误,,,,,错误,,超级管理员,2025-09-18 15:38:26,2025-09-18 15:38:53
02861,无人机重心位置配平的目的是（ ）。,单选题,飞行原理,中等,2,是,使无人机在飞行过程中保持稳定的姿态和平衡,提高飞行速度,增加续航时间,增强动力性能,,,使无人机在飞行过程中保持稳定的姿态和平衡,,超级管理员,2025-09-18 15:38:26,2025-09-18 15:38:53
02862,在进行重心位置配平时，常用的计算依据是（ ）。,单选题,飞行原理,中等,2,是,无人机各部件的重量和位置分布,无人机的外观形状,飞行环境的温度和湿度,操作人员的指令,,,无人机各部件的重量和位置分布,,超级管理员,2025-09-18 15:38:26,2025-09-18 15:38:53
02863,当无人机重心位置配平出现偏差时，会导致（ ）。,单选题,飞行原理,中等,2,是,飞行姿态不稳定，操控困难,飞行高度无法保持,动力系统故障,通信导航系统失效,,,飞行姿态不稳定，操控困难,,超级管理员,2025-09-18 15:38:26,2025-09-18 15:38:53
02864,重心位置的配平方法有（ ）。,多选题,飞行原理,中等,3,是,计算配平重量和位置并添加配重,调整设备的布局,改变机翼的形状,随意配平,忽略配平后的测试,,计算配平重量和位置并添加配重;调整设备的布局,,超级管理员,2025-09-18 15:38:26,2025-09-18 15:38:53
02865,保障重心位置配平质量的要点有（ ）。,多选题,飞行原理,中等,3,是,精确测量各部件的重量和重心,使用专业的配平软件,对配平后的无人机进行严格的测试,随意选择配平方案,忽略配平过程中的安全,,精确测量各部件的重量和重心;使用专业的配平软件;对配平后的无人机进行严格的测试,,超级管理员,2025-09-18 15:38:26,2025-09-18 15:38:53
02866,重心位置配平可以不按照科学方法进行，凭经验即可。（ ）,单选题,飞行原理,中等,2,是,正确,错误,,,,,错误,,超级管理员,2025-09-18 15:38:26,2025-09-18 15:38:53
02867,配平后不需要再次检查重心位置是否符合要求。（ ）,单选题,飞行原理,中等,2,是,正确,错误,,,,,错误,,超级管理员,2025-09-18 15:38:26,2025-09-18 15:38:54
02868,优化飞行控制与导航系统安装位置时，首要考虑的因素是（ ）。,单选题,飞行原理,中等,2,是,减少系统受到的振动和干扰，保证信号传输稳定,安装的便利性,系统的外观美观,安装成本,,,减少系统受到的振动和干扰，保证信号传输稳定,,超级管理员,2025-09-18 15:38:26,2025-09-18 15:38:54
02869,为提高飞行控制与导航系统的性能，安装位置应（ ）。,单选题,飞行原理,中等,2,是,靠近飞机重心且远离干扰源,随意选择,尽量靠近机头,尽量靠近机尾,,,靠近飞机重心且远离干扰源,,超级管理员,2025-09-18 15:38:26,2025-09-18 15:38:54
02870,在优化安装位置后，需要进行的测试是（ ）。,单选题,飞行原理,中等,2,是,系统性能测试和飞行稳定性测试,外观测试,重量测试,导电性测试,,,系统性能测试和飞行稳定性测试,,超级管理员,2025-09-18 15:38:26,2025-09-18 15:38:54
02871,飞行控制与导航系统安装位置优化方法有（ ）。,多选题,飞行原理,中等,3,是,进行电磁兼容性分析后选择合适位置,参考同类产品的安装经验,考虑无人机的结构特点,随意安装,忽略系统之间的信号交互,,进行电磁兼容性分析后选择合适位置;参考同类产品的安装经验;考虑无人机的结构特点,,超级管理员,2025-09-18 15:38:26,2025-09-18 15:38:54
02872,保障安装位置优化效果的要点有（ ）。,多选题,飞行原理,中等,3,是,制定详细的安装计划,使用合适的固定和防护措施,对安装后的系统进行全面调试,随意选择安装位置,忽略安装过程中的安全,,制定详细的安装计划;使用合适的固定和防护措施;对安装后的系统进行全面调试,,超级管理员,2025-09-18 15:38:26,2025-09-18 15:38:54
02873,飞行控制与导航系统的安装位置对其性能影响不大，可以随意安装。（ ）,单选题,飞行原理,中等,2,是,正确,错误,,,,,错误,,超级管理员,2025-09-18 15:38:26,2025-09-18 15:38:54
02874,优化安装位置后，不需要对整个飞行控制系统进行重新校准。（ ）,单选题,飞行原理,中等,2,是,正确,错误,,,,,错误,,超级管理员,2025-09-18 15:38:26,2025-09-18 15:38:54
02875,（）是社会主义职业道德的核心思想。,单选题,飞行安全,中等,2,是,为人民服务,执政为民,核心价值观,立党入公,,,为人民服务,,超级管理员,2025-09-18 15:39:14,2025-09-18 15:39:14
02881,《公民道德建设实施纲要》明确提出所有从业人员都应该共同遵守的主要行为规范是（）。,单选题,飞行安全,中等,2,是,爱岗敬业诚实守信办事公道服务群众奉献社会,懂得服从信守承诺坚守岗位精神饱满用心服务,谨言慎行学习创新艰苦奋斗团结互助维护荣誉,热爱本职秉公执法不谋私利严肃风纪着装整洁,,,爱岗敬业诚实守信办事公道服务群众奉献社会,,超级管理员,2025-09-18 15:39:14,2025-09-18 15:39:14
02885,讲究质量、注重信誉是社会主义职业道德最重要的规范之一。（）,单选题,飞行安全,中等,2,是,正确,错误,,,,,正确,,超级管理员,2025-09-18 15:39:14,2025-09-18 15:39:14
02886,社会公德的主要规范是:文明礼貌、助人为乐、爱护公物、勤俭持家、遵纪守法。（）,单选题,飞行安全,中等,2,是,正确,错误,,,,,错误,,超级管理员,2025-09-18 15:39:14,2025-09-18 15:39:14
02893,法律对道德的影响主要体现是（）。,单选题,飞行安全,中等,2,是,强制执行和惩罚措施,规范和约束行为范围,宣传道德价值观,保护公民权利和自由,,,规范和约束行为范围,,超级管理员,2025-09-18 15:39:14,2025-09-18 15:39:14
02894,道德与法律是社会规范的两个重要方面，他们之间的关系是（）。,单选题,飞行安全,中等,2,是,范围相同,互不重叠,相辅相成,层次相同,,,相辅相成,,超级管理员,2025-09-18 15:39:14,2025-09-18 15:39:14
02897,触犯了法律就一定违反了职业道德。（）,单选题,飞行安全,困难,2,是,正确,错误,,,,,正确,,超级管理员,2025-09-18 15:39:14,2025-09-18 15:39:14
02898,职业道德和法律都体现人民群众的利益和意志。（）,单选题,飞行安全,中等,2,是,正确,错误,,,,,正确,,超级管理员,2025-09-18 15:39:14,2025-09-18 15:39:14
02900,假设你在工作中出现了一次小的失误，暂时还未给单位造成什么损失，领导也没有发现在这种情况下，你认为最好的一种处理办法是（）。,单选题,飞行安全,中等,2,是,不向任何人提起这件事,不告诉任何人，自己在以后的工作中弥补过失,告诉领导，承认自己的过失并承担相应的责任,告诉自己最好的朋友，请他帮自己想一个最好的办法,,,告诉领导，承认自己的过失并承担相应的责任,,超级管理员,2025-09-18 15:39:14,2025-09-18 15:39:14
02901,“5.12地震”中，德阳汉旺东汽中学高二（一）班老师谭千秋正在上课，危急时刻张开双臂、躬下身躯护住课桌下的4名同学，献出了51岁的生命，这是（）。的最高表现形式,单选题,飞行安全,困难,2,是,奉献社会,忠于职守,诚实守信,热爱本职,,,忠于职守,,超级管理员,2025-09-18 15:39:14,2025-09-18 15:39:14
02905,某工程队在施工时要把网线穿过一根10米长，但直径只有3厘米的管道，而且管道已经砌在墙体里，并且绕了3个弯，用常规方法无法完成任务一位工程师想出一个主意:从宠物市场买来一只老鼠，把一根线绑在老鼠身上，让老鼠沿着管子跑，这样网线安装的难题顺利得到解决这个案例表明（）。,单选题,飞行安全,中等,2,是,创新的本质是突破,这种方法缺乏专业性，不符合创新的本质,开辟一个新市场才属于创新,这只是歪打正着，不是真正的创新,,,创新的本质是突破,,超级管理员,2025-09-18 15:39:14,2025-09-18 15:39:14
02907,历涛用1千克面粉，制作并拉出2097152根面条，累计长度为2852千米，相当于从北京到新疆哈密市的距离历涛拉出的面条细如丝，根根不断，一个针眼可穿人18根面条，这个案例表现了（）。的职业道德模范,单选题,飞行安全,中等,2,是,严于律己,探索创新,技艺精湛,执行工艺,,,技艺精湛,,超级管理员,2025-09-18 15:39:14,2025-09-18 15:39:14
02908,《庄子》中记载的庖丁解牛的故事体现了（）。的职业道德模范,单选题,飞行安全,中等,2,是,技艺精湛,精益求精,专心致志,执行工艺,,,精益求精,,超级管理员,2025-09-18 15:39:14,2025-09-18 15:39:14
02909,我国著名画家齐白石，1955年荣获国际和平奖他创作的作品深受世界人民欢迎，赢得高度评价他在艺术创作的道路上，几十年如一日，勤奋不懈，即使在八十岁高龄时，还每日坚持挥毫作画这个案例体现了勤学苦练、精益求精的职业道德模范。（）,单选题,飞行安全,中等,2,是,正确,错误,,,,,正确,,超级管理员,2025-09-18 15:39:14,2025-09-18 15:39:14
02913,在强风条件下，无人机的飞行高度应该控制在（）。以下,单选题,飞行安全,中等,2,是,100米,200米,300米,400米,,,100米,,超级管理员,2025-09-18 15:39:14,2025-09-18 15:39:14
02920,（）。步骤直接影响到产品的最终质量,单选题,飞行安全,中等,2,是,原材料采购,产品设计,工艺执行,品质检验,,,工艺执行,,超级管理员,2025-09-18 15:39:14,2025-09-18 15:39:14
02930,在包装材料的选择上，（）。选择更符合环保理念,单选题,飞行安全,中等,2,是,可降解材料,可回收材料,少量包装,使用可重复使用的包装,,,可降解材料,,超级管理员,2025-09-18 15:39:14,2025-09-18 15:39:15
02931,在公共场所吸烟且不听从劝阻，这主要违背了（）。,单选题,飞行安全,中等,2,是,治安管理规定,消防安全规定,公共场所禁烟规定,城市管理规定,,,公共场所禁烟规定,,超级管理员,2025-09-18 15:39:14,2025-09-18 15:39:15
02932,企业通过（）。处理生产废料以实现资源的最大化利用,单选题,飞行安全,中等,2,是,分类回收,循环利用,转售给专业回收公司,直接填埋或焚烧,,,循环利用,,超级管理员,2025-09-18 15:39:14,2025-09-18 15:39:15
02933,环境保护坚持保护优先、预防为主、综合治理、公众参与、损害担责的原则。（）,单选题,飞行安全,中等,2,是,正确,错误,,,,,正确,,超级管理员,2025-09-18 15:39:14,2025-09-18 15:39:15
02934,绿色工厂是指原料无害化、生产洁净化、废物资源化、能源低碳化的企业，是绿色制造核心实施单元，对用地集约率没有要求。（）,单选题,飞行安全,中等,2,是,正确,错误,,,,,错误,,超级管理员,2025-09-18 15:39:14,2025-09-18 15:39:15
02938,无人机是利用（）。设备和自备的程序控制装置操纵的不载人飞机,单选题,飞行原理,中等,2,是,遥控,导航,飞行,通讯,,,遥控,,超级管理员,2025-09-18 15:39:14,2025-09-18 15:39:15
02941,（）。不是无人机系统必备的组成部分,单选题,飞行原理,中等,2,是,飞行器,传感器,数据处理设备,操作员,,,操作员,,超级管理员,2025-09-18 15:39:14,2025-09-18 15:39:15
02942,无人机系统中，（）。部分主要负责飞行控制、导航与自主飞行能力的实现,单选题,飞行原理,中等,2,是,飞行平台,任务载荷,飞控系统,数据链系统,,,飞控系统,,超级管理员,2025-09-18 15:39:14,2025-09-18 15:39:15
02947,（）。不是用于无人机模拟飞行的软件,单选题,飞行原理,中等,2,是,MicrosoftFlightSimulator,凤凰模拟器,DroneRacer:FlyStuntSimulator,RealFlightG7,,,MicrosoftFlightSimulator,,超级管理员,2025-09-18 15:39:14,2025-09-18 15:39:15
02948,哪种操作系统通常对无人机模拟飞行软件兼容性最好（）。,单选题,飞行原理,中等,2,是,Windows,macOS,Linux,ChromeOS,,,Windows,,超级管理员,2025-09-18 15:39:14,2025-09-18 15:39:15
02949,在安装无人机模拟飞行软件时，首先应该做的是（）。,单选题,飞行原理,中等,2,是,选项A,选项B,,,,,选项A,,超级管理员,2025-09-18 15:39:14,2025-09-18 15:39:15
02950,使用无人机模拟飞行软件时，（）。不是基本操作,单选题,飞行原理,中等,2,是,起飞和降落,悬停控制,飞行环境设置,物理引擎调整,,,物理引擎调整,,超级管理员,2025-09-18 15:39:14,2025-09-18 15:39:15
02951,安装无人机模拟飞行软件之前，需要确保计算机的硬件配置符合该软件的最低要求。（）,单选题,飞行原理,中等,2,是,正确,错误,,,,,正确,,超级管理员,2025-09-18 15:39:14,2025-09-18 15:39:15
02952,所有无人机模拟飞行软件都需要连接到互联网才能运行。（）,单选题,飞行原理,中等,2,是,正确,错误,,,,,错误,,超级管理员,2025-09-18 15:39:14,2025-09-18 15:39:15
02953,多旋翼无人机模拟飞行训练时飞行姿态的改变是通过调整（）。来实现,单选题,飞行原理,中等,2,是,改变电机转速,改变螺旋桨桨距,改变桨叶角度,改变电机大小,,,改变电机转速,,超级管理员,2025-09-18 15:39:14,2025-09-18 15:39:15
02956,在模拟飞行中，无人机的悬停通常需要调整（）。控制杆,单选题,飞行原理,中等,2,是,油门杆,俯仰杆,横滚杆,偏航杆,,,油门杆,,超级管理员,2025-09-18 15:39:14,2025-09-18 15:39:15
02957,多旋翼无人机模拟飞行训练可以完全替代实际飞行训练。（）,单选题,飞行原理,中等,2,是,正确,错误,,,,,错误,,超级管理员,2025-09-18 15:39:14,2025-09-18 15:39:15
02959,固定翼无人机模拟飞行时依靠（）。调整飞行高度,单选题,飞行原理,中等,2,是,改变发动机功率,改变螺旋桨转速,使用升降舵,使用副翼和方向舵,,,使用升降舵,,超级管理员,2025-09-18 15:39:14,2025-09-18 15:39:15
02960,固定翼无人机模拟飞行时依靠（）。调整飞行方向,单选题,飞行原理,中等,2,是,改变发动机功率,改变螺旋桨转速,使用升降舵,使用副翼和方向舵,,,使用副翼和方向舵,,超级管理员,2025-09-18 15:39:14,2025-09-18 15:39:15
02961,固定翼无人机模拟飞行五边航线的第一边是（）。,单选题,飞行原理,中等,2,是,离场边,下风边,基地边,上风边,,,离场边,,超级管理员,2025-09-18 15:39:14,2025-09-18 15:39:15
02962,固定翼无人机五边航线的每一边飞行过程中，主要的姿态控制由（）。完成,单选题,飞行原理,中等,2,是,升降舵和方向舵,副翼和升降舵,副翼、升降舵和方向舵协同,副翼和方向舵,,,副翼、升降舵和方向舵协同,,超级管理员,2025-09-18 15:39:14,2025-09-18 15:39:15
02964,通过固定翼无人机模拟飞行训练，可以提高飞行员在实际飞行中的应急处理能力。（）,单选题,飞行原理,中等,2,是,正确,错误,,,,,正确,,超级管理员,2025-09-18 15:39:14,2025-09-18 15:39:15
02965,大气的最外层是（）。,单选题,飞行原理,中等,2,是,对流层,平流层,热层,散逸层,,,散逸层,,超级管理员,2025-09-18 15:39:14,2025-09-18 15:39:15
02966,大气中含量最多的气体是（）。,单选题,飞行原理,中等,2,是,氧气,氮气,二氧化碳,氩气,,,氮气,,超级管理员,2025-09-18 15:39:14,2025-09-18 15:39:15
02967,标准大气规定海平面的气温是（）。,单选题,飞行原理,中等,2,是,0℃,15℃,20℃,25℃,,,15℃,,超级管理员,2025-09-18 15:39:14,2025-09-18 15:39:15
02970,大气的温度随着高度的增加而逐渐升高，这种变化主要发生在对流层。（）,单选题,飞行原理,中等,2,是,正确,错误,,,,,错误,,超级管理员,2025-09-18 15:39:14,2025-09-18 15:39:15
02971,（）。是最基本的气象要素之一,单选题,飞行原理,中等,2,是,能见度,云量,气温,日照时数,,,气温,,超级管理员,2025-09-18 15:39:14,2025-09-18 15:39:15
02972,（）。气象要素主要反映大气的干湿程度,单选题,飞行原理,中等,2,是,风速,相对湿度,气压,降水,,,相对湿度,,超级管理员,2025-09-18 15:39:14,2025-09-18 15:39:15
02975,气温、气压、湿度和风速都是气象中的基本要素。（）,单选题,飞行原理,中等,2,是,正确,错误,,,,,正确,,超级管理员,2025-09-18 15:39:14,2025-09-18 15:39:15
02976,在气象学中，露点温度是指空气中的水汽达到饱和并开始凝结成水滴的温度。（）,单选题,飞行原理,中等,2,是,正确,错误,,,,,正确,,超级管理员,2025-09-18 15:39:14,2025-09-18 15:39:15
02978,（）。不属于影响飞机起降的主要气象因素,单选题,飞行原理,中等,2,是,风速和风向,空气的密度,大气压力,空中的水汽含量,,,空中的水汽含量,,超级管理员,2025-09-18 15:39:14,2025-09-18 15:39:15
02985,无人机在（）。天气现象中飞行，机身容易出现抖动和不稳定的飞行状态,单选题,飞行原理,中等,2,是,沙尘天气,高湿度天气,顺风飞行,轻雾天气,,,沙尘天气,,超级管理员,2025-09-18 15:39:14,2025-09-18 15:39:15
02986,（）。会导致无人机的电池续航能力急剧下降,单选题,飞行原理,中等,2,是,低温天气,小雪天气,轻度雾霾天气,微风天气,,,低温天气,,超级管理员,2025-09-18 15:39:14,2025-09-18 15:39:15
02987,飞机积冰主要发生在含有过冷水滴的云层中。（）,单选题,飞行原理,中等,2,是,正确,错误,,,,,正确,,超级管理员,2025-09-18 15:39:14,2025-09-18 15:39:15
02988,高空激流通常出现在对流层顶部或平流层底部，对飞行影响较小。（）,单选题,飞行原理,中等,2,是,正确,错误,,,,,错误,,超级管理员,2025-09-18 15:39:14,2025-09-18 15:39:15
02990,大气的粘性主要是由于（）。,单选题,飞行原理,中等,2,是,大气分子的不规则热运动和相互碰撞,大气中的杂质颗粒,地球引力对大气分子的作用,太阳辐射对大气的影响,,,大气分子的不规则热运动和相互碰撞,,超级管理员,2025-09-18 15:39:14,2025-09-18 15:39:16
02995,根据伯努利原理，流体速度增加时，（）。会减小,单选题,飞行原理,中等,2,是,温度,密度,压强,粘性,,,压强,,超级管理员,2025-09-18 15:39:14,2025-09-18 15:39:16
02998,升力公式“L=1/2ρV2ClS中的Cl代表（）。,单选题,飞行原理,中等,2,是,空气密度,飞行速度,机翼面积,升力系数,,,升力系数,,超级管理员,2025-09-18 15:39:14,2025-09-18 15:39:16
02999,飞机的升力主要来源于机翼上下表面的压力差。（）,单选题,飞行原理,中等,2,是,正确,错误,,,,,正确,,超级管理员,2025-09-18 15:39:14,2025-09-18 15:39:16
03000,其他条件不变的情况下，增加飞机的速度可以增加升力。（）,单选题,飞行原理,中等,2,是,正确,错误,,,,,正确,,超级管理员,2025-09-18 15:39:14,2025-09-18 15:39:16
03001,多旋翼无人机在空中悬停主要依靠（）。力来平衡,单选题,飞行原理,中等,2,是,重力和电磁力,向心力和重力,重力和升力,升力和摩擦力,,,重力和升力,,超级管理员,2025-09-18 15:39:14,2025-09-18 15:39:16
03002,多旋翼无人机通过改变（）。部件的速度来实现上升和下降,单选题,飞行原理,中等,2,是,机身,起落架,螺旋桨,导航灯,,,螺旋桨,,超级管理员,2025-09-18 15:39:14,2025-09-18 15:39:16
03003,多旋翼无人机的方向控制主要依靠（）。传感器来检测旋转运动,单选题,飞行原理,中等,2,是,陀螺仪校准,气压计,温度传感器,加速度计用于姿态感知,,,陀螺仪校准,,超级管理员,2025-09-18 15:39:14,2025-09-18 15:39:16
03004,多旋翼无人机在没有GPS信号的情况下，通常依靠（）。技术来保持悬停位置,单选题,飞行原理,中等,2,是,光流传感器,红外传感器,激光雷达和摄像头,声波传感器,,,光流传感器,,超级管理员,2025-09-18 15:39:14,2025-09-18 15:39:16
03013,无人直升机的升力主要由（）。产生,单选题,飞行原理,中等,2,是,机身,主旋翼,尾桨,发动机,,,主旋翼,,超级管理员,2025-09-18 15:39:14,2025-09-18 15:39:16
03014,无人直升机的尾桨主要作用是（）。,单选题,飞行原理,中等,2,是,提供额外升力,控制直升机的俯仰,平衡主旋翼产生的反扭矩,控制直升机的滚转,,,平衡主旋翼产生的反扭矩,,超级管理员,2025-09-18 15:39:14,2025-09-18 15:39:16
03015,在无人直升机飞行中，要使直升机上升，应该（）。,单选题,飞行原理,中等,2,是,增大主旋翼的桨距,减小主旋翼的桨距,增大尾桨的桨距,减小尾桨的桨距,,,增大主旋翼的桨距,,超级管理员,2025-09-18 15:39:14,2025-09-18 15:39:16
03016,无人直升机的前进、后退和左右移动主要通过（）。实现,单选题,飞行原理,中等,2,是,改变旋翼的总距杆位置,改变自动倾斜器的周期变距杆位置,改变尾桨的螺距角,改变旋翼的转速,,,改变自动倾斜器的周期变距杆位置,,超级管理员,2025-09-18 15:39:14,2025-09-18 15:39:16
03017,无人直升机依靠旋翼产生升力来飞行。（）,单选题,飞行原理,中等,2,是,正确,错误,,,,,正确,,超级管理员,2025-09-18 15:39:14,2025-09-18 15:39:16
03018,无人直升机可以实现垂直起降和悬停。（）,单选题,飞行原理,中等,2,是,正确,错误,,,,,正确,,超级管理员,2025-09-18 15:39:14,2025-09-18 15:39:16
03019,（）。不是无人机通信的主要技术类型,单选题,飞行原理,中等,2,是,卫星通信,地面站通信,WiFi通信,5G通信,,,WiFi通信,,超级管理员,2025-09-18 15:39:14,2025-09-18 15:39:16
03021,（）。通信方式适用于短距离无人机操作,单选题,飞行原理,中等,2,是,Wi-Fi,卫星通信,光纤通信,5G通信,,,Wi-Fi,,超级管理员,2025-09-18 15:39:14,2025-09-18 15:39:16
03022,无人机与遥控器之间的通信通常是通过（）。进行的,单选题,飞行原理,中等,2,是,无线电波,电缆连接,蓝牙,红外线,,,无线电波,,超级管理员,2025-09-18 15:39:14,2025-09-18 15:39:16
03025,在无人机长距离无线数据传输中，（）。参数对于保持稳定的通信链路最为关键,单选题,飞行原理,中等,2,是,调制方式,发射功率,频率稳定性,数据编码方式,,,频率稳定性,,超级管理员,2025-09-18 15:39:14,2025-09-18 15:39:16
03026,（）。可以实现远距离的数据传输的无线数据传输技术,单选题,飞行原理,中等,2,是,WiFi,Zigbee,LoRa,NFC,,,LoRa,,超级管理员,2025-09-18 15:39:14,2025-09-18 15:39:16
03028,无线数据传输系统的传输速度通常用（）。来衡量,单选题,飞行原理,中等,2,是,Mbps(Megabitspersecond),Hz(Hertz),dBm(Decibel-milliwatts),mW(Milliwatts),,,Mbps(Megabitspersecond),,超级管理员,2025-09-18 15:39:14,2025-09-18 15:39:16
03031,（）。不是无线图像传输系统的常用带宽,单选题,飞行原理,中等,2,是,20MHz,40MHz,60MHz,80MHz,,,60MHz,,超级管理员,2025-09-18 15:39:14,2025-09-18 15:39:16
03032,（）。不是无线图像传输系统的常见分辨率,单选题,飞行原理,中等,2,是,VGA,HD,FHD,UHD,,,VGA,,超级管理员,2025-09-18 15:39:14,2025-09-18 15:39:16
03038,惯性导航系统（INS）不依赖（）。确定位置,单选题,飞行原理,中等,2,是,外部信号,加速度计,陀螺仪,地图数据库,,,外部信号,,超级管理员,2025-09-18 15:39:14,2025-09-18 15:39:16
03040,（）。不属于无人机的导航参数,单选题,飞行原理,中等,2,是,高度,温度,速度,方向,,,温度,,超级管理员,2025-09-18 15:39:14,2025-09-18 15:39:16
03045,组合导航系统通常是将（）。组合在一起,单选题,飞行原理,中等,2,是,GPS和惯性导航系统,地磁导航和视觉导航,无线电导航和卫星导航,激光导航和惯性导航系统,,,GPS和惯性导航系统,,超级管理员,2025-09-18 15:39:14,2025-09-18 15:39:16
03046,在组合导航系统中，GNSS可以为惯性导航系统提供（）。,单选题,飞行原理,中等,2,是,动力支持,初始对准和误差修正,信号干扰保护,备用通信通道,,,初始对准和误差修正,,超级管理员,2025-09-18 15:39:14,2025-09-18 15:39:16
03047,组合导航系统通过融合多种导航技术来提高定位精度和可靠性。（）,单选题,飞行原理,中等,2,是,正确,错误,,,,,正确,,超级管理员,2025-09-18 15:39:14,2025-09-18 15:39:16
03048,组合导航系统无法在室内环境下提供准确的位置信息。（）,单选题,飞行原理,中等,2,是,正确,错误,,,,,错误,,超级管理员,2025-09-18 15:39:14,2025-09-18 15:39:16
03049,在无人机应用中，GNSS导航系统主要用于（）。,单选题,飞行原理,困难,2,是,精确确定无人机的位置和飞行轨迹,检测无人机周围的障碍物,控制无人机的飞行姿态,调整无人机的动力输出,,,精确确定无人机的位置和飞行轨迹,,超级管理员,2025-09-18 15:39:14,2025-09-18 15:39:17
03050,无人机在室内飞行时，会发挥主要作用的导航系统是（）。,单选题,飞行原理,中等,2,是,视觉导航系统,全球导航卫星系统,远程无线电导航系统,惯性导航系统单独使用,,,视觉导航系统,,超级管理员,2025-09-18 15:39:14,2025-09-18 15:39:17
03052,为了提高无人机导航的精度和可靠性，常采用（）。,单选题,飞行原理,中等,2,是,单一高精度导航系统,多种导航系统组合,降低导航系统的更新频率,增加导航系统的传感器数量,,,多种导航系统组合,,超级管理员,2025-09-18 15:39:14,2025-09-18 15:39:17
03056,在装配无人机螺旋桨时，为防止手部受伤，应该（）。,单选题,飞行原理,中等,2,是,佩戴手套,加快装配速度,使用工具强行安装,先安装电机再装螺旋桨,,,佩戴手套,,超级管理员,2025-09-18 15:39:14,2025-09-18 15:39:17
03057,在组装无人机时，应避免在（）。环境下进行,单选题,飞行原理,中等,2,是,干燥的房间,通风良好的室外,潮湿或多尘的地方,温度适宜的室内,,,潮湿或多尘的地方,,超级管理员,2025-09-18 15:39:14,2025-09-18 15:39:17
03058,装配无人机的飞控系统时，为避免静电损坏电子元件，应该（）。,单选题,飞行原理,中等,2,是,佩戴防静电手环,在潮湿环境下操作,用手触摸元件引脚来放电,增加操作现场的人员走动,,,佩戴防静电手环,,超级管理员,2025-09-18 15:39:14,2025-09-18 15:39:17
03059,在进行无人机装配之前，确保所有工具都已检查无误，并放置在易于取用但不会妨碍工作的位置上，这是正确的做法。（）,单选题,飞行原理,中等,2,是,正确,错误,,,,,正确,,超级管理员,2025-09-18 15:39:14,2025-09-18 15:39:17
03060,装配无人机时，可以不穿戴任何个人防护装备（如护目镜、手套等），只要小心操作即可。（）,单选题,飞行原理,中等,2,是,正确,错误,,,,,错误,,超级管理员,2025-09-18 15:39:14,2025-09-18 15:39:17
03061,在无人机调试过程中，启动电机时，应该（）。,单选题,飞行原理,中等,2,是,确保螺旋桨安装牢固且周围无人,用手握住螺旋桨检查动力,在人员密集区启动,不检查螺旋桨安装情况直接启动,,,确保螺旋桨安装牢固且周围无人,,超级管理员,2025-09-18 15:39:14,2025-09-18 15:39:17
03062,调试无人机飞行姿态时，为防止无人机失控伤人，应该（）。,单选题,飞行原理,中等,2,是,在开阔、无人的场地进行调试,在室内狭窄空间调试,不设置飞行高度限制,减少对无人机状态的监控,,,在开阔、无人的场地进行调试,,超级管理员,2025-09-18 15:39:14,2025-09-18 15:39:17
03063,调试无人机通信系统时，为避免信号干扰，应该（）。,单选题,飞行原理,中等,2,是,远离大型电子设备和金属障碍物,将无人机放置在金属盒内,使用多个通信频段同时调试,在强电磁辐射环境下进行,,,远离大型电子设备和金属障碍物,,超级管理员,2025-09-18 15:39:14,2025-09-18 15:39:17
03064,在调试无人机的视觉系统时，为保护镜头，应该（）。,单选题,飞行原理,中等,2,是,避免镜头直接暴露在强光下,用手指触摸镜头检查清晰度,让镜头接触尖锐物体,在沙尘环境下使用,,,避免镜头直接暴露在强光下,,超级管理员,2025-09-18 15:39:14,2025-09-18 15:39:17
03065,在无人机调试过程中，为了确保安全，操作人员无需穿戴任何防护装备。（）,单选题,飞行原理,中等,2,是,正确,错误,,,,,错误,,超级管理员,2025-09-18 15:39:14,2025-09-18 15:39:17
03066,调试无人机时，只需确保无人机本身的功能正常，无需检查其与其他设备的兼容性。（）,单选题,飞行原理,困难,2,是,正确,错误,,,,,错误,,超级管理员,2025-09-18 15:39:14,2025-09-18 15:39:17
03067,在无人机测试飞行过程中，为确保飞行安全，（）。措施是必要的,单选题,飞行原理,中等,2,是,使用高清摄像头进行拍摄,在人口密集区域进行飞行测试,对飞行区域进行充分的空域申请和检查,提高无人机的飞行速度,,,对飞行区域进行充分的空域申请和检查,,超级管理员,2025-09-18 15:39:14,2025-09-18 15:39:17
03068,在无人机测试飞行过程中，（）。的行为容易导致飞行器失控,单选题,飞行原理,中等,2,是,遵守飞行规则并保持与地面的距离,避开高风险区域并保持飞行高度,与他人分享飞行数据并相互监督,长时间高速飞行并穿越密集人群区域,,,长时间高速飞行并穿越密集人群区域,,超级管理员,2025-09-18 15:39:14,2025-09-18 15:39:17
03069,在无人机测试飞行中，（）。步骤是必不可少的,单选题,飞行原理,中等,2,是,选择飞行场地,调整摄像头角度,清洁无人机机身,起飞前的检查,,,起飞前的检查,,超级管理员,2025-09-18 15:39:14,2025-09-18 15:39:17
03070,无人机测试飞行中，（）。做法是错误的,单选题,飞行原理,中等,2,是,未经许可就进行测试,确保通讯畅通,事先规划好飞行路线,选择合适的天气条件,,,未经许可就进行测试,,超级管理员,2025-09-18 15:39:14,2025-09-18 15:39:17
03071,无人机测试飞行时，操作人员可以边操作无人机边查看手机或其他电子设备。（）,单选题,飞行原理,中等,2,是,正确,错误,,,,,错误,,超级管理员,2025-09-18 15:39:14,2025-09-18 15:39:17
03072,为了确保无人机测试飞行的安全，操作人员只需在飞行前对无人机进行检查，飞行过程中无需再进行任何监控。（）,单选题,飞行原理,中等,2,是,正确,错误,,,,,错误,,超级管理员,2025-09-18 15:39:14,2025-09-18 15:39:17
03073,无人机飞行过程中，螺旋桨突然停止转动，这属于（）。故障,单选题,飞行原理,中等,2,是,动力系统故障,飞控系统故障,通信系统故障,导航系统故障,,,动力系统故障,,超级管理员,2025-09-18 15:39:14,2025-09-18 15:39:17
03077,无人机的通信故障通常只与遥控器的硬件问题有关。（）,单选题,飞行原理,中等,2,是,正确,错误,,,,,错误,,超级管理员,2025-09-18 15:39:14,2025-09-18 15:39:17
03078,一般情况下，无人机的环境适应性故障主要是由于恶劣天气条件导致的。（）,单选题,飞行原理,中等,2,是,正确,错误,,,,,正确,,超级管理员,2025-09-18 15:39:14,2025-09-18 15:39:17
03079,在无人机通信系统故障时，（）。是无效的,单选题,飞行原理,中等,2,是,检查天线连接,重启通信模块,更换电池,检查周围环境是否有信号干扰,,,更换电池,,超级管理员,2025-09-18 15:39:14,2025-09-18 15:39:17
03080,无人机通信系统故障导致无法接收遥控指令，首先应该检查（）。,单选题,飞行原理,中等,2,是,遥控器电池,无人机飞控板,通信模块固件,无人机电池,,,遥控器电池,,超级管理员,2025-09-18 15:39:14,2025-09-18 15:39:17
03081,无人机在飞行中失去视频传输，但遥控信号正常，是（）。类型的通信故障,单选题,飞行原理,中等,2,是,视频链路故障,遥控链路故障,GNSS信号故障,数据链路故障,,,视频链路故障,,超级管理员,2025-09-18 15:39:14,2025-09-18 15:39:17
03083,无人机通信系统的故障仅发生在硬件出现问题时。（）,单选题,飞行原理,中等,2,是,正确,错误,,,,,错误,,超级管理员,2025-09-18 15:39:14,2025-09-18 15:39:17
03084,通过优化路径规划和避免已知的干扰源，可以有效降低无人机通信故障的发生率。（）,单选题,飞行原理,困难,2,是,正确,错误,,,,,正确,,超级管理员,2025-09-18 15:39:14,2025-09-18 15:39:17
03085,无人机GNSS（全球导航卫星系统）无法定位，首先要检查（）。,单选题,飞行原理,中等,2,是,GNSS天线是否连接良好,飞控系统的导航算法,电池电量是否充足,周围的磁场环境,,,GNSS天线是否连接良好,,超级管理员,2025-09-18 15:39:14,2025-09-18 15:39:17
03086,无人机GNSS信号弱的常见原因是（）。,单选题,飞行原理,中等,2,是,周围有高大建筑物遮挡,飞行速度过快,搭载设备过重,相机处于拍摄状态,,,周围有高大建筑物遮挡,,超级管理员,2025-09-18 15:39:14,2025-09-18 15:39:17
03087,无人机GNSS定位出现较大偏差，可能是因为（）。,单选题,飞行原理,中等,2,是,卫星信号多径效应,螺旋桨产生的电磁干扰,起落架未收起,视觉传感器故障,,,卫星信号多径效应,,超级管理员,2025-09-18 15:39:14,2025-09-18 15:39:17
03089,无人机GNSS出现故障时，无人机将完全无法确定自己的位置。（）,单选题,飞行原理,中等,2,是,正确,错误,,,,,错误,,超级管理员,2025-09-18 15:39:14,2025-09-18 15:39:17
03090,使用多频段GNSS接收器能够改善在城市峡谷等复杂环境中的定位准确性。（）,单选题,飞行原理,中等,2,是,正确,错误,,,,,正确,,超级管理员,2025-09-18 15:39:14,2025-09-18 15:39:17
03091,无人机飞行中出现姿态摇摆不定的故障，可能是由于（）。,单选题,飞行原理,中等,2,是,电机转速不平衡,电池电量不足,GNSS信号丢失,通信链路中断,,,电机转速不平衡,,超级管理员,2025-09-18 15:39:14,2025-09-18 15:39:17
03092,无人机在空中突然仰头或低头，可能是（）。出现问题,单选题,飞行原理,中等,2,是,俯仰通道控制,横滚通道控制,偏航通道控制,油门通道控制,,,俯仰通道控制,,超级管理员,2025-09-18 15:39:14,2025-09-18 15:39:17
03093,无人机飞行姿态出现高频振动，可能是（）。,单选题,飞行原理,中等,2,是,电机不平衡或螺旋桨损坏,高度传感器故障,通信系统受到干扰,GNSS系统不稳定,,,电机不平衡或螺旋桨损坏,,超级管理员,2025-09-18 15:39:14,2025-09-18 15:39:17
03095,无人机飞行姿态故障不会影响其导航系统的准确性。（）,单选题,飞行原理,中等,2,是,正确,错误,,,,,错误,,超级管理员,2025-09-18 15:39:14,2025-09-18 15:39:17
03096,定期维护和检查无人机的传感器和飞行控制系统能够有效预防飞行姿态故障。（）,单选题,飞行原理,困难,2,是,正确,错误,,,,,正确,,超级管理员,2025-09-18 15:39:14,2025-09-18 15:39:17
03097,多旋翼无人机起飞时桨叶旋转但无法离地，可能是因为（）。,单选题,飞行原理,中等,2,是,螺旋桨转速不够,飞控系统软件更新,通信系统繁忙,视觉系统未启动,,,螺旋桨转速不够,,超级管理员,2025-09-18 15:39:14,2025-09-18 15:39:17
03098,无人机起飞离地几秒钟后迅速下降，可能是（）。,单选题,飞行原理,中等,2,是,电池电量过低，无法维持飞行高度,起飞场地有斜坡,飞控系统的高度锁定功能开启,螺旋桨长度过长,,,电池电量过低，无法维持飞行高度,,超级管理员,2025-09-18 15:39:14,2025-09-18 15:39:17
03099,固定翼无人机降落时偏出跑道，可能是因为（）。,单选题,飞行原理,中等,2,是,降落时风向改变,起落架轮胎损坏,相机在降落时拍摄,飞控系统重启,,,降落时风向改变,,超级管理员,2025-09-18 15:39:14,2025-09-18 15:39:17
03101,无人机起飞和降落时遇到强风，可能导致其偏离预定位置或造成姿态不稳定。（）,单选题,飞行原理,中等,2,是,正确,错误,,,,,正确,,超级管理员,2025-09-18 15:39:14,2025-09-18 15:39:17
03102,即使无人机的传感器和飞行控制系统工作正常，如果起降场地选择不当，也可能导致起飞和降落故障。（）,单选题,飞行原理,中等,2,是,正确,错误,,,,,正确,,超级管理员,2025-09-18 15:39:14,2025-09-18 15:39:17
03107,在无人机中应用机器学习算法能够增强故障预测的能力，使得故障可以在发生之前被检测到。（）,单选题,飞行原理,中等,2,是,正确,错误,,,,,正确,,超级管理员,2025-09-18 15:39:14,2025-09-18 15:39:17
03108,无人机故障检测系统仅依赖单一类型的传感器数据即可实现高精度故障诊断。（）,单选题,飞行原理,中等,2,是,正确,错误,,,,,错误,,超级管理员,2025-09-18 15:39:14,2025-09-18 15:39:18
03109,无人机在飞行过程中，（）。不属于常见故障类型,单选题,飞行原理,中等,2,是,电机不转或转速异常,电池电量迅速下降,遥控器信号不稳定,飞行区域风力过大,,,飞行区域风力过大,,超级管理员,2025-09-18 15:39:14,2025-09-18 15:39:18
03110,在无人机故障维修中，（）。能有效诊断故障,单选题,飞行原理,中等,2,是,随意更换疑似故障部件,使用专业的故障诊断工具和系统,仅凭经验判断，不进行专业检测,忽略微小异常，等待故障自行解决,,,使用专业的故障诊断工具和系统,,超级管理员,2025-09-18 15:39:14,2025-09-18 15:39:18
03111,进行无人机维修时，（）。不属于必备的维修工具或材料,单选题,飞行原理,中等,2,是,精密螺丝刀和扳手,专用焊台和焊锡,备用电机和螺旋桨,智能手机和社交媒体应用,,,智能手机和社交媒体应用,,超级管理员,2025-09-18 15:39:14,2025-09-18 15:39:18
03113,无人机故障维修只需要关注硬件故障，软件故障可以忽略。（）,单选题,飞行原理,中等,2,是,正确,错误,,,,,错误,,超级管理员,2025-09-18 15:39:14,2025-09-18 15:39:18
03114,在进行无人机故障维修时，遵循制造商提供的维修手册和指南是非常重要的。（）,单选题,飞行原理,困难,2,是,正确,错误,,,,,正确,,超级管理员,2025-09-18 15:39:14,2025-09-18 15:39:18
03115,机械图纸中，视图通常包括（）。基本类型,单选题,结构组成,中等,2,是,前视图、右视图、顶视图,正视图、侧视图、底视图,主视图、左视图、俯视图,内视图、外视图、剖视图,,,主视图、左视图、俯视图,,超级管理员,2025-09-18 15:39:14,2025-09-18 15:39:18
03116,在机械图纸中，表面粗糙度的标注通常使用（）。符号,单选题,结构组成,中等,2,是,三角形,圆形,矩形,椭圆形,,,三角形,,超级管理员,2025-09-18 15:39:14,2025-09-18 15:39:18
03118,机械图纸中，（）。符号用来表示零件的中心线,单选题,结构组成,中等,2,是,实线,点画线,双点画线,虚线,,,虚线,,超级管理员,2025-09-18 15:39:14,2025-09-18 15:39:18
03119,机械图纸上的所有线条都代表实体结构。（）,单选题,结构组成,中等,2,是,正确,错误,,,,,错误,,超级管理员,2025-09-18 15:39:14,2025-09-18 15:39:18
03120,机械图纸必须遵循统一的标准，以确保不同工程师之间的沟通无误。（）,单选题,结构组成,中等,2,是,正确,错误,,,,,正确,,超级管理员,2025-09-18 15:39:14,2025-09-18 15:39:18
03121,在识别无人机三视图时，（）。视图通常用来展示物体的高度和宽度尺寸,单选题,结构组成,中等,2,是,任何一个视图,左视图,俯视图,主视图,,,主视图,,超级管理员,2025-09-18 15:39:14,2025-09-18 15:39:18
03122,无人机三视图中，（）。视图可以提供物体深度的信息,单选题,结构组成,中等,2,是,左视图,主视图,俯视图,任何一个视图,,,左视图,,超级管理员,2025-09-18 15:39:14,2025-09-18 15:39:18
03123,在无人机三视图的识别中，（）。视图通常用来展示物体的长度和宽度尺寸,单选题,结构组成,中等,2,是,俯视图,主视图,左视图,任何一个视图,,,俯视图,,超级管理员,2025-09-18 15:39:14,2025-09-18 15:39:18
03124,三视图包括主视图、左视图和俯视图，其中主视图是从（）。方向观察物体得到的视图,单选题,结构组成,中等,2,是,物体的前面,物体的左面,物体的上面,物体的右面,,,物体的前面,,超级管理员,2025-09-18 15:39:14,2025-09-18 15:39:18
03125,三视图包括主视图、俯视图和侧视图，这些视图是从三个正交方向投影得到的。（）,单选题,结构组成,中等,2,是,正确,错误,,,,,正确,,超级管理员,2025-09-18 15:39:14,2025-09-18 15:39:18
03126,为了正确解读三视图，必须先理解其中一个视图，然后再将其与其他两个视图结合考虑。（）,单选题,结构组成,中等,2,是,正确,错误,,,,,正确,,超级管理员,2025-09-18 15:39:14,2025-09-18 15:39:18
03127,在无人机机械装配图中，（）。确定部件之间的装配顺序和相对位置,单选题,结构组成,中等,2,是,仅依靠部件清单中的序号,通过观察部件的形状和大小,参考装配图中的指示箭头和标注,仅依赖装配图的标题说明,,,参考装配图中的指示箭头和标注,,超级管理员,2025-09-18 15:39:14,2025-09-18 15:39:18
03129,在阅读无人机机械装配图时，（）。是首先要做的,单选题,结构组成,中等,2,是,查看图纸标题栏,分析各个视图,理解组件的功能,标注尺寸和公差,,,查看图纸标题栏,,超级管理员,2025-09-18 15:39:14,2025-09-18 15:39:18
03130,在无人机机械装配图中，（）。提供了有关结构稳定性测试的结果,单选题,结构组成,中等,2,是,主视图,结构分析图,加载测试报告,安全标准文件,,,结构分析图,,超级管理员,2025-09-18 15:39:14,2025-09-18 15:39:18
03133,（）。不是属于液压传动系统的组成部分,单选题,结构组成,中等,2,是,油泵,油箱,电动机,液压缸,,,电动机,,超级管理员,2025-09-18 15:39:14,2025-09-18 15:39:18
03135,（）。材料常用于无人机的桨叶制作,单选题,结构组成,中等,2,是,木材,塑料,碳纤维,高强度工业塑料,,,高强度工业塑料,,超级管理员,2025-09-18 15:39:14,2025-09-18 15:39:18
03136,无人机机体通常使用（）。材料以实现轻量化和高强度,单选题,结构组成,中等,2,是,铝合金,碳纤维复合材料,不锈钢,木材,,,碳纤维复合材料,,超级管理员,2025-09-18 15:39:14,2025-09-18 15:39:18
03139,无人机的旋翼通常通过（）。方式与电机连接,单选题,结构组成,中等,2,是,焊接,卡扣固定,螺纹连接,磁力吸附,,,螺纹连接,,超级管理员,2025-09-18 15:39:14,2025-09-18 15:39:18
03140,无人机的机臂与机身连接通常采用（）。类型的紧固件,单选题,结构组成,中等,2,是,螺栓和螺母,焊接,胶水粘合,拉链,,,螺栓和螺母,,超级管理员,2025-09-18 15:39:14,2025-09-18 15:39:18
03141,无人机的电子设备（如飞控板）与结构件之间的连接通常采用（）。方式,单选题,结构组成,中等,2,是,机械固定,磁力吸附,粘接,焊接,,,机械固定,,超级管理员,2025-09-18 15:39:14,2025-09-18 15:39:18
03142,无人机的机械连接中，（）。类型的连接最适合用于承受高扭矩,单选题,结构组成,中等,2,是,焊接连接,螺栓连接,铆接连接,胶粘连接,,,螺栓连接,,超级管理员,2025-09-18 15:39:14,2025-09-18 15:39:18
03145,在无人机的机械传动系统中，（）。材料不适合用于制作传动齿轮,单选题,结构组成,中等,2,是,铝合金,不锈钢,尼龙,工程塑料,,,尼龙,,超级管理员,2025-09-18 15:39:14,2025-09-18 15:39:18
03148,无人机在高速飞行时，为了保持传动系统的稳定性，（）。措施是不必要的,单选题,结构组成,中等,2,是,增加传动部件的数量以分散负载,使用高精度的传动部件,定期检查传动部件的磨损情况,保持传动部件的清洁和润滑,,,增加传动部件的数量以分散负载,,超级管理员,2025-09-18 15:39:14,2025-09-18 15:39:18
03153,在大型无人机的机械传动系统中，（）。的弹簧通常用于缓冲冲击,单选题,结构组成,中等,2,是,螺旋弹簧,盘簧,气囊弹簧,膜片弹簧,,,盘簧,,超级管理员,2025-09-18 15:39:14,2025-09-18 15:39:18
03154,在大型无人机的机械传动系统中，（）。的轴承最适合承受较大的径向负荷,单选题,结构组成,中等,2,是,圆锥滚子轴承,深沟球轴承,角接触球轴承,推力轴承,,,圆锥滚子轴承,,超级管理员,2025-09-18 15:39:14,2025-09-18 15:39:18
03157,不是常用增强体的物质是（）。,单选题,结构组成,中等,2,是,玻璃纤维；,石墨烯；,聚酯树脂；,金属丝,,,聚酯树脂；,,超级管理员,2025-09-18 15:39:14,2025-09-18 15:39:18
03159,碳纤维复合材料在无人机设计中主要用于（）。部分,单选题,结构组成,中等,2,是,机身框架,发动机,电子设备,传感器,,,机身框架,,超级管理员,2025-09-18 15:39:14,2025-09-18 15:39:18
03163,木质材料通常具有（）。显著的物理性质,单选题,结构组成,中等,2,是,高导电性,高密度与低导热性,优良的透明性,较低的密度和良好的隔热性,,,较低的密度和良好的隔热性,,超级管理员,2025-09-18 15:39:14,2025-09-18 15:39:18
03165,木质材料因（）。常被用于提升产品的美观性,单选题,结构组成,中等,2,是,鲜艳的颜色和光泽,独特的纹理和色泽,平滑的表面触感,强烈的反光效果,,,独特的纹理和色泽,,超级管理员,2025-09-18 15:39:14,2025-09-18 15:39:19
03175,玻璃纤维材料因其（）。广泛应用于高温环境,单选题,结构组成,中等,2,是,良好的导电性,高耐热性,易燃性,高吸湿性,,,高耐热性,,超级管理员,2025-09-18 15:39:14,2025-09-18 15:39:19
03176,玻璃纤维材料相比金属材料，在（）。下更具优势,单选题,结构组成,中等,2,是,强磁场环境,导电性能要求高的场合,腐蚀性介质环境,高压环境,,,腐蚀性介质环境,,超级管理员,2025-09-18 15:39:14,2025-09-18 15:39:19
03181,使用螺丝刀时，（）。握持方式是不正确的,单选题,结构组成,中等,2,是,用手掌握住螺丝刀的手柄,用拇指和食指捏住螺丝刀的刀柄,用指尖轻触螺丝刀的刀柄,用整个手掌握住螺丝刀的手柄，手指环绕手柄,,,用指尖轻触螺丝刀的刀柄,,超级管理员,2025-09-18 15:39:14,2025-09-18 15:39:19
03182,当螺丝刀的刀头磨损或损坏时，（）。做法是正确的,单选题,结构组成,中等,2,是,更换新的螺丝刀,使用钳子强行拧动螺丝,用锉刀自行修磨刀头,继续使用，直到完全不能用为止,,,更换新的螺丝刀,,超级管理员,2025-09-18 15:39:14,2025-09-18 15:39:19
03183,使用螺丝刀拧紧螺丝时，（）。力是不应该施加的,单选题,结构组成,中等,2,是,侧向力,旋转力,轴向压力,轴向拉力,,,侧向力,,超级管理员,2025-09-18 15:39:14,2025-09-18 15:39:19
03184,当螺丝刀无法拧动紧固的螺丝时，（）。做法是正确的,单选题,结构组成,中等,2,是,使用合适的润滑油或松动剂，然后轻轻拧动,使用螺丝刀的刀头作为撬棍,使用螺丝刀的刀柄敲击螺丝,用更大的力气强行拧动,,,使用合适的润滑油或松动剂，然后轻轻拧动,,超级管理员,2025-09-18 15:39:14,2025-09-18 15:39:19
03185,可以使用螺丝刀拆卸无人机螺旋桨上的螺丝来更换不同尺寸的螺旋桨，而无需考虑其他因素。（）,单选题,结构组成,中等,2,是,正确,错误,,,,,错误,,超级管理员,2025-09-18 15:39:14,2025-09-18 15:39:19
03186,在调整无人机相机支架螺丝时，不需要对螺丝刀进行任何清洁处理，直接使用即可。（）,单选题,结构组成,中等,2,是,正确,错误,,,,,错误,,超级管理员,2025-09-18 15:39:14,2025-09-18 15:39:19
03191,铝合金的弹性模量比塑料高。（）,单选题,结构组成,中等,2,是,正确,错误,,,,,正确,,超级管理员,2025-09-18 15:39:14,2025-09-18 15:39:19
03192,无人机使用铝合金材料主要是因为其密度大，可以增加无人机的稳定性。（）,单选题,结构组成,中等,2,是,正确,错误,,,,,错误,,超级管理员,2025-09-18 15:39:14,2025-09-18 15:39:19
03193,无人机机体结构中，（）。部件不直接参与飞行动力的产生,单选题,结构组成,中等,2,是,电机,螺旋桨,电池,机架,,,机架,,超级管理员,2025-09-18 15:39:14,2025-09-18 15:39:19
03197,无人机的机体结构通常由机身、机翼、动力系统、控制系统和传感器等部分组成。（）,单选题,结构组成,中等,2,是,正确,错误,,,,,正确,,超级管理员,2025-09-18 15:39:14,2025-09-18 15:39:19
03198,无人机的机体结构中，控制系统仅包括飞行控制器，不涉及其他飞行器的控制部件。（）,单选题,结构组成,中等,2,是,正确,错误,,,,,错误,,超级管理员,2025-09-18 15:39:14,2025-09-18 15:39:19
03202,无人机电机的外壳内直径和高度通常（）。表示,单选题,结构组成,中等,2,是,以毫米为单位，前两位代表直径，后两位代表高度,以英寸为单位，前两位代表直径，后两位代表高度,以毫米为单位，前两位代表高度，后两位代表直径,以英寸为单位，前两位代表高度，后两位代表直径,,,以毫米为单位，前两位代表直径，后两位代表高度,,超级管理员,2025-09-18 15:39:14,2025-09-18 15:39:19
03203,无人机电机的转子部分是负责旋转并驱动螺旋桨产生推力的关键部件。（）,单选题,结构组成,中等,2,是,正确,错误,,,,,正确,,超级管理员,2025-09-18 15:39:14,2025-09-18 15:39:19
03204,电调（ESC）是无人机电机机械结构的组成部分，它负责直接产生推力。（）,单选题,结构组成,中等,2,是,正确,错误,,,,,错误,,超级管理员,2025-09-18 15:39:14,2025-09-18 15:39:19
03206,在无人机机械装配中，（）。用于测量角度和弧度的工具,单选题,结构组成,中等,2,是,圆规,弧度尺,半圆规,角度尺,,,弧度尺,,超级管理员,2025-09-18 15:39:14,2025-09-18 15:39:19
03207,在无人机的装配过程中为了高效及方便省力，（）。工具被广泛用于拧紧螺丝和螺母,单选题,结构组成,中等,2,是,手动扳手,气动扳手,电动扳手,焊枪,,,电动扳手,,超级管理员,2025-09-18 15:39:14,2025-09-18 15:39:19
03208,无人机装配完成后，通常使用（）。进行最终的质量检查,单选题,结构组成,中等,2,是,三坐标测量机,微米螺旋测微仪,激光扫描仪,游标卡尺,,,三坐标测量机,,超级管理员,2025-09-18 15:39:14,2025-09-18 15:39:19
03209,在无人机的装配过程中，使用游标卡尺可以精确测量零部件的外径、内径和深度。（）,单选题,结构组成,中等,2,是,正确,错误,,,,,正确,,超级管理员,2025-09-18 15:39:14,2025-09-18 15:39:19
03210,在无人机装配过程中，扭矩扳手用于测量螺栓的长度。（）,单选题,结构组成,中等,2,是,正确,错误,,,,,错误,,超级管理员,2025-09-18 15:39:14,2025-09-18 15:39:19
03215,在使用扭矩扳手时，应尽量用力快速施加，以确保扭矩值准确。（）,单选题,结构组成,中等,2,是,正确,错误,,,,,错误,,超级管理员,2025-09-18 15:39:14,2025-09-18 15:39:19
03216,使用扭矩扳手时，设置的扭矩值应该根据制造商的推荐值来调整。（）,单选题,结构组成,中等,2,是,正确,错误,,,,,正确,,超级管理员,2025-09-18 15:39:14,2025-09-18 15:39:19
03217,在使用万用表之前，首先应进行（）。操作,单选题,结构组成,中等,2,是,直接测量,插入电池,选择合适的量程档位,关机,,,选择合适的量程档位,,超级管理员,2025-09-18 15:39:14,2025-09-18 15:39:19
03221,在使用万用表测量无人机电池电压时，应该先将万用表设置为电流（A）档，再连接电池两端的测试探针。（）,单选题,结构组成,中等,2,是,正确,错误,,,,,错误,,超级管理员,2025-09-18 15:39:14,2025-09-18 15:39:19
03222,使用万用表测量无人机电路中的电阻时，应确保电源已经关闭，以避免损坏万用表或电路。（）,单选题,结构组成,中等,2,是,正确,错误,,,,,正确,,超级管理员,2025-09-18 15:39:14,2025-09-18 15:39:19
03223,无人机的机械装配中，（）。是最常用工具,单选题,结构组成,中等,2,是,刷子,螺丝刀,锤子,热熔枪,,,螺丝刀,,超级管理员,2025-09-18 15:39:14,2025-09-18 15:39:20
03224,在无人机机械装配中，（）。是最常见的连接方式,单选题,结构组成,中等,2,是,螺纹连接,焊接连接,胶水粘合,电磁吸力连接,,,螺纹连接,,超级管理员,2025-09-18 15:39:14,2025-09-18 15:39:20
03227,在无人机机械装配时，所有螺钉都应紧固到位，但要避免过度拧紧，以免损坏框架或电机固定座。（）,单选题,结构组成,中等,2,是,正确,错误,,,,,正确,,超级管理员,2025-09-18 15:39:14,2025-09-18 15:39:20
03228,在装配无人机时，电池和电调连接时无需特别注意电池的极性，随便连接即可。（）,单选题,结构组成,中等,2,是,正确,错误,,,,,错误,,超级管理员,2025-09-18 15:39:14,2025-09-18 15:39:20
03229,焊接时为了保证无人机操作员的安全，必须设备是（）。,单选题,结构组成,中等,2,是,防护手套,安全帽,防护服,面罩,,,面罩,,超级管理员,2025-09-18 15:39:14,2025-09-18 15:39:20
03230,可以防止无人机被强风破坏的方法是（）。,单选题,结构组成,中等,2,是,加固机体结构,减小旋翼直径,提高飞行速度,增加载重量,,,加固机体结构,,超级管理员,2025-09-18 15:39:14,2025-09-18 15:39:20
03231,"大型无人机装配中,对废弃的润滑油进行（）。的做法是正确的",单选题,结构组成,中等,2,是,随意倾倒,回收利用,倒入下水道,存放在食品容器中,,,回收利用,,超级管理员,2025-09-18 15:39:14,2025-09-18 15:39:20
03232,在大型无人机机械装配过程中，为了防止静电引发火灾，应采取（）。,单选题,结构组成,中等,2,是,经常触摸金属物体释放静电,使用非导电垫板,工作服无需特殊材质,定期检查接地线是否完好,,,定期检查接地线是否完好,,超级管理员,2025-09-18 15:39:14,2025-09-18 15:39:20
03233,在进行无人机机械装配时，操作人员应该佩戴安全防护眼镜和手套，以防止螺钉或其他小零件飞溅伤人。（）,单选题,结构组成,中等,2,是,正确,错误,,,,,正确,,超级管理员,2025-09-18 15:39:14,2025-09-18 15:39:20
03234,在进行无人机电机和螺旋桨的安装时，应确保电机没有通电，以避免意外启动造成伤害。（）,单选题,结构组成,中等,2,是,正确,错误,,,,,正确,,超级管理员,2025-09-18 15:39:14,2025-09-18 15:39:20
03235,（）。是电阻的单位,单选题,控制算法,中等,2,是,Ohm(欧姆),Volt(伏特),Ampere(安培),Watt(瓦特),,,Ohm(欧姆),,超级管理员,2025-09-18 15:39:14,2025-09-18 15:39:20
03236,（）。是在电子电路中用来控制电流的流动的元件,单选题,控制算法,中等,2,是,Resistor(电阻器),Capacitor(电容器),Transistor(晶体管),Inductor(电感器),,,Transistor(晶体管),,超级管理员,2025-09-18 15:39:14,2025-09-18 15:39:20
03239,在无人机电子电路中，电流的单位是伏特（V）。（）,单选题,控制算法,中等,2,是,正确,错误,,,,,错误,,超级管理员,2025-09-18 15:39:14,2025-09-18 15:39:20
03240,无人机电路中的电阻可以通过欧姆定律（V=IR）来计算，其中V表示电压，I表示电流，R表示电阻。（）,单选题,控制算法,中等,2,是,正确,错误,,,,,正确,,超级管理员,2025-09-18 15:39:14,2025-09-18 15:39:20
03241,电容器的基本特性是（）。,单选题,控制算法,中等,2,是,存储电能并释放电能,转换电能与热能,放大电流,阻断直流电并允许交流电通过,,,存储电能并释放电能,,超级管理员,2025-09-18 15:39:14,2025-09-18 15:39:20
03242,电容器在直流电路中的主要作用是（）。,单选题,控制算法,中等,2,是,放大电压,?存储电荷,消耗电能,阻止电流通过,,,?存储电荷,,超级管理员,2025-09-18 15:39:14,2025-09-18 15:39:20
03243,不影响电容器的电容值的因素是（）。,单选题,控制算法,中等,2,是,极板间距,极板面积,极板材料,通过电容器的电流大小,,,通过电容器的电流大小,,超级管理员,2025-09-18 15:39:14,2025-09-18 15:39:20
03244,在交流电路中，与电容器对交流电的阻碍作用有关的因素是（）。,单选题,控制算法,中等,2,是,?交流电的频率,电容器的电容值,交流电的电压,交流电的相位,,,?交流电的频率,,超级管理员,2025-09-18 15:39:14,2025-09-18 15:39:20
03245,电容器能够无限期地存储电荷而不泄漏。（）,单选题,控制算法,中等,2,是,正确,错误,,,,,错误,,超级管理员,2025-09-18 15:39:14,2025-09-18 15:39:20
03246,在交流电路中，电容器的阻抗随着交流电频率的增加而减小。（）,单选题,控制算法,中等,2,是,正确,错误,,,,,正确,,超级管理员,2025-09-18 15:39:14,2025-09-18 15:39:20
03247,二极管的核心特性是（）。,单选题,控制算法,中等,2,是,双向导电性,单向导电性,恒流特性,恒压特性,,,单向导电性,,超级管理员,2025-09-18 15:39:14,2025-09-18 15:39:20
03248,在正常工作时，二极管的正向电阻与反向电阻相比，两者相比（）。,单选题,控制算法,中等,2,是,?正向电阻远大于反向电阻,?两者相等,正向电阻远小于反向电阻,无法确定,,,正向电阻远小于反向电阻,,超级管理员,2025-09-18 15:39:14,2025-09-18 15:39:20
03249,二极管在反向截止状态下，其主要作用是,单选题,控制算法,中等,2,是,放大电流,允许大电流通过,几乎阻断电流,提供稳定的电压输出,,,几乎阻断电流,,超级管理员,2025-09-18 15:39:14,2025-09-18 15:39:20
03250,不影响二极管的导通电压的因素是（）。,单选题,控制算法,中等,2,是,二极管的材料,二极管的工作温度,通过二极管的电流大小,二极管的类型（如硅二极管或锗二极管）,,,通过二极管的电流大小,,超级管理员,2025-09-18 15:39:14,2025-09-18 15:39:20
03251,二极管在正向偏置时，其正向电流随正向电压的增加而线性增加。（）,单选题,控制算法,中等,2,是,正确,错误,,,,,错误,,超级管理员,2025-09-18 15:39:14,2025-09-18 15:39:20
03252,二极管可以作为整流器使用，将交流电转换为直流电。（）,单选题,控制算法,中等,2,是,正确,错误,,,,,正确,,超级管理员,2025-09-18 15:39:14,2025-09-18 15:39:20
03253,电气原理图中，连接线的交点如果没有特殊标记，则意味着（）。,单选题,控制算法,中等,2,是,导线在此处连接,导线在此处断开,导线在此处有特殊要求,导线在此处有附加元件,,,导线在此处连接,,超级管理员,2025-09-18 15:39:14,2025-09-18 15:39:20
03254,在电气原理图中，“L1、L2、L3”一般表示（）。,单选题,控制算法,中等,2,是,三相交流电的三个相序,三条不同颜色的导线,三个不同的电气元件,三个不同的电流等级,,,三相交流电的三个相序,,超级管理员,2025-09-18 15:39:14,2025-09-18 15:39:20
03255,在电气原理图中，电路的正极通常用符号（）表示。,单选题,控制算法,中等,2,是,+,-,~,*,,,+,,超级管理员,2025-09-18 15:39:14,2025-09-18 15:39:20
03256,"在电气原理图中，导线的编号“W1,W2,W3”代表了（）。",单选题,控制算法,中等,2,是,导线颜色,导线长度,导线截面面积,导线的连接顺序,,,导线的连接顺序,,超级管理员,2025-09-18 15:39:14,2025-09-18 15:39:20
03257,在无人机的电气原理图中，如果一个电阻并联于电源电路中，则它的电阻值会直接影响整个电路的总电流。（）,单选题,控制算法,中等,2,是,正确,错误,,,,,正确,,超级管理员,2025-09-18 15:39:14,2025-09-18 15:39:20
03258,在无人机电路的电气图中，二极管的符号通常是一个三角形指向一条线，表示电流只能单方向流动。（）,单选题,控制算法,中等,2,是,正确,错误,,,,,正确,,超级管理员,2025-09-18 15:39:14,2025-09-18 15:39:20
03259,气压高度计是利用（）。原理来测量高度的仪器,单选题,控制算法,中等,2,是,激光测距,雷达探测,气压变化,立体几何计算,,,气压变化,,超级管理员,2025-09-18 15:39:14,2025-09-18 15:39:20
03260,随着海拔高度的上升，大气压力（）。变化，这是气压高度计工作的基础原理之一,单选题,控制算法,中等,2,是,上升,下降,保持不变,无法确定,,,下降,,超级管理员,2025-09-18 15:39:14,2025-09-18 15:39:20
03261,气压高度计中，（）。部件是感应大气静压力的敏感元件,单选题,控制算法,困难,2,是,机械传动机构,真空膜盒,静压导管,指示部件,,,真空膜盒,,超级管理员,2025-09-18 15:39:14,2025-09-18 15:39:20
03262,气压高度计在（）。领域有着广泛的应用,单选题,控制算法,中等,2,是,医学诊断,农业灌溉,航空飞行,建筑施工,,,航空飞行,,超级管理员,2025-09-18 15:39:14,2025-09-18 15:39:20
03263,气压高度计的读数可以直接与海平面高度对应，但需要根据当前的温度、气压和天气条件进行修正才能准确计算。（）,单选题,控制算法,中等,2,是,正确,错误,,,,,正确,,超级管理员,2025-09-18 15:39:14,2025-09-18 15:39:20
03264,气压高度计通过测量大气压的变化来确定飞行器的高度，因此其读数会随环境气压的变化而波动。（）,单选题,控制算法,中等,2,是,正确,错误,,,,,正确,,超级管理员,2025-09-18 15:39:14,2025-09-18 15:39:20
03265,无人机惯性测量单元（IMU）主要用于测量（）。参数,单选题,控制算法,中等,2,是,电磁信号强度,气压变化,物体姿态、角速度和加速度,地面高度,,,物体姿态、角速度和加速度,,超级管理员,2025-09-18 15:39:14,2025-09-18 15:39:20
03266,IMU通过（）。主要组件来实现其功能,单选题,控制算法,中等,2,是,磁力计和超声波传感器,陀螺仪和加速度计,激光雷达和摄像头,气压计和温度传感器,,,陀螺仪和加速度计,,超级管理员,2025-09-18 15:39:14,2025-09-18 15:39:20
03267,在无人机应用中，IMU主要用于（）。方面,单选题,控制算法,中等,2,是,地图绘制与导航,视频拍摄与传输,姿态控制、导航和定位,环境温度监测,,,姿态控制、导航和定位,,超级管理员,2025-09-18 15:39:14,2025-09-18 15:39:20
03269,惯性测量单元（IMU）通过加速度计、陀螺仪和磁力计的组合来测量无人机的加速度、角速度和航向，但无法直接测量速度和位置。（）,单选题,控制算法,中等,2,是,正确,错误,,,,,正确,,超级管理员,2025-09-18 15:39:14,2025-09-18 15:39:20
03270,IMU在长时间使用过程中，由于传感器的累积误差（如零偏和噪声），需要定期进行校准，以避免飞行状态误差的显著增加。（）,单选题,控制算法,中等,2,是,正确,错误,,,,,正确,,超级管理员,2025-09-18 15:39:14,2025-09-18 15:39:20
03275,电压表和电流表的接入方式不同：电压表通常串联在电路中，而电流表则应并联接入电路。（）,单选题,控制算法,中等,2,是,正确,错误,,,,,错误,,超级管理员,2025-09-18 15:39:14,2025-09-18 15:39:20
03276,在无人机电器系统的安装过程中，使用示波器可以实时观察电路中的电压波形，以便检查信号的质量和干扰情况。（）,单选题,控制算法,中等,2,是,正确,错误,,,,,正确,,超级管理员,2025-09-18 15:39:14,2025-09-18 15:39:20
03277,无人机电气系统一般包括（）。三个部分,单选题,控制算法,中等,2,是,电源、电缆、接插件,电缆、供电系统、用电设备,电池、电机、电调,电源、配电系统、用电设备,,,电源、配电系统、用电设备,,超级管理员,2025-09-18 15:39:14,2025-09-18 15:39:20
03279,无人机电气系统中，（）。部件不直接参与电能的传输,单选题,控制算法,中等,2,是,电缆,电机,电池,电调,,,电机,,超级管理员,2025-09-18 15:39:14,2025-09-18 15:39:21
03280,无人机电气系统中，用电设备通常指的是（）。设备,单选题,控制算法,中等,2,是,电池和电机,电调和电缆,飞控系统和传感器,螺旋桨和机架,,,飞控系统和传感器,,超级管理员,2025-09-18 15:39:14,2025-09-18 15:39:21
03281,无人机电器系统中的电缆通常使用铜线或铝线，而在高频信号传输中，更倾向于使用具有较低介电常数的材料来降低信号衰减。（）,单选题,控制算法,中等,2,是,正确,错误,,,,,正确,,超级管理员,2025-09-18 15:39:14,2025-09-18 15:39:21
03282,在无人机电器系统中，使用镀金连接器可以提高电接触的可靠性，因为镀金层具有良好的导电性和抗腐蚀性。（）,单选题,控制算法,中等,2,是,正确,错误,,,,,正确,,超级管理员,2025-09-18 15:39:14,2025-09-18 15:39:21
03285,在无人机电气安装过程中，（）。对于确保系统的可靠性至关重要,单选题,控制算法,中等,2,是,使用尽可能多的电缆连接,高质量的接线端子和插头,电缆的颜色编码,电缆的长度,,,高质量的接线端子和插头,,超级管理员,2025-09-18 15:39:14,2025-09-18 15:39:21
03287,在无人机电气安装过程中，所有电缆的布线必须避免与高温部件直接接触，同时应使用抗干扰性强的屏蔽电缆，以减少电磁干扰。（）,单选题,控制算法,中等,2,是,正确,错误,,,,,正确,,超级管理员,2025-09-18 15:39:14,2025-09-18 15:39:21
03288,无人机电气系统安装时，电缆应使用标准接头和插头进行连接，且插头的接触部分不应暴露在外部环境中，以防止水分和灰尘侵入。（）,单选题,控制算法,中等,2,是,正确,错误,,,,,正确,,超级管理员,2025-09-18 15:39:14,2025-09-18 15:39:21
03289,在进行无人机电气安装时，（）。措施是确保电源线路安全的关键步骤,单选题,控制算法,中等,2,是,仅使用标准电源线并随意接线,仔细检查电源线绝缘层是否有破损,直接将电源线焊接到电路板上,忽略电源线布局，以方便安装为主,,,仔细检查电源线绝缘层是否有破损,,超级管理员,2025-09-18 15:39:14,2025-09-18 15:39:21
03290,在安装无人机的电池管理系统时，（）。处理电池之间的连接,单选题,控制算法,中等,2,是,直接用导线将电池串联起来,使用电池管理模块进行连接,使用电烙铁焊接电池,使用插头连接电池,,,使用电池管理模块进行连接,,超级管理员,2025-09-18 15:39:14,2025-09-18 15:39:21
03291,在无人机电气安装中，（）。有助于防止电路短路,单选题,控制算法,中等,2,是,使用过长的电缆并缠绕在一起,使用合适的线束管理技术,使用尽可能多的连接器,安装尽可能多的电子设备,,,使用合适的线束管理技术,,超级管理员,2025-09-18 15:39:14,2025-09-18 15:39:21
03293,无人机电气系统中的接地系统安装时，所有接地线应确保直接连接至机身金属部分，并避免使用塑料和非导电材料作为接地线。（）,单选题,控制算法,中等,2,是,正确,错误,,,,,正确,,超级管理员,2025-09-18 15:39:14,2025-09-18 15:39:21
03294,在无人机电气系统的安装过程中，为了提高系统的可靠性，所有的电气元件应当通过快速连接器进行安装，这样便于后期的检修和更换。（）,单选题,控制算法,中等,2,是,正确,错误,,,,,错误,,超级管理员,2025-09-18 15:39:14,2025-09-18 15:39:21
03295,为了保证无人机电气系统的安全性，（）。的步骤是必要的,单选题,控制算法,中等,2,是,定期检查电线是否有磨损或损坏,在电池电量充足时进行飞行,使用非原装充电器为电池充电,将多台无人机的电源线连接在一起,,,定期检查电线是否有磨损或损坏,,超级管理员,2025-09-18 15:39:14,2025-09-18 15:39:21
03296,（）。的行为可能会导致无人机电气系统的接触不良,单选题,控制算法,中等,2,是,清洁无人机的电路板,更换电池时使用正确的工具,将无人机暴露在潮湿的环境中,将电源线连接到正确的插头,,,将无人机暴露在潮湿的环境中,,超级管理员,2025-09-18 15:39:14,2025-09-18 15:39:21
03299,在无人机电气系统的安装过程中，为了防止电气短路，所有电缆应使用合适的电缆保护套管，且在安装过程中应避免电缆受拉或压迫。（）,单选题,控制算法,中等,2,是,正确,错误,,,,,正确,,超级管理员,2025-09-18 15:39:14,2025-09-18 15:39:21
03300,为了提高无人机电气系统的安全性，所有电气元件应当使用过载保护器，以防止电流过大引起设备损坏或火灾。（）,单选题,控制算法,中等,2,是,正确,错误,,,,,正确,,超级管理员,2025-09-18 15:39:14,2025-09-18 15:39:21
03301,如果在无人机飞行中电池电量突然耗尽，（）。应急措施是正确的,单选题,控制算法,中等,2,是,立即关闭所有非关键系统以节省电力,尝试重启无人机的电气系统,立即进行紧急降落,继续飞行直到找到安全着陆点,,,立即进行紧急降落,,超级管理员,2025-09-18 15:39:14,2025-09-18 15:39:21
03305,若在无人机电气系统安装后，出现系统电压不稳定的问题，应首先检查所有电气接头的连接是否紧固，必要时进行重新连接，并避免直接接触高压电气部件。（）,单选题,控制算法,中等,2,是,正确,错误,,,,,正确,,超级管理员,2025-09-18 15:39:14,2025-09-18 15:39:21
03306,在无人机电气安装过程中，如果发现电池连接出现异常（如电池过热或电流异常），应立即断开电池电源并进行冷却处理，以避免电池发生危险。（）,单选题,控制算法,中等,2,是,正确,错误,,,,,正确,,超级管理员,2025-09-18 15:39:14,2025-09-18 15:39:21
03307,计算机终端设备通常由（）。部分组成,单选题,传感器融合,中等,2,是,显示器、键盘、鼠标、处理器、接口连接设备,显示器、打印机、扫描仪、路由器,键盘、音响、麦克风、摄像头,处理器、内存、硬盘、显卡,,,显示器、键盘、鼠标、处理器、接口连接设备,,超级管理员,2025-09-18 15:39:14,2025-09-18 15:39:21
03311,无人机的计算机终端设备中，网络接口主要用于实现与无人机其他模块（如飞行控制器、传感器等）之间的数据交换与通信，而不涉及与地面站的通信。（）,单选题,传感器融合,中等,2,是,正确,错误,,,,,错误,,超级管理员,2025-09-18 15:39:14,2025-09-18 15:39:21
03312,无人机计算机终端设备的组成通常包括中央处理单元（CPU）、内存、显示器、输入设备（如键盘和鼠标）以及网络接口，用于飞行控制系统的数据处理与交互。（）,单选题,传感器融合,中等,2,是,正确,错误,,,,,正确,,超级管理员,2025-09-18 15:39:14,2025-09-18 15:39:21
03314,（）。操作系统主要用于移动设备,单选题,传感器融合,中等,2,是,Android,Linux,WindowsServer,Unix,,,Android,,超级管理员,2025-09-18 15:39:14,2025-09-18 15:39:21
03316,（）。选项是开源操作系统,单选题,传感器融合,中等,2,是,Windows,macOS,Linux,iOS,,,Linux,,超级管理员,2025-09-18 15:39:14,2025-09-18 15:39:21
03317,在无人机操作系统中，实时操作系统（RTOS）通常被用于飞行控制系统，因为它能够确保任务按严格的时间要求完成，避免延迟对飞行安全造成影响。（）,单选题,传感器融合,中等,2,是,正确,错误,,,,,正确,,超级管理员,2025-09-18 15:39:14,2025-09-18 15:39:21
03318,无人机使用的计算机操作系统必须具备高效的任务调度能力和强大的资源管理功能，以确保多任务并行处理，同时保持系统稳定性和低功耗。（）,单选题,传感器融合,中等,2,是,正确,错误,,,,,正确,,超级管理员,2025-09-18 15:39:14,2025-09-18 15:39:21
03319,在计算机操作系统中，“虚拟内存”的主要作用是（）。,单选题,传感器融合,中等,2,是,允许计算机运行比物理内存更大的程序,增加物理内存容量,提高CPU速度,提供存储设备驱动,操作系统的题，与细目表中的.网络知识无关,,允许计算机运行比物理内存更大的程序,,超级管理员,2025-09-18 15:39:14,2025-09-18 15:39:21
03320,（）。不是操作系统的主要功能,单选题,传感器融合,中等,2,是,处理器管理,网络浏览,内存管理,文件和存储管理,,,网络浏览,,超级管理员,2025-09-18 15:39:14,2025-09-18 15:39:21
03321,操作系统的核心部分，负责管理系统资源和硬件的是（）。,单选题,传感器融合,中等,2,是,文件系统,驱动程序,应用程序,内核,,,驱动程序,,超级管理员,2025-09-18 15:39:14,2025-09-18 15:39:21
03322,操作系统的主要职责之一是管理计算机的硬件资源（）。不属于硬件资源,单选题,传感器融合,中等,2,是,CPU,内存,显示器,软件应用,,,软件应用,,超级管理员,2025-09-18 15:39:14,2025-09-18 15:39:21
03323,无人机计算机网络的组成通常包括数据链路层、网络层、传输层和应用层，以确保数据从飞行控制系统到地面站的有效传输和实时反馈。（）,单选题,传感器融合,中等,2,是,正确,错误,无人机的网络与普通计算机网络是不相同的,,,,正确,,超级管理员,2025-09-18 15:39:14,2025-09-18 15:39:21
03324,在无人机的计算机网络中，网络层主要负责地址分配和路由选择，确保飞行控制系统与其他设备（如传感器、地面站）之间的数据能够在不同网络环境中正确传输。（）,单选题,传感器融合,中等,2,是,正确,错误,,,,,正确,,超级管理员,2025-09-18 15:39:14,2025-09-18 15:39:21
03325,（）。是DDoS攻击,单选题,传感器融合,中等,2,是,拒绝服务攻击,分布式拒绝服务攻击,数据驱动的拒绝服务攻击,集中式拒绝服务攻击,,,分布式拒绝服务攻击,,超级管理员,2025-09-18 15:39:14,2025-09-18 15:39:21
03326,为了保护计算机不受恶意软件的侵害，（）。做法是最有效的,单选题,传感器融合,中等,2,是,定期清理计算机垃圾文件,从不下载未知来源的文件,安装和更新防病毒软件,仅使用计算机进行文字处理,,,安装和更新防病毒软件,,超级管理员,2025-09-18 15:39:14,2025-09-18 15:39:21
03327,为了保护个人隐私，（）。密码设置方法是不推荐的,单选题,传感器融合,中等,2,是,所有账户使用相同的密码,使用包含数字、字母和特殊字符的复杂密码,定期更换密码,使用密码管理器生成和存储密码,,,所有账户使用相同的密码,,超级管理员,2025-09-18 15:39:14,2025-09-18 15:39:21
03328,安装一款正版杀毒软件后，计算机就绝对安全，不会受到任何病毒或恶意软件的攻击。（）,单选题,传感器融合,中等,2,是,正确,错误,,,,,错误,,超级管理员,2025-09-18 15:39:14,2025-09-18 15:39:21
03329,只要不连接互联网，计算机就不需要进行安全防护。（）,单选题,传感器融合,中等,2,是,正确,错误,,,,,错误,,超级管理员,2025-09-18 15:39:14,2025-09-18 15:39:21
03330,在无人机调试过程中，（）。软件通常用于配置和调试飞控系统,单选题,传感器融合,中等,2,是,QGroundControl,Adobe Photoshop,Microsoft Excel,Google Earth,,,QGroundControl,,超级管理员,2025-09-18 15:39:14,2025-09-18 15:39:21
03331,（）。不属于无人机调试软件的主要功能,单选题,传感器融合,中等,2,是,代码编写,测试执行,错误诊断,报告生成,,,代码编写,,超级管理员,2025-09-18 15:39:14,2025-09-18 15:39:21
03332,无人机调试软件中的“地面控制站（GCS）”主要用于功能（）。,单选题,传感器融合,中等,2,是,调整无人机的外观设计,实时监控飞行状态,提供飞行时的电池电量,计算飞行路径规划,,,实时监控飞行状态,,超级管理员,2025-09-18 15:39:14,2025-09-18 15:39:21
03334,无人机调试软件可以随意从任何非官方渠道下载，不会对无人机的调试产生安全风险。（）,单选题,传感器融合,中等,2,是,正确,错误,,,,,错误,,超级管理员,2025-09-18 15:39:14,2025-09-18 15:39:21
03335,只要无人机能正常飞行，就不需要使用调试软件对其进行参数检查和更新。（）,单选题,传感器融合,中等,2,是,正确,错误,,,,,错误,,超级管理员,2025-09-18 15:39:14,2025-09-18 15:39:22
03336,（）。软件通常用于无人机的飞行路径规划和模拟,单选题,传感器融合,中等,2,是,AdobePhotoshop,MissionPlanner,MicrosoftWord,GoogleChrome,,,MissionPlanner,,超级管理员,2025-09-18 15:39:14,2025-09-18 15:39:22
03338,（）。软件可以用于无人机的仿真测试和开发环境,单选题,传感器融合,中等,2,是,Gazebo,UnrealEngine,Audacity,Blender,,,Gazebo,,超级管理员,2025-09-18 15:39:14,2025-09-18 15:39:22
03340,大疆的Assistant2调参软件仅适用于大疆的消费级无人机。（）,单选题,传感器融合,中等,2,是,正确,错误,,,,,错误,,超级管理员,2025-09-18 15:39:14,2025-09-18 15:39:22
03341,Betaflight调参软件只支持多旋翼无人机，不支持固定翼无人机。（）,单选题,传感器融合,中等,2,是,正确,错误,,,,,错误,,超级管理员,2025-09-18 15:39:14,2025-09-18 15:39:22
03342,主要用于文档的创建、编辑、排版和格式化，广泛应用于报告、论文、简历等文档的制作，（）。是常用软件,单选题,传感器融合,中等,2,是,Excel,PowerPoint,Word,Access,,,Word,,超级管理员,2025-09-18 15:39:14,2025-09-18 15:39:22
03346,常用办公软件仅包括文档处理软件和电子表格软件。（）,单选题,传感器融合,中等,2,是,正确,错误,,,,,错误,,超级管理员,2025-09-18 15:39:14,2025-09-18 15:39:22
03347,Microsoft Access 是一款专注于数据分析和处理的大数据分析工具，而非用于创建数据库。（）,单选题,传感器融合,中等,2,是,正确,错误,,,,,错误,,超级管理员,2025-09-18 15:39:14,2025-09-18 15:39:22
03352,在文字处理软件中，只能通过鼠标来进行文本的选中操作。（）,单选题,传感器融合,中等,2,是,正确,错误,,,,,错误,,超级管理员,2025-09-18 15:39:14,2025-09-18 15:39:22
03353,在电子表格软件中，函数的参数是固定不变的，不能根据具体需求修改。（）,单选题,传感器融合,中等,2,是,正确,错误,,,,,错误,,超级管理员,2025-09-18 15:39:14,2025-09-18 15:39:22
03354,用人单位违反劳动保护法的规定，对劳动者造成损害的，应当承担（）。责任,单选题,飞行安全,中等,2,是,经济赔偿责任,行政责任,刑事责任,民事责任,,,民事责任,,超级管理员,2025-09-18 15:39:14,2025-09-18 15:39:22
03357,劳动保护对于经济发展有（）。的作用,单选题,飞行安全,中等,2,是,阻碍经济发展,促进经济可持续发展,增加企业负担,减少就业机会,,,促进经济可持续发展,,超级管理员,2025-09-18 15:39:14,2025-09-18 15:39:22
03360,在安全生产工作中，必须坚持“谁主管、谁负责”的原则请问，“谁主管”是指（）。,单选题,飞行安全,中等,2,是,女职工和未成年工特殊保护,各级党委及其领导成员,各级安全生产监督管理部门,各级企业事业单位的主要负责人,,,各级企业事业单位的主要负责人,,超级管理员,2025-09-18 15:39:14,2025-09-18 15:39:22
03363,安全生产的预防为主原则的核心内容是（）。,单选题,飞行安全,中等,2,是,强调事故后果的补偿,强调消除事故隐患并防范风险,强调事后追责和整改,强调生产效率高于安全,,,强调消除事故隐患并防范风险,,超级管理员,2025-09-18 15:39:14,2025-09-18 15:39:22
03366,（）。最适合用于防火墙建设,单选题,飞行安全,中等,2,是,木材,石膏板,钢筋混凝土,泡沫塑料,,,钢筋混凝土,,超级管理员,2025-09-18 15:39:14,2025-09-18 15:39:22
03367,（）。是有效的消防安全措施之一,单选题,飞行安全,中等,2,是,定期进行消防演练,只在发生火灾时进行处理,让员工自行判断火灾危险,关闭所有电器设备即可避免火灾,,,定期进行消防演练,,超级管理员,2025-09-18 15:39:14,2025-09-18 15:39:22
03368,如果身上着火了，应该（）。自救,单选题,飞行安全,中等,2,是,快速奔跑呼救,就地打滚将火苗压灭,用手拍打火焰,穿过浓烟区域寻找出口,,,就地打滚将火苗压灭,,超级管理员,2025-09-18 15:39:14,2025-09-18 15:39:22
03369,无人机作业现场，应确保有足够的消防器材，并且其配置应依据标准（）。,单选题,飞行安全,中等,2,是,仅根据场地大小配置,根据作业种类和火灾风险评估配置,只需配置灭火器即可,只在无人机起火时才使用消防器材,,,仅根据场地大小配置,,超级管理员,2025-09-18 15:39:14,2025-09-18 15:39:22
03372,在重大事故应急救援体系中，（）。组织的重要职责是尽可能、尽快地控制并消除事故，营救受害人员,单选题,飞行安全,中等,2,是,应急救援专家组,医疗救治,消防与抢险,洗消去污组织,,,消防与抢险,,超级管理员,2025-09-18 15:39:14,2025-09-18 15:39:22
03373,根据《生产安全事故报告和调查处理条例》规定，事故发生后，（）。应当立即向本单位负责人报告,单选题,飞行安全,中等,2,是,单位主要负责人,事故受害者,事故目击者,现场安全员,,,单位主要负责人,,超级管理员,2025-09-18 15:39:14,2025-09-18 15:39:22
03374,地方各级人民政府应急管理部门的应急预案，应当报（）。级别的人民政府备案,单选题,飞行安全,中等,2,是,市级,县级,省级,国家级,,,县级,,超级管理员,2025-09-18 15:39:14,2025-09-18 15:39:22
03375,生产经营单位的应急预案经评审或者论证后，由（）。签署,单选题,飞行安全,中等,2,是,主要负责人,部门经理,安全总监,工会主席,,,主要负责人,,超级管理员,2025-09-18 15:39:14,2025-09-18 15:39:22
03376,小型企业由于人员和规模较小，不需要制定安全生产事故应急救援预案。（）,单选题,飞行安全,中等,2,是,正确,错误,,,,,错误,,超级管理员,2025-09-18 15:39:14,2025-09-18 15:39:22
03377,安全生产事故应急救援预案一旦制定就无需修改。（）,单选题,飞行安全,中等,2,是,正确,错误,,,,,错误,,超级管理员,2025-09-18 15:39:14,2025-09-18 15:39:22
03378,（）。不属于清洁能源,单选题,飞行安全,中等,2,是,太阳能,风能,石油,水能,,,石油,,超级管理员,2025-09-18 15:39:14,2025-09-18 15:39:22
03379,（）。的行为不利于环境保护,单选题,飞行安全,中等,2,是,减少使用一次性塑料制品,积极参与植树造林活动,定期清理自家垃圾并分类投放,随意乱扔废弃物,,,随意乱扔废弃物,,超级管理员,2025-09-18 15:39:14,2025-09-18 15:39:22
03382,个人在日常生活中的行为对环境保护影响不大，所以不需要特别注意。（）,单选题,飞行安全,中等,2,是,正确,错误,,,,,错误,,超级管理员,2025-09-18 15:39:14,2025-09-18 15:39:22
03383,只要企业安装了先进的污染处理设备，就可以随意排放污染物。（）,单选题,飞行安全,中等,2,是,正确,错误,,,,,错误,,超级管理员,2025-09-18 15:39:14,2025-09-18 15:39:22
03384,为了减少无人机的环境影响，以下（）措施不是有效的。,单选题,飞行安全,中等,2,是,优化无人机的设计和飞行路径,采取更加环保的燃料和飞行技术,增加无人机的使用频率,提高无人机的能源效率,,,增加无人机的使用频率,,超级管理员,2025-09-18 15:39:14,2025-09-18 15:39:22
03385,无人机在飞行过程中对环境造成的负面影响的是（）。,单选题,飞行安全,中等,2,是,增加噪音污染,产生大量废气,改变空气成分,消耗大量水资源,,,增加噪音污染,,超级管理员,2025-09-18 15:39:14,2025-09-18 15:39:22
03386,为减少无人机使用对环境的影响，以下措施（）是有效的。,单选题,飞行安全,中等,2,是,限制无人机飞行高度,使用电池驱动的无人机,增加无人机飞行次数,选择低功率发动机的无人机,,,使用电池驱动的无人机,,超级管理员,2025-09-18 15:39:14,2025-09-18 15:39:22
03387,为了减少无人机对环境的影响，以下（）措施是推荐的。,单选题,飞行安全,中等,2,是,使用更加高效的能源系统,增加无人机的飞行高度以减少噪音,减少无人机的维护和检查,使用非环保材料制造无人机,,,使用更加高效的能源系统,,超级管理员,2025-09-18 15:39:14,2025-09-18 15:39:22
03388,无人机体积小、重量轻，所以其飞行对环境没有任何影响。（）,单选题,飞行安全,中等,2,是,正确,错误,,,,,错误,,超级管理员,2025-09-18 15:39:14,2025-09-18 15:39:22
03389,只要无人机不在禁飞区域飞行，就不会对环境造成不良影响。（）,单选题,飞行安全,中等,2,是,正确,错误,,,,,错误,,超级管理员,2025-09-18 15:39:14,2025-09-18 15:39:23
03390,根据《中华人民共和国劳动法》，企业应当依法为员工缴纳社会保险费，（）。不属于社会保险范畴,单选题,法规法律,中等,2,是,养老保险,医疗保险,健康保险,工伤保险,,,健康保险,,超级管理员,2025-09-18 15:39:14,2025-09-18 15:39:23
03394,劳动者不必缴纳工伤保险费和生育保险费。（）,单选题,法规法律,中等,2,是,正确,错误,,,,,正确,,超级管理员,2025-09-18 15:39:14,2025-09-18 15:39:23
03395,依据《劳动法》规定，劳动者在严重违反用人单位规章制度的情况下，用人单位可以解除劳动合同，但应提前三十日通知劳动者。（）,单选题,法规法律,中等,2,是,正确,错误,,,,,错误,,超级管理员,2025-09-18 15:39:14,2025-09-18 15:39:23
03396,根据劳动合同法，用人单位自（）。起即与劳动者建立劳动关系,单选题,法规法律,中等,2,是,用工之日,签订劳动合同之日,劳动者报到之日,试用期开始之日,,,用工之日,,超级管理员,2025-09-18 15:39:14,2025-09-18 15:39:23
03397,劳动合同期限三个月以上不满一年的，试用期不得超过（）。,单选题,法规法律,中等,2,是,一个月,二个月,三个月,六个月,,,一个月,,超级管理员,2025-09-18 15:39:14,2025-09-18 15:39:23
03398,劳动者在试用期的工资不得低于本单位相同岗位最低档工资或者劳动合同约定工资的（）。，并不得低于用人单位所在地的最低工资标准,单选题,法规法律,中等,2,是,0.8,0.7,0.6,0.5,,,0.8,,超级管理员,2025-09-18 15:39:14,2025-09-18 15:39:23
03399,用人单位解除劳动合同，应当提前（）。以书面形式通知劳动者本人或者额外支付劳动者一个月工资,单选题,法规法律,中等,2,是,15日,30日,45日,60日,,,30日,,超级管理员,2025-09-18 15:39:14,2025-09-18 15:39:23
03400,无人机操作员与用人单位签订劳动合同时，应当明确约定工作岗位、工作内容、工作地点等信息，确保劳动合同内容的明确性和合法性。（）,单选题,法规法律,中等,2,是,正确,错误,,,,,正确,,超级管理员,2025-09-18 15:39:14,2025-09-18 15:39:23
03401,如果无人机操作员与用人单位之间的劳动合同期满后，未进行续签，且双方未明确约定是否继续劳动关系，则劳动合同终止，操作员应无权要求继续就业。（）,单选题,法规法律,中等,2,是,正确,错误,,,,,错误,,超级管理员,2025-09-18 15:39:14,2025-09-18 15:39:23
03404,生产经营单位必须为从业人员提供符合（）。的劳动保护用品,单选题,法规法律,中等,2,是,国家标准或者行业标准,地方标准,企业自定标准,最低成本标准,,,国家标准或者行业标准,,超级管理员,2025-09-18 15:39:14,2025-09-18 15:39:23
03406,生产经营单位使用被派遣劳动者的，可以与被派遣劳动者约定是否享有安全生产方面的权利、履行安全生产方面的义务。（）,单选题,法规法律,中等,2,是,正确,错误,,,,,正确,,超级管理员,2025-09-18 15:39:14,2025-09-18 15:39:23
03407,安全生产监督检查人员执行监督检查任务时，必须出示有效的行政执法证件；对涉及被检查单位的技术秘密和业务秘密，应当为其保密。（）,单选题,法规法律,中等,2,是,正确,错误,,,,,错误,,超级管理员,2025-09-18 15:39:14,2025-09-18 15:39:23
03408,环境保护坚持保护优先、（）。、综合治理、公众参与、损害担责的原则,单选题,法规法律,中等,2,是,防治结合,预防为主,源头控制,过程监管,,,预防为主,,超级管理员,2025-09-18 15:39:14,2025-09-18 15:39:23
03409,企业事业单位和其他生产经营者违反法律法规规定排放污染物，造成或者可能造成严重污染的，县级以上人民政府环境保护主管部门和其他负有环境保护监督管理职责的部门，可以（）。,单选题,法规法律,中等,2,是,责令其停产停业,对其进行罚款,查封、扣押造成污染物排放的设施、设备,对主要负责人进行行政拘留,,,查封、扣押造成污染物排放的设施、设备,,超级管理员,2025-09-18 15:39:14,2025-09-18 15:39:23
03410,对保护和改善环境有显著成绩的单位和个人，由（）。给予奖励,单选题,法规法律,中等,2,是,环境保护部门,人民政府,社会公益组织,企业自身,,,人民政府,,超级管理员,2025-09-18 15:39:14,2025-09-18 15:39:23
03412,省级以上人民政府应当加大保护和改善环境、防治污染和其他公害的财政投入，提高财政资金的使用效益。（）,单选题,法规法律,中等,2,是,正确,错误,,,,,错误,,超级管理员,2025-09-18 15:39:14,2025-09-18 15:39:23
03413,企业事业单位和其他生产经营者，在污染物排放符合法定要求的基础上，进一步减少污染物排放的，人民政府应当依法采取财政、税收、价格、政府采购等方面的政策和措施予以鼓励和支持。（）,单选题,法规法律,中等,2,是,正确,错误,,,,,正确,,超级管理员,2025-09-18 15:39:14,2025-09-18 15:39:23
03414,生产者应当对其生产的产品质量负责，产品质量应当符合的要求中不包括（）。,单选题,法规法律,中等,2,是,不存在危及人身、财产安全的不合理的危险,具备产品应当具备的使用性能,符合在产品或者其包装上注明采用的产品标准,产品包装必须精美,,,产品包装必须精美,,超级管理员,2025-09-18 15:39:14,2025-09-18 15:39:23
03415,销售者的产品质量义务不包括（）。,单选题,法规法律,中等,2,是,建立并执行进货检查验收制度,采取措施，保持销售产品的质量,对产品进行深加工，提高产品质量,不得销售国家明令淘汰并停止销售的产品,,,对产品进行深加工，提高产品质量,,超级管理员,2025-09-18 15:39:14,2025-09-18 15:39:23
03416,因产品存在缺陷造成人身、他人财产损害的，（）。应当承担赔偿责任,单选题,法规法律,中等,2,是,生产者,销售者,生产者和销售者,使用者,,,生产者和销售者,,超级管理员,2025-09-18 15:39:14,2025-09-18 15:39:23
03417,国家对产品质量实行以（）。为主要方式的监督检查制度,单选题,法规法律,中等,2,是,抽查,普查,自查,互查,,,抽查,,超级管理员,2025-09-18 15:39:14,2025-09-18 15:39:23
03418,裸装的食品和其他根据产品的特点难以附加标识的裸装产品，可以不附加产品标识。（）,单选题,法规法律,中等,2,是,正确,错误,,,,,正确,,超级管理员,2025-09-18 15:39:14,2025-09-18 15:39:23
03419,因产品质量发生民事纠纷时，当事人只能通过协商或者调解解决。（）,单选题,法规法律,中等,2,是,正确,错误,,,,,错误,,超级管理员,2025-09-18 15:39:14,2025-09-18 15:39:23
03420,民用航空器的适航管理由（）。负责,单选题,法规法律,中等,2,是,国务院民用航空主管部门,航空器制造企业,航空器使用者,地方航空管理部门,,,国务院民用航空主管部门,,超级管理员,2025-09-18 15:39:14,2025-09-18 15:39:23
03421,民用航空器权利登记的主管部门是（）。,单选题,法规法律,中等,2,是,国务院民用航空主管部门,国家工商行政管理部门,国家知识产权局,中国民用航空局空中交通管理局,,,国务院民用航空主管部门,,超级管理员,2025-09-18 15:39:14,2025-09-18 15:39:23
03422,民用航空器优先权适用（）。的法律,单选题,法规法律,中等,2,是,航空器国籍登记国,航空器制造国,航空器运营国,航空器失事国,,,航空器国籍登记国,,超级管理员,2025-09-18 15:39:14,2025-09-18 15:39:23
03423,搜寻援救民用航空器的具体办法，由（）。规定,单选题,法规法律,中等,2,是,国务院民用航空主管部门,国务院,全国人民代表大会常务委员会,地方人民政府,,,国务院,,超级管理员,2025-09-18 15:39:14,2025-09-18 15:39:23
03424,民用航空器的机长或者机组其他人员有受到酒类饮料、麻醉剂或者其他药物的影响，损及工作能力的情况，不得执行飞行任务。（）,单选题,法规法律,中等,2,是,正确,错误,,,,,正确,,超级管理员,2025-09-18 15:39:14,2025-09-18 15:39:23
03425,国内航空运输合同的当事人可以选择合同适用的法律，但是法律另有规定的除外。（）,单选题,法规法律,中等,2,是,正确,错误,,,,,错误,,超级管理员,2025-09-18 15:39:14,2025-09-18 15:39:23
03426,从事通用航空飞行活动的单位、个人，根据飞行活动要求，需要划设临时飞行空域的，应当向有关飞行管制部门提出划设临时飞行空域的申请受理申请的飞行管制部门应当自受理申请之日起（）。个工作日内作出批准或者不予批准的决定,单选题,法规法律,中等,2,是,7,10,15,30,,,7,,超级管理员,2025-09-18 15:39:14,2025-09-18 15:39:23
03427,在临时飞行空域内进行通用航空飞行活动的，可以在申请划设临时飞行空域时一并提出（）。小时以内的短期飞行计划申请，不再另行申请,单选题,法规法律,中等,2,是,12,24,36,48,,,24,,超级管理员,2025-09-18 15:39:14,2025-09-18 15:39:23
03428,通用航空飞行任务的飞行计划申请，应当在拟飞行前（）。提出,单选题,法规法律,中等,2,是,1天,2天,3天,7天,,,1天,,超级管理员,2025-09-18 15:39:14,2025-09-18 15:39:23
03429,组织实施通用航空飞行活动的单位、个人，应当在飞行活动结束后（）。内，将飞行活动情况报送有关飞行管制部门,单选题,法规法律,中等,2,是,10分钟,30分钟,1小时,24小时,,,24小时,,超级管理员,2025-09-18 15:39:14,2025-09-18 15:39:23
03430,通用航空飞行活动在非管制空域内飞行无需向任何部门报告。（）,单选题,法规法律,中等,2,是,正确,错误,,,,,错误,,超级管理员,2025-09-18 15:39:14,2025-09-18 15:39:23
03431,通用航空飞行的航空器只要购买了保险就可以随意飞行。（）,单选题,法规法律,中等,2,是,正确,错误,,,,,错误,,超级管理员,2025-09-18 15:39:14,2025-09-18 15:39:23
03432,民用航空安全管理应当坚持（）。的工作方针,单选题,法规法律,中等,2,是,安全第一、预防为主、综合治理,安全至上、预防为主、严格管理,安全优先、防治结合、综合治理,安全为本、防治结合、严格管理,,,安全第一、预防为主、综合治理,,超级管理员,2025-09-18 15:39:14,2025-09-18 15:39:23
03433,民航生产经营单位应当依法建立并实施（）。，以保障航空安全,单选题,法规法律,中等,2,是,安全管理体系,质量控制体系,风险评估体系,应急救援体系,,,安全管理体系,,超级管理员,2025-09-18 15:39:14,2025-09-18 15:39:23
03434,民航生产经营单位应当至少（）。对本单位安全管理体系的运行情况进行一次评估,单选题,法规法律,中等,2,是,每月,每季度,每半年,每年,,,每年,,超级管理员,2025-09-18 15:39:14,2025-09-18 15:39:23
03435,民用航空安全信息包括民用航空（）。等信息,单选题,法规法律,中等,2,是,事故、事故征候、其他不安全事件,飞行计划、飞行高度、飞行速度,机场设施、航空器设备、空管设备,航空公司财务状况、员工培训情况、航班安排,,,事故、事故征候、其他不安全事件,,超级管理员,2025-09-18 15:39:14,2025-09-18 15:39:23
03436,根据《民用航空安全管理规定》，民航生产经营单位主要负责人对本单位的安全管理工作全面负责。（）,单选题,法规法律,中等,2,是,正确,错误,,,,,正确,,超级管理员,2025-09-18 15:39:14,2025-09-18 15:39:23
03437,《民用航空安全管理规定》中，安全管理体系的建立和运行与人员培训没有关联。（）,单选题,法规法律,中等,2,是,正确,错误,,,,,错误,,超级管理员,2025-09-18 15:39:14,2025-09-18 15:39:23
03440,根据《民用无人机驾驶员管理规定》，无人机驾驶员在申请飞行执照时，以下哪项情况会导致其申请被拒绝（）。,单选题,法规法律,中等,2,是,未满18岁,无法提供有效的体检证明,持有无效的驾驶员证书,有驾驶记录但未达到飞行经验要求,,,无法提供有效的体检证明,,超级管理员,2025-09-18 15:39:14,2025-09-18 15:39:23
03441,申请民用无人机驾驶员合格证，年龄应满（）。周岁,单选题,法规法律,中等,2,是,14,16,18,20,,,16,,超级管理员,2025-09-18 15:39:14,2025-09-18 15:39:23
03442,视距内运行的无人机驾驶员无需取得任何资质。（）,单选题,法规法律,中等,2,是,正确,错误,,,,,错误,,超级管理员,2025-09-18 15:39:14,2025-09-18 15:39:23
03443,民用无人机驾驶员合格证仅在国内有效，不能在境外使用。（）,单选题,法规法律,中等,2,是,正确,错误,,,,,正确,,超级管理员,2025-09-18 15:39:14,2025-09-18 15:39:23
03444,根据《轻小无人机运行规定（试行）》的要求，轻小无人机在城市区域飞行时，最大飞行高度不得超过多少米（）。,单选题,法规法律,中等,2,是,50米,100米,120米,150米,,,100米,,超级管理员,2025-09-18 15:39:14,2025-09-18 15:39:23
03446,轻小无人机（）。用于商业拍摄,单选题,法规法律,中等,2,是,无需申请,在获得相应许可后,视情况而定,不可以,,,在获得相应许可后,,超级管理员,2025-09-18 15:39:14,2025-09-18 15:39:24
03447,根据《轻小无人机运行规定（试行）》的要求，轻小无人机飞行时，必须始终保持在飞行员的可视范围内飞行员可否借助设备进行视觉增强（）。,单选题,法规法律,中等,2,是,可以，只要设备不会妨碍视线,不可以，必须依赖自然视距,可以，只要设备符合国家标准,可以，但必须提前申报,,,不可以，必须依赖自然视距,,超级管理员,2025-09-18 15:39:14,2025-09-18 15:39:24
03448,根据《轻小无人机运行规定（试行）》，所有轻小无人机都可以在任何高度飞行。（）,单选题,法规法律,中等,2,是,正确,错误,,,,,错误,,超级管理员,2025-09-18 15:39:14,2025-09-18 15:39:24
03449,《轻小无人机运行规定（试行）》规定，在人口密集区域只要操作人员认为安全就可以飞行。（）,单选题,法规法律,中等,2,是,正确,错误,,,,,错误,,超级管理员,2025-09-18 15:39:14,2025-09-18 15:39:24
03450,民用无人驾驶航空器实名登记号码共（）。位,单选题,法规法律,中等,2,是,10,11,12,13,,,11,,超级管理员,2025-09-18 15:39:14,2025-09-18 15:39:24
03451,民用无人驾驶航空器登记信息发生变化时，拥有者应当在（）。内向原登记部门申请变更,单选题,法规法律,中等,2,是,12小时,24小时,48小时,72小时,,,48小时,,超级管理员,2025-09-18 15:39:14,2025-09-18 15:39:24
03452,当民用无人驾驶航空器丢失或者被盗后，拥有者应当在（）。内向原登记部门报告,单选题,法规法律,中等,2,是,12小时,24小时,48小时,72小时,,,12小时,,超级管理员,2025-09-18 15:39:14,2025-09-18 15:39:24
03453,对于违反民用无人驾驶航空器实名制登记管理规定的行为，由相关部门责令改正，可以处（）。以下的罚款,单选题,法规法律,中等,2,是,100元,200元,500元,1000元,,,200元,,超级管理员,2025-09-18 15:39:14,2025-09-18 15:39:24
03454,根据《民用无人驾驶航空器实名制登记管理规定》，所有民用无人驾驶航空器都不需要进行实名制登记。（）,单选题,法规法律,中等,2,是,正确,错误,,,,,错误,,超级管理员,2025-09-18 15:39:14,2025-09-18 15:39:24
03455,按照规定，购买二手民用无人驾驶航空器后，不需要重新登记，原登记信息依然有效。（）,单选题,法规法律,中等,2,是,正确,错误,,,,,错误,,超级管理员,2025-09-18 15:39:14,2025-09-18 15:39:24
03456,在多旋翼无人机动力系统装配过程中，以下（）是确保电机安装稳定性的关键,单选题,结构组成,中等,2,是,使用过多的螺纹胶,精确对准电机与机架的安装孔,安装时无需考虑电机的散热,只需紧固电机与螺旋桨的连接,,,精确对准电机与机架的安装孔,,超级管理员,2025-09-18 15:39:14,2025-09-18 15:39:24
03457,在电调（ESC）与电机的连接过程中，以下（）操作对电调的性能影响最大,单选题,结构组成,中等,2,是,正确连接电调的电源线与信号线,选择合适的电调容量与电机功率匹配,?确保电调与电机连接线长度适中,固定电调时使用耐高温材料,,,选择合适的电调容量与电机功率匹配,,超级管理员,2025-09-18 15:39:14,2025-09-18 15:39:24
03458,在安装多旋翼无人机的电池时，下列（）因素最影响飞行时长,单选题,结构组成,中等,2,是,?电池的重量和容量的匹配,电池的位置是否接触到电机,电池的充电次数,电池的外形尺寸,,,?电池的重量和容量的匹配,,超级管理员,2025-09-18 15:39:14,2025-09-18 15:39:24
03459,多旋翼无人机动力系统中的“发射前检查”步骤，（）是必不可少的,单选题,结构组成,中等,2,是,检查电池是否已充满电,确保每个电机的反向旋转方向正确,确保电调与电机的接线无松动,检查遥控器的电池电量,,,确保每个电机的反向旋转方向正确,,超级管理员,2025-09-18 15:39:14,2025-09-18 15:39:24
03460,在装配多旋翼无人机时，电机的安装方向无关紧要，只要电调正常工作即可。（）,单选题,结构组成,中等,2,是,正确,错误,,,,,错误,,超级管理员,2025-09-18 15:39:14,2025-09-18 15:39:24
03461,多旋翼无人机的电调需要在飞行前通过地面测试来校准，以确保电机控制的精度。（）,单选题,结构组成,中等,2,是,正确,错误,,,,,正确,,超级管理员,2025-09-18 15:39:14,2025-09-18 15:39:24
03462,在多旋翼无人机的动力系统机械装配中，安装电机时，（）最有助于减少振动,单选题,结构组成,中等,2,是,将电机安装在机架中心位置,使用软垫或者减震胶垫来安装电机,用螺丝直接固定电机，无需任何减震措施,将电机安装在机架的最远端,,,使用软垫或者减震胶垫来安装电机,,超级管理员,2025-09-18 15:39:14,2025-09-18 15:39:24
03463,在多旋翼无人机的动力系统装配过程中，电机和螺旋桨的连接需要特别注意（）。,单选题,结构组成,中等,2,是,?确保电机和螺旋桨的螺纹方向一致,只需保证电机与螺旋桨的连接没有松动即可,?电机和螺旋桨的尺寸应该完全匹配,只需要紧固螺旋桨，而不考虑电机的匹配,,,?确保电机和螺旋桨的螺纹方向一致,,超级管理员,2025-09-18 15:39:14,2025-09-18 15:39:24
03464,在装配多旋翼无人机的动力系统时，选择合适的螺旋桨尺寸方法为（）。,单选题,结构组成,中等,2,是,?根据电机的KV值和电池的电压来选择,?根据电池容量来决定螺旋桨的尺寸,按照无人机的机身尺寸选择螺旋桨大小,?螺旋桨尺寸无需考虑，选择任意即可,,,?根据电机的KV值和电池的电压来选择,,超级管理员,2025-09-18 15:39:14,2025-09-18 15:39:24
03465,多旋翼无人机动力系统装配中，（）可以避免电调（ESC）过热的风险,单选题,结构组成,中等,2,是,安装电调时需要确保其外壳保持通风，避免过度包裹,电调需要直接与电池相连接，以减少电流损失,?电调与电池之间应尽量使用长电缆连接,电调装配时不需要考虑散热问题,,,安装电调时需要确保其外壳保持通风，避免过度包裹,,超级管理员,2025-09-18 15:39:14,2025-09-18 15:39:24
03466,在安装电调（ESC）时，确保电调与机架之间有足够的空间进行散热是非常重要的,单选题,结构组成,中等,2,是,正确,错误,,,,,正确,,超级管理员,2025-09-18 15:39:14,2025-09-18 15:39:24
03467,电机和电池的安装位置不影响多旋翼无人机的重心，装配时无需特别考虑,单选题,结构组成,中等,2,是,正确,错误,,,,,错误,,超级管理员,2025-09-18 15:39:14,2025-09-18 15:39:24
03468,在多旋翼无人机动力系统的电气安装过程中，确保电调（ESC）与电池的连接线合理长度是为了（）。,单选题,结构组成,中等,2,是,减少电池的负载,确保信号传输清晰,降低电流损耗和避免电缆过热,?降低电调的工作温度,,,降低电流损耗和避免电缆过热,,超级管理员,2025-09-18 15:39:14,2025-09-18 15:39:24
03469,当电调（ESC）与电机连接时，为避免电机过载，以下措施是最有效的（）。,单选题,结构组成,中等,2,是,使用较长的电机连接线以减少电流波动,将电调设置为手动模式，限制电机最大输出功率,选择适合电机功率和电池电压的电调型号,只要电调能够正常工作即可，不必匹配电机功率,,,选择适合电机功率和电池电压的电调型号,,超级管理员,2025-09-18 15:39:14,2025-09-18 15:39:24
03470,在电气系统安装过程中，关于电池与电调的连接，以下操作是正确的（）。,单选题,结构组成,中等,2,是,电池的正负极可以任意连接,电池应直接连接电调的电源输入端，而无需中间保护电路,电池与电调连接时需注意电池极性和电调接口的匹配,电池连接电调时只需确保电流通过即可，不考虑电压匹配,,,电池与电调连接时需注意电池极性和电调接口的匹配,,超级管理员,2025-09-18 15:39:14,2025-09-18 15:39:24
03471,在电气系统的连接中，为了减少电池与电调之间的电气干扰，以下的做法最有效的是（）。,单选题,结构组成,中等,2,是,使用更短的电池与电调连接线，避免电缆引起的电压损耗,将电池和电调放置在远离电机的地方,使用带有屏蔽层的电缆来减少电气噪声干扰,在电调与电池之间加装额外的电阻来降低干扰,,,使用带有屏蔽层的电缆来减少电气噪声干扰,,超级管理员,2025-09-18 15:39:14,2025-09-18 15:39:24
03472,在电气安装过程中，确保电调和电池连接线足够短可以降低电流损耗，提高系统效率。（）,单选题,结构组成,中等,2,是,正确,错误,,,,,正确,,超级管理员,2025-09-18 15:39:14,2025-09-18 15:39:24
03473,电池与电调连接时，只要保证连接稳定，不需要考虑电池电压和电调额定电压的匹配问题。（）,单选题,结构组成,中等,2,是,正确,错误,,,,,错误,,超级管理员,2025-09-18 15:39:14,2025-09-18 15:39:24
03474,在固定翼无人机动力系统装配中，选择合适的电机时，最为关键的因素是（）。,单选题,结构组成,中等,2,是,电机的KV值与螺旋桨的尺寸匹配,电机的质量和机架尺寸匹配,电机的电压与飞控系统的兼容性,电机的功率与电池电量无关,,,电机的KV值与螺旋桨的尺寸匹配,,超级管理员,2025-09-18 15:39:14,2025-09-18 15:39:24
03475,在固定翼无人机装配过程中，选择电调（ESC）时，需要考虑的主要因素是（）。,单选题,结构组成,中等,2,是,?电调的最大输出电流必须与电机的额定电流匹配,电调的电压范围需要大于电池电压,电调的物理尺寸必须适配电机安装位置,?电调的品牌和外观设计,,,?电调的最大输出电流必须与电机的额定电流匹配,,超级管理员,2025-09-18 15:39:14,2025-09-18 15:39:24
03476,固定翼无人机的动力系统中，螺旋桨与电机连接时，以下哪项是最重要的考虑因素是（）。,单选题,结构组成,中等,2,是,螺旋桨的材质应尽量选择最轻的材料,螺旋桨的旋转方向和电机的旋转方向一致,电机转速与螺旋桨的最大推力需匹配,螺旋桨的尺寸必须大于电机的推荐尺寸,,,螺旋桨的旋转方向和电机的旋转方向一致,,超级管理员,2025-09-18 15:39:14,2025-09-18 15:39:24
03477,在固定翼无人机的动力系统装配过程中，可以避免电调（ESC）过热问题的措施是（）。,单选题,结构组成,中等,2,是,使用高效能的电池,将电调安装在空气流动较差的位置,保证电调安装位置通风良好，避免遮挡散热片,避免过度充电电池,,,保证电调安装位置通风良好，避免遮挡散热片,,超级管理员,2025-09-18 15:39:14,2025-09-18 15:39:24
03478,在固定翼无人机动力系统装配时，电机的选择应确保其最大功率与飞行时的推力要求相匹配。（）,单选题,结构组成,中等,2,是,正确,错误,,,,,正确,,超级管理员,2025-09-18 15:39:14,2025-09-18 15:39:24
03479,固定翼无人机的电调（ESC）和电池的选择不需要特别匹配，只要电池电量足够大即可。（）,单选题,结构组成,中等,2,是,正确,错误,,,,,错误,,超级管理员,2025-09-18 15:39:14,2025-09-18 15:39:24
03480,在固定翼无人机的动力系统装配中，电机与机架的连接最重要的考虑因素是（）。,单选题,结构组成,中等,2,是,电机与机架的对接必须稳固且无松动,电机的安装位置应考虑气流的影响,电机应尽量靠近机翼的中部,电机的安装角度应与机头的俯仰角一致,,,电机与机架的对接必须稳固且无松动,,超级管理员,2025-09-18 15:39:14,2025-09-18 15:39:24
03481,固定翼无人机动力系统的电机安装位置通常位于（）。,单选题,结构组成,中等,2,是,飞机尾部，以避免干扰气流,机翼前缘，确保最佳气动性能,飞机机身中央，靠近重心,飞机机翼后缘，以增强飞行稳定性,,,机翼前缘，确保最佳气动性能,,超级管理员,2025-09-18 15:39:14,2025-09-18 15:39:24
03482,在固定翼无人机的机械装配中，螺旋桨与电机连接时，最为重要的做法是（）。,单选题,结构组成,中等,2,是,?确保螺旋桨与电机之间的连接轴紧固，避免振动,使用轻型材质的螺旋桨，以减少飞行重量,?螺旋桨的角度选择应适应机翼的升力分布,螺旋桨尺寸应尽量增大，以提高推力,,,?确保螺旋桨与电机之间的连接轴紧固，避免振动,,超级管理员,2025-09-18 15:39:14,2025-09-18 15:39:24
03483,在固定翼无人机装配过程中，电调（ESC）的安装位置应选择在（）。,单选题,结构组成,中等,2,是,电调应安装在机翼上，以减少电线长度,电调应远离高温环境，且应有良好的散热空间,电调可直接安装在电池舱内,电调安装位置无特别要求，只需确保稳定性,,,电调应远离高温环境，且应有良好的散热空间,,超级管理员,2025-09-18 15:39:14,2025-09-18 15:39:24
03484,固定翼无人机的电机安装角度（推力角）需要根据机体的气动设计来调整，以优化飞行性能。（）,单选题,结构组成,中等,2,是,正确,错误,,,,,正确,,超级管理员,2025-09-18 15:39:14,2025-09-18 15:39:24
03485,在固定翼无人机的动力系统装配中，电调（ESC）的安装位置不需要特别考虑散热，只要它能够固定在机身上即可。（）,单选题,结构组成,中等,2,是,正确,错误,,,,,错误,,超级管理员,2025-09-18 15:39:14,2025-09-18 15:39:24
03486,在固定翼无人机电气系统安装中，为确保电池的安全性，电池应连接至电调（ESC）的方法为（）。,单选题,结构组成,中等,2,是,电池应直接与电调连接，避免中间增加其他设备,电池通过电压调节器连接电调，确保稳定电压,电池连接到电调之前需要加装保险丝或电流保护器,电池连接电调时无需额外保护，直接连接即可,,,电池连接到电调之前需要加装保险丝或电流保护器,,超级管理员,2025-09-18 15:39:14,2025-09-18 15:39:24
03487,在固定翼无人机的电气安装过程中，为确保电调（ESC）的正常工作，下列连接方式最为合适的有（）。,单选题,结构组成,中等,2,是,?电调与电池连接时，应使用尽可能长的电缆，以方便电调安装,电调与电池的连接线应尽量短，以减少电流损耗和电气噪声,电调连接线与电池电缆应平行布置，避免交叉干扰,电调与电池的连接线可以随意布置，无需考虑长度,,,电调与电池的连接线应尽量短，以减少电流损耗和电气噪声,,超级管理员,2025-09-18 15:39:14,2025-09-18 15:39:24
03488,在安装电调（ESC）与电机之间的连接线时，最关键的考虑因素是：（）。,单选题,结构组成,中等,2,是,电机与电调连接线越短越好，以减少电流损失,电调与电机之间的连接线长度不重要，电流损失忽略不计,?电调和电机之间的连接线需使用低电阻的材料，以提高效率,电调与电机的连接线必须配备屏蔽层，防止电磁干扰,,,?电调和电机之间的连接线需使用低电阻的材料，以提高效率,,超级管理员,2025-09-18 15:39:14,2025-09-18 15:39:24
03489,对于固定翼无人机的电池和电调（ESC）连接，下列做法有助于提高系统可靠性（）。,单选题,结构组成,中等,2,是,确保电池与电调的连接端子连接牢固，不会发生松动,电池连接电调时，应使用加粗电缆以降低电阻,在电池与电调之间加入电池管理系统（BMS），实时监控电池状态,将电池与电调连接时，不需要额外的保护措施，只要能够稳定供电,,,确保电池与电调的连接端子连接牢固，不会发生松动,,超级管理员,2025-09-18 15:39:14,2025-09-18 15:39:24
03490,在固定翼无人机电气安装过程中，电池与电调的连接线尽可能长，有助于提高电调的散热效果。（）,单选题,结构组成,中等,2,是,正确,错误,,,,,错误,,超级管理员,2025-09-18 15:39:14,2025-09-18 15:39:24
03491,固定翼无人机的电调（ESC）应尽量避免与其他高温部件（如电池或电机）靠得太近，以保证其正常工作。（）,单选题,结构组成,中等,2,是,正确,错误,,,,,正确,,超级管理员,2025-09-18 15:39:14,2025-09-18 15:39:24
03492,在垂直起降固定翼无人机（VTOL）动力系统装配中，电动垂直起降（eVTOL）电机和推进电机之间的主要区别是（）。,单选题,结构组成,中等,2,是,垂直起降电机需要承受更高的持续负荷，推进电机则主要用于水平飞行,推进电机需要更高的转速，而垂直起降电机则转速较低,推进电机通常与翼面集成，而垂直起降电机通常在机身内,垂直起降电机需要更强的耐热性，而推进电机不受此限制,,,垂直起降电机需要承受更高的持续负荷，推进电机则主要用于水平飞行,,超级管理员,2025-09-18 15:39:14,2025-09-18 15:39:24
03493,在装配垂直起降固定翼无人机的动力系统时，安装电调（ESC）时最需要关注的是（）。,单选题,结构组成,中等,2,是,电调与电池的接线长度应尽量缩短，以减少功率损失,电调安装时应确保其与垂直起降电机和水平推进电机的兼容性,电调仅需与垂直起降电机连接，不需要考虑水平飞行时的负载,电调安装应远离电池，以减少干扰,,,电调安装时应确保其与垂直起降电机和水平推进电机的兼容性,,超级管理员,2025-09-18 15:39:14,2025-09-18 15:39:24
03494,在垂直起降固定翼无人机的动力系统装配过程中，螺旋桨和电机的安装角度最需要考虑的因素有（）。,单选题,结构组成,中等,2,是,垂直起降时的螺旋桨应与机身垂直，以提供最大升力,?水平飞行时的推进螺旋桨应设置在较低的倾斜角度，以减少阻力,垂直起降螺旋桨的安装角度应与水平飞行螺旋桨完全一致,安装角度无关紧要，只需确保电机固定即可,,,垂直起降时的螺旋桨应与机身垂直，以提供最大升力,,超级管理员,2025-09-18 15:39:14,2025-09-18 15:39:24
03495,垂直起降固定翼无人机的电池装配时，以下是最重要的考虑因素（）。,单选题,结构组成,中等,2,是,?电池位置应靠近重心，确保起降和飞行时的稳定性,电池必须安装在机翼前端，以便提供更多的动力,电池容量不重要，起降时只需要足够的电力,电池应尽量远离电机和电调（ESC），以避免热量聚集,,,?电池位置应靠近重心，确保起降和飞行时的稳定性,,超级管理员,2025-09-18 15:39:14,2025-09-18 15:39:24
03496,垂直起降固定翼无人机（VTOL）的电机安装时，垂直起降电机与推进电机之间的电调（ESC）可以共享一个系统，因为它们的负载需求类似。（）,单选题,结构组成,中等,2,是,正确,错误,,,,,错误,,超级管理员,2025-09-18 15:39:14,2025-09-18 15:39:24
03497,在垂直起降固定翼无人机（VTOL）装配中，电池和电调（ESC）应通过电源分配板连接，以确保在垂直起降和水平飞行之间的电力切换无缝衔接。（）,单选题,结构组成,中等,2,是,正确,错误,,,,,正确,,超级管理员,2025-09-18 15:39:14,2025-09-18 15:39:24
03498,在垂直起降固定翼无人机的动力系统装配中，垂直起降电机的安装位置选择时，最关键的考虑因素是（）。,单选题,结构组成,中等,2,是,电机的位置应尽量靠近机翼，以减少飞行时的重量,电机需要安装在机身的上方，以保证起降时的稳定性,垂直起降电机应布置在机翼后缘，以避免影响水平飞行性能,垂直起降电机安装应位于机身中央，以确保重心平衡,,,电机需要安装在机身的上方，以保证起降时的稳定性,,超级管理员,2025-09-18 15:39:14,2025-09-18 15:39:24
03499,在垂直起降固定翼无人机的动力系统装配过程中，下列可以确保电机和螺旋桨的配合最优化（）。,单选题,结构组成,中等,2,是,?电机和螺旋桨应根据飞行模式调整配合，起飞和着陆时使用不同的螺旋桨,垂直起降电机和水平飞行电机使用相同型号的螺旋桨,确保垂直起降电机的转速和螺旋桨尺寸匹配以优化升力输出,电机和螺旋桨的配合无关紧要，只要电机可以驱动螺旋桨即可,,,确保垂直起降电机的转速和螺旋桨尺寸匹配以优化升力输出,,超级管理员,2025-09-18 15:39:14,2025-09-18 15:39:24
03500,垂直起降固定翼无人机的电池安装位置对飞行性能的影响最主要体现在（）。,单选题,结构组成,中等,2,是,电池安装位置需要确保最大限度的电池容量,电池应尽量放置在机翼外侧，以增强机体的稳定性,电池安装应靠近机身重心，以避免影响垂直起降和水平飞行的平衡,电池安装位置应远离垂直起降电机，以避免高温影响电池寿命,,,电池安装应靠近机身重心，以避免影响垂直起降和水平飞行的平衡,,超级管理员,2025-09-18 15:39:14,2025-09-18 15:39:24
03501,在垂直起降固定翼无人机的动力系统装配过程中，可以防止电调（ESC）过热的是（）。,单选题,结构组成,中等,2,是,电调应安装在机身内的隔热区域，避免暴露在外部环境中,确保电调与电池之间有足够的通风空间，避免电气部件过热,电调可以直接贴合电池，以提高散热效果,电调的安装位置无需特别考虑散热，只要确保稳定供电即可,,,确保电调与电池之间有足够的通风空间，避免电气部件过热,,超级管理员,2025-09-18 15:39:14,2025-09-18 15:39:25
03502,垂直起降固定翼无人机（VTOL）的垂直起降电机和水平飞行电机需要通过相同的电调（ESC）控制，以简化电气系统。（）,单选题,结构组成,中等,2,是,正确,错误,,,,,错误,,超级管理员,2025-09-18 15:39:14,2025-09-18 15:39:25
03503,在装配垂直起降固定翼无人机时，电池的位置应尽量放在飞机的重心附近，以确保在垂直起降和水平飞行之间的平衡。（）,单选题,结构组成,中等,2,是,正确,错误,,,,,正确,,超级管理员,2025-09-18 15:39:14,2025-09-18 15:39:25
03504,对于垂直起降固定翼无人机的冗余设计，以下（）做法是推荐用于提高电气系统的可靠性的。,单选题,结构组成,中等,2,是,使用单一高容量电池为整个系统供电，减少复杂性,分别使用独立电池为不同系统供电，并设置备用电池,所有电子设备共享一个低容量电池以减轻整体重量,不需要冗余设计，因为现代电池技术已经足够安全,,,分别使用独立电池为不同系统供电，并设置备用电池,,超级管理员,2025-09-18 15:39:14,2025-09-18 15:39:25
03505,在安装垂直起降固定翼无人机的电池时，正确的做法是。（）,单选题,结构组成,中等,2,是,尽量靠近机头安装以保持平衡,安装在重心位置附近，确保飞行稳定性,靠近尾部安装以增加尾部重量,任意位置安装，因为电池重量对飞行影响不大,,,安装在重心位置附近，确保飞行稳定性,,超级管理员,2025-09-18 15:39:14,2025-09-18 15:39:25
03506,在垂直起降固定翼无人机的电气安装中，能确保电动推力系统能够在不同飞行模式下有效工作的是（）。,单选题,结构组成,中等,2,是,使用可调电调（ESC），根据飞行模式自动调整推力大小,固定电调和电机的功率输出，依赖控制软件调整推力,采用机械变速装置来改变电机的转速,使用不同的电调和电池组来分别提供垂直和水平飞行模式的动力需求,,,使用可调电调（ESC），根据飞行模式自动调整推力大小,,超级管理员,2025-09-18 15:39:14,2025-09-18 15:39:25
03507,在垂直起降固定翼无人机的电气安装中，（）进行电气系统的抗干扰设计。,单选题,结构组成,中等,2,是,通过加装滤波器来屏蔽电机产生的高频干扰,使用金属外壳封装所有电气元件,将电气系统与动力系统完全分开，避免任何形式的信号干扰,使用电磁兼容性（EMC）设计标准，优化电气系统布线和接地方式,,,使用电磁兼容性（EMC）设计标准，优化电气系统布线和接地方式,,超级管理员,2025-09-18 15:39:14,2025-09-18 15:39:25
03508,VTOL无人机的电气系统设计与传统多旋翼无人机相比，最大的不同在于动力系统的双模式设计。（）,单选题,结构组成,中等,2,是,正确,错误,,,,,正确,,超级管理员,2025-09-18 15:39:14,2025-09-18 15:39:25
03509,在VTOL无人机中，电池管理系统（BMS）只负责电池的电量监控，不需要考虑飞行模式切换时对电池的不同负载。（）,单选题,结构组成,中等,2,是,正确,错误,,,,,错误,,超级管理员,2025-09-18 15:39:14,2025-09-18 15:39:25
03510,在飞行控制系统的装配中，可以提高飞控系统的抗干扰能力的有（）。,单选题,结构组成,中等,2,是,使用屏蔽材料覆盖飞行控制器外壳,将飞行控制器安装在动力系统附近,在飞行控制系统上增加热管理装置,使用高灵敏度传感器进行数据采集,,,使用屏蔽材料覆盖飞行控制器外壳,,超级管理员,2025-09-18 15:39:14,2025-09-18 15:39:25
03511,在飞行控制与导航系统装配时，下列可以确保传感器数据的精度和稳定性的是（）。,单选题,结构组成,中等,2,是,将所有传感器安装在机身的中央位置，尽量远离振动源,安装传感器时无需考虑温度变化的影响,将传感器安装在机翼末端，以避免气流干扰,所有传感器直接与飞行控制器连接，无需使用额外的信号调理电路,,,将所有传感器安装在机身的中央位置，尽量远离振动源,,超级管理员,2025-09-18 15:39:14,2025-09-18 15:39:25
03512,在飞行控制系统装配过程中，下列可以优化飞行控制器与导航设备的通讯稳定性的是（）。,单选题,结构组成,中等,2,是,选择具有更高处理能力的导航系统，以减少数据传输延迟,使用独立的电源为飞行控制器和导航设备供电,?采用无线传输方式进行数据通讯，减少硬接线,设置冗余通讯线路以避免因线路损坏造成的通讯中断,,,设置冗余通讯线路以避免因线路损坏造成的通讯中断,,超级管理员,2025-09-18 15:39:14,2025-09-18 15:39:25
03513,在飞行控制系统的装配中，以下可以确保飞控传感器与飞行器其他系统之间的电气隔离是（）。,单选题,结构组成,中等,2,是,?通过使用光耦合器或其他电气隔离元件来防止干扰,直接将飞控系统的电源与动力系统电源共享,将飞行控制器放置在飞行器的动力系统旁，以便于电力供应,飞控传感器与其他系统的接地线路进行共享,,,?通过使用光耦合器或其他电气隔离元件来防止干扰,,超级管理员,2025-09-18 15:39:14,2025-09-18 15:39:25
03514,在飞行控制与导航系统的装配过程中，飞行控制器需要与地面站进行实时通信，因此必须确保其信号接收模块安装在外部，并远离干扰源。（）,单选题,结构组成,中等,2,是,正确,错误,,,,,正确,,超级管理员,2025-09-18 15:39:14,2025-09-18 15:39:25
03515,导航系统的精度仅依赖于传感器的质量，而不需要考虑传感器安装位置和角度的影响。（）,单选题,结构组成,中等,2,是,正确,错误,,,,,错误,,超级管理员,2025-09-18 15:39:14,2025-09-18 15:39:25
03516,在飞行控制系统的机械装配中，为了保证飞控系统的稳定性，通常的措施是（）。,单选题,结构组成,中等,2,是,使用刚性连接以减少任何形式的结构变形,采用弹性连接，以减少动力传递过程中的振动影响,采用液压系统传动，以提高系统的响应速度,将飞控系统与动力系统共享传动路径，以简化装配,,,采用弹性连接，以减少动力传递过程中的振动影响,,超级管理员,2025-09-18 15:39:14,2025-09-18 15:39:25
03517,在飞行控制系统的机械装配中，为了确保舵面响应精度，选择和安装舵机时应（）。,单选题,结构组成,中等,2,是,舵机应安装在靠近舵面的部位，并使用较长的连杆,舵机应尽量远离舵面，以减少连接的摩擦力,舵机的安装应选择刚性较高的支架，以避免发生过度形变,舵机和舵面的连接应使用柔性材料，以提高响应精度,,,舵机的安装应选择刚性较高的支架，以避免发生过度形变,,超级管理员,2025-09-18 15:39:14,2025-09-18 15:39:25
03518,在飞行控制系统的机械装配中，为了保证操控系统的可靠性，如何选择连接件和固定支架（）。,单选题,结构组成,中等,2,是,选择高强度的塑料连接件，以减轻重量,采用金属连接件，并保证所有连接点有足够的预紧力,使用可调节的连接件，以便在飞行中进行微调,固定支架应尽量减少数量，以降低装配复杂性,,,采用金属连接件，并保证所有连接点有足够的预紧力,,超级管理员,2025-09-18 15:39:14,2025-09-18 15:39:25
03519,在飞行控制系统的机械装配过程中，下列可以减少舵面与飞行控制系统之间的间隙和摩擦的是（）。,单选题,结构组成,中等,2,是,通过选择较长的舵机连杆来增加力量传递效率,在连接部位使用高质量的润滑材料和精密制造的轴承,使用软性材料连接舵面与控制系统，以增加灵活性,?减小舵面与飞行控制系统的接触面积，减少摩擦力,,,在连接部位使用高质量的润滑材料和精密制造的轴承,,超级管理员,2025-09-18 15:39:14,2025-09-18 15:39:25
03520,飞行控制系统的机械装配时，为了减少误差，舵面应通过弹性连接与飞行控制器连接，以补偿可能出现的形变。（）,单选题,结构组成,中等,2,是,正确,错误,,,,,错误,,超级管理员,2025-09-18 15:39:14,2025-09-18 15:39:25
03521,在飞行控制系统的机械装配中，舵机和舵面的连接部位必须有足够的刚性，以确保操控系统在高速飞行中的稳定性。（）,单选题,结构组成,中等,2,是,正确,错误,,,,,正确,,超级管理员,2025-09-18 15:39:14,2025-09-18 15:39:25
03522,在飞行控制系统的电气安装中，为了减少电磁干扰（EMI），下列措施最为有效（）。,单选题,结构组成,中等,2,是,使用较长的电缆以降低电流波动,?选择较高频率的信号传输方式,?直接将电气元件与电池并联连接，减少电源干扰,在电气元件之间增加电气隔离屏蔽,,,在电气元件之间增加电气隔离屏蔽,,超级管理员,2025-09-18 15:39:14,2025-09-18 15:39:25
03523,在飞行控制系统电气安装时，以下可以保证传感器的电源稳定性和数据准确性的是（）。,单选题,结构组成,中等,2,是,使用独立的电源模块，为传感器和飞控系统提供干净的电源,使用大容量电池并直接为传感器供电,通过电流调节器调节传感器的电压输出,将传感器和飞控系统的电源共享，以减少重量,,,使用独立的电源模块，为传感器和飞控系统提供干净的电源,,超级管理员,2025-09-18 15:39:14,2025-09-18 15:39:25
03524,在飞行控制系统的电气布线中，下列选择电缆可以确保系统的高效运行和安全性的是（）。,单选题,结构组成,中等,2,是,使用双重绝缘电缆，并考虑环境温度变化,使用较粗的电缆以减少电阻损耗,选择电缆时仅考虑电流承载能力，忽略电压范围,?优先选用便宜的电缆，以减少整体成本,,,使用双重绝缘电缆，并考虑环境温度变化,,超级管理员,2025-09-18 15:39:14,2025-09-18 15:39:25
03525,在飞行控制系统的电气安装中，处理飞控与其他设备的通讯问题，确保信号稳定传输的是（）。,单选题,结构组成,中等,2,是,?使用无线通讯方式以简化布线,在电气系统中设置冗余线路，防止通讯中断,使用高频信号传输，减少信号传输延迟,采用传输协议时忽略数据安全性问题，优先考虑速度,,,在电气系统中设置冗余线路，防止通讯中断,,超级管理员,2025-09-18 15:39:14,2025-09-18 15:39:25
03526,飞行控制系统中的电气布线需要考虑尽量减少信号干扰，通常通过隔离、屏蔽和信号调节等方法来提高系统可靠性。（）,单选题,结构组成,中等,2,是,正确,错误,,,,,正确,,超级管理员,2025-09-18 15:39:14,2025-09-18 15:39:25
03527,在飞行控制系统电气安装中，飞行控制器可以直接从动力系统获取电力，不需要额外的电源管理。（）,单选题,结构组成,中等,2,是,正确,错误,,,,,错误,,超级管理员,2025-09-18 15:39:14,2025-09-18 15:39:25
03528,在电源管理系统中，用于转换直流电为交流电的元件是（）。,单选题,结构组成,中等,2,是,整流桥,变压器,电感器,滤波器,,,变压器,,超级管理员,2025-09-18 15:39:14,2025-09-18 15:39:25
03529,在电源管理系统中，用于稳定输出电压的元件是（）。,单选题,结构组成,中等,2,是,电容器,电阻,滤波器,蓄电池,,,蓄电池,,超级管理员,2025-09-18 15:39:14,2025-09-18 15:39:25
03530,无人机电源管理系统的主要功能是（）。,单选题,结构组成,中等,2,是,监测电池状态,控制飞行模式,处理图像信号,提供电源备份,,,监测电池状态,,超级管理员,2025-09-18 15:39:14,2025-09-18 15:39:25
03531,电源管理系统应安装（）。,单选题,结构组成,中等,2,是,与电机相连,与飞控板相连,与螺旋桨相连,与通信模块相连,,,与飞控板相连,,超级管理员,2025-09-18 15:39:14,2025-09-18 15:39:25
03532,为了确保无人机电源管理系统的功率转换效率，线性稳压器技术最常用。（）,单选题,结构组成,中等,2,是,正确,错误,,,,,错误,,超级管理员,2025-09-18 15:39:14,2025-09-18 15:39:25
03533,电源管理系统的装配不需要特别注意电磁兼容性。（）,单选题,结构组成,中等,2,是,正确,错误,,,,,错误,,超级管理员,2025-09-18 15:39:14,2025-09-18 15:39:25
03534,无人机抗干扰系统的主要功能是（）。,单选题,结构组成,中等,2,是,增强飞行速度,确保飞行路径的精准规划,防止外部电磁干扰影响飞行控制信号,提高无人机的载重能力,,,防止外部电磁干扰影响飞行控制信号,,超级管理员,2025-09-18 15:39:14,2025-09-18 15:39:25
03535,哪种技术通常用于增强无人机抗干扰能力（）。,单选题,结构组成,中等,2,是,卫星导航系统,高频无线电通信,动态频率跳变技术,高精度传感器,,,动态频率跳变技术,,超级管理员,2025-09-18 15:39:14,2025-09-18 15:39:25
03536,在无人机飞行过程中，抗干扰系统最主要的作用是在于（）。,单选题,结构组成,中等,2,是,改善飞行时间,增强飞行稳定性和安全性,提高飞行器的视觉能力,增强无人机的抗风能力,,,增强飞行稳定性和安全性,,超级管理员,2025-09-18 15:39:14,2025-09-18 15:39:25
03537,在无人机抗干扰系统的设计中，频率跳变技术主要通过（）来达到抗干扰的目的。,单选题,结构组成,中等,2,是,固定频率传输数据,随机切换传输频率，以避开干扰频段,提高信号的功率输出,使用单一频率传输，避免频率干扰,,,随机切换传输频率，以避开干扰频段,,超级管理员,2025-09-18 15:39:14,2025-09-18 15:39:25
03538,装配无人机变焦镜头前，无需检查镜头接口与无人机机身的兼容性。（）,单选题,结构组成,中等,2,是,正确,错误,,,,,错误,,超级管理员,2025-09-18 15:39:14,2025-09-18 15:39:25
03539,装配过程中，可以随意旋转或移动变焦镜头，以找到最佳安装位置。（）,单选题,结构组成,中等,2,是,正确,错误,,,,,错误,,超级管理员,2025-09-18 15:39:14,2025-09-18 15:39:25
03540,无人机飞行数据记录器（FDR）最常见的功能是（）。,单选题,结构组成,中等,2,是,仅记录飞行高度和位置数据,记录飞行器的各项飞行状态、传感器数据及通信信息,记录飞行过程中使用的电池电量,提供飞行员的操作日志和飞行环境记录,,,记录飞行器的各项飞行状态、传感器数据及通信信息,,超级管理员,2025-09-18 15:39:14,2025-09-18 15:39:25
03541,无人机飞行数据记录器的装配要求中，（）最为重要以确保飞行数据在极端环境中的完整性。,单选题,结构组成,中等,2,是,数据存储设备必须采用机械硬盘以提高数据写入速度,数据记录器必须具备高耐压和高温性能，防止在事故中损坏,必须具备多重数据加密保护，以防止数据泄露,记录器需要定期清理，以确保数据读取不受干扰,,,数据记录器必须具备高耐压和高温性能，防止在事故中损坏,,超级管理员,2025-09-18 15:39:14,2025-09-18 15:39:25
03542,无人机飞行数据记录器通常存储的数据形式是（）。,单选题,结构组成,中等,2,是,音频信号与图像数据,原始传感器数据和飞行控制指令的时间戳记录,高分辨率视频与音频记录,飞行路径的实时地图数据,,,原始传感器数据和飞行控制指令的时间戳记录,,超级管理员,2025-09-18 15:39:14,2025-09-18 15:39:25
03543,关于无人机飞行数据记录器的存储介质，下列描述是正确的（）。,单选题,结构组成,中等,2,是,飞行数据记录器只能使用固态硬盘（SSD）存储数据,数据记录器的存储介质需具备高稳定性和抗震性能，以应对飞行过程中的剧烈震动,飞行数据记录器使用云存储技术实时上传数据,存储介质无需特别考虑电磁干扰，传统硬盘足以满足要求,,,数据记录器的存储介质需具备高稳定性和抗震性能，以应对飞行过程中的剧烈震动,,超级管理员,2025-09-18 15:39:14,2025-09-18 15:39:25
03544,装配过程中，无需考虑五目镜头的重量分布对无人机飞行稳定性的影响。（）,单选题,结构组成,中等,2,是,正确,错误,,,,,错误,,超级管理员,2025-09-18 15:39:14,2025-09-18 15:39:25
03545,装配完成后，应通过地面测试和飞行测试来验证五目镜头的性能和成像质量。（）,单选题,结构组成,中等,2,是,正确,错误,,,,,正确,,超级管理员,2025-09-18 15:39:14,2025-09-18 15:39:25
03546,过载保护系统整体装配时，应先装配（）。,单选题,结构组成,中等,2,是,主体部分,控制部分,检测部分,继电器,,,主体部分,,超级管理员,2025-09-18 15:39:14,2025-09-18 15:39:25
03547,在过载保护系统中，检测部分的主要作用是（）。,单选题,结构组成,中等,2,是,监控负载电流,监控电源电压,监控电机温度,监控电磁铁状态,,,监控负载电流,,超级管理员,2025-09-18 15:39:14,2025-09-18 15:39:25
03548,过载保护系统的主要目的是（）。,单选题,结构组成,中等,2,是,防止电池过热,防止无人机超负荷运行,提高飞行速度,增加飞行高度,,,防止无人机超负荷运行,,超级管理员,2025-09-18 15:39:14,2025-09-18 15:39:25
03549,装配过载保护系统时，要检查电路的目的是（）。,单选题,结构组成,中等,2,是,确保电流稳定,减少噪音干扰,提高飞行效率,增加飞行时间,,,确保电流稳定,,超级管理员,2025-09-18 15:39:14,2025-09-18 15:39:25
03550,过载保护系统整体装配需要考虑其反应速度和准确性。（）,单选题,结构组成,中等,2,是,正确,错误,,,,,正确,,超级管理员,2025-09-18 15:39:14,2025-09-18 15:39:25
03551,过载保护系统整体装配只需要考虑设备的大小即可。（）,单选题,结构组成,中等,2,是,正确,错误,,,,,错误,,超级管理员,2025-09-18 15:39:14,2025-09-18 15:39:25
03552,在导航系统的机械装配中，为了确保陀螺仪和加速度计等传感器的精度，通常应将这些传感器安装在飞行器的哪个位置（）。,单选题,结构组成,中等,2,是,?安装在机身外部，以减少其他设备的干扰,安装在飞行器尾部，以确保航向控制精度,安装在机翼上，以便捕捉更精确的飞行数据,安装在机身的中央位置，尽量远离振动源,,,安装在机身的中央位置，尽量远离振动源,,超级管理员,2025-09-18 15:39:14,2025-09-18 15:39:25
03553,在安装导航系统的传感器时，下列可以减少机械安装过程中的误差的是（）。,单选题,结构组成,中等,2,是,通过减小传感器的重量来减少安装应力,使用可调节的支架来进行动态优化调整,保证传感器与飞行器结构之间的连接件无形变,将传感器安装在飞行器的动力系统附近，以提高信号响应速度,,,保证传感器与飞行器结构之间的连接件无形变,,超级管理员,2025-09-18 15:39:14,2025-09-18 15:39:25
03554,在安装无人机导航系统的天线时，以下（）措施有助于提高接收信号的质量。,单选题,结构组成,中等,2,是,天线应安装在机身内部以保护其免受外部环境的影响,天线应尽可能远离其他电子设备，并确保其方向垂直于地面,天线可以安装在无人机的底部，这样可以获得更好的信号覆盖范围,天线应与其他通信设备天线紧邻安装以共享信号增益,,,天线应尽可能远离其他电子设备，并确保其方向垂直于地面,,超级管理员,2025-09-18 15:39:14,2025-09-18 15:39:25
03555,在导航系统的机械装配中，以下能处理传感器和飞行器其他系统之间的热管理问题（）。,单选题,结构组成,中等,2,是,使用散热片或散热材料来控制传感器的温度，避免过热,直接将传感器安装在发动机附近，以确保其工作温度范围,通过增加加热器以提高低温环境下的传感器性能,忽略传感器温度问题，尽量减少机械结构的重量,,,使用散热片或散热材料来控制传感器的温度，避免过热,,超级管理员,2025-09-18 15:39:14,2025-09-18 15:39:26
03556,在导航系统的机械装配过程中，确保传感器与飞行器主结构之间的连接坚固且无变形是非常重要的，这有助于提高测量精度。（）,单选题,结构组成,中等,2,是,正确,错误,,,,,正确,,超级管理员,2025-09-18 15:39:14,2025-09-18 15:39:26
03557,安装导航传感器时，支架的设计可以忽略震动和温度的影响，重点应放在减轻重量上。（）,单选题,结构组成,中等,2,是,正确,错误,,,,,错误,,超级管理员,2025-09-18 15:39:14,2025-09-18 15:39:26
03558,在导航系统的电气安装过程中，为了减少电磁干扰（EMI）对传感器的影响，最有效的做法是（）。,单选题,结构组成,中等,2,是,增加电源电压以提高信号的抗干扰能力,将导航传感器和飞行控制系统共用电源,?采用无线信号传输以减少电缆的使用,?使用屏蔽电缆并确保其接地良好,,,?使用屏蔽电缆并确保其接地良好,,超级管理员,2025-09-18 15:39:14,2025-09-18 15:39:26
03559,为了保证导航系统的稳定性和准确性，如何处理电气系统中的电源管理（）。,单选题,结构组成,中等,2,是,?使用高容量电池，减少电池电压波动,使用多通道电源并为不同模块提供独立电源,将导航系统与飞行控制系统共享电源，简化布线,采用不间断电源（UPS）设备供电，避免电压波动,,,使用多通道电源并为不同模块提供独立电源,,超级管理员,2025-09-18 15:39:14,2025-09-18 15:39:26
03560,在导航系统电气安装过程中，如何选择合适的电缆以确保系统的可靠性（）。,单选题,结构组成,中等,2,是,选择绝缘等级高的电缆，以适应高温和低温环境,选择较细的电缆以减少系统重量,使用较长的电缆以便于布线,使用单一电源线连接所有系统组件，简化电气布局,,,选择绝缘等级高的电缆，以适应高温和低温环境,,超级管理员,2025-09-18 15:39:14,2025-09-18 15:39:26
03561,在导航系统的电气安装中，下列确保信号传输的稳定性与安全性的是（）。,单选题,结构组成,中等,2,是,?将信号线与电源线尽量分开布线，以防止互相干扰,使用光纤信号传输来减少电磁干扰,安装冗余电气线路以提高信号的可靠性,通过增加信号放大器来确保长距离传输的稳定性,,,?将信号线与电源线尽量分开布线，以防止互相干扰,,超级管理员,2025-09-18 15:39:14,2025-09-18 15:39:26
03562,在导航系统的电气安装过程中，确保信号线和电源线互相隔离布线，是减少电气干扰和提高系统可靠性的关键措施。（）,单选题,结构组成,中等,2,是,正确,错误,,,,,正确,,超级管理员,2025-09-18 15:39:14,2025-09-18 15:39:26
03563,为防止电池电压波动对导航系统的影响，所有导航模块应共用同一电源，以简化安装过程。（）,单选题,结构组成,中等,2,是,正确,错误,,,,,错误,,超级管理员,2025-09-18 15:39:14,2025-09-18 15:39:26
03564,对于需要长距离飞行的无人机，在选择和安装全球导航卫星系统（GNSS）模块时，（）。考虑最为重要,单选题,结构组成,中等,2,是,选择具有高灵敏度和低噪声的GNSS模块,确保GNSS天线具有良好的抗干扰能力,使用大容量电池以确保GNSS模块的持续供电,将GNSS模块安装在无人机机体的中央位置,,,选择具有高灵敏度和低噪声的GNSS模块,,超级管理员,2025-09-18 15:39:14,2025-09-18 15:39:26
03565,在安装GNSS接收机时，应该将其放置在（）。以获得最佳信号,单选题,结构组成,中等,2,是,高处,底处,局部遮挡物附近,干燥的地方,,,高处,,超级管理员,2025-09-18 15:39:14,2025-09-18 15:39:26
03566,GNSS模块通常安装在无人机的（）。,单选题,结构组成,中等,2,是,机体底部,机体顶部,电池仓,飞控系统旁边,,,机体顶部,,超级管理员,2025-09-18 15:39:14,2025-09-18 15:39:26
03567,安装完GNSS模块后，下一步应该做（）。,单选题,结构组成,中等,2,是,立即起飞,进行校准,安装相机,充电,,,进行校准,,超级管理员,2025-09-18 15:39:14,2025-09-18 15:39:26
03568,全球导航卫星系统（GNSS）的安装位置可以根据个人喜好随意选择。（）,单选题,结构组成,中等,2,是,正确,错误,,,,,错误,,超级管理员,2025-09-18 15:39:14,2025-09-18 15:39:26
03569,在无人机装配过程中，进行GNSS天线安装时，通常需要确保所有电缆都尽量短，以减少信号的衰减。（）,单选题,结构组成,中等,2,是,正确,错误,,,,,正确,,超级管理员,2025-09-18 15:39:14,2025-09-18 15:39:26
03570,超声波传感器应安装在（）。以获得最佳的检测效果,单选题,结构组成,中等,2,是,无人机的顶部,无人机的底部,无人机的侧面,飞行控制系统旁边,,,无人机的底部,,超级管理员,2025-09-18 15:39:14,2025-09-18 15:39:26
03571,超声波传感器在无人机上的主要用途是（）。,单选题,结构组成,中等,2,是,测量高度,检测障碍物,控制飞行速度,监测环境温度,,,检测障碍物,,超级管理员,2025-09-18 15:39:14,2025-09-18 15:39:26
03572,安装超声波传感器时，避开阳光直目的是（）。,单选题,结构组成,中等,2,是,防止传感器过热,减少误差,增加测量范围,提高精度,,,防止传感器过热,,超级管理员,2025-09-18 15:39:14,2025-09-18 15:39:26
03573,安装完超声波传感器后，下一步应该做（）。,单选题,结构组成,中等,2,是,立即起飞,校准传感器,安装其他设备,充电,,,校准传感器,,超级管理员,2025-09-18 15:39:14,2025-09-18 15:39:26
03574,超声波传感器必须安装在物体内部才能获得准确的检测结果。（）,单选题,结构组成,中等,2,是,正确,错误,,,,,错误,,超级管理员,2025-09-18 15:39:14,2025-09-18 15:39:26
03575,超声波传感器的安装需要考虑其探测范围和精度。（）,单选题,结构组成,中等,2,是,正确,错误,,,,,正确,,超级管理员,2025-09-18 15:39:14,2025-09-18 15:39:26
03576,光流定位传感器通常安装在（）。,单选题,结构组成,中等,2,是,摄像机镜头前,镜头后,无人机底部,无人机顶部,,,无人机底部,,超级管理员,2025-09-18 15:39:14,2025-09-18 15:39:26
03577,光流定位传感器的接线方式通常是（）。,单选题,结构组成,中等,2,是,并联,串联,单独接线,通过信号转换器连接,,,通过信号转换器连接,,超级管理员,2025-09-18 15:39:14,2025-09-18 15:39:26
03578,光流定位传感器主要用于无人机的（）。,单选题,结构组成,中等,2,是,高空飞行,室内定位,避障,测速,,,室内定位,,超级管理员,2025-09-18 15:39:14,2025-09-18 15:39:26
03579,安装光流传感器时，要保证地面平整的目的（）。,单选题,结构组成,中等,2,是,提高定位精度,方便安装,增加稳定性,减少能耗,,,提高定位精度,,超级管理员,2025-09-18 15:39:14,2025-09-18 15:39:26
03580,光流定位传感器的安装需要考虑其视野范围和稳定性。（）,单选题,结构组成,中等,2,是,正确,错误,,,,,正确,,超级管理员,2025-09-18 15:39:14,2025-09-18 15:39:26
03581,光流定位传感器的安装只需要考虑设备的高度即可。（）,单选题,结构组成,中等,2,是,正确,错误,,,,,错误,,超级管理员,2025-09-18 15:39:14,2025-09-18 15:39:26
03582,IMU在无人机中的主要作用是（）。,单选题,结构组成,中等,2,是,实时测量飞行器的姿态、加速度和角速度,增加速度,提高定位精度,检测空气流速,,,实时测量飞行器的姿态、加速度和角速度,,超级管理员,2025-09-18 15:39:14,2025-09-18 15:39:26
03583,安装IMU时，应该将其固定在（）。,单选题,结构组成,中等,2,是,机身底部,飞行器的电池旁边,飞行器的控制中心,任意位置都可以,,,飞行器的控制中心,,超级管理员,2025-09-18 15:39:14,2025-09-18 15:39:26
03584,惯性测量单元（IMU）的主要功能是（）。,单选题,结构组成,中等,2,是,测量无人机的速度,测量无人机的位置,测量无人机的姿态,测量无人机的高度,,,测量无人机的姿态,,超级管理员,2025-09-18 15:39:14,2025-09-18 15:39:26
03585,惯性测量单元（IMU）通常用于测量无人机的（）。,单选题,结构组成,中等,2,是,加速度和角速度,温度和湿度,压力和海拔,速度和距离,,,加速度和角速度,,超级管理员,2025-09-18 15:39:14,2025-09-18 15:39:26
03586,惯性测量单元的装配需要考虑其测量精度和稳定性。（）,单选题,结构组成,中等,2,是,正确,错误,,,,,正确,,超级管理员,2025-09-18 15:39:14,2025-09-18 15:39:26
03587,惯性测量单元的装配不需要特别的注意其内部机械结构的正交性。（）,单选题,结构组成,中等,2,是,正确,错误,,,,,错误,,超级管理员,2025-09-18 15:39:14,2025-09-18 15:39:26
03588,在通信系统的装配过程中，为了保证信号传输的质量，以下措施最为关键的是（）。,单选题,结构组成,中等,2,是,使用尽可能长的信号电缆，以增加信号传输距离,在装配过程中，确保所有电缆和组件都有足够的屏蔽和接地,所有电缆应尽量并排布置，减少空间浪费,使用普通电缆而非专用通信电缆，以节省成本,,,在装配过程中，确保所有电缆和组件都有足够的屏蔽和接地,,超级管理员,2025-09-18 15:39:14,2025-09-18 15:39:26
03589,在通信系统装配时，下列（）确保电源供应的稳定性，避免电源波动影响信号传输质量。,单选题,结构组成,中等,2,是,?共享电源以减少布线成本,采用不间断电源（UPS）供电，保证电源的持续稳定,仅使用单一的电池组供电，不考虑冗余设计,使用低噪声电源，并为通信模块提供独立的电源通道,,,使用低噪声电源，并为通信模块提供独立的电源通道,,超级管理员,2025-09-18 15:39:14,2025-09-18 15:39:26
03590,在通信系统装配中，为了提高数据传输速率，应采取的措施是（）。,单选题,结构组成,中等,2,是,采用适当的信号调制方式，优化信号带宽,使用较长的电缆，以确保更长距离的数据传输,选择较低的传输频率，以减少信号干扰,安装多个信号转换器，以提高信号质量,,,采用适当的信号调制方式，优化信号带宽,,超级管理员,2025-09-18 15:39:14,2025-09-18 15:39:26
03591,在通信系统的装配中，为了减少外部电磁干扰，以下措施最为有效的是（）。,单选题,结构组成,中等,2,是,采用金属外壳对通信设备进行完全封闭,使用屏蔽电缆，并确保所有连接点良好接地,直接使用无线信号传输，避免使用电缆,在电缆周围加装绝缘层，防止电磁波传播,,,使用屏蔽电缆，并确保所有连接点良好接地,,超级管理员,2025-09-18 15:39:14,2025-09-18 15:39:26
03592,在通信系统装配过程中，为了提高系统抗干扰能力，应该尽量使用屏蔽电缆，并保持电缆接头处的接地良好。（）,单选题,结构组成,中等,2,是,正确,错误,,,,,正确,,超级管理员,2025-09-18 15:39:14,2025-09-18 15:39:26
03593,为了降低通信系统的成本，装配过程中可以忽略电源的噪声管理和信号调节，直接使用普通电源供应模块。（）,单选题,结构组成,中等,2,是,正确,错误,,,,,错误,,超级管理员,2025-09-18 15:39:14,2025-09-18 15:39:26
03594,在无人机装配中，遥控接收天线的安装位置最理想的位置是哪里（）。,单选题,结构组成,中等,2,是,机体下方靠近电池位置,机身前部靠近飞控系统,机身顶部或尾部,电机附近,,,机身顶部或尾部,,超级管理员,2025-09-18 15:39:14,2025-09-18 15:39:26
03595,遥控接收天线的长度选择对信号质量的影响主要取决于哪项因素（）。,单选题,结构组成,中等,2,是,无人机的电池容量,信号频率（如2.4GHz或5.8GHz）,飞行控制器的工作频率,电动机的功率,,,信号频率（如2.4GHz或5.8GHz）,,超级管理员,2025-09-18 15:39:14,2025-09-18 15:39:26
03596,在遥控接收天线的安装过程中，为了减少信号干扰，哪种做法是正确的（）。,单选题,结构组成,中等,2,是,将天线直接缠绕在机身周围,将天线与其他电子元件尽量分开,将天线与电池直接接触,将天线放置在电机附近，以增强信号,,,将天线与其他电子元件尽量分开,,超级管理员,2025-09-18 15:39:14,2025-09-18 15:39:26
03597,在无人机遥控接收天线的布线过程中，哪种做法会导致信号损失或接收不稳定（）。,单选题,结构组成,中等,2,是,将天线布线尽量拉直，避免弯曲,使用高质量的低损耗电缆,在天线连接器上使用较长的延长线,使用带有屏蔽层的电缆,,,在天线连接器上使用较长的延长线,,超级管理员,2025-09-18 15:39:14,2025-09-18 15:39:26
03598,遥控接收天线的接收性能与天线的材质关系不大，关键在于天线的长度和形状。（）,单选题,结构组成,中等,2,是,正确,错误,,,,,错误,,超级管理员,2025-09-18 15:39:14,2025-09-18 15:39:26
03599,在安装遥控接收天线时，应避免将天线设置在飞行器的旋转部件附近，以免产生额外的电磁干扰。（）,单选题,结构组成,中等,2,是,正确,错误,,,,,正确,,超级管理员,2025-09-18 15:39:14,2025-09-18 15:39:26
03600,接收机的天线应该朝向（）。,单选题,结构组成,中等,2,是,飞行器的前方,飞行器的后方,飞行器的上方,飞行器的侧面或垂直向上,,,飞行器的侧面或垂直向上,,超级管理员,2025-09-18 15:39:14,2025-09-18 15:39:26
03601,在安装接收机时，应该避免（）。设备干扰,单选题,结构组成,中等,2,是,GPS,电池,电机,飞控系统,,,电机,,超级管理员,2025-09-18 15:39:14,2025-09-18 15:39:26
03602,无人机接收机安装位置的选择主要基于（）。,单选题,结构组成,中等,2,是,接收信号强度,外观美观,便于隐藏,重量轻便,,,接收信号强度,,超级管理员,2025-09-18 15:39:14,2025-09-18 15:39:26
03603,安装接收机时，要避免金属物体遮挡的目的是（）。,单选题,结构组成,中等,2,是,减少信号干扰,方便调试,增加稳定性,提高接收灵敏度,,,减少信号干扰,,超级管理员,2025-09-18 15:39:14,2025-09-18 15:39:26
03604,在无人机接收机安装过程中，为确保接收信号的质量，通常会将接收机安装在无人机的底部接近地面。（）,单选题,结构组成,中等,2,是,正确,错误,,,,,错误,,超级管理员,2025-09-18 15:39:14,2025-09-18 15:39:26
03605,接收机的安装需要保证其信号稳定。（）,单选题,结构组成,中等,2,是,正确,错误,,,,,正确,,超级管理员,2025-09-18 15:39:14,2025-09-18 15:39:26
03606,无人机无线数据传输系统在安装完成后，如果发现数据传输速率明显低于预期，（）。处理措施最为有效,单选题,结构组成,中等,2,是,增加无线数传模块的发射功率,更换更高频段的无线数传模块,优化无人机的飞行轨迹以减少干扰,对无线数传系统进行全面的故障排查和校准,,,对无线数传系统进行全面的故障排查和校准,,超级管理员,2025-09-18 15:39:14,2025-09-18 15:39:26
03607,在安装无线数传系统时，需要在（）。安装接收端的天线,单选题,结构组成,中等,2,是,飞行控制系统附近,机体外部,电池仓内部,电机旁边,,,机体外部,,超级管理员,2025-09-18 15:39:14,2025-09-18 15:39:27
03608,无线数据传输系统在无人机中的主要功能是（）。,单选题,结构组成,中等,2,是,控制飞行方向,传输实时飞行数据,监测电池状态,记录飞行高度,,,传输实时飞行数据,,超级管理员,2025-09-18 15:39:14,2025-09-18 15:39:27
03609,装完无线数据传输系统后，下一步应该做（）。,单选题,结构组成,中等,2,是,直接起飞,设置频道和功率,安装其他配件,进行信号测试,,,进行信号测试,,超级管理员,2025-09-18 15:39:14,2025-09-18 15:39:27
03610,无线数据传输（无线数传）系统的安装需要考虑信号覆盖范围和抗干扰能力。（）,单选题,结构组成,中等,2,是,正确,错误,,,,,正确,,超级管理员,2025-09-18 15:39:14,2025-09-18 15:39:27
03611,无线数据传输（无线数传）系统的安装只需要考虑设备的连接即可。（）,单选题,结构组成,中等,2,是,正确,错误,,,,,错误,,超级管理员,2025-09-18 15:39:14,2025-09-18 15:39:27
03612,在无线图像传输系统的装配过程中，为了确保图像信号的高质量传输，以下措施最为关键的是（）。,单选题,结构组成,中等,2,是,选择较长的天线以增加信号接收范围,使用高频段传输以提高带宽，支持高分辨率图像,使用低功率传输以减少干扰和信号衰减,通过无线传输覆盖所有信号源，无需布线,,,使用高频段传输以提高带宽，支持高分辨率图像,,超级管理员,2025-09-18 15:39:14,2025-09-18 15:39:27
03613,在无线图像传输系统的装配中，（）。可以确保系统的抗干扰能力,单选题,结构组成,中等,2,是,使用频率跳跃技术（FHSS）或扩频技术（DSSS）来减少干扰的影响,使用广泛的频谱覆盖范围，以避开干扰信号,只使用低频信号传输，避免高频带来的干扰,选择固定频率进行传输，以减少频率切换时的干扰,,,使用频率跳跃技术（FHSS）或扩频技术（DSSS）来减少干扰的影响,,超级管理员,2025-09-18 15:39:14,2025-09-18 15:39:27
03614,为了保证无线图像传输系统在长距离传输中的稳定性，如何选择和安装传输天线（）。,单选题,结构组成,中等,2,是,使用低增益天线以增加传输距离,选择高增益定向天线，确保信号的指向性和距离,安装天线时应尽量避免与其他金属物体接触，减少反射干扰,使用多个天线，采用多输入多输出（MIMO）技术以增强信号,,,选择高增益定向天线，确保信号的指向性和距离,,超级管理员,2025-09-18 15:39:14,2025-09-18 15:39:27
03615,在无线图像传输系统的装配过程中，为了减少图像传输过程中的延迟，通常应采取的措施是（）。,单选题,结构组成,中等,2,是,优化图像编码与压缩算法，减少传输数据量,使用低功率传输信号以减少延迟,增加图像分辨率，提高图像质量,采用多路径传输方式来提高传输速度,,,优化图像编码与压缩算法，减少传输数据量,,超级管理员,2025-09-18 15:39:14,2025-09-18 15:39:27
03616,在无线图像传输系统的装配过程中，选择高频段进行图像传输有助于提高传输带宽和图像分辨率，但可能会增加信号衰减。（）,单选题,结构组成,中等,2,是,正确,错误,,,,,正确,,超级管理员,2025-09-18 15:39:14,2025-09-18 15:39:27
03617,为了减少干扰，使用频率跳跃技术（FHSS）或扩频技术（DSSS）有助于在复杂的电磁环境中稳定传输图像信号,单选题,结构组成,中等,2,是,正确,错误,,,,,正确,,超级管理员,2025-09-18 15:39:14,2025-09-18 15:39:27
03618,移动通信模块通常采用（）。连接方式,单选题,结构组成,中等,2,是,USB,RS232,TTL电平,音频接口,,,USB,,超级管理员,2025-09-18 15:39:14,2025-09-18 15:39:27
03619,安装移动通信模块时，需要先将设备的（）。接通电源,单选题,结构组成,中等,2,是,外壳,模块本身,接收器,发射器,,,模块本身,,超级管理员,2025-09-18 15:39:14,2025-09-18 15:39:27
03620,移动通信模块在无人机中的主要作用是（）。,单选题,结构组成,中等,2,是,实时监控飞行状态,控制飞行方向,记录飞行数据,提供电源管理,,,实时监控飞行状态,,超级管理员,2025-09-18 15:39:14,2025-09-18 15:39:27
03621,安装移动通信模块时，（）。注意天线的方向,单选题,结构组成,中等,2,是,提高信号强度,减少能耗,增加传输距离,改善外观,,,提高信号强度,,超级管理员,2025-09-18 15:39:14,2025-09-18 15:39:27
03622,移动通信模块的安装需要考虑其信号质量和稳定性。（）,单选题,结构组成,中等,2,是,正确,错误,,,,,正确,,超级管理员,2025-09-18 15:39:14,2025-09-18 15:39:27
03623,移动通信模块的安装只需要考虑设备的位置即可。（）,单选题,结构组成,中等,2,是,正确,错误,,,,,错误,,超级管理员,2025-09-18 15:39:14,2025-09-18 15:39:27
03624,在起飞着陆系统的装配中，为了确保起飞和着陆时的稳定性，以下设计措施最为关键的是（）。,单选题,结构组成,中等,2,是,增加机翼的面积以提高升力,采用高强度材料制造机身以增加整体结构强度,安装高精度的传感器系统来实时监测飞行状态并调整姿态,使用更大尺寸的轮胎以增强地面摩擦力,,,安装高精度的传感器系统来实时监测飞行状态并调整姿态,,超级管理员,2025-09-18 15:39:14,2025-09-18 15:39:27
03625,在装配起飞着陆系统时，为了提高着陆时的减震效果，应优先选择的减震装置是（）。,单选题,结构组成,中等,2,是,使用气压减震装置，减少反弹和冲击,使用液压减震装置，以提高减震稳定性,选用传统的钢簧装置，降低装配复杂性,采用复合材料减震器，以减轻系统重量,,,使用液压减震装置，以提高减震稳定性,,超级管理员,2025-09-18 15:39:14,2025-09-18 15:39:27
03626,在起飞着陆系统装配过程中，以下可以确保起落架与机身之间的连接能够承受高强度的负载的是（）。,单选题,结构组成,中等,2,是,使用大尺寸、高强度的连接件和增强型支撑框架，确保连接的稳定性,采用较小尺寸的连接螺栓，减少机身负担,使用轻质铝合金材料以减轻总重量,在起落架与机身连接处使用柔性材料，以减少震动传递,,,使用大尺寸、高强度的连接件和增强型支撑框架，确保连接的稳定性,,超级管理员,2025-09-18 15:39:14,2025-09-18 15:39:27
03627,在装配起飞着陆系统时，如何选择合适的起落架轮胎以适应不同的起飞条件（）。,单选题,结构组成,中等,2,是,选择大直径轮胎，以确保能够通过不平整的地面,使用宽轮胎设计，以增加接地面积，适应软土或雪地条件,选择耐高温、耐磨的轮胎材料，以应对高温环境下的高强度着陆,使用窄轮胎设计，以降低空气阻力和减少重量,,,使用宽轮胎设计，以增加接地面积，适应软土或雪地条件,,超级管理员,2025-09-18 15:39:14,2025-09-18 15:39:27
03628,在起飞着陆系统的装配过程中，采用液压减震装置可以有效提高起降时的稳定性和安全性，特别是在高速着陆时。（）,单选题,结构组成,中等,2,是,正确,错误,,,,,正确,,超级管理员,2025-09-18 15:39:14,2025-09-18 15:39:27
03629,起落架的支撑结构设计应优先考虑轻便和减震效果，牺牲强度和刚性，以减少整体重量。（）,单选题,结构组成,中等,2,是,正确,错误,,,,,错误,,超级管理员,2025-09-18 15:39:14,2025-09-18 15:39:27
03630,在无人机滑跑起飞系统的装配中，为了确保滑跑过程中的稳定性，以下设计措施最为关键的是（）。,单选题,结构组成,中等,2,是,选择较长的滑跑道和高摩擦力的跑道材料,确保起落架的稳定性和强度，防止在滑跑过程中发生变形,配置较小的起落架，以减轻无人机重量,采用较薄的机身设计，以降低空气阻力,,,确保起落架的稳定性和强度，防止在滑跑过程中发生变形,,超级管理员,2025-09-18 15:39:14,2025-09-18 15:39:27
03631,在无人机滑跑起飞系统的装配过程中，选择适当的电动推力系统时，应该考虑的因素是（）。,单选题,结构组成,中等,2,是,只考虑推力重量比，忽略推力输出的平稳性和持续性,使用可调推力的系统以便在飞行过程中动态调整,选择低功率的电动推力系统，以减少能量消耗,?提供足够的推力以克服无人机的起飞重量和气动阻力,,,?提供足够的推力以克服无人机的起飞重量和气动阻力,,超级管理员,2025-09-18 15:39:14,2025-09-18 15:39:27
03632,为了保证无人机滑跑起飞的顺利进行，起落架与地面的接触角度对起飞稳定性的影响主要体现在（）。方面,单选题,结构组成,中等,2,是,确保起落架前轮与地面的接触角度适中，以确保平稳的起飞,起落架与地面接触角度对起飞无影响，关键是推力系统的输出,通过增大起落架接触角度来提高起飞速度,选择较低接触角度，以减少起飞时的空气阻力,,,确保起落架前轮与地面的接触角度适中，以确保平稳的起飞,,超级管理员,2025-09-18 15:39:14,2025-09-18 15:39:27
03633,在无人机滑跑起飞系统的装配中，为了应对高强度的滑跑过程，如何选择适合的轮胎材料（）。,单选题,结构组成,中等,2,是,选择较软的轮胎材料，以提供更好的摩擦力,使用高耐磨、抗高温的轮胎材料，以保证长时间滑跑的稳定性,使用轻质材料的轮胎，以减少无人机的总重量,采用较硬的轮胎材料，以减少轮胎的磨损,,,使用高耐磨、抗高温的轮胎材料，以保证长时间滑跑的稳定性,,超级管理员,2025-09-18 15:39:14,2025-09-18 15:39:27
03634,滑跑起飞时，起落架的接触角度对起飞过程没有影响，关键因素是推力系统的设计和控制。（）,单选题,结构组成,中等,2,是,正确,错误,,,,,错误,,超级管理员,2025-09-18 15:39:14,2025-09-18 15:39:27
03635,在无人机滑跑起飞过程中，推力系统的选择应优先考虑提供足够的持续推力，而非短时间的最大推力，以确保平稳起飞。（）,单选题,结构组成,中等,2,是,正确,错误,,,,,正确,,超级管理员,2025-09-18 15:39:14,2025-09-18 15:39:27
03636,无人机弹射起飞系统的安全装置主要作用是（）。,单选题,结构组成,中等,2,是,控制飞行速度和高度,防止无人机在弹射过程中突然失控或爆炸,提高无人机的稳定性和操控性,增加无人机的续航时间和载重能力,,,防止无人机在弹射过程中突然失控或爆炸,,超级管理员,2025-09-18 15:39:14,2025-09-18 15:39:27
03637,最适合制作无人机弹射起飞系统的支架是（）。,单选题,结构组成,中等,2,是,不锈钢,铝合金,塑料,钛合金,,,钛合金,,超级管理员,2025-09-18 15:39:14,2025-09-18 15:39:27
03638,装配弹射起飞系统时，确保发射装置稳固的目的是（）。,单选题,结构组成,中等,2,是,.提高速度,减少振动,增加飞行时间,提高起飞效率,,,减少振动,,超级管理员,2025-09-18 15:39:14,2025-09-18 15:39:27
03639,在装配无人机的弹射起飞系统时，确保弹射导轨安装角度正确至关重要。以下正确的做法是（）。,单选题,结构组成,中等,2,是,弹射导轨应保持水平，以减少摩擦力,弹射导轨应根据无人机的设计要求调整适当的仰角，以确保最佳起飞轨迹,弹射导轨可以随意安装，因为其角度对起飞影响不大,弹射导轨应垂直于地面，以增加起飞速度,,,弹射导轨应根据无人机的设计要求调整适当的仰角，以确保最佳起飞轨迹,,超级管理员,2025-09-18 15:39:14,2025-09-18 15:39:27
03640,无人机弹射起飞系统的装配不需要考虑弹射架的结构强度。（）,单选题,结构组成,中等,2,是,正确,错误,,,,,错误,,超级管理员,2025-09-18 15:39:14,2025-09-18 15:39:27
03641,无人机弹射起飞系统的装配方法涉及到使用锁紧机构将无人机锁紧在滑跑架上，以防止无人机在弹射过程中意外弹出。（）,单选题,结构组成,中等,2,是,正确,错误,,,,,正确,,超级管理员,2025-09-18 15:39:14,2025-09-18 15:39:27
03642,在无人机空中发射系统的装配过程中，为了确保发射过程中的平稳性，以下因素最为关键的是（）。,单选题,结构组成,中等,2,是,使用具有较大推力的发射装置以快速加速无人机,配置较重的无人机，以增加发射时的惯性,采用适合的弹性支撑结构，避免发射时的剧烈震动,使用气动设计较差的机翼，以降低空气阻力,,,采用适合的弹性支撑结构，避免发射时的剧烈震动,,超级管理员,2025-09-18 15:39:14,2025-09-18 15:39:27
03643,在无人机空中发射系统中，可以确保发射后的飞行稳定性的是（）。,单选题,结构组成,中等,2,是,增加飞行器的起飞重量以提高飞行稳定性,设计适合的气动外形，减少气流不稳定对飞行的影响,配置较小的动力系统，以减少瞬时推力对飞行的影响,在飞行器上安装气动补偿装置，以自动调整姿态,,,设计适合的气动外形，减少气流不稳定对飞行的影响,,超级管理员,2025-09-18 15:39:14,2025-09-18 15:39:27
03644,在空中发射系统装配过程中，如何选择合适的发射平台以提高无人机的发射精度和成功率（）。,单选题,结构组成,中等,2,是,选择较为简单的发射平台，忽略对发射精度的精细调节,配置具有稳定支撑和控制功能的发射平台，确保无人机的初始飞行姿态,使用较小型的发射平台，以便进行快速移动和调整,只关注平台的重量和稳定性，忽略平台的精密调节功能,,,配置具有稳定支撑和控制功能的发射平台，确保无人机的初始飞行姿态,,超级管理员,2025-09-18 15:39:14,2025-09-18 15:39:27
03645,在空中发射系统的设计中，为了确保发射过程中无人机不发生意外倾斜或失控，以下设计方案最为有效的是（）。,单选题,结构组成,中等,2,是,在无人机上安装多个冗余传感器和控制系统，增加控制稳定性,配置具有智能稳定功能的发射装置，实时调整发射姿态,选择具有较高动力比的发射平台，确保发射过程中瞬时推力充足,?采用较为复杂的发射算法，快速调整无人机的飞行姿态,,,配置具有智能稳定功能的发射装置，实时调整发射姿态,,超级管理员,2025-09-18 15:39:14,2025-09-18 15:39:27
03646,在无人机空中发射过程中，合理的发射平台设计对于无人机的初始飞行姿态至关重要，能够有效提高发射精度和成功率。（）,单选题,结构组成,中等,2,是,正确,错误,,,,,正确,,超级管理员,2025-09-18 15:39:14,2025-09-18 15:39:27
03647,为了确保无人机空中发射过程中的稳定性，应优先选择较轻的发射平台，并忽略对发射精度和控制功能的调节。（）,单选题,结构组成,中等,2,是,正确,错误,,,,,错误,,超级管理员,2025-09-18 15:39:14,2025-09-18 15:39:27
03648,常用于无人机滑跑着陆系统的是（）。,单选题,结构组成,中等,2,是,磁力制动器,液压制动器,齿轮制动器,刹车片制动器,,,液压制动器,,超级管理员,2025-09-18 15:39:14,2025-09-18 15:39:27
03649,无人机滑跑着陆系统的控制系统主要用于（）。,单选题,结构组成,中等,2,是,监控无人机的运行状态,控制无人机的姿态,控制无人机的速度,执行着陆程序,,,执行着陆程序,,超级管理员,2025-09-18 15:39:14,2025-09-18 15:39:27
03650,装配滑跑着陆系统时，需特别注意起落架设计的原因是（）。,单选题,结构组成,中等,2,是,提高速度,减少噪音,增加稳定性,提高起飞效率,,,增加稳定性,,超级管理员,2025-09-18 15:39:14,2025-09-18 15:39:27
03651,滑跑着陆系统应安装在无人机的（）。,单选题,结构组成,中等,2,是,机翼下方,机身前端,机身底部,机身后端,,,机身底部,,超级管理员,2025-09-18 15:39:14,2025-09-18 15:39:27
03652,无人机滑跑着陆系统的装配不需要考虑着陆场地的条件。（）,单选题,结构组成,中等,2,是,正确,错误,,,,,错误,,超级管理员,2025-09-18 15:39:14,2025-09-18 15:39:27
03653,滑跑着陆系统的安装应以尽量减小飞行器的重量为主，因此着陆轮的材料选择不需要过于关注强度。（）,单选题,结构组成,中等,2,是,正确,错误,,,,,错误,,超级管理员,2025-09-18 15:39:14,2025-09-18 15:39:27
03654,无人机在降落前需要进行的操作是（）。,单选题,结构组成,中等,2,是,关闭电源,启动摄像头,收起旋翼,打开降落伞,,,打开降落伞,,超级管理员,2025-09-18 15:39:14,2025-09-18 15:39:27
03655,（）。可以用于无人机的精准定位（）。,单选题,结构组成,中等,2,是,GNSS模块,激光雷达,陀螺仪,距离传感器,,,GNSS模块,,超级管理员,2025-09-18 15:39:14,2025-09-18 15:39:27
03656,伞降着陆系统主要用于（）。类型的无人机,单选题,结构组成,中等,2,是,多旋翼无人机,固定翼无人机,所有类型的无人机,无人直升机,,,固定翼无人机,,超级管理员,2025-09-18 15:39:14,2025-09-18 15:39:27
03657,装配伞降着陆系统时，要检查降落伞的完整性的原因是（）。,单选题,结构组成,中等,2,是,确保安全着陆,提高速度,增加飞行时间,提高起飞效率,,,确保安全着陆,,超级管理员,2025-09-18 15:39:14,2025-09-18 15:39:27
03658,无人机伞降着陆系统的装配不需要考虑伞降时的风向和风速。（）,单选题,结构组成,中等,2,是,正确,错误,,,,,错误,,超级管理员,2025-09-18 15:39:14,2025-09-18 15:39:27
03659,人机伞降着陆系统的装配不需要特别注意伞降装备的可靠性。（）,单选题,结构组成,中等,2,是,正确,错误,,,,,错误,,超级管理员,2025-09-18 15:39:14,2025-09-18 15:39:27
03660,在无人机气垫着陆系统的装配过程中，以下设计是确保气垫稳定性和承载能力的关键的是（）。,单选题,结构组成,中等,2,是,配置多个独立气囊并设计冗余气动控制系统，以提高安全性,使用较轻的气垫材料，减少系统整体重量,采用较小尺寸的气垫设计，以提高气流效率,使用简单的气垫控制方式，以减少系统复杂度,,,配置多个独立气囊并设计冗余气动控制系统，以提高安全性,,超级管理员,2025-09-18 15:39:14,2025-09-18 15:39:28
03661,在无人机气垫着陆系统的装配中，为了确保气垫的稳定性和适应性，如何选择合适的气流调节装置（）。,单选题,结构组成,中等,2,是,使用机械式气流调节装置，以提高精度和响应速度,配置电动阀门或气动调节器，精确控制气流的分布和压力,选择手动调节装置，降低成本并减少维护需求,采用无调节装置，依赖自然气流来调节气垫压力,,,配置电动阀门或气动调节器，精确控制气流的分布和压力,,超级管理员,2025-09-18 15:39:14,2025-09-18 15:39:28
03662,在无人机气垫着陆系统中，为了确保气垫的压力均匀分布，防止局部压力过高导致着陆失败的措施有（）。,单选题,结构组成,中等,2,是,使用重型支撑框架，确保均匀的压力传递,增加气垫表面的摩擦力，以防气流不均,选择单一气囊设计，降低装配复杂性,采用气垫内压调节装置，保持气垫压力平衡,,,采用气垫内压调节装置，保持气垫压力平衡,,超级管理员,2025-09-18 15:39:14,2025-09-18 15:39:28
03663,在装配无人机气垫着陆系统时，为了提高系统的响应速度，应该采取以下（）措施。,单选题,结构组成,中等,2,是,增加气垫的容积，以保证充气量充足,采用更为复杂的多层气垫设计，提高反应灵敏度,选择低摩擦表面材料，减少气垫与地面接触时的阻力,配置高效的气压传感器和快速反应的控制系统，优化气流调节,,,配置高效的气压传感器和快速反应的控制系统，优化气流调节,,超级管理员,2025-09-18 15:39:14,2025-09-18 15:39:28
03664,在无人机气垫着陆系统的装配中，采用多个独立气囊和冗余控制系统能有效提高着陆的安全性和系统的容错能力。（）,单选题,结构组成,中等,2,是,正确,错误,,,,,正确,,超级管理员,2025-09-18 15:39:14,2025-09-18 15:39:28
03665,气垫着陆系统在装配过程中，使用简单的气流调节装置而忽略精密控制会降低系统的稳定性和响应速度。（）,单选题,结构组成,中等,2,是,正确,错误,,,,,正确,,超级管理员,2025-09-18 15:39:14,2025-09-18 15:39:28
03666,在无人机阻拦网回收系统的装配中，为了确保回收过程中阻拦网的有效性，以下（）的设计至关重要。,单选题,结构组成,中等,2,是,?网格的尺寸和材质应确保能够承受无人机的最大着陆冲击力,网格应设计得尽可能大，以容纳多架无人机同时回收,选择较重的网格材质，以提高网格的稳定性,配置具有强大弹性的网格材料，以吸收着陆时的部分能量,,,?网格的尺寸和材质应确保能够承受无人机的最大着陆冲击力,,超级管理员,2025-09-18 15:39:14,2025-09-18 15:39:28
03667,在无人机阻拦网回收系统的装配过程中，为了确保网的张力适中，避免因过松或过紧导致系统失效，应该使用以下哪种方法（）。,单选题,结构组成,中等,2,是,使用手动调节装置调整网的张力,配置自动张力控制装置，实时监控和调节网的张力,选择刚性较大的网材质，忽略张力调节,使用较松的网材质，依靠空气流动自动调节张力,,,配置自动张力控制装置，实时监控和调节网的张力,,超级管理员,2025-09-18 15:39:14,2025-09-18 15:39:28
03668,在无人机阻拦网回收系统中，以下（）可以确保阻拦网能在无人机接触的瞬间及时展开，并稳定住无人机。,单选题,结构组成,中等,2,是,配置重型的自动铺网系统，以确保网在空中能够快速铺开,使用较大的网格孔径，减少阻力，确保快速展开,使用弹簧装置辅助展开，减少动力消耗,通过设计快速释放装置和电动驱动装置，使网能够迅速展开,,,通过设计快速释放装置和电动驱动装置，使网能够迅速展开,,超级管理员,2025-09-18 15:39:14,2025-09-18 15:39:28
03669,在无人机阻拦网回收系统装配中，以下措施可以提高阻拦网系统的耐久性和安全性的是（）。,单选题,结构组成,中等,2,是,选用低成本的合成纤维材料以减轻重量,设计网格具有适当的弹性，以吸收无人机的能量,采用较软的网格材料，减少与无人机的冲击力,使用单一材料制造网格，忽略不同材料的组合使用,,,设计网格具有适当的弹性，以吸收无人机的能量,,超级管理员,2025-09-18 15:39:14,2025-09-18 15:39:28
03670,无人机阻拦网回收系统中，配置自动张力控制装置可以有效地保证网的张力适中，从而提高回收成功率。（）,单选题,结构组成,中等,2,是,正确,错误,,,,,正确,,超级管理员,2025-09-18 15:39:14,2025-09-18 15:39:28
03671,在无人机阻拦网回收系统中，较大的网格孔径设计有助于增加回收成功率，减少阻力并保证网的展开速度。（）,单选题,结构组成,中等,2,是,正确,错误,,,,,错误,,超级管理员,2025-09-18 15:39:14,2025-09-18 15:39:28
03672,在填写无人机动力系统装配报告单时，关于电动机参数的填写，以下最为关键的是（）。,单选题,结构组成,中等,2,是,电动机的额定功率和效率，以确保动力系统的持续运行,电动机的电压和电流类型，以确保与电池系统的匹配,电动机的外观尺寸和重量，以便于装配空间的规划,电动机的品牌和型号，以便于采购,,,电动机的电压和电流类型，以确保与电池系统的匹配,,超级管理员,2025-09-18 15:39:14,2025-09-18 15:39:28
03673,在填写无人机动力系统装配报告单时，下列正确描述动力系统的可靠性测试结果的是（）。,单选题,结构组成,中等,2,是,只列出测试的基本步骤，无需详细数据,只描述测试是否成功，不必提供其他数据,提供测试的具体参数、环境条件及测试时间，确保信息的可追溯性,仅报告设备是否能够正常启动，忽略长期运行数据,,,提供测试的具体参数、环境条件及测试时间，确保信息的可追溯性,,超级管理员,2025-09-18 15:39:14,2025-09-18 15:39:28
03674,在无人机动力系统装配报告单中，关于燃料系统的填写，应该特别注意的内容是（）。,单选题,结构组成,中等,2,是,燃料类型、容量和压力范围，以及与动力系统的兼容性,燃料的品牌和生产商信息，以便于维护,燃料系统的重量，以便于计算总重量,燃料的储存位置和运输方式，以确保安全性,,,燃料类型、容量和压力范围，以及与动力系统的兼容性,,超级管理员,2025-09-18 15:39:14,2025-09-18 15:39:28
03675,在填写无人机动力系统装配报告单时，下列（）确保装配过程中的每个步骤都被准确记录。,单选题,结构组成,中等,2,是,只记录装配后的最终结果，无需详细记录过程中的每一步,只记录关键步骤，以减少报告内容,详细列出每个装配步骤的具体操作、所用工具及测试结果，确保完整性,记录装配的开始和结束时间，无需细节信息,,,详细列出每个装配步骤的具体操作、所用工具及测试结果，确保完整性,,超级管理员,2025-09-18 15:39:14,2025-09-18 15:39:28
03676,在填写无人机动力系统装配报告单时，必须记录所有动力系统部件的校准情况，以确保装配精度和系统性能。（）,单选题,结构组成,中等,2,是,正确,错误,,,,,错误,,超级管理员,2025-09-18 15:39:14,2025-09-18 15:39:28
03677,装配报告单中对于电池和电动机的匹配要求不需要过于精确，只要系统能够正常启动即可。（）,单选题,结构组成,中等,2,是,正确,错误,,,,,正确,,超级管理员,2025-09-18 15:39:14,2025-09-18 15:39:28
03678,在填写无人机飞行控制与导航系统装配报告单时，关于飞行控制器的参数填写，以下最为重要的是（）。,单选题,结构组成,中等,2,是,飞行控制器的制造商和型号，以便于后期维护,飞行控制器的重量，以便于计算无人机的整体负载,控制器的工作频率和响应速度，以确保系统的实时控制性能,飞行控制器的外观和尺寸，以确保与机身的适配,,,控制器的工作频率和响应速度，以确保系统的实时控制性能,,超级管理员,2025-09-18 15:39:14,2025-09-18 15:39:28
03679,在无人机飞行控制与导航系统装配报告单中，关于导航系统的精度要求，以下描述正确的是（）。,单选题,结构组成,中等,2,是,仅需描述导航系统的最大偏差范围，不需要提供测试数据,?只描述系统是否能够正常工作，无需详细的精度信息,只记录导航系统的工作频段，无需考虑精度要求,提供导航系统的精度误差（如GPS精度）和在不同环境下的表现数据,,,提供导航系统的精度误差（如GPS精度）和在不同环境下的表现数据,,超级管理员,2025-09-18 15:39:14,2025-09-18 15:39:28
03680,在无人机飞行控制与导航系统装配报告单填写过程中，下列（）记录系统的冗余设计以确保飞行安全。,单选题,结构组成,中等,2,是,仅简要描述冗余系统的存在，无需详细列出每个冗余组件,不需要记录冗余系统，只有主控制系统足够可靠即可,只记录冗余系统的启用条件，无需其他细节,记录冗余系统的设计方案、组件选型以及测试结果，确保系统可靠性,,,记录冗余系统的设计方案、组件选型以及测试结果，确保系统可靠性,,超级管理员,2025-09-18 15:39:14,2025-09-18 15:39:28
03681,在填写无人机飞行控制与导航系统装配报告单时，关于传感器的选择和安装，以下（）信息是必须详细记录的。,单选题,结构组成,中等,2,是,?传感器的类型、型号、安装位置、传感器的标定和测试结果,传感器的重量和外观,传感器的生产厂家和安装日期,只记录传感器的工作电压和功耗,,,?传感器的类型、型号、安装位置、传感器的标定和测试结果,,超级管理员,2025-09-18 15:39:14,2025-09-18 15:39:28
03682,在填写无人机飞行控制与导航系统装配报告单时，冗余设计的细节记录和测试结果对系统的安全性至关重要，因此必须详细记录。（）,单选题,结构组成,中等,2,是,正确,错误,,,,,正确,,超级管理员,2025-09-18 15:39:14,2025-09-18 15:39:28
03683,在飞行控制与导航系统装配报告单中，记录导航系统的精度误差并非必须项，只需保证系统能正常工作即可。（）,单选题,结构组成,中等,2,是,正确,错误,,,,,错误,,超级管理员,2025-09-18 15:39:14,2025-09-18 15:39:28
03684,在通信系统装配报告单中，记录所有组件的型号和序列号的主要目的是（）。,单选题,结构组成,中等,2,是,为了方便后续维护和故障排查,确保所有组件都在保修期内,计算系统的总成本,满足客户对详细报告的要求,,,为了方便后续维护和故障排查,,超级管理员,2025-09-18 15:39:14,2025-09-18 15:39:28
03685,在无人机通信系统装配报告单中，关于通信协议的选择与配置，最重要的考虑因素是（）。,单选题,结构组成,中等,2,是,选择传输速度较高的协议，忽略其他性能要求,只关注协议的成本和是否普及,选择兼容的协议，以确保与飞行控制系统的匹配,优先选择无线通信协议，忽略有线通信选项,,,选择兼容的协议，以确保与飞行控制系统的匹配,,超级管理员,2025-09-18 15:39:14,2025-09-18 15:39:28
03686,在填写通信系统装配报告单时，以下（）是必须首先记录的信息。,单选题,结构组成,中等,2,是,装配过程中遇到的具体问题,所有组件的型号和序列号,最终测试结果,安装人员的姓名和日期,,,安装人员的姓名和日期,,超级管理员,2025-09-18 15:39:14,2025-09-18 15:39:28
03687,在无人机通信系统装配报告单中，关于通信信号强度的测试结果应该包括（）信息。,单选题,结构组成,中等,2,是,只需记录信号强度的最大值,仅记录飞行过程中信号强度的波动范围,提供信号强度的测试条件、测试设备、测试数据和在不同飞行阶段的表现,只记录接收端的信号强度，无需关注发射端,,,提供信号强度的测试条件、测试设备、测试数据和在不同飞行阶段的表现,,超级管理员,2025-09-18 15:39:14,2025-09-18 15:39:28
03688,通信系统装配报告单中，记录通信频率的带宽、频率范围以及与其他设备的兼容性不必要，只需关注通信设备的型号即可。（）,单选题,结构组成,中等,2,是,正确,错误,,,,,错误,,超级管理员,2025-09-18 15:39:14,2025-09-18 15:39:28
03689,在无人机通信系统装配报告单中，冗余设计方案的详细记录和测试是确保通信系统可靠性的关键，因此必须包含完整的冗余设备信息。（）,单选题,结构组成,中等,2,是,正确,错误,,,,,正确,,超级管理员,2025-09-18 15:39:14,2025-09-18 15:39:28
03690,在无人机起飞着陆系统装配报告单中，关于起飞装置的安装，以下（）最为重要。,单选题,结构组成,中等,2,是,记录起飞装置的重量，以确保不影响整体飞行性能,确保详细描述起飞装置的功率需求、工作频率及与飞行控制系统的兼容性,只记录起飞装置的外观和尺寸，确保适配无人机,描述起飞装置的启动时间和响应速度，不必关注其他参数,,,确保详细描述起飞装置的功率需求、工作频率及与飞行控制系统的兼容性,,超级管理员,2025-09-18 15:39:14,2025-09-18 15:39:28
03691,在无人机起飞着陆系统装配报告单填写过程中，关于着陆装置的冗余设计，应该包括以下（）内容。,单选题,结构组成,中等,2,是,只需记录冗余着陆装置的安装位置，不必提供其他信息,记录冗余着陆装置的类型、位置、启动条件及是否经过测试,只记录冗余装置的功耗和工作状态,冗余设计不需要特别记录，可以忽略,,,记录冗余着陆装置的类型、位置、启动条件及是否经过测试,,超级管理员,2025-09-18 15:39:14,2025-09-18 15:39:28
03692,在无人机起飞着陆系统装配报告单中，如何确保着陆系统的适应性和稳定性（）。,单选题,结构组成,中等,2,是,仅记录着陆系统的设计尺寸和重量,只需确认着陆装置是否能够在平坦地面上正常工作,记录着陆系统的工作原理、设计标准以及测试数据，确保适应各种环境条件,只记录着陆系统的控制方式，忽略其他设计参数,,,记录着陆系统的工作原理、设计标准以及测试数据，确保适应各种环境条件,,超级管理员,2025-09-18 15:39:14,2025-09-18 15:39:28
03693,在无人机起飞着陆系统装配报告单中，关于着陆测试的记录，应该包括（）信息。,单选题,结构组成,中等,2,是,提供着陆测试的条件、设备、测试结果以及在不同负载下的表现数据,只记录着陆测试的通过与否，不需要其他测试数据,仅记录测试过程中的时间和位置,只记录测试过程中无人机的起降速度,,,只记录着陆测试的通过与否，不需要其他测试数据,,超级管理员,2025-09-18 15:39:14,2025-09-18 15:39:28
03694,在无人机起飞着陆系统装配报告单中，冗余设计的详细记录是确保系统可靠性和安全性的关键，必须包括冗余装置的功能、切换条件及其测试结果。（）,单选题,结构组成,中等,2,是,正确,错误,,,,,正确,,超级管理员,2025-09-18 15:39:14,2025-09-18 15:39:28
03695,在填写无人机起飞着陆系统装配报告单时，着陆系统的适应性和稳定性测试无关紧要，报告中不需要提供详细的测试数据。（）,单选题,结构组成,中等,2,是,正确,错误,,,,,错误,,超级管理员,2025-09-18 15:39:14,2025-09-18 15:39:28
03696,在电机转向调试中，通常采用（）来改变电机转向。,单选题,飞行原理,中等,2,是,改变电源相序,调整电枢绕组电流方向,更换电机轴承,调整励磁绕组电压,,,改变电源相序,,超级管理员,2025-09-18 15:39:14,2025-09-18 15:39:28
03697,在电机转速调试中，一般通过调整（）来改变电机转速。,单选题,飞行原理,中等,2,是,电源电压,电枢绕组电阻,励磁绕组电压,电机负载大小,,,励磁绕组电压,,超级管理员,2025-09-18 15:39:14,2025-09-18 15:39:28
03698,在调整电机转速时，下列需要注意的是（）。,单选题,飞行原理,中等,2,是,仅确认电调（ESC）的固件版本是否最新,仅检查电池电压是否足够高,确认电调与飞行控制器之间的通信正常，并检查电池电压和电机温度,只需关注电机的旋转方向是否正确,,,确认电调与飞行控制器之间的通信正常，并检查电池电压和电机温度,,超级管理员,2025-09-18 15:39:14,2025-09-18 15:39:28
03699,在调试多旋翼无人机的电机转向时，首先应该做的是（）。,单选题,飞行原理,中等,2,是,调整飞行控制器中的电机旋转方向设置,确认电机与电调（ESC）之间的连接是否牢固且正确,检查电池电压是否足够高,使用遥控器进行简单的起飞测试,,,确认电机与电调（ESC）之间的连接是否牢固且正确,,超级管理员,2025-09-18 15:39:14,2025-09-18 15:39:28
03700,电机转向和转速的调试需要使用专业的测试仪器进行测量。（）,单选题,飞行原理,中等,2,是,正确,错误,,,,,正确,,超级管理员,2025-09-18 15:39:14,2025-09-18 15:39:28
03701,电机转向和转速的调试需要根据实际需求进行调整。（）,单选题,飞行原理,中等,2,是,正确,错误,,,,,正确,,超级管理员,2025-09-18 15:39:14,2025-09-18 15:39:28
03702,在进行电机转速调试时，首先应确保的是（）。,单选题,飞行原理,中等,2,是,飞行控制器中的PID参数已调至最优,电机与电调（ESC）之间的连接牢固且正确,电池电压是否足够高以驱动电机,使用遥控器进行简单的起飞测试,,,电机与电调（ESC）之间的连接牢固且正确,,超级管理员,2025-09-18 15:39:14,2025-09-18 15:39:28
03703,在电子调速器软件调校中，提高稳定性表现的是（）。,单选题,飞行原理,中等,2,是,增加转速设定值,减小转速设定值,增大反馈增益,减小反馈增益,,,减小反馈增益,,超级管理员,2025-09-18 15:39:14,2025-09-18 15:39:28
03704,调整电机的转速响应特性，在排除硬件故障的前提下，应优先考虑以下（）。,单选题,飞行原理,中等,2,是,更换更高功率的电机,调整电调（ESC）的输入电压,调整飞行控制器中的PID参数,增加螺旋桨的直径,,,调整飞行控制器中的PID参数,,超级管理员,2025-09-18 15:39:14,2025-09-18 15:39:28
03705,在进行电子调速器软件调校时，要进行电机刹车设置的目的是（）。,单选题,飞行原理,中等,2,是,提高速度,增加扭矩,防止电机自转,改变电机颜色,,,防止电机自转,,超级管理员,2025-09-18 15:39:14,2025-09-18 15:39:28
03706,电子调速器软件调校可以通过修改硬件参数来实现。（）,单选题,飞行原理,中等,2,是,正确,错误,,,,,错误,,超级管理员,2025-09-18 15:39:14,2025-09-18 15:39:28
03707,在调试电子调速器时，应增加起始功率以加速电机启动并减少启动时延来调整“起始功率”以优化电机启动过程。（）,单选题,飞行原理,中等,2,是,正确,错误,,,,,错误,,超级管理员,2025-09-18 15:39:14,2025-09-18 15:39:28
03708,（）。可以用来检查电机与电调是否匹配,单选题,飞行原理,中等,2,是,测试电压,测试电流,测试电阻,测试频率,,,测试电流,,超级管理员,2025-09-18 15:39:14,2025-09-18 15:39:28
03709,电机与电调的联调通常需要考虑（）。,单选题,飞行原理,中等,2,是,电机类型、功率和转速,电调品牌、型号和参数,电源电压和电流,其他设备的干扰,,,电机类型、功率和转速,,超级管理员,2025-09-18 15:39:14,2025-09-18 15:39:28
03710,联调过程中，应用（）。检查电机的旋转方向,单选题,飞行原理,中等,2,是,直接起飞测试,观察电机外观,使用遥控器点动测试,测量电机电阻,,,使用遥控器点动测试,,超级管理员,2025-09-18 15:39:14,2025-09-18 15:39:28
03711,联调过程中，对设置电机的启动延迟的目的是（）。,单选题,飞行原理,中等,2,是,减少噪音,防止电机自锁,提高效率,增加扭矩,,,防止电机自锁,,超级管理员,2025-09-18 15:39:14,2025-09-18 15:39:28
03712,电机与电调的联调需要先进行电机的单独测试。（）,单选题,飞行原理,中等,2,是,正确,错误,,,,,正确,,超级管理员,2025-09-18 15:39:14,2025-09-18 15:39:28
03713,电机与电调的联调需要根据实际需求进行参数设置和调整。（）,单选题,飞行原理,中等,2,是,正确,错误,,,,,正确,,超级管理员,2025-09-18 15:39:14,2025-09-18 15:39:29
03714,在固定桨距螺旋桨动平衡调试过程中，（）。是必不可少的,单选题,飞行原理,中等,2,是,整桨叶角度,量桨叶质量,整桨叶位置,行水下试验,,,量桨叶质量,,超级管理员,2025-09-18 15:39:14,2025-09-18 15:39:29
03715,（）。可以用于固定桨距螺旋桨的动平衡调试,单选题,飞行原理,中等,2,是,风扇,轮机,子天平,动测试仪,,,子天平,,超级管理员,2025-09-18 15:39:14,2025-09-18 15:39:29
03716,固定桨距螺旋桨的动平衡调试的目的是（）。,单选题,飞行原理,中等,2,是,提高飞行稳定性,增加螺旋桨长度,改变螺旋桨颜色,减少螺旋桨重量,,,提高飞行稳定性,,超级管理员,2025-09-18 15:39:14,2025-09-18 15:39:29
03717,动平衡调试时，如果发现螺旋桨旋转时出现偏重，应该（）。,单选题,飞行原理,中等,2,是,增加配重,减少螺旋桨叶片数量,调整螺旋桨角度,更换螺旋桨,,,增加配重,,超级管理员,2025-09-18 15:39:14,2025-09-18 15:39:29
03718,固定桨距螺旋桨的动平衡调试需要使用专业的测试仪器进行测量。（）,单选题,飞行原理,中等,2,是,正确,错误,,,,,正确,,超级管理员,2025-09-18 15:39:14,2025-09-18 15:39:29
03719,固定桨距螺旋桨的动平衡调试只需要按照说明书操作即可。（）,单选题,飞行原理,中等,2,是,正确,错误,,,,,错误,,超级管理员,2025-09-18 15:39:14,2025-09-18 15:39:29
03720,固定桨距螺旋桨静平衡调试时，需要在（）。安装平衡块,单选题,飞行原理,中等,2,是,转子中心,桨叶前端,桨叶后端,桨叶两侧,,,转子中心,,超级管理员,2025-09-18 15:39:14,2025-09-18 15:39:29
03721,固定桨距螺旋桨静平衡调试时，应该（）。确定平衡块的数量和大小,单选题,飞行原理,中等,2,是,根据经验选择,根据转速测量结果选择,根据桨叶重量选择,根据桨叶长度选择,,,根据转速测量结果选择,,超级管理员,2025-09-18 15:39:14,2025-09-18 15:39:29
03722,静平衡调试时，用（）。判断螺旋桨是否存在不平衡,单选题,飞行原理,中等,2,是,观察螺旋桨外观,听电机声音,使用平衡仪检测,测量螺旋桨重量,,,使用平衡仪检测,,超级管理员,2025-09-18 15:39:14,2025-09-18 15:39:29
03723,固定桨距螺旋桨的静平衡调试的目的是（）。,单选题,飞行原理,中等,2,是,提高飞行速度,增加螺旋桨直径,改变螺旋桨颜色,提高飞行稳定性,,,提高飞行稳定性,,超级管理员,2025-09-18 15:39:14,2025-09-18 15:39:29
03724,固定桨距螺旋桨的静平衡调试需要使用专业的测试仪器进行测量。（）,单选题,飞行原理,中等,2,是,正确,错误,,,,,正确,,超级管理员,2025-09-18 15:39:14,2025-09-18 15:39:29
03725,定桨距螺旋桨的静平衡调试不需要根据实际需求进行调整。（）,单选题,飞行原理,中等,2,是,正确,错误,,,,,错误,,超级管理员,2025-09-18 15:39:14,2025-09-18 15:39:29
03726,无人机电源管理模块调试中，电池电压测量应该使用的仪器是（）。,单选题,飞行原理,中等,2,是,万用表,频率计,示波器,网络分析仪,,,万用表,,超级管理员,2025-09-18 15:39:14,2025-09-18 15:39:29
03727,在调试无人机电源管理模块的过温保护功能时，应该使用的设备是（）。,单选题,飞行原理,中等,2,是,热像仪,频谱分析仪,网络分析仪,信号发生器,,,热像仪,,超级管理员,2025-09-18 15:39:14,2025-09-18 15:39:29
03728,无人机PMU的主要功能不包括（）。,单选题,飞行原理,中等,2,是,监测电池电压和电流,提供稳定的电源输出,调节无人机的飞行速度,保护电源系统免受过压和过流,,,调节无人机的飞行速度,,超级管理员,2025-09-18 15:39:14,2025-09-18 15:39:29
03729,如果无人机PMU的输出电压不稳定，可能的原因不包括（）。,单选题,飞行原理,中等,2,是,电源输入不稳定,PMU内部稳压器故障,无人机的负载过重,无人机的外壳颜色,,,无人机的外壳颜色,,超级管理员,2025-09-18 15:39:14,2025-09-18 15:39:29
03730,在调试电源管理模块时，可以使用数字万用表来测量电流。（）,单选题,飞行原理,中等,2,是,正确,错误,,,,,正确,,超级管理员,2025-09-18 15:39:14,2025-09-18 15:39:29
03731,当电源管理模块出现故障时，应立即断开所有连接，直接更换模块以解决问题。（）,单选题,飞行原理,中等,2,是,正确,错误,,,,,错误,,超级管理员,2025-09-18 15:39:14,2025-09-18 15:39:29
03732,在多旋翼无人机飞行控制系统调试软件中，（）。不是必需的参数设置,单选题,飞行原理,中等,2,是,电机转速,电池电压,GNSS信号强度,飞行器重量,,,GNSS信号强度,,超级管理员,2025-09-18 15:39:14,2025-09-18 15:39:29
03733,在多旋翼无人机的飞行控制系统调试中，常用的软件工具之一是MissionPlanner，它主要用于配置哪些参数（）。,单选题,飞行原理,中等,2,是,电池电压、飞行时间与电流传感器配置,飞行模式切换、飞行控制参数、遥控器配置,飞行姿态、稳定性与动力系统调校,飞行路径规划与图像识别系统,,,飞行模式切换、飞行控制参数、遥控器配置,,超级管理员,2025-09-18 15:39:14,2025-09-18 15:39:29
03734,旋翼无人机飞行控制系统调试软件的主要功能是（）。,单选题,飞行原理,中等,2,是,改变无人机颜色,设计无人机外形,配置飞行控制参数,增加无人机重量,,,配置飞行控制参数,,超级管理员,2025-09-18 15:39:14,2025-09-18 15:39:29
03735,在调试飞行控制系统时，PID控制器的作用是（）。,单选题,飞行原理,中等,2,是,增强无人机的图像处理能力,实现姿态稳定与飞行轨迹的精确控制,自动避障与安全着陆,优化飞行器的能源消耗,,,实现姿态稳定与飞行轨迹的精确控制,,超级管理员,2025-09-18 15:39:14,2025-09-18 15:39:29
03736,在配置多旋翼无人机飞行控制系统调试软件时，需要根据实际情况进行参数设置。（）,单选题,飞行原理,中等,2,是,正确,错误,,,,,正确,,超级管理员,2025-09-18 15:39:14,2025-09-18 15:39:29
03737,在配置多旋翼无人机飞行控制系统调试软件时，需要进行测试验证以确保设置正确。（）,单选题,飞行原理,中等,2,是,正确,错误,,,,,正确,,超级管理员,2025-09-18 15:39:14,2025-09-18 15:39:29
03738,在多旋翼无人机飞行控制系统调试软件安装过程中，应该选择（）。进行安装,单选题,飞行原理,中等,2,是,.dll文件,.exe文件,.jar文件,.apk文件,,,.exe文件,,超级管理员,2025-09-18 15:39:14,2025-09-18 15:39:29
03739,在多旋翼无人机飞行控制系统调试软件安装过程中，应该将安装程序放置在（）。,单选题,飞行原理,中等,2,是,主文档目录下,系统文件夹下,用户文件夹下,任意位置,,,主文档目录下,,超级管理员,2025-09-18 15:39:14,2025-09-18 15:39:29
03740,旋翼无人机飞行控制系统调试软件安装前应首先做（）。,单选题,飞行原理,中等,2,是,直接下载软件,检查电脑兼容性,更换无人机电池,安装电机,,,检查电脑兼容性,,超级管理员,2025-09-18 15:39:14,2025-09-18 15:39:29
03741,在多旋翼无人机飞行控制系统调试软件的安装中，可以通过（）。获取正确的固件版本,单选题,飞行原理,中等,2,是,询问朋友,查看无人机说明书,直接下载最新版,测量电机大小,,,查看无人机说明书,,超级管理员,2025-09-18 15:39:14,2025-09-18 15:39:29
03742,如果调试软件无法识别飞行控制器，首先应检查USB驱动程序是否安装正确。（）,单选题,飞行原理,中等,2,是,正确,错误,,,,,正确,,超级管理员,2025-09-18 15:39:14,2025-09-18 15:39:29
03743,安装调试软件时，用户不需要选择固件版本，因为软件会自动安装与飞控硬件兼容的版本。（）,单选题,飞行原理,中等,2,是,正确,错误,,,,,错误,,超级管理员,2025-09-18 15:39:14,2025-09-18 15:39:29
03744,多旋翼无人机飞行控制系统调试软件的固件升级方法不包括（）。,单选题,飞行原理,中等,2,是,利用软件自动升级,通过USB接口手动升级,通过SD卡手动升级,通过无线网络自动升级,,,通过无线网络自动升级,,超级管理员,2025-09-18 15:39:14,2025-09-18 15:39:29
03745,在进行多旋翼无人机飞行控制系统调试软件的固件升级时，操作正确的是（）。,单选题,飞行原理,中等,2,是,先关闭电源再进行升级,直接插上USB线或SD卡后立即开始升级,不需要备份现有固件,升级过程中可以随意中断操作,,,先关闭电源再进行升级,,超级管理员,2025-09-18 15:39:14,2025-09-18 15:39:29
03746,固件升级的主要目的是（）。,单选题,飞行原理,中等,2,是,改变无人机颜色,增加无人机重量,提升无人机性能,设计无人机外形,,,提升无人机性能,,超级管理员,2025-09-18 15:39:14,2025-09-18 15:39:29
03747,固件升级前应先（）。,单选题,飞行原理,中等,2,是,直接连接无人机,备份现有数据,更换电池,安装电机,,,备份现有数据,,超级管理员,2025-09-18 15:39:14,2025-09-18 15:39:29
03748,在多旋翼无人机飞行控制系统进行固件升级前，对飞行控制系统进行软复位是最为关键的准备工作。（）,单选题,飞行原理,中等,2,是,正确,错误,,,,,错误,,超级管理员,2025-09-18 15:39:14,2025-09-18 15:39:29
03749,在升级多旋翼无人机飞行控制系统固件时，需要通过功能验证和飞行测试确保固件正常工作并无引入新的问题，以确认升级成功。（）,单选题,飞行原理,中等,2,是,正确,错误,,,,,正确,,超级管理员,2025-09-18 15:39:14,2025-09-18 15:39:29
03750,在磁罗盘校准过程中，以下（）操作是正确的。,单选题,飞行原理,中等,2,是,在靠近强磁场区域如变电站附近进行校准,校准时快速旋转设备以节省时间,按照设备制造商提供的指南，缓慢且平稳地旋转设备,在室内有大量电子设备的地方进行校准,,,按照设备制造商提供的指南，缓慢且平稳地旋转设备,,超级管理员,2025-09-18 15:39:14,2025-09-18 15:39:29
03751,不是多旋翼无人机磁罗盘调试中需要注意的问题是（）。,单选题,飞行原理,中等,2,是,确保飞行器在稳定的环境中进行调试,在调试过程中避免强烈的电磁干扰,在飞行器上安装多个磁罗盘，以提高精度,根据飞行器的具体需求选择合适的磁罗盘型号,,,在飞行器上安装多个磁罗盘，以提高精度,,超级管理员,2025-09-18 15:39:14,2025-09-18 15:39:29
03752,调试磁罗盘时，要进行环境检测的目的是（）。,单选题,飞行原理,中等,2,是,确认周围是否有金属物体干扰,改变螺旋桨角度,调整电机转速,更换电池,,,确认周围是否有金属物体干扰,,超级管理员,2025-09-18 15:39:14,2025-09-18 15:39:29
03753,磁罗盘调试完成后，下一步应该做（）。,单选题,飞行原理,中等,2,是,立即进行飞行测试,进行系统校准,更换电池,安装其他配件,,,立即进行飞行测试,,超级管理员,2025-09-18 15:39:14,2025-09-18 15:39:29
03754,在调试多旋翼无人机磁罗盘时，只需要观察仪表盘上的指示即可。（）,单选题,飞行原理,中等,2,是,正确,错误,,,,,错误,,超级管理员,2025-09-18 15:39:14,2025-09-18 15:39:29
03755,在调试多旋翼无人机磁罗盘时，需要考虑周围环境的影响。（）,单选题,飞行原理,中等,2,是,正确,错误,,,,,正确,,超级管理员,2025-09-18 15:39:14,2025-09-18 15:39:29
03756,在调试多旋翼无人机加速度计时，如果发现加速度读数不稳定，可能是（）引起的。,单选题,飞行原理,中等,2,是,加速度计硬件故障,加速度计软件故障,飞控系统错误配置,空气阻力过大,,,加速度计硬件故障,,超级管理员,2025-09-18 15:39:14,2025-09-18 15:39:29
03757,加速度计调试的主要目的是（）。,单选题,飞行原理,中等,2,是,改变无人机颜色,增加无人机重量,提高稳定性和定位精度,设计无人机外形,,,提高稳定性和定位精度,,超级管理员,2025-09-18 15:39:14,2025-09-18 15:39:29
03758,调试加速度计时，要检查安装位置的目的是（）。,单选题,飞行原理,中等,2,是,确保无振动,改变螺旋桨角度,调整电机转速,更换电池,,,确保无振动,,超级管理员,2025-09-18 15:39:14,2025-09-18 15:39:29
03759,如果加速度计读数异常，应该（）。,单选题,飞行原理,中等,2,是,增加配重,减少螺旋桨叶片数量,校准加速度计,更换电池,,,校准加速度计,,超级管理员,2025-09-18 15:39:14,2025-09-18 15:39:29
03760,调试多旋翼无人机加速度计时，可以忽略环境因素的影响。（）,单选题,飞行原理,中等,2,是,正确,错误,,,,,错误,,超级管理员,2025-09-18 15:39:14,2025-09-18 15:39:29
03761,对于多旋翼无人机加速度计的调试，只需要调整姿态控制参数即可。（）,单选题,飞行原理,中等,2,是,正确,错误,,,,,错误,,超级管理员,2025-09-18 15:39:14,2025-09-18 15:39:29
03762,（）。可以用于多旋翼无人机的陀螺仪,单选题,飞行原理,中等,2,是,零点校准法,正交基准法,交叉基准法,滑动基准法,,,零点校准法,,超级管理员,2025-09-18 15:39:14,2025-09-18 15:39:29
03763,多旋翼无人机陀螺仪的作用是（）。,单选题,飞行原理,中等,2,是,提供动力,控制飞行方向,维持飞行器稳定,测量飞行速度,,,维持飞行器稳定,,超级管理员,2025-09-18 15:39:14,2025-09-18 15:39:30
03764,多旋翼无人机在飞行过程中，陀螺仪主要负（）。的控制,单选题,飞行原理,中等,2,是,横向移动,纵向移动,垂直移动,飞行器姿态,,,飞行器姿态,,超级管理员,2025-09-18 15:39:14,2025-09-18 15:39:30
03765,旋翼无人机陀螺仪零点校准法的目的是（）。,单选题,飞行原理,中等,2,是,确定陀螺仪的输出值为0,确定陀螺仪的最大输出值,确定陀螺仪的最小输出值,确定陀螺仪的精度,,,确定陀螺仪的输出值为0,,超级管理员,2025-09-18 15:39:14,2025-09-18 15:39:30
03766,在调试多旋翼无人机陀螺仪时，需要考虑无人机的姿态，通常不要求特定的地理位置或飞行位置。（）,单选题,飞行原理,中等,2,是,正确,错误,,,,,正确,,超级管理员,2025-09-18 15:39:14,2025-09-18 15:39:30
03767,调试多旋翼无人机陀螺仪时，不需要进行多次校准以确保准确性。（）,单选题,飞行原理,中等,2,是,正确,错误,,,,,错误,,超级管理员,2025-09-18 15:39:14,2025-09-18 15:39:30
03768,在惯性导航系统中，通过（）。来检测加速度计误差,单选题,飞行原理,中等,2,是,将系统放置在一个已知运动状态的平台上，通过比较输出数据与平台实际运动状态之间的差异,将系统放置在一个静态平台上，通过比较输出数据与平台实际静止状态之间的差异,将系统放置在一个高速移动的平台上，通过比较输出数据与平台实际运动状态之间的差异,监测加速度计的电源电压变化,,,将系统放置在一个已知运动状态的平台上，通过比较输出数据与平台实际运动状态之间的差异,,超级管理员,2025-09-18 15:39:14,2025-09-18 15:39:30
03769,在惯性导航系统的调试过程中，首要的步骤是（）。,单选题,飞行原理,中等,2,是,数据采集,系统校准,功能测试,性能评估,,,系统校准,,超级管理员,2025-09-18 15:39:14,2025-09-18 15:39:30
03770,在惯性导航系统的调试过程中，评估系统的性能是（）。,单选题,飞行原理,中等,2,是,通过观察系统的响应时间,通过比较系统的输出与实际测量值,通过检查系统的错误率,性能评估,,,通过比较系统的输出与实际测量值,,超级管理员,2025-09-18 15:39:14,2025-09-18 15:39:30
03771,惯性导航系统的核心部分是（）。,单选题,飞行原理,中等,2,是,加速度计,陀螺稳定平台,导航计算机,控制显示器,,,陀螺稳定平台,,超级管理员,2025-09-18 15:39:14,2025-09-18 15:39:30
03772,惯性导航系统（INS）在安装并完成初始化后，通常无需进行任何后续调试，直接投入使用即可。（）,单选题,飞行原理,中等,2,是,正确,错误,,,,,错误,,超级管理员,2025-09-18 15:39:14,2025-09-18 15:39:30
03773,在调试惯性导航系统时，需要考虑无人机的姿态和位置。（）,单选题,飞行原理,中等,2,是,正确,错误,,,,,正确,,超级管理员,2025-09-18 15:39:14,2025-09-18 15:39:30
03774,（）可以用于卫星导航系统的调试。,单选题,飞行原理,中等,2,是,测试接收机的灵敏度,检查天线的位置和方向,检查信号源的质量,手动调整卫星导航系统的参数,,,手动调整卫星导航系统的参数,,超级管理员,2025-09-18 15:39:14,2025-09-18 15:39:30
03775,在卫星导航系统调试中，需要考虑的因素不包括（）。,单选题,飞行原理,中等,2,是,天气条件,地理位置,设备质量,人为操作,,,设备质量,,超级管理员,2025-09-18 15:39:14,2025-09-18 15:39:30
03776,在进行无人机卫星导航系统调试时，（）不是必要的是。,单选题,飞行原理,中等,2,是,检查飞控板与GNSS模块的通信是否正常,确保GNSS模块的天线安装正确,验证GNSS模块是否能够正常接收卫星信号,不需要进行任何调试，直接使用即可,,,不需要进行任何调试，直接使用即可,,超级管理员,2025-09-18 15:39:14,2025-09-18 15:39:30
03777,在无人机卫星导航系统中，指南针模块的校准步骤包括（）。,单选题,飞行原理,中等,2,是,将无人机放在桌面上，指南针模块朝下,确保无人机稳定，指南针模块朝上,旋转无人机，使得指南针模块在所有方向上都得到校准,无需校准指南针模块,,,旋转无人机，使得指南针模块在所有方向上都得到校准,,超级管理员,2025-09-18 15:39:14,2025-09-18 15:39:30
03778,在调试卫星导航系统时，需要进行初始化操作。（）,单选题,飞行原理,中等,2,是,正确,错误,,,,,正确,,超级管理员,2025-09-18 15:39:14,2025-09-18 15:39:30
03779,在调试卫星导航系统时，需要进行测试验证以确保系统正常工作。（）,单选题,飞行原理,中等,2,是,正确,错误,,,,,正确,,超级管理员,2025-09-18 15:39:14,2025-09-18 15:39:30
03780,在选择遥控器时，以下（）检查与整机紧固性间接相关。,单选题,飞行原理,中等,2,是,遥控器的电池容量,遥控器与飞行控制器的通讯协议,飞行器与遥控器的连接稳定性,遥控器的按键响应速度,,,飞行器与遥控器的连接稳定性,,超级管理员,2025-09-18 15:39:14,2025-09-18 15:39:30
03781,在遥控器选型时，飞行控制器与遥控器之间的通信稳定性对于整机紧固性检查的影响表现在（）方面。,单选题,飞行原理,中等,2,是,确保遥控器的频率设定正确,检查飞行控制器是否稳固固定,遥控器的电池容量是否充足,遥控器的天线是否安装正确,,,检查飞行控制器是否稳固固定,,超级管理员,2025-09-18 15:39:14,2025-09-18 15:39:30
03782,在飞行控制器和遥控器的设置过程中，若遥控器出现信号丢失问题，最可能与下列（）紧固性问题相关。,单选题,飞行原理,中等,2,是,飞行控制器的外壳螺丝松动,遥控器的频率设置不当,电池电量过低,飞行控制器的电源接触不良,,,飞行控制器的外壳螺丝松动,,超级管理员,2025-09-18 15:39:14,2025-09-18 15:39:30
03783,在选择遥控器时，以下（）操作可能间接影响整机的紧固性。,单选题,飞行原理,中等,2,是,设置遥控器的电池电压监控,选择适配的飞行控制器通信模块,选择遥控器的工作频率,确保遥控器的操作界面符合飞行要求,,,选择适配的飞行控制器通信模块,,超级管理员,2025-09-18 15:39:14,2025-09-18 15:39:30
03784,遥控器的信号传输稳定性与飞行控制器的紧固性关系不大（ ）,单选题,飞行原理,中等,2,是,正确,错误,,,,,错误,,超级管理员,2025-09-18 15:39:14,2025-09-18 15:39:30
03785,在遥控器选型时，飞行控制器与遥控器的连接紧固性检查可以有效避免控制信号丢失（ ）,单选题,飞行原理,中等,2,是,正确,错误,,,,,正确,,超级管理员,2025-09-18 15:39:14,2025-09-18 15:39:30
03786,在遥控器发射机和接收机对频时，下列检查最能间接反映飞行器整机紧固性（）。,单选题,飞行原理,中等,2,是,检查遥控器天线是否正确安装,检查接收机与飞行控制器的连接是否稳定,检查遥控器的电池电量,检查遥控器与飞行器的频率是否匹配,,,检查接收机与飞行控制器的连接是否稳定,,超级管理员,2025-09-18 15:39:14,2025-09-18 15:39:30
03787,遥控器发射机和接收机对频的过程中，下列问题可能间接揭示整机紧固性问题（）。,单选题,飞行原理,中等,2,是,接收机与发射机的信号丢失,遥控器按键的反应时间延迟,飞行器外壳的裂缝,遥控器的电池电压过低,,,接收机与发射机的信号丢失,,超级管理员,2025-09-18 15:39:14,2025-09-18 15:39:30
03788,在进行遥控器对频操作时，飞行器的紧固性检查对稳定信号的重要性体现在（）。,单选题,飞行原理,中等,2,是,确保发射机和接收机的信号传输稳定,确保飞行器电池的电量充足,确保飞行控制器的固件版本是最新的,检查遥控器的操作界面是否正常,,,确保发射机和接收机的信号传输稳定,,超级管理员,2025-09-18 15:39:14,2025-09-18 15:39:30
03789,在飞行器进行遥控器对频后，发现信号干扰较多，下列检查可能间接指示整机紧固性问题（）。,单选题,飞行原理,中等,2,是,检查接收机是否牢固安装,检查遥控器的电池电量,检查遥控器的工作频率设置是否正确,检查飞行控制器的控制算法是否存在错误,,,检查接收机是否牢固安装,,超级管理员,2025-09-18 15:39:14,2025-09-18 15:39:30
03790,遥控器发射机和接收机的对频操作不会受到飞行器外壳松动问题的影响（ ）,单选题,飞行原理,中等,2,是,正确,错误,,,,,错误,,超级管理员,2025-09-18 15:39:14,2025-09-18 15:39:30
03791,飞行器的螺丝松动可能导致信号丢失或不稳定，间接影响遥控器对频操作（ ）,单选题,飞行原理,中等,2,是,正确,错误,,,,,正确,,超级管理员,2025-09-18 15:39:14,2025-09-18 15:39:30
03792,在多旋翼无人机飞行控制调试中，遥控器上的“油门失控”故障最常见的原因是（）。,单选题,飞行原理,中等,2,是,遥控器电池电量过低,无人机飞行控制器未进行初始化,遥控器的油门通道没有正确绑定或校准,无人机的电池电量不足,,,遥控器的油门通道没有正确绑定或校准,,超级管理员,2025-09-18 15:39:14,2025-09-18 15:39:30
03793,在飞行模式“手动模式”下，飞行控制器的功能是（）。,单选题,飞行原理,中等,2,是,自动维持飞行器的姿态和稳定性,允许飞行员手动控制所有的飞行参数,自动控制飞行器的高度和速度,仅在遇到风速过大时启动自动控制,,,允许飞行员手动控制所有的飞行参数,,超级管理员,2025-09-18 15:39:14,2025-09-18 15:39:30
03794,多旋翼无人机的“姿态模式”下，飞行控制器的主要作用是（）。,单选题,飞行原理,中等,2,是,控制无人机的速度和方向，确保飞行轨迹,控制无人机的姿态（俯仰、横滚和偏航角度），不改变无人机的高度,控制无人机的高度与地面距离，确保稳定飞行,通过GPS提供导航，保持飞行路径,,,控制无人机的姿态（俯仰、横滚和偏航角度），不改变无人机的高度,,超级管理员,2025-09-18 15:39:14,2025-09-18 15:39:30
03795,旋翼无人机遥控器飞行模式调试中，下列用来确保遥控器和无人机的频率匹配（）。,单选题,飞行原理,中等,2,是,检查遥控器和无人机的频率设置是否相同,确保遥控器和无人机的天线方向一致,使用频率计来测量两者频率是否一致,需要特别确认，因为遥控器和无人机默认频率是相同的,,,检查遥控器和无人机的频率设置是否相同,,超级管理员,2025-09-18 15:39:14,2025-09-18 15:39:30
03796,在调试多旋翼无人机遥控器飞行模式时，需要了解不同飞行模式的特点和适用场。（）,单选题,飞行原理,中等,2,是,正确,错误,,,,,正确,,超级管理员,2025-09-18 15:39:14,2025-09-18 15:39:30
03797,Altitude模式下，多旋翼无人机可以进行悬停和垂直起降。（）,单选题,飞行原理,中等,2,是,正确,错误,,,,,正确,,超级管理员,2025-09-18 15:39:14,2025-09-18 15:39:30
03798,在进行多旋翼无人机的辅助通道调试时，若出现辅助通道输入信号不稳定，调试时应该首先检查（）。,单选题,飞行原理,中等,2,是,飞行控制器的固件版本是否最新,遥控器和飞行控制器的接地连接是否牢固,电池电压是否达到飞行要求,无人机的外部传感器是否已正确校准,,,遥控器和飞行控制器的接地连接是否牢固,,超级管理员,2025-09-18 15:39:14,2025-09-18 15:39:30
03799,在调试多旋翼无人机遥控器的辅助通道时，以下（）操作是正确的。,单选题,飞行原理,中等,2,是,直接调整遥控器上的微调（trim）来改变辅助通道的设定,在没有确认遥控器与接收机绑定状态的情况下进行调试,根据飞行控制器的说明书，通过地面站软件或遥控器设置菜单调整辅助通道,不考虑电池电量，直接开始调试,,,根据飞行控制器的说明书，通过地面站软件或遥控器设置菜单调整辅助通道,,超级管理员,2025-09-18 15:39:14,2025-09-18 15:39:30
03800,多旋翼无人机遥控器辅助通道的作用是（）。,单选题,飞行原理,中等,2,是,用于控制无人机的基本飞行姿态,用于控制无人机的特殊功能,用于与无人机的通信,用于控制无人机的导航系统,,,用于控制无人机的特殊功能,,超级管理员,2025-09-18 15:39:14,2025-09-18 15:39:30
03801,多旋翼无人机遥控器辅助通道的调试中，以下通道通常用于控制无人机的方向（）。,单选题,飞行原理,中等,2,是,第一通道,第二通道,第三通道,第四通道,,,第四通道,,超级管理员,2025-09-18 15:39:14,2025-09-18 15:39:30
03802,在调试多旋翼无人机遥控器辅助通道时，只需要按照默认设置进行操作即可。（）,单选题,飞行原理,中等,2,是,正确,错误,,,,,错误,,超级管理员,2025-09-18 15:39:14,2025-09-18 15:39:30
03803,在调试多旋翼无人机遥控器辅助通道前，需要了解辅助通道的功能和作用。（）,单选题,飞行原理,中等,2,是,正确,错误,,,,,正确,,超级管理员,2025-09-18 15:39:14,2025-09-18 15:39:30
03804,在进行ESC固件更新时，以下（）步骤是最重要的。,单选题,飞行原理,中等,2,是,更新前进行电池充电,更新时确保飞行器处于飞行状态,在更新时避免连接其他外设,确保ESC连接至正确的串口端口,,,确保ESC连接至正确的串口端口,,超级管理员,2025-09-18 15:39:14,2025-09-18 15:39:30
03805,在调试多旋翼无人机的ESC时，通常使用的“刹车模式”有哪几种（）。,单选题,飞行原理,中等,2,是,正常刹车、急刹车、低刹车,电机停止、刹车保持、无刹车,无刹车、自由滑行、强刹车,软刹车、硬刹车、急停,,,电机停止、刹车保持、无刹车,,超级管理员,2025-09-18 15:39:14,2025-09-18 15:39:30
03806,在调试电子调速器（ESC）时，设置“PWM频率”主要影响哪一项性能（）。,单选题,飞行原理,中等,2,是,电池续航,电机响应速度与平滑度,飞行控制器的稳定性,飞行控制器的稳定性,,,电机响应速度与平滑度,,超级管理员,2025-09-18 15:39:14,2025-09-18 15:39:30
03807,在使用BLHeliConfigurator调试ESC时，如果无法连接到ESC，可能的原因是（）。,单选题,飞行原理,中等,2,是,USB驱动未正确安装,ESC的固件版本过低,飞行控制器电池电量不足,电脑的操作系统不支持,,,USB驱动未正确安装,,超级管理员,2025-09-18 15:39:14,2025-09-18 15:39:30
03808,安装完电调调试软件后，应立即连接无人机进行调试，以验证软件功能。（）,单选题,飞行原理,中等,2,是,正确,错误,,,,,错误,,超级管理员,2025-09-18 15:39:14,2025-09-18 15:39:30
03809,在安装电调调试软件时，应选择默认的安装路径和所有可选组件。（）,单选题,飞行原理,中等,2,是,正确,错误,,,,,错误,,超级管理员,2025-09-18 15:39:14,2025-09-18 15:39:30
03810,在调试多旋翼无人机遥控器油门曲线时，不会影响油门响应速度的因素是（）。,单选题,飞行原理,中等,2,是,飞行模式,遥控器设置,无人机重量,电池电压,,,电池电压,,超级管理员,2025-09-18 15:39:14,2025-09-18 15:39:30
03811,多旋翼无人机遥控器油门曲线调试的主要目的是（）。,单选题,飞行原理,中等,2,是,提高飞机稳定性,减少飞机振动,改善飞机操控性,延长电池寿命,,,改善飞机操控性,,超级管理员,2025-09-18 15:39:14,2025-09-18 15:39:30
03812,多旋翼无人机遥控器油门曲线的默认设置是（）。,单选题,飞行原理,中等,2,是,正比例曲线,反比例曲线,正切曲线,正交曲线,,,正比例曲线,,超级管理员,2025-09-18 15:39:14,2025-09-18 15:39:30
03813,在调试油门曲线时，通常使用“软起步”和“硬起步”两种方式使用“软起步”的目的是（）。,单选题,飞行原理,中等,2,是,提高飞行器的最大飞行速度,在起飞阶段减少电池负担，延长续航,使飞行器在起飞时更为平稳，减少震动,增强飞行器的推力,,,使飞行器在起飞时更为平稳，减少震动,,超级管理员,2025-09-18 15:39:14,2025-09-18 15:39:30
03814,在调试多旋翼无人机遥控器油门曲线前，需要了解油门曲线对飞行性能的影响。（）,单选题,飞行原理,中等,2,是,正确,错误,,,,,正确,,超级管理员,2025-09-18 15:39:14,2025-09-18 15:39:30
03815,在调试多旋翼无人机遥控器油门曲线时，需要进行实际飞行测试以确保设置正确。（）,单选题,飞行原理,中等,2,是,正确,错误,,,,,正确,,超级管理员,2025-09-18 15:39:14,2025-09-18 15:39:31
03816,在调试遥控器电源设置时，飞行控制器与机身的紧固性不影响遥控器的电源稳定性（ ）,单选题,飞行原理,中等,2,是,正确,错误,,,,,错误,,超级管理员,2025-09-18 15:39:14,2025-09-18 15:39:31
03817,飞行控制器的稳固安装可以避免由于紧固性问题引起的电源接触不良，从而减少遥控器电源故障的风险（ ）,单选题,飞行原理,中等,2,是,正确,错误,,,,,正确,,超级管理员,2025-09-18 15:39:14,2025-09-18 15:39:31
03818,在进行飞行控制器调试时，以下（）部件的紧固性检查可能直接影响遥控器的信号稳定性。,单选题,飞行原理,中等,2,是,电池连接部分,飞行控制器与机身的连接,电机的安装,无线电接收器的天线,,,飞行控制器与机身的连接,,超级管理员,2025-09-18 15:39:14,2025-09-18 15:39:31
03819,在调整遥控器机型设置时，若飞行控制器出现异常响应，以下（）检查最可能与紧固性问题相关。,单选题,飞行原理,中等,2,是,检查遥控器与飞行控制器的通信模式,检查飞行控制器固件是否更新,检查控制器与机身的紧固连接是否松动,调整遥控器的信号频率,,,检查控制器与机身的紧固连接是否松动,,超级管理员,2025-09-18 15:39:14,2025-09-18 15:39:31
03820,在进行飞行控制器调试时，以下（）检查能间接反映整机紧固性的完好（）。,单选题,飞行原理,中等,2,是,飞行器的姿态稳定性,遥控器的电池电量,飞行控制器的输入信号响应,电机的旋转稳定性,,,飞行器的姿态稳定性,,超级管理员,2025-09-18 15:39:14,2025-09-18 15:39:31
03821,如果飞行控制器无法正常接收遥控器信号，以下哪项检查方法能间接发现可能的紧固性问题（）。,单选题,飞行原理,中等,2,是,检查遥控器与飞行控制器的配对状态,测试遥控器的信号强度,检查飞行控制器的螺丝是否拧紧,更新飞行控制器的固件版本,,,检查飞行控制器的螺丝是否拧紧,,超级管理员,2025-09-18 15:39:14,2025-09-18 15:39:31
03822,调整遥控器的机型设置时，飞行控制器的紧固性不会影响飞行器的响应稳定性（ ）,单选题,飞行原理,中等,2,是,正确,错误,,,,,错误,,超级管理员,2025-09-18 15:39:14,2025-09-18 15:39:31
03823,在飞行控制器的调试过程中，松动的飞行控制器螺丝可能会导致遥控器信号的接收不稳定（ ）,单选题,飞行原理,中等,2,是,正确,错误,,,,,正确,,超级管理员,2025-09-18 15:39:14,2025-09-18 15:39:31
03824,在调试遥控器电源设置时，以下（）检查最能反映整机的紧固性问题。,单选题,飞行原理,中等,2,是,检查电池电量和电源连接,检查遥控器与飞行控制器的配对状态,检查飞行控制器的安装位置是否稳固,检查遥控器的电源开关是否正常工作,,,检查飞行控制器的安装位置是否稳固,,超级管理员,2025-09-18 15:39:14,2025-09-18 15:39:31
03825,在飞行控制器调试时，整机紧固性检查对于确保遥控器电源稳定的重要性体现在（）方面。,单选题,飞行原理,中等,2,是,确保电池电量充足,确保飞行控制器稳固安装，避免电气接触不良,检查电源线路是否接触正常,. 确保遥控器的频率设置正确,,,确保飞行控制器稳固安装，避免电气接触不良,,超级管理员,2025-09-18 15:39:14,2025-09-18 15:39:31
03826,在飞行控制器调试过程中，（）检查最能间接判断飞行控制器的电源稳定性。,单选题,飞行原理,中等,2,是,测试飞行器的响应速度,检查飞行控制器是否正确连接到电池,测量遥控器的电池电压,检查飞行控制器是否有松动,,,检查飞行控制器是否有松动,,超级管理员,2025-09-18 15:39:14,2025-09-18 15:39:31
03827,若遥控器在工作中出现断电现象，以下（）检查最有可能暴露与整机紧固性相关的问题。,单选题,飞行原理,中等,2,是,检查遥控器的电池电量和电源按钮,检查飞行控制器是否稳固连接到机身,测试遥控器的电源接触是否良好,. 检查飞行控制器固件是否有问题,,,检查飞行控制器是否稳固连接到机身,,超级管理员,2025-09-18 15:39:14,2025-09-18 15:39:31
03828,无线数传系统的传输距离通常受（）的因素影响最大。,单选题,飞行原理,中等,2,是,天线增益,频率稳定性,数据编码方式,环境干扰程度,,,环境干扰程度,,超级管理员,2025-09-18 15:39:14,2025-09-18 15:39:31
03829,无人机无线数据传输系统中的时延是指（）。,单选题,飞行原理,中等,2,是,从发送端接收到第一个字节数据到接收端串口输出数据的第一个字节所需要的时间,无人机飞行的时间,数据传输的时间,无人机启动的时间,,,从发送端接收到第一个字节数据到接收端串口输出数据的第一个字节所需要的时间,,超级管理员,2025-09-18 15:39:14,2025-09-18 15:39:31
03830,无人机无线数据传输系统中的误码率（BER）是（）。,单选题,飞行原理,中等,2,是,衡量数传电台数据在规定时间内数据传输精确性的指标,数据传输的错误率,数据传输的正确率,数据传输的速度,,,衡量数传电台数据在规定时间内数据传输精确性的指标,,超级管理员,2025-09-18 15:39:14,2025-09-18 15:39:31
03831,在无线数传系统中，下列参数是用来衡量系统抗干扰能力的（）。,单选题,飞行原理,中等,2,是,误码率,幅度衰减系数,噪声温度,发射功率,,,误码率,,超级管理员,2025-09-18 15:39:14,2025-09-18 15:39:31
03832,LoRaWAN是一种低功耗、长距离的无线数传协议，适用于物联网应用。（）,单选题,飞行原理,困难,2,是,正确,错误,,,,,正确,,超级管理员,2025-09-18 15:39:14,2025-09-18 15:39:31
03833,线数传系统的参数设置是否正确对数据传输的稳定性、可靠性和安全性具有至关重要的影响。（）,单选题,飞行原理,中等,2,是,正确,错误,,,,,正确,,超级管理员,2025-09-18 15:39:14,2025-09-18 15:39:31
03834,在无线数传中，用于设定发射功率的是（）。,单选题,飞行原理,中等,2,是,数据速率,频率,发射距离,发射功率,,,发射功率,,超级管理员,2025-09-18 15:39:14,2025-09-18 15:39:31
03835,无线数传系统的接收灵敏度是指在信号噪声比达到（）。时，接收到的信号能够被正确解调和识别的程度,单选题,飞行原理,困难,2,是,-30dBm,-60dBm,-90dBm,-120dBm,,,-60dBm,,超级管理员,2025-09-18 15:39:14,2025-09-18 15:39:31
03836,无人机无线数据传输系统通常使用的通信频段是（）。,单选题,飞行原理,困难,2,是,1.2G,2.4G,5.8G,900MHz,,,2.4G,,超级管理员,2025-09-18 15:39:14,2025-09-18 15:39:31
03837,无人机无线数据传输系统中的遥测数据通常包括（）。,单选题,飞行原理,困难,2,是,飞行状态参数,遥控指令,任务设备数据,发射功率,,,飞行状态参数,,超级管理员,2025-09-18 15:39:14,2025-09-18 15:39:31
03838,无线数传系统的参数设置只涉及到通信频道的选择，不需要考虑其他因素。（）,单选题,飞行原理,中等,2,是,正确,错误,,,,,错误,,超级管理员,2025-09-18 15:39:14,2025-09-18 15:39:31
03839,线数传系统的调试通常只需要在系统安装完成后进行一次，确保其各项功能和性能符合设计要求此后的操作中，无需再进行常规调试。（）,单选题,飞行原理,中等,2,是,正确,错误,,,,,错误,,超级管理员,2025-09-18 15:39:14,2025-09-18 15:39:31
03840,不是无线数传系统的组成部分（）。,单选题,飞行原理,中等,2,是,发射机,接收机,电源模块,显示屏,,,显示屏,,超级管理员,2025-09-18 15:39:14,2025-09-18 15:39:31
03841,在无线数传系统中，用于将数字信号转换为模拟信号的设备是（）。,单选题,飞行原理,中等,2,是,调制器,解调器,编码器,解码器,,,调制器,,超级管理员,2025-09-18 15:39:14,2025-09-18 15:39:31
03842,在调试无人机无线数据传输系统时，如何有效解决由于网络拥塞导致的高延迟问题（）。,单选题,飞行原理,中等,2,是,增加无线传输的带宽,改变传输协议，选择UDP,优化数据流控制和拥塞管理,增强调制解调器的性能,,,优化数据流控制和拥塞管理,,超级管理员,2025-09-18 15:39:14,2025-09-18 15:39:31
03843,在无人机无线数据传输系统调试过程中，发现接收端存在频繁的丢包现象哪项措施最可能缓解该问题（）。,单选题,飞行原理,中等,2,是,使用更高的调制方式（如64-QAM）,调整频率或选择空闲信道,增加无线电频带的宽度,提高数据传输速率,,,调整频率或选择空闲信道,,超级管理员,2025-09-18 15:39:14,2025-09-18 15:39:31
03844,无线数据传输系统的调试需要进行信号强度测试和传输质量测试。（）,单选题,飞行原理,中等,2,是,正确,错误,,,,,正确,,超级管理员,2025-09-18 15:39:14,2025-09-18 15:39:31
03845,无线数据传输系统的调试只需要观察仪表盘上的指示即可。（）,单选题,飞行原理,中等,2,是,正确,错误,,,,,错误,,超级管理员,2025-09-18 15:39:14,2025-09-18 15:39:31
03846,不是无线图传系统的常见频段的是（）。,单选题,飞行原理,中等,2,是,2.4GHz,5GHz,900MHz,1800MHz,,,1800MHz,,超级管理员,2025-09-18 15:39:14,2025-09-18 15:39:31
03847,无线图传系统支持更高的数据传输速率的是（）。,单选题,飞行原理,中等,2,是,2.4GHz,5GHz,900MHz,1800MHz,,,5GHz,,超级管理员,2025-09-18 15:39:14,2025-09-18 15:39:31
03848,在无线图像传输系统中，使用的天线增益越高，意味着（）。,单选题,飞行原理,中等,2,是,图像质量越差,传输距离越远，方向性越强,无线传输频率越高,信号的带宽越宽,,,传输距离越远，方向性越强,,超级管理员,2025-09-18 15:39:14,2025-09-18 15:39:31
03849,在无线图像传输系统中，信号衰减对传输质量有显著影响哪种因素最容易导致信号衰减（）。,单选题,飞行原理,中等,2,是,增加信号频率,增加传输功率,增加天线增益,增加传输距离,,,增加传输距离,,超级管理员,2025-09-18 15:39:14,2025-09-18 15:39:31
03850,无线图像传输系统的参数包括分辨率、码率、帧率等。（）,单选题,飞行原理,中等,2,是,正确,错误,,,,,正确,,超级管理员,2025-09-18 15:39:14,2025-09-18 15:39:31
03851,在调试无人机的图像传输系统时，可以降低传输功率来优化图像传输的功耗。（）,单选题,飞行原理,中等,2,是,正确,错误,,,,,正确,,超级管理员,2025-09-18 15:39:14,2025-09-18 15:39:31
03852,在无线图传系统的参数设置中，以下会影响系统的稳定性的是（）。,单选题,飞行原理,中等,2,是,图像分辨率,信噪比,频率,数据包大小,,,信噪比,,超级管理员,2025-09-18 15:39:14,2025-09-18 15:39:31
03853,在无线图传系统的参数设置中，（）。可以调整系统的接收范围,单选题,飞行原理,中等,2,是,图像分辨率,信噪比,频率,数据包大小,,,频率,,超级管理员,2025-09-18 15:39:14,2025-09-18 15:39:31
03854,无人机无线图像传输系统中的图传模块通常需要连接到无人机的（）。,单选题,飞行原理,中等,2,是,USB接口,HDMI接口,专用图传接口,随机接口,,,专用图传接口,,超级管理员,2025-09-18 15:39:14,2025-09-18 15:39:31
03855,在无人机无线图像传输系统中，（）。设置图传模块的功率,单选题,飞行原理,中等,2,是,通过遥控器设置,通过智能手机应用程序设置,通过图传模块上的物理开关设置,通过飞控系统设置,,,通过图传模块上的物理开关设置,,超级管理员,2025-09-18 15:39:14,2025-09-18 15:39:31
03856,数据包大小越大，图像传输的数据量越多，但会增加网络延迟。（）,单选题,飞行原理,中等,2,是,正确,错误,,,,,正确,,超级管理员,2025-09-18 15:39:14,2025-09-18 15:39:31
03857,无线图像传输系统的参数设置需要考虑图像质量和传输稳定性。（）,单选题,飞行原理,中等,2,是,正确,错误,,,,,正确,,超级管理员,2025-09-18 15:39:14,2025-09-18 15:39:31
03858,在无人机图像传输系统的调试过程中，若出现图像卡顿、延迟过高的现象，最可能的原因是（）。,单选题,飞行原理,中等,2,是,图像编码器的压缩比设置过低,信号频段选择不当，导致干扰增大,无人机的飞行速度过快，导致图像丢帧,无线传输带宽过低，无法支持高清视频传输,,,无线传输带宽过低，无法支持高清视频传输,,超级管理员,2025-09-18 15:39:14,2025-09-18 15:39:31
03859,在无人机图像传输系统中，（）。可以有效避免图像传输中的多路径干扰,单选题,飞行原理,中等,2,是,使用低频段频率进行传输,调整传输协议，增加误码修复功能,配置方向性天线，并优化天线的指向,增加数据包的传输频率,,,配置方向性天线，并优化天线的指向,,超级管理员,2025-09-18 15:39:14,2025-09-18 15:39:31
03860,无人机无线图传系统调试的第一步是（）。,单选题,飞行原理,中等,2,是,检查无人机电源是否开启,检查图传设备是否正确安装,检查遥控器是否与无人机配对,检查飞行环境是否安全,,,检查图传设备是否正确安装,,超级管理员,2025-09-18 15:39:14,2025-09-18 15:39:31
03861,在进行无人机无线图传系统调试时，（）。确保信号传输稳定,单选题,飞行原理,中等,2,是,增加发射功率,选择合适的频段,减少信号干扰,使用高增益天线,,,选择合适的频段,,超级管理员,2025-09-18 15:39:14,2025-09-18 15:39:31
03862,无线图像传输系统的调试需要进行图像清晰度测试和传输稳定性测试。（）,单选题,飞行原理,中等,2,是,正确,错误,,,,,正确,,超级管理员,2025-09-18 15:39:14,2025-09-18 15:39:31
03863,无线图像传输系统的调试通常需要观察仪表盘上的指示。（）,单选题,飞行原理,中等,2,是,正确,错误,,,,,正确,,超级管理员,2025-09-18 15:39:14,2025-09-18 15:39:31
03864,在进行无线通信设备的设置时，通常会选择（）。的频道进行通信,单选题,飞行原理,中等,2,是,UHF频段,VHF频段,LMF频段,SHF频段,,,UHF频段,,超级管理员,2025-09-18 15:39:14,2025-09-18 15:39:31
03865,在进行通信频道的设置时，（）。可以有效避免频道冲突,单选题,飞行原理,中等,2,是,调整发射功率,改变传输速率,更换通信协议,设置特定的频率间隔,,,设置特定的频率间隔,,超级管理员,2025-09-18 15:39:14,2025-09-18 15:39:32
03866,无人机通信频道的选择原则是（）。,单选题,飞行原理,中等,2,是,选择最长的通信距离,选择最短的通信距离,选择干扰最小的通信距离,选择信号强度最高的通信距离,,,选择干扰最小的通信距离,,超级管理员,2025-09-18 15:39:14,2025-09-18 15:39:32
03867,无人机遥控器和遥控接收机调试时，应注意（）。,单选题,飞行原理,中等,2,是,遥控器的选择与遥控接收机的模式选择无关,遥控器的选择与遥控接收机的模式选择有关,遥控接收机的模式选择与遥控器的选择无关,遥控接收机的模式选择与遥控器的选择有关,,,遥控接收机的模式选择与遥控器的选择有关,,超级管理员,2025-09-18 15:39:14,2025-09-18 15:39:32
03868,通信频道的设置需要避免与其他设备产生干扰。（）,单选题,飞行原理,中等,2,是,正确,错误,,,,,正确,,超级管理员,2025-09-18 15:39:14,2025-09-18 15:39:32
03869,通信频道的设置只需要按照默认设置进行操作即可。（）,单选题,飞行原理,中等,2,是,正确,错误,,,,,错误,,超级管理员,2025-09-18 15:39:14,2025-09-18 15:39:32
03870,（）。最适合于无线数据传输系统,单选题,飞行原理,困难,2,是,直径较小的定向天线,大面积覆盖的全向天线,辐射特性良好的阵列天线,高增益的高波束角天线,,,大面积覆盖的全向天线,,超级管理员,2025-09-18 15:39:14,2025-09-18 15:39:32
03871,无人机无线数据传输系统调试中，（）。技术是关键技术,单选题,飞行原理,中等,2,是,信号调制解调技术,信道编码解码技术,数字信号处理技术,图像压缩技术,,,信道编码解码技术,,超级管理员,2025-09-18 15:39:14,2025-09-18 15:39:32
03872,无线图像传输系统调试中，（）。技术是关键技术,单选题,飞行原理,中等,2,是,视频编解码技术,IP视频数据流传输技术,无线图传技术,视频管理技术,,,视频编解码技术,,超级管理员,2025-09-18 15:39:14,2025-09-18 15:39:32
03874,无线数据传输系统和无线图像传输系统的综合调试需要考虑两者之间的兼容性和协调性。（）,单选题,飞行原理,中等,2,是,正确,错误,,,,,正确,,超级管理员,2025-09-18 15:39:14,2025-09-18 15:39:32
03875,在无线数据传输系统中，TCP/IP协议用于在网络层提供可靠的数据传输服务。（）,单选题,飞行原理,中等,2,是,正确,错误,,,,,正确,,超级管理员,2025-09-18 15:39:14,2025-09-18 15:39:32
03876,多旋翼无人机飞行控制系统测试中，不包括（）。,单选题,飞行原理,中等,2,是,实时姿态解算测试,姿态控制测试,飞行时间测试,电机控制测试,,,飞行时间测试,,超级管理员,2025-09-18 15:39:14,2025-09-18 15:39:32
03877,在进行多旋翼无人机飞行控制系统测试时，不是必需的设备是（）。,单选题,飞行原理,中等,2,是,IMU模块,遥控器,地面站,电池充电器,,,电池充电器,,超级管理员,2025-09-18 15:39:14,2025-09-18 15:39:32
03878,多旋翼无人机飞行控制系统的测试中，用来进行实时姿态解算的模块是（）。,单选题,飞行原理,中等,2,是,IMU模块,扩展传感器模块,电机控制模块,数传通信模块,,,IMU模块,,超级管理员,2025-09-18 15:39:14,2025-09-18 15:39:32
03879,多旋翼无人机飞行控制系统的测试中，用来进行实时通信的模块是（）。,单选题,飞行原理,中等,2,是,IMU模块,数传通信模块,电机控制模块,LED模块,,,数传通信模块,,超级管理员,2025-09-18 15:39:14,2025-09-18 15:39:32
03880,在进行多旋翼无人机飞行控制系统的测试时，通过模拟飞行环境即可全面评估其性能。（）,单选题,飞行原理,中等,2,是,正确,错误,,,,,错误,,超级管理员,2025-09-18 15:39:14,2025-09-18 15:39:32
03881,飞行控制系统的测试方法应根据无人机的具体型号和用途进行定制。（）,单选题,飞行原理,中等,2,是,正确,错误,,,,,错误,,超级管理员,2025-09-18 15:39:14,2025-09-18 15:39:32
03882,在多旋翼无人机飞行控制系统的测试内容中，不是功能性能测试的一部分是（）。,单选题,飞行原理,中等,2,是,一键返航与自主降落,故障注入,通信中断故障,硬件在环飞行控制测试,,,故障注入,,超级管理员,2025-09-18 15:39:14,2025-09-18 15:39:32
03883,多旋翼无人机飞行控制系统的测试内容中，用来验证飞控在传感器故障时表现的项目是（）。,单选题,飞行原理,中等,2,是,硬件在环飞行控制测试,一键返航与自主降落,故障注入,通信中断故障,,,故障注入,,超级管理员,2025-09-18 15:39:14,2025-09-18 15:39:32
03884,在多旋翼无人机飞行控制系统的测试内容中，不是安全性测试的一部分是（）。,单选题,飞行原理,中等,2,是,陀螺仪故障注入,遥控器通信中断,电机转速测试,传感器通信中断,,,电机转速测试,,超级管理员,2025-09-18 15:39:14,2025-09-18 15:39:32
03885,多旋翼无人机飞行控制系统的测试内容中，用来验证飞控在遥控器失联时表现的项目是（）。,单选题,飞行原理,中等,2,是,遥控器通信中断,传感器通信中断,电机通信中断,故障注入,,,遥控器通信中断,,超级管理员,2025-09-18 15:39:14,2025-09-18 15:39:32
03886,在测试飞行控制系统的避障功能时，无需设置真实障碍物，通过软件模拟即可。（）,单选题,飞行原理,中等,2,是,正确,错误,,,,,错误,,超级管理员,2025-09-18 15:39:14,2025-09-18 15:39:32
03887,在测试过程中，应重点关注飞行控制系统在极限飞行条件下的表现。（）,单选题,飞行原理,中等,2,是,正确,错误,,,,,正确,,超级管理员,2025-09-18 15:39:14,2025-09-18 15:39:32
03888,多旋翼无人机飞行控制系统的测试步骤中，首先应该进行的是（）。,单选题,飞行原理,中等,2,是,硬件检查,软件测试,环境准备,飞行测试,,,环境准备,,超级管理员,2025-09-18 15:39:14,2025-09-18 15:39:32
03889,在飞控系统的环境测试中，电磁干扰测试的主要目的是（）。,单选题,飞行原理,中等,2,是,检测电池的充电性能,确保飞控系统不会受到外部电磁波的影响,验证飞行器的最大飞行速度,测试飞控系统的实时数据传输能力,,,确保飞控系统不会受到外部电磁波的影响,,超级管理员,2025-09-18 15:39:14,2025-09-18 15:39:32
03890,在多旋翼无人机飞行控制系统的测试步骤中，用于检测IMU模块是否正常的步骤是（）。,单选题,飞行原理,中等,2,是,使用示波器检测PWM端口输出,使用串口输出姿态数据,进行MCU的焊接测试,电源线路部分的测试,,,使用串口输出姿态数据,,超级管理员,2025-09-18 15:39:14,2025-09-18 15:39:32
03891,多旋翼无人机飞行控制系统的测试步骤中，用于检测飞控的电机控制信号输出是否正常的步骤是（）。,单选题,飞行原理,中等,2,是,使用示波器检测PWM端口输出,使用串口输出姿态数据,进行MCU的焊接测试,电源线路部分的测试,,,使用示波器检测PWM端口输出,,超级管理员,2025-09-18 15:39:14,2025-09-18 15:39:32
03892,在进行多旋翼无人机飞行控制系统的长期可靠性测试时，测试环境最为关键的是在实际外部天气环境中进行飞行测试。（）,单选题,飞行原理,中等,2,是,正确,错误,,,,,正确,,超级管理员,2025-09-18 15:39:14,2025-09-18 15:39:32
03893,测试环境的选择会影响飞行控制系统的测试结果，尤其是在温度、湿度和气流等因素方面，虽然通常影响较小，但在某些情况下可能导致测试精度的变化。（）,单选题,飞行原理,中等,2,是,正确,错误,,,,,正确,,超级管理员,2025-09-18 15:39:14,2025-09-18 15:39:32
03894,在进行多旋翼无人机动力系统测试时，不是必需的设备是（）。,单选题,飞行原理,中等,2,是,拉力测试台,转速计,风速计,电池充电器,,,电池充电器,,超级管理员,2025-09-18 15:39:14,2025-09-18 15:39:32
03895,多旋翼无人机动力系统的测试中，用来评估电机效率的参数是（）。,单选题,飞行原理,中等,2,是,电压,电流,功率,频率,,,功率,,超级管理员,2025-09-18 15:39:14,2025-09-18 15:39:32
03896,在测试多旋翼无人机动力系统时，正确的步骤是（）。,单选题,飞行原理,中等,2,是,先进行地面测试，再进行飞行测试,同时进行地面测试和飞行测试,只进行地面测试,只进行飞行测试,,,先进行地面测试，再进行飞行测试,,超级管理员,2025-09-18 15:39:14,2025-09-18 15:39:32
03897,在进行多旋翼无人机的电机性能测试时，通常使用的标准负载测试方法是（）。,单选题,飞行原理,中等,2,是,通过调整飞行器姿态来模拟电机负载,在地面上使用一个标准负载电机测试台进行测试,直接将电机安装到无人机上并在飞行过程中进行测试,使用风洞来模拟电机在不同飞行环境下的性能表现,,,在地面上使用一个标准负载电机测试台进行测试,,超级管理员,2025-09-18 15:39:14,2025-09-18 15:39:32
03898,测试多旋翼无人机动力系统时，可以通过目视观察电机的转速从而评估电机性能。（）,单选题,飞行原理,中等,2,是,正确,错误,,,,,错误,,超级管理员,2025-09-18 15:39:14,2025-09-18 15:39:32
03899,振动测试对于检测动力系统中电机和螺旋桨的匹配程度及稳定性至关重要。（）,单选题,飞行原理,中等,2,是,正确,错误,,,,,正确,,超级管理员,2025-09-18 15:39:14,2025-09-18 15:39:32
03900,多旋翼无人机动力系统的测试内容不包括（）。,单选题,飞行原理,中等,2,是,电机的静态拉力测试,电池的放电能力测试,遥控器的信号测试,螺旋桨的拉力测试,,,遥控器的信号测试,,超级管理员,2025-09-18 15:39:14,2025-09-18 15:39:32
03901,在多旋翼无人机动力系统的测试内容中，不是电池测试的一部分是（）。,单选题,飞行原理,中等,2,是,电压测试,容量测试,拉力测试,放电曲线测试,,,拉力测试,,超级管理员,2025-09-18 15:39:14,2025-09-18 15:39:32
03902,在多旋翼无人机动力系统的测试内容中，不是电机测试的一部分是（）。,单选题,飞行原理,中等,2,是,静态拉力测试,电机的效率测试,电机的温升测试,遥控器的信号范围测试,,,遥控器的信号范围测试,,超级管理员,2025-09-18 15:39:14,2025-09-18 15:39:32
03903,多旋翼无人机动力系统的测试内容中，用来验证螺旋桨性能的项目是（）。,单选题,飞行原理,中等,2,是,信号强度测试,电池的放电能力测试,螺旋桨的效率测试,电机的效率测试,,,螺旋桨的效率测试,,超级管理员,2025-09-18 15:39:14,2025-09-18 15:39:32
03904,电池的性能测试不属于动力系统测试内容的范畴。（）,单选题,飞行原理,中等,2,是,正确,错误,,,,,错误,,超级管理员,2025-09-18 15:39:14,2025-09-18 15:39:32
03905,螺旋桨的静平衡和动平衡测试对于确保飞行稳定性和减少振动至关重要，是需要进行测试的内容。（）,单选题,飞行原理,中等,2,是,正确,错误,,,,,正确,,超级管理员,2025-09-18 15:39:14,2025-09-18 15:39:32
03906,多旋翼无人机动力系统的测试步骤中，首先应该进行的是（）。,单选题,飞行原理,中等,2,是,环境准备,硬件检查,软件测试,飞行测试,,,环境准备,,超级管理员,2025-09-18 15:39:14,2025-09-18 15:39:32
03907,在多旋翼无人机动力系统的测试步骤中，不是必需的步骤是（）。,单选题,飞行原理,中等,2,是,测量电机的输入电压,测量电机的输入电流,测量遥控器的信号范围,测量电机的转速,,,测量遥控器的信号范围,,超级管理员,2025-09-18 15:39:14,2025-09-18 15:39:32
03908,多旋翼无人机动力系统的测试步骤中，用于确保测试数据的准确性的步骤是（）。,单选题,飞行原理,中等,2,是,环境准备,硬件检查,软件校准,测试数据记录,,,环境准备,,超级管理员,2025-09-18 15:39:14,2025-09-18 15:39:32
03909,多旋翼无人机动力系统的测试步骤中，不是用于检测电池性能的步骤是（）。,单选题,飞行原理,中等,2,是,测量电池的电压,测量电池的容量,测量电池的放电曲线,测量遥控器的信号范围,,,测量遥控器的信号范围,,超级管理员,2025-09-18 15:39:14,2025-09-18 15:39:32
03910,多旋翼无人机动力系统测试步骤应遵循从简单到复杂、从低到高的原则进行。（）,单选题,飞行原理,中等,2,是,正确,错误,,,,,正确,,超级管理员,2025-09-18 15:39:14,2025-09-18 15:39:32
03911,测试环境的选择对多旋翼无人机动力系统测试结果没有影响。（）,单选题,飞行原理,中等,2,是,正确,错误,,,,,错误,,超级管理员,2025-09-18 15:39:14,2025-09-18 15:39:32
03912,（）。方法可以模拟无人机在不同环境下的通信性能,单选题,飞行原理,中等,2,是,实验室测试,现场测试,模拟测试,压力测试,,,模拟测试,,超级管理员,2025-09-18 15:39:14,2025-09-18 15:39:32
03913,多旋翼无人机通信系统测试中（）。用于评估系统在不同频率下的通信效果,单选题,飞行原理,中等,2,是,频率响应测试,信号干扰测试,信号覆盖测试,电源效率测试,,,频率响应测试,,超级管理员,2025-09-18 15:39:14,2025-09-18 15:39:32
03914,多旋翼无人机通信系统的测试方法不包括（）。,单选题,飞行原理,中等,2,是,功能测试,性能测试,环境适应性测试,材料强度测试,,,材料强度测试,,超级管理员,2025-09-18 15:39:14,2025-09-18 15:39:32
03915,多旋翼无人机通信系统的测试中，（）。可以评估系统在不同距离下的通信效果,单选题,飞行原理,中等,2,是,通信距离测试,信号强度测试,带宽测试,信噪比测试,,,通信距离测试,,超级管理员,2025-09-18 15:39:14,2025-09-18 15:39:32
03916,通过测量信号强度即可全面评估多旋翼无人机通信系统的性能。（）,单选题,飞行原理,中等,2,是,正确,错误,,,,,错误,,超级管理员,2025-09-18 15:39:14,2025-09-18 15:39:33
03917,使用信号发生器模拟通信环境可以有效测试无人机通信系统的抗干扰能力。（）,单选题,飞行原理,中等,2,是,正确,错误,,,,,正确,,超级管理员,2025-09-18 15:39:14,2025-09-18 15:39:33
03918,使用MissionPlanner调试3DR数传时，软件的操作顺序是（）。,单选题,飞行原理,中等,2,是,点击连接、初始设置、可选硬件、sik电台、加载设置,点击连接、初始设置、可选硬件、3DR电台、加载设置,初始设置、可选硬件、3DR电台、加载设置,初始设置、可选硬件、sik电台、加载设置,,,初始设置、可选硬件、sik电台、加载设置,,超级管理员,2025-09-18 15:39:14,2025-09-18 15:39:33
03919,同时调试多组3DR数传时，经常有相互干扰、串台的情况，可通过（）。实现同时校准,单选题,飞行原理,中等,2,是,更换不同品牌数传,更换不同长度天线,不同组数传修改不同网络ID,先调试一组再调试第二组,,,不同组数传修改不同网络ID,,超级管理员,2025-09-18 15:39:14,2025-09-18 15:39:33
03920,多旋翼无人机数传调试时，（）。不是需要检查的内容有,单选题,飞行原理,中等,2,是,线材有无损坏,天线是否查号,飞控是否正常工作,电机是否正常转动,,,电机是否正常转动,,超级管理员,2025-09-18 15:39:14,2025-09-18 15:39:33
03921,多旋翼无人机数传调试时，常见3DR数传模块连接飞控时选择（）。波特率,单选题,飞行原理,中等,2,是,15200,57600,38400,19200,,,57600,,超级管理员,2025-09-18 15:39:14,2025-09-18 15:39:33
03922,加密性能和安全性测试不属于无人机通信系统测试内容。（）,单选题,飞行原理,中等,2,是,正确,错误,,,,,错误,,超级管理员,2025-09-18 15:39:14,2025-09-18 15:39:33
03923,无人机通信测试内容需要包括通信距离的极限测试。（）,单选题,飞行原理,中等,2,是,正确,错误,,,,,正确,,超级管理员,2025-09-18 15:39:14,2025-09-18 15:39:33
03924,多旋翼无人机通信系统测试中，（）。测试前的准备工作,单选题,飞行原理,中等,2,是,设定测试环境,进行实际飞行测试,分析测试数据,记录测试结果,,,设定测试环境,,超级管理员,2025-09-18 15:39:14,2025-09-18 15:39:33
03925,多旋翼无人机通信系统测试的第一步通常不包括（）。,单选题,飞行原理,中等,2,是,设定测试环境,检查设备状态,进行实际飞行测试,分析测试数据,,,分析测试数据,,超级管理员,2025-09-18 15:39:14,2025-09-18 15:39:33
03926,多旋翼无人机通信系统测试步骤中，（）。是在测试过程中进行的,单选题,飞行原理,中等,2,是,测试设备准备,测试数据分析,测试设备维护,测试数据记录,,,测试数据记录,,超级管理员,2025-09-18 15:39:14,2025-09-18 15:39:33
03927,多旋翼无人机通信系统测试步骤中，（）。是在测试结束后进行的,单选题,飞行原理,中等,2,是,设定测试参数,测试数据分析,测试环境搭建,测试设备维护,,,测试数据分析,,超级管理员,2025-09-18 15:39:14,2025-09-18 15:39:33
03932,无人机通信系统测试，最初的测试环境应选择在城市中心，以模拟实际飞行场景。（）,单选题,飞行原理,中等,2,是,正确,错误,,,,,错误,,超级管理员,2025-09-18 15:39:14,2025-09-18 15:39:33
03933,无人机通信系统测试的测试步骤中应包括故障模拟和恢复测试。（）,单选题,飞行原理,中等,2,是,正确,错误,,,,,正确,,超级管理员,2025-09-18 15:39:14,2025-09-18 15:39:33
03936,多旋翼无人机导航系统测试中，（）。方法用于评估系统在不同环境下的定位准确性,单选题,飞行原理,中等,2,是,实验室模拟测试,现场飞行测试,计算机仿真测试,硬件性能测试,,,硬件性能测试,,超级管理员,2025-09-18 15:39:14,2025-09-18 15:39:33
03937,多旋翼无人机导航系统测试中，（）。方法用于模拟和预测系统在实际使用中的表现,单选题,飞行原理,中等,2,是,实验室模拟测试,现场飞行测试,计算机仿真测试,硬件性能测试,,,计算机仿真测试,,超级管理员,2025-09-18 15:39:14,2025-09-18 15:39:33
03938,多旋翼无人机导航系统测试中，（）。方法用于评估系统在不同飞行高度下的定位效果,单选题,飞行原理,中等,2,是,高度变化测试,信号干扰测试,硬件性能测试,现场飞行测试,,,高度变化测试,,超级管理员,2025-09-18 15:39:14,2025-09-18 15:39:33
03939,多旋翼无人机导航系统测试中，（）。方法用于评估系统在长时间运行后的稳定性和可靠性,单选题,飞行原理,中等,2,是,耐久性测试,信号干扰测试,硬件性能测试,现场飞行测试,,,耐久性测试,,超级管理员,2025-09-18 15:39:14,2025-09-18 15:39:33
03940,软件在环（SIL）测试可以完全替代硬件在环（HIL）测试来评估导航系统。（）,单选题,飞行原理,中等,2,是,正确,错误,,,,,错误,,超级管理员,2025-09-18 15:39:14,2025-09-18 15:39:33
03941,测试多旋翼无人机导航系统时，可以在没有GPS信号的室内环境中进行。（）,单选题,飞行原理,中等,2,是,正确,错误,,,,,正确,,超级管理员,2025-09-18 15:39:14,2025-09-18 15:39:33
03942,关于多旋翼无人机导航系统测试的说法正确的是（）。,单选题,飞行原理,中等,2,是,需要测试的模块只有GNSS定位模块,需要测试的模块只有IMU,需要测试的模块只有磁罗盘,需要测试的模块有GNSS、磁罗盘、IMU,,,需要测试的模块有GNSS、磁罗盘、IMU,,超级管理员,2025-09-18 15:39:14,2025-09-18 15:39:33
03943,多旋翼无人机导航系统测试，主要的被测模块是（）。,单选题,飞行原理,中等,2,是,惯性导航模块,卫星导航模块,气压测量模块,光流测量模块,,,卫星导航模块,,超级管理员,2025-09-18 15:39:14,2025-09-18 15:39:33
03944,不是多旋翼无人机导航系统测试时用到的算法或参数的是（）。,单选题,飞行原理,中等,2,是,卡尔曼滤波算法,粒子滤波算法,IMU白噪声参数评估,电机力效参数,,,电机力效参数,,超级管理员,2025-09-18 15:39:14,2025-09-18 15:39:33
03945,测试多无人机导航系统时，GNSS定位模块至少需要（）。颗卫星可以进行测试,单选题,飞行原理,中等,2,是,3,4,5,12,,,4,,超级管理员,2025-09-18 15:39:14,2025-09-18 15:39:33
03946,多旋翼无人机导航系统的测试内容应包括导航系统在不同天气条件下的性能表现。（）,单选题,飞行原理,中等,2,是,正确,错误,,,,,正确,,超级管理员,2025-09-18 15:39:14,2025-09-18 15:39:33
03947,多旋翼无人机导航系统的测试内容不包括对系统的抗干扰能力的测试。（）,单选题,飞行原理,中等,2,是,正确,错误,,,,,错误,,超级管理员,2025-09-18 15:39:14,2025-09-18 15:39:33
03948,为了测试多旋翼无人机起飞着陆阶段的稳定性，应采取的测试方式为（）。,单选题,飞行原理,中等,2,是,在不同风速下多次起飞着陆,在无风的情况下进行起降测试,依靠飞控的飞行日志得到结果,通过计算机进行模拟起降,,,在不同风速下多次起飞着陆,,超级管理员,2025-09-18 15:39:14,2025-09-18 15:39:33
03949,能精准记录多旋翼无人机起飞和着陆过程中的姿态变化的设备是（）。,单选题,飞行原理,中等,2,是,摄像头,陀螺仪与加速度计,红外传感器,气压计,,,陀螺仪与加速度计,,超级管理员,2025-09-18 15:39:14,2025-09-18 15:39:33
03950,多旋翼无人机的起飞和着陆测试过程中，进行实施数据传输和监测的常用方法是（）。,单选题,飞行原理,中等,2,是,卫星通信,无线电控制与地面站监测,蓝牙连接,WiFi连接,,,无线电控制与地面站监测,,超级管理员,2025-09-18 15:39:14,2025-09-18 15:39:33
03951,测试多旋翼无人机着陆系统的减震性能时需要关注的信息是（）。,单选题,飞行原理,中等,2,是,电池电量的消耗速度,起落架吸收冲击的能力,飞行速度,飞行高度,,,起落架吸收冲击的能力,,超级管理员,2025-09-18 15:39:14,2025-09-18 15:39:33
03952,使用模拟地面环境（如不同材质和倾斜角度的着陆平台）可以有效测试无人机起飞着陆系统的适应性。（）,单选题,飞行原理,中等,2,是,正确,错误,,,,,正确,,超级管理员,2025-09-18 15:39:14,2025-09-18 15:39:33
03953,通过软件模拟可以完全替代实际飞行测试来评估起飞着陆系统的性能。（）,单选题,飞行原理,中等,2,是,正确,错误,,,,,错误,,超级管理员,2025-09-18 15:39:14,2025-09-18 15:39:33
03954,多旋翼无人机起飞测试前必须检查的项目是（）。,单选题,飞行原理,中等,2,是,电机温度,螺旋桨紧固程度,飞行高度,飞行速度,,,螺旋桨紧固程度,,超级管理员,2025-09-18 15:39:14,2025-09-18 15:39:33
03955,多旋翼无人机着陆系统测试中应该关注（）。的磨损情况,单选题,飞行原理,中等,2,是,电机,起落架,螺旋桨,遥控器,,,起落架,,超级管理员,2025-09-18 15:39:14,2025-09-18 15:39:33
03956,多旋翼无人机着陆测试时的位置精度，通常涉及（）。的测量,单选题,飞行原理,中等,2,是,飞行时间,飞行距离,降落点与返航点的距离,飞行高度,,,降落点与返航点的距离,,超级管理员,2025-09-18 15:39:14,2025-09-18 15:39:33
03957,多旋翼无人机起飞和着陆测试完成后，必须要进行的工作内容是（）。,单选题,飞行原理,中等,2,是,清理飞行场地,数据分析与记录,立即充电,更换螺旋桨,,,数据分析与记录,,超级管理员,2025-09-18 15:39:14,2025-09-18 15:39:33
03958,在无人机的着陆过程中，飞行器的垂直降落更容易控制，因此着陆失败的风险较低。（）,单选题,飞行原理,中等,2,是,正确,错误,,,,,错误,,超级管理员,2025-09-18 15:39:14,2025-09-18 15:39:33
03959,多旋翼无人机起飞着陆测试内容应包括无人机在紧急情况下的自动着陆和故障保护机制。（）,单选题,飞行原理,中等,2,是,正确,错误,,,,,正确,,超级管理员,2025-09-18 15:39:14,2025-09-18 15:39:33
03960,多旋翼无人机起飞测试前，对电池进行（）。是必要的,单选题,飞行原理,中等,2,是,立即充满电,检查电池电联与连接状态,无需检查旧电池直接更换新电池,直接使用未充电电池,,,检查电池电联与连接状态,,超级管理员,2025-09-18 15:39:14,2025-09-18 15:39:33
03961,在多旋翼无人机起飞着陆系统测试中，模拟夜间环境主要用于测试（）。能力,单选题,飞行原理,中等,2,是,红外避障,GNSS定位精度,飞行稳定性,视觉着陆,,,视觉着陆,,超级管理员,2025-09-18 15:39:14,2025-09-18 15:39:33
03962,为了确保多旋翼无人机起飞着陆测试的安全性，必要的环境要求是（）。,单选题,飞行原理,中等,2,是,空况且周围无人员活动的场地,强烈阳光直射的场地,充满烟雾的环境,雷雨交加的环境,,,空况且周围无人员活动的场地,,超级管理员,2025-09-18 15:39:14,2025-09-18 15:39:33
03963,在多旋翼无人机起飞测试中，应避免在（）。的环境下进行,单选题,飞行原理,中等,2,是,空况且周围无人员活动,高压线附近,专门的无人机测试场,平坦的草地,,,高压线附近,,超级管理员,2025-09-18 15:39:14,2025-09-18 15:39:33
03964,多旋翼无人机起飞着陆测试环境应尽可能接近实际飞行环境，但无需考虑环境因素对测试结果的影响。（）,单选题,飞行原理,中等,2,是,正确,错误,,,,,错误,,超级管理员,2025-09-18 15:39:14,2025-09-18 15:39:33
03965,多旋翼无人机起飞着陆测试步骤应从最复杂的起飞着陆场景开始。（）,单选题,飞行原理,中等,2,是,正确,错误,,,,,错误,,超级管理员,2025-09-18 15:39:14,2025-09-18 15:39:34
03966,多旋翼无人机感知系统测试中，（）。设备不是必需的,单选题,飞行原理,中等,2,是,可见光摄像头,激光雷达,超声波传感器,温度计,,,温度计,,超级管理员,2025-09-18 15:39:14,2025-09-18 15:39:34
03967,在多旋翼无人机感知系统测试中，（）。因素不是测试环境的一部分,单选题,飞行原理,中等,2,是,风速和风向,地面的硬度和平整度,无人机的起飞重量,无人机的涂装颜色,,,无人机的涂装颜色,,超级管理员,2025-09-18 15:39:14,2025-09-18 15:39:34
03968,多旋翼无人机在进行GNSS定位精度测试时，应（）。,单选题,飞行原理,中等,2,是,在开阔地带飞行并记录飞行轨迹,在室内环境下飞行并对比高度数据,仅使用视觉系统进行定位测试,在强磁场环境下测试,,,在开阔地带飞行并记录飞行轨迹,,超级管理员,2025-09-18 15:39:14,2025-09-18 15:39:34
03969,可以验证多旋翼无人机的红外避障功能的测试是（）。,单选题,飞行原理,中等,2,是,在黑暗环境中飞行并观察避障反应,在高亮度环境下测试摄像头性能,飞行过程中人为设置障碍物并观察反应,检查红外传感器表面是否有污垢,,,飞行过程中人为设置障碍物并观察反应,,超级管理员,2025-09-18 15:39:14,2025-09-18 15:39:34
03970,使用障碍物模拟装置可以有效测试多旋翼无人机感知系统的避障能力。（）,单选题,飞行原理,中等,2,是,正确,错误,,,,,正确,,超级管理员,2025-09-18 15:39:14,2025-09-18 15:39:34
03971,多旋翼无人机感知系统的测试方法无需考虑感知系统与无人机其他系统（如导航系统、控制系统）的集成性能。（）,单选题,飞行原理,中等,2,是,正确,错误,,,,,错误,,超级管理员,2025-09-18 15:39:14,2025-09-18 15:39:34
03972,在多旋翼无人机动力系统测试中，使用的测试设备通常包括（）。,单选题,飞行原理,中等,2,是,测量仪、电流表、电压表,GNSS、陀螺仪、加速度计,摄像头、无人机外壳、遥控器,蓝牙耳机、无人机电池、充电器,,,测量仪、电流表、电压表,,超级管理员,2025-09-18 15:39:14,2025-09-18 15:39:34
03973,多旋翼无人机动力系统测试报告单中，负责记录无人机的最大起飞重量和最大载重的是（）。,单选题,飞行原理,中等,2,是,基本检查,功能检查,飞行性能,电池系统,,,飞行性能,,超级管理员,2025-09-18 15:39:14,2025-09-18 15:39:34
03974,在多旋翼无人机动力系统测试报告中，通常包含了对无人机的飞行时间和航程的评估（）。,单选题,飞行原理,中等,2,是,基本检查,功能检查,飞行性能,电池系统,,,飞行性能,,超级管理员,2025-09-18 15:39:14,2025-09-18 15:39:34
03975,在多旋翼无人机动力系统测试报告中，通常包含了无人机的遥控遥测距离和信息传输距离的记录的是（）。,单选题,飞行原理,中等,2,是,基本检查,功能检查,数据链系统,电池系统,,,数据链系统,,超级管理员,2025-09-18 15:39:14,2025-09-18 15:39:34
03976,在测试报告中，电池的内阻值越高越好，说明电池的健康状况越佳。（）,单选题,飞行原理,中等,2,是,正确,错误,,,,,错误,,超级管理员,2025-09-18 15:39:14,2025-09-18 15:39:34
03977,在填写多旋翼无人机动力系统测试报告单时，需要详细记录测试环境和条件。（）,单选题,飞行原理,中等,2,是,正确,错误,,,,,正确,,超级管理员,2025-09-18 15:39:14,2025-09-18 15:39:34
03978,在无人机飞行控制与导航系统测试中，下列用于测量无人机的飞行方向的是（）。,单选题,飞行原理,中等,2,是,加速度计,惯性测量单元,磁力计,GNSS接收器,,,磁力计,,超级管理员,2025-09-18 15:39:14,2025-09-18 15:39:34
03979,在无人机飞行控制与导航系统测试中，下列（）是必不可少的。,单选题,飞行原理,中等,2,是,软件安装,硬件连接,参数设置,实地测试,,,实地测试,,超级管理员,2025-09-18 15:39:14,2025-09-18 15:39:34
03980,在多旋翼无人机飞行控制与导航系统中，以下（）负责接收来自遥控器的控制信号并将其转换为电机控制指令。,单选题,飞行原理,中等,2,是,飞控系统,导航系统,通信系统,动力系统,,,飞控系统,,超级管理员,2025-09-18 15:39:14,2025-09-18 15:39:34
03981,多旋翼无人机在进行自主飞行时，以下（）负责提供实时的位置信息和航向信息。,单选题,飞行原理,中等,2,是,飞控系统,通信系统,动力系统,导航系统,,,导航系统,,超级管理员,2025-09-18 15:39:14,2025-09-18 15:39:34
03982,在填写测试报告时，如果飞行过程中出现异常，报告单中不需要详细记录，简要说明即可。（）,单选题,飞行原理,中等,2,是,正确,错误,,,,,错误,,超级管理员,2025-09-18 15:39:14,2025-09-18 15:39:34
03983,在填写飞行控制与导航系统测试报告单时，需要提供无人机的飞行数据记录。（）,单选题,飞行原理,中等,2,是,正确,错误,,,,,正确,,超级管理员,2025-09-18 15:39:14,2025-09-18 15:39:34
03984,在多旋翼无人机通信系统测试过程中，测试人员发现数据传输速率明显低于预期值此时，测试报告单中应重点记录（）内容。,单选题,飞行原理,中等,2,是,测试人员的操作经验,通信模块的工作温度范围,不同距离下的数据传输速率对比,无人机飞行的高度与速度,,,不同距离下的数据传输速率对比,,超级管理员,2025-09-18 15:39:14,2025-09-18 15:39:34
03985,测试多旋翼无人机通信系统时，以下不是必须的（）。,单选题,飞行原理,中等,2,是,连接无人机和地面站,设置通信参数,发送数据包并接收确认,记录飞行轨迹,,,记录飞行轨迹,,超级管理员,2025-09-18 15:39:14,2025-09-18 15:39:34
03986,在多旋翼无人机通信系统测试中，不是必要的测试内容（）。,单选题,飞行原理,中等,2,是,遥控信号强度测试,数据传输速率测试,图像传输清晰度测试,电池续航能力测试,,,电池续航能力测试,,超级管理员,2025-09-18 15:39:14,2025-09-18 15:39:34
03987,在进行多旋翼无人机通信系统测试时，下列描述正确的是（）。,单选题,飞行原理,中等,2,是,只需要测试遥控信号的传输距离,只需要测试数据传输的延迟时间,需要测试遥控信号、数据传输和图像传输的综合性能,只需要测试图像传输的稳定性,,,需要测试遥控信号、数据传输和图像传输的综合性能,,超级管理员,2025-09-18 15:39:14,2025-09-18 15:39:34
03988,在填写通信系统测试报告单时，需要记录无线信号的强度和稳定性。（）,单选题,飞行原理,中等,2,是,正确,错误,,,,,正确,,超级管理员,2025-09-18 15:39:14,2025-09-18 15:39:34
03989,在测试多旋翼无人机通信系统时，是只需要关注遥控信号的传输。（）,单选题,飞行原理,中等,2,是,正确,错误,,,,,错误,,超级管理员,2025-09-18 15:39:14,2025-09-18 15:39:34
03990,多旋翼无人机起飞着陆系统测试中，通过（）来检查电池状态。,单选题,飞行原理,中等,2,是,观察电池电量显示,听取电池声音反馈,触摸电池温度,手动关闭电源,,,观察电池电量显示,,超级管理员,2025-09-18 15:39:14,2025-09-18 15:39:34
03991,在多旋翼无人机起飞着陆系统测试中，以下操作应该立即停止测试并寻求专业帮助的是（）。,单选题,飞行原理,中等,2,是,飞行器出现任何异常情况,遥控器出现故障,飞行员身体不适,其他设备出现故障,,,飞行器出现任何异常情况,,超级管理员,2025-09-18 15:39:14,2025-09-18 15:39:34
03992,多旋翼无人机起飞着陆系统测试报告中，不是必须填写的项目是（）。,单选题,飞行原理,中等,2,是,起飞性能测试,着陆性能测试,飞行器外观检查,遥控器功能测试,,,遥控器功能测试,,超级管理员,2025-09-18 15:39:14,2025-09-18 15:39:34
03993,在多旋翼无人机起飞着陆系统测试中，下列不正确的测试步骤（）。,单选题,飞行原理,中等,2,是,在开阔且无障碍物的安全区域进行起飞测试,确认所有传感器和飞行控制器的固件已更新到最新版本,直接从最大油门启动无人机以快速升空，检查起飞能力,测试前后检查电池电量是否充足，并确保电池连接牢固,,,直接从最大油门启动无人机以快速升空，检查起飞能力,,超级管理员,2025-09-18 15:39:14,2025-09-18 15:39:34
03994,在填写起飞着陆系统测试报告单时，一般情况下，可能不需要提供无人机的起飞和降落视频或照片。（）,单选题,飞行原理,中等,2,是,正确,错误,,,,,正确,,超级管理员,2025-09-18 15:39:14,2025-09-18 15:39:34
03995,在测试起飞着陆系统时，只需要关注无人机的垂直起降能力。（）,单选题,飞行原理,中等,2,是,正确,错误,,,,,错误,,超级管理员,2025-09-18 15:39:14,2025-09-18 15:39:34
03996,在多旋翼无人机电机故障检测中，（）。的故障可能会导致电机振动增大,单选题,飞行原理,中等,2,是,电机轴承损坏,电机绕组短路,电机定子磁铁松动,电机电源不稳定,,,电机定子磁铁松动,,超级管理员,2025-09-18 15:39:14,2025-09-18 15:39:34
03997,多旋翼无人机电机故障排查的首要步骤是（）。,单选题,飞行原理,中等,2,是,检查电机连接线,检查电机轴承,检查电机电调,更换电机,,,检查电机连接线,,超级管理员,2025-09-18 15:39:14,2025-09-18 15:39:34
03998,多旋翼无人机电机故障检测方法是（）。,单选题,飞行原理,中等,2,是,仅依靠视觉检查,结合声音信号检测,仅依靠数据监控,结合多传感器信息,,,结合声音信号检测,,超级管理员,2025-09-18 15:39:14,2025-09-18 15:39:34
03999,多旋翼无人机电机故障诊断技术（）。,单选题,飞行原理,中等,2,是,基于深度学习的方法,基于专家系统的方法,基于数据驱动的方法,基于预测模型的方法,,,基于深度学习的方法,,超级管理员,2025-09-18 15:39:14,2025-09-18 15:39:34
04000,多旋翼无人机电机故障检测可以通过声音检测进行。（）,单选题,飞行原理,中等,2,是,正确,错误,,,,,正确,,超级管理员,2025-09-18 15:39:14,2025-09-18 15:39:34
04001,多旋翼无人机电机故障可以通过观察电机转速和振动来检测。（）,单选题,飞行原理,中等,2,是,正确,错误,,,,,正确,,超级管理员,2025-09-18 15:39:14,2025-09-18 15:39:34
04002,在使用万用表测量电调的电压、电流和温度时，应选择（）。范围的档位,单选题,飞行原理,中等,2,是,电压：0-5V；电流：0-1A；温度：0-50℃,电压：0-10V；电流：0-2A；温度：0-100℃,电压：0-50V；电流：0-10A；温度：0-200℃,电压：0-100V；电流：0-20A；温度：0-300℃,,,电压：0-10V；电流：0-2A；温度：0-100℃,,超级管理员,2025-09-18 15:39:14,2025-09-18 15:39:34
04003,多旋翼无人机在飞行过程中，如果发现某个电调发热异常，应该（）。,单选题,飞行原理,中等,2,是,继续飞行，观察后续情况,立即降落，检查电调,切换到手动模式，尝试调整,增加飞行时间，以便更好地散热,,,立即降落，检查电调,,超级管理员,2025-09-18 15:39:14,2025-09-18 15:39:34
04004,多旋翼无人机在使用过程中，如果发现电调无法正常工作，可能的原因是（）。,单选题,飞行原理,中等,2,是,电池电量不足,电调损坏或故障,遥控器信号弱,电机损坏,,,电调损坏或故障,,超级管理员,2025-09-18 15:39:14,2025-09-18 15:39:34
04005,使用软件对多旋翼无人机电调进行故障检测时，需要安装（）。程序,单选题,飞行原理,中等,2,是,飞控固件和地面站软件,航空电子设备模拟器,雷达系统和GNSS接收器驱动程序,数据库管理和日志分析工具,,,飞控固件和地面站软件,,超级管理员,2025-09-18 15:39:14,2025-09-18 15:39:34
04006,多旋翼无人机电调故障可以通过测量其输出电压和电流来检测。（）,单选题,飞行原理,中等,2,是,正确,错误,,,,,正确,,超级管理员,2025-09-18 15:39:14,2025-09-18 15:39:34
04007,在多旋翼无人机中，部分电调的故障可以通过观察电调的LED指示灯来初步判断。（）,单选题,飞行原理,中等,2,是,正确,错误,,,,,正确,,超级管理员,2025-09-18 15:39:14,2025-09-18 15:39:34
04008,当多旋翼无人机接收机出现信号不稳定的情况时，可以采取（）。的措施进行处理,单选题,飞行原理,中等,2,是,更换新的接收机,调整飞行高度,检查天线连接情况,调整飞机位置,,,检查天线连接情况,,超级管理员,2025-09-18 15:39:14,2025-09-18 15:39:34
04009,多旋翼无人机接收机故障检测的主要目的是（）。,单选题,飞行原理,中等,2,是,提高飞行稳定性,延长飞行时间,保证飞行安全,改善图像传输质量,,,保证飞行安全,,超级管理员,2025-09-18 15:39:14,2025-09-18 15:39:34
04010,如果多旋翼无人机在飞行中突然失去遥控信号，可能是接收机出现了故障在这种情况下，应该采取,单选题,飞行原理,中等,2,是,立即手动切断电源,尝试重新连接遥控器,紧急情况下可以使用手机的遥控应用程序,等待遥控信号自然恢复,,,紧急情况下可以使用手机的遥控应用程序,,超级管理员,2025-09-18 15:39:14,2025-09-18 15:39:34
04011,在多旋翼无人机接收机故障检测中，（）。不是常用的检测手段,单选题,飞行原理,中等,2,是,检查接收机的天线是否有损坏或断裂,检查接收机的电源电压是否正常,使用遥控器直接测试接收机的响应,打开接收机的外壳进行检查,,,打开接收机的外壳进行检查,,超级管理员,2025-09-18 15:39:14,2025-09-18 15:39:34
04012,多旋翼无人机接收机故障检测可以通过监测接收机信号质量以及检查接收机硬件状态来进行。（）,单选题,飞行原理,中等,2,是,正确,错误,,,,,正确,,超级管理员,2025-09-18 15:39:14,2025-09-18 15:39:34
04013,多旋翼无人机接收机故障可以通过检查其信号输入和输出来检测。（）,单选题,飞行原理,中等,2,是,正确,错误,,,,,正确,,超级管理员,2025-09-18 15:39:14,2025-09-18 15:39:34
04014,在对多旋翼无人机分电板进行故障检测时，若怀疑某个电源模块存在异常，（）。检测方法最为有效,单选题,飞行原理,中等,2,是,仅观察分电板的外观是否有明显损坏,使用万用表测量电源模块的输入输出电压,仅检查与该电源模块相连的线缆是否松动,替换整个分电板以排除故障可能性,,,使用万用表测量电源模块的输入输出电压,,超级管理员,2025-09-18 15:39:14,2025-09-18 15:39:34
04015,对于多旋翼无人机分电板的故障诊断，若某电机无法启动，最有效的初步诊断工具是（）。,单选题,飞行原理,中等,2,是,示波器,电压表,热成像仪,数字万用表,,,电压表,,超级管理员,2025-09-18 15:39:14,2025-09-18 15:39:35
04016,在进行多旋翼无人机配电板故障检测时，首先应该做（）。,单选题,飞行原理,中等,2,是,直接通电测试,检查电池电压,断开电池连接,检查电路图,,,直接通电测试,,超级管理员,2025-09-18 15:39:14,2025-09-18 15:39:35
04017,多旋翼无人机在配电板故障检测中遇到的最大挑战是（）。,单选题,飞行原理,中等,2,是,飞行安全,数据传输稳定性,电池续航能力,天气条件,,,电池续航能力,,超级管理员,2025-09-18 15:39:14,2025-09-18 15:39:35
04018,多旋翼无人机电源管理板故障检测时，应该首先检查电源是否正常工作。（）,单选题,飞行原理,中等,2,是,正确,错误,,,,,正确,,超级管理员,2025-09-18 15:39:14,2025-09-18 15:39:35
04019,在多旋翼无人机电源分配板故障检测中，不需要检查飞控程序是否存在错误。（）,单选题,飞行原理,中等,2,是,正确,错误,,,,,错误,,超级管理员,2025-09-18 15:39:14,2025-09-18 15:39:35
04020,对于电机故障的诊断，通常需要使用（）。工具,单选题,飞行原理,中等,2,是,万用表,温度计,静电手环,超声波测距仪,,,万用表,,超级管理员,2025-09-18 15:39:14,2025-09-18 15:39:35
04021,在电机故障诊断中，如何通过测量电机的电流值来判断电机是否存在故障（）。,单选题,飞行原理,中等,2,是,电流过低表示电机绕组短路,电流过高可能是电机负载过重或电机绕组短路,电流过低通常表示电机工作正常,电流过高不会影响电机的工作状态,,,电流过高可能是电机负载过重或电机绕组短路,,超级管理员,2025-09-18 15:39:14,2025-09-18 15:39:35
04022,多旋翼无人机电机故障排除方法中，（）。是不必要的,单选题,飞行原理,中等,2,是,检查电调、电机以及各设备连接,检查电机轴及桨座轴是否弯曲,检查固定马达与力臂的螺丝是否过长,使用没有问题的电机替换疑似出问题的电调,,,使用没有问题的电机替换疑似出问题的电调,,超级管理员,2025-09-18 15:39:14,2025-09-18 15:39:35
04023,多旋翼无人机电机故障诊断中，（）。是不正确的,单选题,飞行原理,中等,2,是,观察飞行姿态和性能,查电机和电调的连接线,更换掉坏的电机或电调,使用专业的故障诊断工具,,,观察飞行姿态和性能,,超级管理员,2025-09-18 15:39:14,2025-09-18 15:39:35
04024,如果电机过热，应该立即停止飞行并进行降温处理。（）,单选题,飞行原理,中等,2,是,正确,错误,,,,,正确,,超级管理员,2025-09-18 15:39:14,2025-09-18 15:39:35
04025,在多旋翼无人机中，电机故障通常表现为飞行器飞行不稳定、单侧下沉、无法保持平衡等症状。（）,单选题,飞行原理,中等,2,是,正确,错误,,,,,正确,,超级管理员,2025-09-18 15:39:14,2025-09-18 15:39:35
04026,多旋翼无人机在飞行过程中突然失去控制，最可能的原因是（）。,单选题,飞行原理,中等,2,是,电池电量不足,GNSS信号弱,电调故障,控制器故障,,,电调故障,,超级管理员,2025-09-18 15:39:14,2025-09-18 15:39:35
04027,多旋翼无人机在地面检查时，可以通过观察电调指示灯的颜色来初步判断其工作状态，正常工作的电调指示灯应为（）。,单选题,飞行原理,中等,2,是,红色,黄色,绿色,白色,,,绿色,,超级管理员,2025-09-18 15:39:14,2025-09-18 15:39:35
04028,在多旋翼无人机的电调故障诊断中，使用示波器查看PWM信号时，若信号波形不稳定，可能的原因是（）。,单选题,飞行原理,中等,2,是,飞控输出信号异常,电调滤波电路故障,电调驱动部分故障,电池电压过低,,,飞控输出信号异常,,超级管理员,2025-09-18 15:39:14,2025-09-18 15:39:35
04029,在诊断电调故障时，首先应检查（）。,单选题,飞行原理,中等,2,是,无人机的颜色,电调的冷却系统,电调与飞控的连接,无人机的重量,,,电调与飞控的连接,,超级管理员,2025-09-18 15:39:14,2025-09-18 15:39:35
04030,在多旋翼无人机中，电调是控制电机转速的关键部件，如果电调出现故障，会影响无人机的飞行性能。（）,单选题,飞行原理,中等,2,是,正确,错误,,,,,正确,,超级管理员,2025-09-18 15:39:14,2025-09-18 15:39:35
04031,多旋翼无人机在飞行过程中，如果电调异常，可以通过重启无人机和遥控器来解决。（）,单选题,飞行原理,中等,2,是,正确,错误,,,,,正确,,超级管理员,2025-09-18 15:39:14,2025-09-18 15:39:35
04032,在对多旋翼无人机接收机故障进行修复时，需要使用到的工具是（）。,单选题,飞行原理,中等,2,是,钳子、螺丝刀、电烙铁,研磨纸、酒精棉球、放大镜,万用表、示波器、信号发生器,防静电手环、防尘布、绝缘胶带,,,防静电手环、防尘布、绝缘胶带,,超级管理员,2025-09-18 15:39:14,2025-09-18 15:39:35
04033,在诊断接收机故障时，首先应检查（）。,单选题,飞行原理,中等,2,是,无人机的颜色,接收机的电源供应,无人机的重量,电机的转速,,,接收机的电源供应,,超级管理员,2025-09-18 15:39:14,2025-09-18 15:39:35
04034,不是多旋翼无人机接收机的故障类型有（）。,单选题,飞行原理,中等,2,是,电源故障,信号干扰,通信故障,机架损坏,,,机架损坏,,超级管理员,2025-09-18 15:39:14,2025-09-18 15:39:35
04035,不是多旋翼无人机接收机故障的解决方法有（）。,单选题,飞行原理,中等,2,是,更换电池,移动天线避开屏蔽物,修理或更换受损的机械部件,在有强风的空地飞行,,,在有强风的空地飞行,,超级管理员,2025-09-18 15:39:14,2025-09-18 15:39:35
04036,多旋翼无人机接收机故障的常见表现包括飞行不稳定、无法正常悬停，以及控制信号丢失或延迟等。（）,单选题,飞行原理,中等,2,是,正确,错误,,,,,正确,,超级管理员,2025-09-18 15:39:14,2025-09-18 15:39:35
04037,在对多旋翼无人机接收机故障进行修复时，需要注意静电防护，避免静电损坏电子元器件。（）,单选题,飞行原理,中等,2,是,正确,错误,,,,,正确,,超级管理员,2025-09-18 15:39:14,2025-09-18 15:39:35
04038,旋翼无人机配电板的主要作用是（）。,单选题,飞行原理,中等,2,是,控制飞行姿态,给无人机供电,记录飞行数据,实现遥控操作,,,给无人机供电,,超级管理员,2025-09-18 15:39:14,2025-09-18 15:39:35
04039,多旋翼无人机配电板故障的不是主要原因的有（）。,单选题,飞行原理,中等,2,是,电源故障,连接问题,无人机外壳损坏,元件损坏,,,无人机外壳损坏,,超级管理员,2025-09-18 15:39:14,2025-09-18 15:39:35
04040,多旋翼无人机配电板故障排除方法中，（）。方法是最基本的,单选题,飞行原理,中等,2,是,观察法,通杀法,对比法,状态法,,,观察法,,超级管理员,2025-09-18 15:39:14,2025-09-18 15:39:35
04041,在无人机分电板上，电机之间的电压差异较大时，可能会导致（）。,单选题,飞行原理,中等,2,是,无法启动飞控系统,电池电量快速耗尽,飞行姿态不稳定,无法连接地面控制站,,,飞行姿态不稳定,,超级管理员,2025-09-18 15:39:14,2025-09-18 15:39:35
04042,多旋翼无人机分电板负责控制飞行姿态。（）,单选题,飞行原理,中等,2,是,正确,错误,,,,,错误,,超级管理员,2025-09-18 15:39:14,2025-09-18 15:39:35
04043,在诊断多旋翼无人机分电板故障时，应该首先检查电池和充电器是否正常工作。（）,单选题,飞行原理,中等,2,是,正确,错误,,,,,正确,,超级管理员,2025-09-18 15:39:14,2025-09-18 15:39:35
04044,更换电机后，飞行器失去平衡并无法起飞，可能的原因是（）。,单选题,飞行原理,中等,2,是,电机安装方向错误,电池电量充足，但电池连接不稳定,电机没有安装好，导致飞行器重心偏离,电调没有正确匹配电机型号,,,电机没有安装好，导致飞行器重心偏离,,超级管理员,2025-09-18 15:39:14,2025-09-18 15:39:35
04045,在更换多旋翼无人机电机时，需要注意的是（）。,单选题,飞行原理,中等,2,是,快速拆装，节省时间,慢慢拆装，防止损坏,只需更换有问题的电机,可以随意更换电机位置,,,慢慢拆装，防止损坏,,超级管理员,2025-09-18 15:39:14,2025-09-18 15:39:35
04046,在更换电机过程中，（）。是不必要的,单选题,飞行原理,中等,2,是,断开电源,校准电机方向,更换电池,检查电机与飞控的连接,,,更换电池,,超级管理员,2025-09-18 15:39:14,2025-09-18 15:39:35
04047,在更换电机的过程中，（）。操作是错误的,单选题,飞行原理,中等,2,是,使用合适的工具,忽略电机规格,检查所有连接线,确保电机安装牢固,,,忽略电机规格,,超级管理员,2025-09-18 15:39:14,2025-09-18 15:39:35
04048,更换多旋翼无人机电机时，电机与电调的连接线长度不需要精确匹配，只要电调能够提供足够的电力即可,单选题,飞行原理,中等,2,是,选项A,选项B,,,,,选项A,,超级管理员,2025-09-18 15:39:14,2025-09-18 15:39:35
04049,在更换多旋翼无人机电机时，不需要关掉电源，只要拔掉电机与电调的连接线即可。（）,单选题,飞行原理,中等,2,是,正确,错误,,,,,错误,,超级管理员,2025-09-18 15:39:14,2025-09-18 15:39:35
04056,在更换多旋翼无人机接收机时，首先需要断开电源的是（）。部分,单选题,飞行原理,中等,2,是,电池,遥控器,无人机机身,接收机,,,电池,,超级管理员,2025-09-18 15:39:14,2025-09-18 15:39:35
04057,新接收机应该与无人机的（）。通信方式匹配,单选题,飞行原理,中等,2,是,GNSS,蓝牙,Wi-Fi,无线电频率,,,Wi-Fi,,超级管理员,2025-09-18 15:39:14,2025-09-18 15:39:35
04058,更换接收机时需要注意（）。事项,单选题,飞行原理,中等,2,是,无需特殊注意，直接替换即可,需要确保接收机与飞控系统的兼容性,更换后无需进行任何校准或设置,更换接收机后无需考虑飞行安全,,,需要确保接收机与飞控系统的兼容性,,超级管理员,2025-09-18 15:39:14,2025-09-18 15:39:35
04059,在更换接收机后，（）。进行校准,单选题,飞行原理,中等,2,是,无需校准，接收机会自动识别,使用遥控器进行常规校准,通过飞控软件进行校准,无需校准，接收机自带校准功能,,,通过飞控软件进行校准,,超级管理员,2025-09-18 15:39:14,2025-09-18 15:39:35
04060,新接收机可以立即使用而无需任何配置或校准。（）,单选题,飞行原理,中等,2,是,正确,错误,,,,,错误,,超级管理员,2025-09-18 15:39:14,2025-09-18 15:39:35
04061,在更换多旋翼无人机接收机时，需要确保接收机与飞控的连接正确，并且接收机的电源电压应根据接收机的品牌型号等来确定。（）,单选题,飞行原理,中等,2,是,正确,错误,,,,,正确,,超级管理员,2025-09-18 15:39:14,2025-09-18 15:39:35
04062,旋翼无人机配电板在（）。的情况下需要更换,单选题,飞行原理,中等,2,是,电池老化,分电板过热,使用次数过多,手柄损坏,,,分电板过热,,超级管理员,2025-09-18 15:39:14,2025-09-18 15:39:35
04063,更换多旋翼无人机配电板时，需要使用的工具是（）。,单选题,飞行原理,中等,2,是,螺丝刀,锤子,剪刀,油漆刷,,,螺丝刀,,超级管理员,2025-09-18 15:39:14,2025-09-18 15:39:36
04064,如果在更换多旋翼无人机配电板的过程中遇到困难，应该（）。,单选题,飞行原理,中等,2,是,尝试自己解决问题,联系制造商的技术支持,放弃更换，等待专业人士处理,随意尝试不同的解决方案,,,联系制造商的技术支持,,超级管理员,2025-09-18 15:39:14,2025-09-18 15:39:36
04065,在更换多旋翼无人机配电板时，应该首先（）。,单选题,飞行原理,中等,2,是,断开电源,直接更换配电板,检查配电板是否损坏,不需要特别注意什么,,,断开电源,,超级管理员,2025-09-18 15:39:14,2025-09-18 15:39:36
04066,在更换多旋翼无人机分电板时，应先断开电源，以确保安全。（）,单选题,飞行原理,中等,2,是,正确,错误,,,,,正确,,超级管理员,2025-09-18 15:39:14,2025-09-18 15:39:36
04067,在安装新的分电板时，应确保所有连接线都已正确连接，并且没有松动的接点。（）,单选题,飞行原理,中等,2,是,正确,错误,,,,,正确,,超级管理员,2025-09-18 15:39:14,2025-09-18 15:39:36
04068,在进行飞行控制器故障检测时，下列（）检查可以间接判断是否由于紧固性问题引起。,单选题,飞行原理,中等,2,是,测量飞行控制器电压,测试飞行器的起飞和悬停稳定性,检查飞行控制器的固件版本,确认飞行控制器接收到正确的信号,,,测试飞行器的起飞和悬停稳定性,,超级管理员,2025-09-18 15:39:14,2025-09-18 15:39:36
04069,在进行飞行控制器安装时，以下检查项目最能影响整机的紧固性（）。,单选题,飞行原理,中等,2,是,电池连接是否紧固,飞行控制器螺丝是否按规定力矩拧紧,电机与机臂连接的稳定性,无线电模块的固定程度,,,飞行控制器螺丝是否按规定力矩拧紧,,超级管理员,2025-09-18 15:39:14,2025-09-18 15:39:36
04070,飞行控制器故障排查时，下列紧固性检查步骤能够直接影响到控制信号的稳定性（）。,单选题,飞行原理,中等,2,是,检查飞行控制器的外壳是否完好,检查飞行控制器和机身的紧固连接,校准传感器的零点,检查飞行控制器固件是否最新,,,检查飞行控制器和机身的紧固连接,,超级管理员,2025-09-18 15:39:14,2025-09-18 15:39:36
04071,如果飞行控制器出现响应延迟，以下检查可以间接发现可能的紧固性问题的是（）。,单选题,飞行原理,中等,2,是,测量控制器的输入输出信号,确认电池电量和电压,检查飞行控制器与机体连接处是否松动,测试GPS模块是否正常工作,,,检查飞行控制器与机体连接处是否松动,,超级管理员,2025-09-18 15:39:14,2025-09-18 15:39:36
04072,在检测飞行控制器故障时，检查紧固件松动是首要步骤之一，因为松动的紧固件可能导致控制器信号不稳定（ ）,单选题,飞行原理,中等,2,是,正确,错误,,,,,正确,,超级管理员,2025-09-18 15:39:14,2025-09-18 15:39:36
04073,在进行飞行控制器故障诊断时，电池电量不足不会影响飞行控制器的工作稳定性（ ）,单选题,飞行原理,中等,2,是,正确,错误,,,,,错误,,超级管理员,2025-09-18 15:39:14,2025-09-18 15:39:36
04074,在进行飞行控制器故障分析时，以下步骤有助于检查紧固性是否影响控制器的正常工作（）。,单选题,飞行原理,中等,2,是,测试飞行器的航向稳定性,检查所有连接线是否松动,重新校准飞行控制器,确认电池电量是否充足,,,检查所有连接线是否松动,,超级管理员,2025-09-18 15:39:14,2025-09-18 15:39:36
04075,在进行无人机的紧固性检查时，以下部件最可能导致飞行控制器的故障（）。,单选题,飞行原理,中等,2,是,电池舱,电机与螺旋桨的连接,飞行控制器的固定螺丝松动,无线电信号模块,,,飞行控制器的固定螺丝松动,,超级管理员,2025-09-18 15:39:14,2025-09-18 15:39:36
04076,检查飞行控制器时，如果发现电气连接松动，下一步应该首先进行哪个检查（）。,单选题,飞行原理,中等,2,是,重新拧紧飞行控制器的螺丝,检查飞行控制器接口是否有腐蚀,测量电池电压,校准飞行控制器,,,检查飞行控制器接口是否有腐蚀,,超级管理员,2025-09-18 15:39:14,2025-09-18 15:39:36
04077,飞行控制器故障诊断时，如果怀疑紧固性问题，检查（）部分最为关键。,单选题,飞行原理,中等,2,是,控制器和机体的安装接触面,电池连接部分,机臂与机身的连接点,电机和电池的连接,,,控制器和机体的安装接触面,,超级管理员,2025-09-18 15:39:14,2025-09-18 15:39:36
04078,在进行飞行控制器故障诊断时，飞行控制器的螺丝松动可能导致信号不稳定（ ）,单选题,飞行原理,中等,2,是,正确,错误,,,,,正确,,超级管理员,2025-09-18 15:39:14,2025-09-18 15:39:36
04079,紧固性检查主要是检查部件的外观，电气连接不需要特别关注（ ）,单选题,飞行原理,中等,2,是,正确,错误,,,,,错误,,超级管理员,2025-09-18 15:39:14,2025-09-18 15:39:36
04080,在无人机飞行控制器更换过程中，下列最为关键步骤（）。,单选题,飞行原理,中等,2,是,确保电池断电后进行拆卸,使用抗静电工具拆卸控制器,直接连接新控制器进行测试,清洁控制器接头,,,使用抗静电工具拆卸控制器,,超级管理员,2025-09-18 15:39:14,2025-09-18 15:39:36
04081,在进行整机紧固性检查时，以下（）工具对检查飞行控制器的安装最为重要。,单选题,飞行原理,中等,2,是,扭矩扳手,振动测试仪,电气测试仪,目视检查,,,扭矩扳手,,超级管理员,2025-09-18 15:39:14,2025-09-18 15:39:36
04082,当检查无人机的机体连接时，以下不是有效的检查方法（）。,单选题,飞行原理,中等,2,是,使用标准力矩值对螺栓进行紧固,通过手动拧紧螺栓，感受是否到达阻力,. 目视检查紧固部件的外观,利用拉力计对连接件进行拉力测试,,,通过手动拧紧螺栓，感受是否到达阻力,,超级管理员,2025-09-18 15:39:14,2025-09-18 15:39:36
04083,对于无人机飞行控制器更换后，需要检查哪些系统的紧固性以确保正常工作（）。,单选题,飞行原理,中等,2,是,电池仓和机臂的连接,飞行控制器的接口和接线,飞行器的外壳结构,机体表面涂层,,,飞行控制器的接口和接线,,超级管理员,2025-09-18 15:39:14,2025-09-18 15:39:36
04084,更换无人机飞行控制器时，必须先拆卸所有电气连接后再进行设备更换（ ）,单选题,飞行原理,中等,2,是,正确,错误,,,,,正确,,超级管理员,2025-09-18 15:39:14,2025-09-18 15:39:36
04085,在进行紧固性检查时，目视检查所有连接部位的外观即可，不需要工具辅助（ ）,单选题,飞行原理,中等,2,是,正确,错误,,,,,错误,,超级管理员,2025-09-18 15:39:14,2025-09-18 15:39:36
04086,多旋翼无人机飞控计算机需要尽量安装在无人机的（）。位置,单选题,飞行原理,中等,2,是,重心,气动重心,压力中心,随意安装,,,重心,,超级管理员,2025-09-18 15:39:14,2025-09-18 15:39:36
04087,在安装GNSS模块时，需要注意的是（）。,单选题,飞行原理,中等,2,是,确保GNSS天线朝向天空，无遮挡,将GNSS模块直接安装在电机上以增加稳定性,为了整机配平将GNSS模块安装在中心位置,GNSS模块位置对飞行性能无影响,,,确保GNSS天线朝向天空，无遮挡,,超级管理员,2025-09-18 15:39:14,2025-09-18 15:39:36
04088,在装配多旋翼无人机导航飞控系统时，错误的步骤是（）。,单选题,飞行原理,中等,2,是,先装配GNSS模块再装配飞控系统,先装配飞控系统再装配GNSS模块,确保GNSS模块与飞控系统的连接正确,飞控系统需要螺丝拧紧时使用扭矩扳手,,,先装配GNSS模块再装配飞控系统,,超级管理员,2025-09-18 15:39:14,2025-09-18 15:39:36
04089,多旋翼无人机导航飞控系统装配时，不是必需的部件是（）。,单选题,飞行原理,中等,2,是,飞控系统,GNSS模块,电池,摄像头,,,摄像头,,超级管理员,2025-09-18 15:39:14,2025-09-18 15:39:36
04090,多旋翼无人机中心板装配时，不必需的工具是（）。,单选题,飞行原理,中等,2,是,内六角螺丝刀,外六角套筒,扭矩扳手,热风枪,,,热风枪,,超级管理员,2025-09-18 15:39:14,2025-09-18 15:39:36
04091,在无人机中心板上安装飞控，通常安装的位置是（）。,单选题,飞行原理,中等,2,是,边缘以便散热,正面中央区域,背面靠近电池仓,任意位置，无特殊要求,,,正面中央区域,,超级管理员,2025-09-18 15:39:14,2025-09-18 15:39:36
04092,在装配多旋翼无人机中心板前，首先要确认的是（）。,单选题,飞行原理,中等,2,是,中心板与连接件的型号,电机与中心板型号,飞控型号,电机与连接件型号,,,中心板与连接件的型号,,超级管理员,2025-09-18 15:39:14,2025-09-18 15:39:36
04093,组装完成后，检查中心板与机架之间连接牢固度的有效方法是（）。,单选题,飞行原理,中等,2,是,轻轻摇晃无人机观察是否有松动,直接飞行测试,使用专业的振动测试仪,依赖视觉检查连接螺丝是否拧紧,,,轻轻摇晃无人机观察是否有松动,,超级管理员,2025-09-18 15:39:14,2025-09-18 15:39:36
04094,对多旋翼无人机导航飞控系统的校准与测试，可以在装配前进行也可以在装配后进行。（）,单选题,飞行原理,中等,2,是,正确,错误,,,,,错误,,超级管理员,2025-09-18 15:39:14,2025-09-18 15:39:36
04095,多旋翼无人机中心板在装配时需要考虑到和其他零配件的机械连接。（）,单选题,飞行原理,中等,2,是,正确,错误,,,,,正确,,超级管理员,2025-09-18 15:39:14,2025-09-18 15:39:36
04096,紧固多旋翼无人机中心板上的螺丝时，为了不松脱需要用尽全力拧紧。（）,单选题,飞行原理,中等,2,是,正确,错误,,,,,错误,,超级管理员,2025-09-18 15:39:14,2025-09-18 15:39:36
04097,在装配多旋翼无人机电机座时，不必要的步骤是（）。,单选题,飞行原理,中等,2,是,确保电机座与机臂孔位对齐,使用扭矩扳手拧紧电机座螺丝,检查电机座的完整性,给电机座涂上一层防水漆,,,给电机座涂上一层防水漆,,超级管理员,2025-09-18 15:39:14,2025-09-18 15:39:36
04098,电机座与机架之间的固定方式通常是（）。,单选题,飞行原理,中等,2,是,使用螺丝紧固,粘合剂粘贴,弹性绳索连接,焊接固定,,,使用螺丝紧固,,超级管理员,2025-09-18 15:39:14,2025-09-18 15:39:36
04099,装配时，如何确保电机座的水平方向与装配要求一致（）。,单选题,飞行原理,中等,2,是,使用水平仪测量,随意安装后通过飞行测试调整,询问制造商客服,依靠视觉判断,,,使用水平仪测量,,超级管理员,2025-09-18 15:39:14,2025-09-18 15:39:36
04100,电机座安装完成后，稳固性检查无效的是（）。,单选题,飞行原理,中等,2,是,检查螺丝是否拧紧,地面检查后飞行测试观察电机振动情况,使用工具测量电机座与机架之间的间隙,用手晃动电机座检查,,,用手晃动电机座检查,,超级管理员,2025-09-18 15:39:14,2025-09-18 15:39:36
04101,多旋翼无人机电机座装配时，有些不同型号的电机可以使用同一型号的电机座。（）,单选题,飞行原理,中等,2,是,正确,错误,,,,,正确,,超级管理员,2025-09-18 15:39:14,2025-09-18 15:39:36
04102,多旋翼无人机电机座装配时，需要考虑电机线束的走向和固定。（）,单选题,飞行原理,中等,2,是,正确,错误,,,,,正确,,超级管理员,2025-09-18 15:39:14,2025-09-18 15:39:36
04103,在进行无人机整机紧固性检查时，最有效的检查工具是（）。,单选题,飞行原理,中等,2,是,手动扳手,扭矩扳手,振动传感器,测距仪,,,扭矩扳手,,超级管理员,2025-09-18 15:39:14,2025-09-18 15:39:36
04104,检查无人机电池舱的紧固性时，最能确保电池安装的安全方法是（）。,单选题,飞行原理,中等,2,是,使用力矩扳手确保电池盖紧固,目视检查电池舱外部是否完好,通过飞行测试观察电池舱的稳定性,使用压力传感器检测电池舱是否松动,,,使用力矩扳手确保电池盖紧固,,超级管理员,2025-09-18 15:39:14,2025-09-18 15:39:36
04105,在进行无人机紧固性检查时，检查通常最容易被忽视的部位（）。,单选题,飞行原理,中等,2,是,螺旋桨与电机连接处,飞控系统的紧固状态,电池仓的连接件,无线电模块的安装状态,,,电池仓的连接件,,超级管理员,2025-09-18 15:39:14,2025-09-18 15:39:36
04106,无人机紧固性检查过程中，怎样的检查方法能最大程度避免飞行中发生设备松动（）。,单选题,飞行原理,中等,2,是,每次飞行后对所有部件进行完全检查,仅检查螺栓的紧固情况,在飞行前进行目视检查,每次飞行后重新拧紧所有零部件,,,每次飞行后对所有部件进行完全检查,,超级管理员,2025-09-18 15:39:14,2025-09-18 15:39:36
04107,在检查无人机紧固性时，目视检查是最可靠的检查方式，能够发现所有松动问题（ ）,单选题,飞行原理,中等,2,是,正确,错误,,,,,错误,,超级管理员,2025-09-18 15:39:14,2025-09-18 15:39:36
04108,扭矩扳手在紧固性检查中发挥着关键作用，可以避免因松动引发的飞行事故（ ）,单选题,飞行原理,中等,2,是,正确,错误,,,,,正确,,超级管理员,2025-09-18 15:39:14,2025-09-18 15:39:36
04109,由于发动机机油不足导致的故障（）。,单选题,飞行原理,中等,2,是,发动机噪音增大,刹车距离变长,点火时间不准确,行驶过程中动力下降,,,发动机噪音增大,,超级管理员,2025-09-18 15:39:14,2025-09-18 15:39:36
04110,机械设备故障诊断中，不是常用的诊断技术（）。,单选题,飞行原理,中等,2,是,振动分析法,红外测温技术,超声波检测技术,电磁检测技术,,,电磁检测技术,,超级管理员,2025-09-18 15:39:14,2025-09-18 15:39:36
04111,在无人机故障诊断过程中，最可能导致无人机无法起飞或飞行不稳定的故障是（）。,单选题,飞行原理,中等,2,是,电池,电机,飞控系统,遥控器,,,电机,,超级管理员,2025-09-18 15:39:14,2025-09-18 15:39:36
04112,在无人机故障诊断过程中，常用于检测作动器的故障方法（）。,单选题,飞行原理,中等,2,是,振动分析,电流分析,温度监测,声音分析,,,振动分析,,超级管理员,2025-09-18 15:39:14,2025-09-18 15:39:37
04113,零部件故障诊断和维修报告单只需记录维修内容，而不需要注明是否进行了后续测试验证。（）,单选题,飞行原理,中等,2,是,正确,错误,,,,,错误,,超级管理员,2025-09-18 15:39:14,2025-09-18 15:39:37
04114,零部件故障诊断和维修报告单中，维修质量验证的部分可以省略，如果维修人员认为设备已经恢复正常工作。（）,单选题,飞行原理,中等,2,是,正确,错误,,,,,错误,,超级管理员,2025-09-18 15:39:14,2025-09-18 15:39:37
04115,在进行无人机整机紧固性检查时，最有效的检测方法是（）。,单选题,飞行原理,中等,2,是,目视检查所有螺栓和连接件,使用力矩扳手对螺栓进行标准力矩检查,使用振动传感器检测飞行过程中的松动,通过飞行数据分析检测松动部件,,,使用力矩扳手对螺栓进行标准力矩检查,,超级管理员,2025-09-18 15:39:14,2025-09-18 15:39:37
04116,对于无人机机臂与机身连接部分的紧固性检查，最关键的步骤是（）。,单选题,飞行原理,中等,2,是,目视检查连接部位的外观,使用扭矩扳手检查连接螺栓的紧固力矩,对机臂进行物理拉力测试,只依靠飞行数据日志确认是否松动,,,使用扭矩扳手检查连接螺栓的紧固力矩,,超级管理员,2025-09-18 15:39:14,2025-09-18 15:39:37
04117,在无人机紧固性检查中，最能防止螺旋桨松动故障的发生操作（）。,单选题,飞行原理,中等,2,是,使用电动工具快速拧紧螺旋桨,定期检查螺旋桨的叶片磨损情况,使用扭矩扳手对螺旋桨进行精确的力矩测试,在每次飞行前后重新安装螺旋桨,,,使用扭矩扳手对螺旋桨进行精确的力矩测试,,超级管理员,2025-09-18 15:39:14,2025-09-18 15:39:37
04118,在维修无人机时，以下确认喷洒系统是否存在松动的风险（）。,单选题,飞行原理,中等,2,是,检查喷洒泵的工作状态,通过视觉检查喷头是否有裂纹,使用力矩扳手检查喷洒系统的连接螺栓,过飞行后的测试数据分析喷洒系统的稳定性,,,使用力矩扳手检查喷洒系统的连接螺栓,,超级管理员,2025-09-18 15:39:14,2025-09-18 15:39:37
04119,进行无人机整机紧固性检查时，只需关注机臂和螺旋桨的紧固性，其他部件可忽略（ ）,单选题,飞行原理,中等,2,是,正确,错误,,,,,错误,,超级管理员,2025-09-18 15:39:14,2025-09-18 15:39:37
04120,紧固性检查的过程应该根据无人机的型号和使用环境的不同，采取不同的紧固力矩标准（ ）,单选题,飞行原理,中等,2,是,正确,错误,,,,,正确,,超级管理员,2025-09-18 15:39:14,2025-09-18 15:39:37
04121,在进行无人机整机紧固性检查时，最有效的工具是（）。,单选题,飞行原理,中等,2,是,电动螺丝刀,扭力扳手,螺母检查仪,测距仪,,,扭力扳手,,超级管理员,2025-09-18 15:39:14,2025-09-18 15:39:37
04122,在紧固性检查过程中，对于每个紧固件的检查，应该按照（）步骤进行。,单选题,飞行原理,中等,2,是,首先检查紧固件的磨损程度，然后检查紧固力,检查紧固件的润滑状态，再检查紧固力,根据飞行时间检查紧固件的松动情况,通过视觉检查，直接判断是否松动,,,首先检查紧固件的磨损程度，然后检查紧固力,,超级管理员,2025-09-18 15:39:14,2025-09-18 15:39:37
04123,在无人机整机紧固性检查中，常见的隐患是（）。,单选题,飞行原理,中等,2,是,紧固件的螺纹损坏,无人机外观的腐蚀,电池老化,飞控系统的软件版本问题,,,紧固件的螺纹损坏,,超级管理员,2025-09-18 15:39:14,2025-09-18 15:39:37
04124,对于紧固性检查后的修正，最合适的措施是（）。,单选题,飞行原理,中等,2,是,如果有松动，立即重新紧固，使用标准工具,只需使用手动工具调整即可,使用焊接固定松动部件,暂时不进行修正，待下次检查,,,如果有松动，立即重新紧固，使用标准工具,,超级管理员,2025-09-18 15:39:14,2025-09-18 15:39:37
04125,在进行无人机整机紧固性检查时，应使用目视检查来判断所有螺丝是否紧固到位，而无需使用任何工具。（）,单选题,飞行原理,中等,2,是,正确,错误,,,,,错误,,超级管理员,2025-09-18 15:39:14,2025-09-18 15:39:37
04126,紧固性检查需要对每个螺丝进行逐一检查，并使用合适的工具来确保其达到规定的扭矩值。（）,单选题,飞行原理,中等,2,是,正确,错误,,,,,正确,,超级管理员,2025-09-18 15:39:14,2025-09-18 15:39:37
04127,在整机稳定性检查过程中，针对螺栓松动的问题，应该使用哪种方法确保紧固性（）。,单选题,飞行原理,中等,2,是,目视检查,使用手动工具进行紧固,使用扭矩扳手测量,用加热法进行处理,,,使用扭矩扳手测量,,超级管理员,2025-09-18 15:39:14,2025-09-18 15:39:37
04128,在检查无人机稳定性时，若发现螺栓有腐蚀痕迹，下一步应采取的措施是（）。,单选题,飞行原理,中等,2,是,继续使用原螺栓,立即更换螺栓并进行新的紧固检查,使用润滑油修复,忽略腐蚀痕迹，继续飞行,,,立即更换螺栓并进行新的紧固检查,,超级管理员,2025-09-18 15:39:14,2025-09-18 15:39:37
04129,当进行整机紧固性检查时，如果一个紧固件明显过紧，最可能的原因是（）。,单选题,飞行原理,中等,2,是,紧固过度导致螺纹损坏,紧固件质量较差,材料耐受性不够,紧固工具错误,,,紧固过度导致螺纹损坏,,超级管理员,2025-09-18 15:39:14,2025-09-18 15:39:37
04130,在执行整机稳定性检查时，除了紧固件外，还应检查哪些因素（）。,单选题,飞行原理,中等,2,是,电池电量,传感器校准状态,电机连接线的绝缘情况,固件版本,,,电机连接线的绝缘情况,,超级管理员,2025-09-18 15:39:14,2025-09-18 15:39:37
04131,整机稳定性检查时，只有电机和螺旋桨需要重点检查，其他紧固件可以忽略。（）,单选题,飞行原理,中等,2,是,正确,错误,,,,,错误,,超级管理员,2025-09-18 15:39:14,2025-09-18 15:39:37
04132,紧固性检查仅仅需要检查螺丝是否被紧固，无需考虑螺纹是否损坏或腐蚀。（）,单选题,飞行原理,中等,2,是,正确,错误,,,,,错误,,超级管理员,2025-09-18 15:39:14,2025-09-18 15:39:37
04133,在进行整机功能性检查时，如何确保紧固件不会因长时间飞行而松动（）。,单选题,飞行原理,中等,2,是,仅通过定期检查紧固件,使用标准的扭矩值进行每次检查,使用锁紧胶或特殊的防松螺母,只在出现问题时进行检查,,,使用锁紧胶或特殊的防松螺母,,超级管理员,2025-09-18 15:39:14,2025-09-18 15:39:37
04134,在进行紧固性检查时，以下不属于有效的检查工具（）。,单选题,飞行原理,中等,2,是,扭矩扳手,手动螺丝刀,激光测距仪,紧固件检查仪,,,激光测距仪,,超级管理员,2025-09-18 15:39:14,2025-09-18 15:39:37
04135,如果在功能性检查中发现紧固件有松动的迹象，最有效的解决方案是（）。,单选题,飞行原理,中等,2,是,用手紧固并继续飞行,使用电动工具快速拧紧,使用专用工具按规范扭矩值进行紧固,暂时忽略并在下次检查时再处理,,,使用专用工具按规范扭矩值进行紧固,,超级管理员,2025-09-18 15:39:14,2025-09-18 15:39:37
04136,在检查无人机的紧固性时，如何确保稳定性检查的全面性（）。,单选题,飞行原理,中等,2,是,只检查电池仓和电机的紧固情况,检查所有关键部件的紧固情况，包括电机、传感器和载荷系统,仅检查螺旋桨和电池固定装置,通过目视检查所有部件即可,,,检查所有关键部件的紧固情况，包括电机、传感器和载荷系统,,超级管理员,2025-09-18 15:39:14,2025-09-18 15:39:37
04137,多旋翼无人机在作业前整机稳定性检查中，将无人机放在不平坦的地面上进行检查是可以接受的。（）,单选题,飞行原理,中等,2,是,正确,错误,,,,,错误,,超级管理员,2025-09-18 15:39:14,2025-09-18 15:39:37
04138,在多旋翼无人机作业前，需要检查无人机的重心位置是否正确。（）,单选题,飞行原理,中等,2,是,正确,错误,,,,,正确,,超级管理员,2025-09-18 15:39:14,2025-09-18 15:39:37
04139,在更换无人机易损件时，最有助于确保紧固件没有受损或松动的方法是（）。,单选题,飞行原理,中等,2,是,目视检查所有紧固件,使用扭矩扳手确保每个紧固件达到标准,仅检查电机部分的紧固性,用手触摸紧固件判断其牢固度,,,使用扭矩扳手确保每个紧固件达到标准,,超级管理员,2025-09-18 15:39:14,2025-09-18 15:39:37
04140,在更换无人机易损件时，以下（）步骤是必要的，以确保更换后的紧固件完全符合要求。,单选题,飞行原理,中等,2,是,仅更换易损件，不需要检查周围紧固件,对所有紧固件使用规范扭矩值进行检查,仅检查重要部件，如电池和电机,忽略紧固件的检查，专注于部件本身,,,对所有紧固件使用规范扭矩值进行检查,,超级管理员,2025-09-18 15:39:14,2025-09-18 15:39:37
04141,为确保易损件更换后的紧固性检查完整，最有效的工具是（）。,单选题,飞行原理,中等,2,是,电动螺丝刀,扭矩扳手和扭矩指示器,液压螺栓紧固工具,紧固件检验表,,,扭矩扳手和扭矩指示器,,超级管理员,2025-09-18 15:39:14,2025-09-18 15:39:37
04142,在更换无人机易损件的过程中，下列最有效地避免因紧固件松动而导致的事故的措施是（）。,单选题,飞行原理,中等,2,是,使用过度扭矩进行紧固,根据飞行时长设置定期检查时间表,使用锁紧胶或防松螺母,忽略部分松动的紧固件，只检查关键部件,,,使用锁紧胶或防松螺母,,超级管理员,2025-09-18 15:39:14,2025-09-18 15:39:37
04143,更换无人机易损件时，只要更换新零件并安装在原位置，不需要进一步检查紧固件的状况。（）,单选题,飞行原理,中等,2,是,正确,错误,,,,,错误,,超级管理员,2025-09-18 15:39:14,2025-09-18 15:39:37
04144,在紧固性检查中，使用扭矩扳手可以帮助判断紧固件是否达到制造商推荐的紧固力。（）,单选题,飞行原理,中等,2,是,正确,错误,,,,,正确,,超级管理员,2025-09-18 15:39:14,2025-09-18 15:39:37
04145,在进行无人机任务载荷紧固性检查时，以下（）方法能有效防止载荷松动问题。,单选题,飞行原理,中等,2,是,只检查连接螺栓的紧固性,使用标准的扭矩值进行全面紧固检查,每次任务结束后进行简单的目视检查,仅在有故障报告时进行紧固性检查,,,使用标准的扭矩值进行全面紧固检查,,超级管理员,2025-09-18 15:39:14,2025-09-18 15:39:37
04146,在进行多旋翼无人机的任务载荷紧固性检查时，首先应该做（）。,单选题,飞行原理,中等,2,是,直接飞行测试以观察载荷是否稳固,检查所有用于固定载荷的螺丝和扣件是否拧紧,更换所有固定螺丝以确保安全,,,,直接飞行测试以观察载荷是否稳固,,超级管理员,2025-09-18 15:39:14,2025-09-18 15:39:37
04147,对于特殊任务载荷的紧固性检查，最理想的操作是（）。,单选题,飞行原理,中等,2,是,只对关键部件进行检查,每次检查所有载荷固定点,在无人机起飞前后各检查一次,仅检查固定螺母部分，不检查连接杆,,,每次检查所有载荷固定点,,超级管理员,2025-09-18 15:39:14,2025-09-18 15:39:37
04148,在检查无人机任务载荷的紧固性时，最重要的检查对象是（）。,单选题,飞行原理,中等,2,是,电池和电机的紧固件,载荷挂载点的紧固件,机身与机臂之间的连接部分,传感器固定部分,,,载荷挂载点的紧固件,,超级管理员,2025-09-18 15:39:14,2025-09-18 15:39:37
04149,对于任务载荷紧固性检查，目视检查足以确保载荷紧固良好，无需使用专用工具。（）,单选题,飞行原理,中等,2,是,正确,错误,,,,,错误,,超级管理员,2025-09-18 15:39:14,2025-09-18 15:39:37
04150,在紧固性检查中，使用扭矩工具对载荷固定点进行检查是确保紧固可靠性的有效方法。（）,单选题,飞行原理,中等,2,是,正确,错误,,,,,正确,,超级管理员,2025-09-18 15:39:14,2025-09-18 15:39:37
04151,在任务载荷的稳定性检查中，使用（）工具可以更有效地模拟载荷在飞行过程中的稳定性。,单选题,飞行原理,中等,2,是,动态载荷测试设备,扭矩扳手,目视检测工具,声音传感器,,,扭矩扳手,,超级管理员,2025-09-18 15:39:14,2025-09-18 15:39:37
04152,在执行无人机任务载荷稳定性检查时，有助于检测载荷是否会因震动或飞行状态改变而产生位移的措施是（）。,单选题,飞行原理,中等,2,是,目视检查载荷固定点是否损坏,使用专用扭矩工具对载荷固定点进行标准化检测,检查载荷在起飞和着陆时的动态表现,在飞行前进行简单的摇动测试,,,目视检查载荷固定点是否损坏,,超级管理员,2025-09-18 15:39:14,2025-09-18 15:39:37
04153,在进行任务载荷稳定性检查时，以下（）因素最能影响载荷固定点的可靠性。,单选题,飞行原理,中等,2,是,连接件材料的耐用性和承载能力,飞行过程中载荷的重量波动,任务载荷与机身的连接部位是否涂抹润滑油,飞行时间与飞行次数的关系,,,飞行过程中载荷的重量波动,,超级管理员,2025-09-18 15:39:14,2025-09-18 15:39:37
04154,任务载荷稳定性检查时，最能防止载荷在飞行过程中发生意外脱落的方法是（）。,单选题,飞行原理,中等,2,是,使用标准扭矩值检查所有固定点的紧固性,使用动态检测工具模拟飞行状态的载荷变化,只检查电池和电机部分的紧固性,检查载荷固定点是否有明显的损伤,,,使用标准扭矩值检查所有固定点的紧固性,,超级管理员,2025-09-18 15:39:14,2025-09-18 15:39:37
04155,多旋翼无人机作业后，遥控器摇杆需要处于中位状态。（）,单选题,飞行原理,中等,2,是,正确,错误,,,,,错误,,超级管理员,2025-09-18 15:39:14,2025-09-18 15:39:37
04156,对于任务载荷稳定性检查，模拟飞行环境下的载荷测试是唯一保证其稳定性的方法。（）,单选题,飞行原理,中等,2,是,正确,错误,,,,,错误,,超级管理员,2025-09-18 15:39:14,2025-09-18 15:39:37
04157,在进行任务载荷功能性检查时，最能确保载荷在飞行过程中正确执行任务的方法（）。,单选题,飞行原理,中等,2,是,仅检查载荷固定点的紧固性,检查载荷是否与无人机系统兼容并进行功能测试,只进行静态测试，忽略飞行中的动态负荷,在飞行前仅进行目视检查,,,检查载荷是否与无人机系统兼容并进行功能测试,,超级管理员,2025-09-18 15:39:14,2025-09-18 15:39:37
04158,在任务载荷功能性检查中，以下确保载荷在飞行中能正常工作的重要步骤（）。,单选题,飞行原理,中等,2,是,对载荷的电气连接进行检查并确保无松动,仅对螺栓和紧固件进行检查，忽略载荷的电气部分,在地面进行功能测试，不进行任何飞行模拟,通过无线信号强度检测载荷的工作状态,,,对载荷的电气连接进行检查并确保无松动,,超级管理员,2025-09-18 15:39:14,2025-09-18 15:39:37
04159,"任务载荷功能性检查时,可以有效评估载荷的长期可靠性的测试方法是（）。",单选题,飞行原理,中等,2,是,动态飞行模拟测试，观察载荷在不同飞行条件下的表现,只进行手动测试，忽略飞行过程中的载荷表现,通过静态负荷测试来验证载荷功能,只检查载荷的物理稳定性，忽略功能性能,,,动态飞行模拟测试，观察载荷在不同飞行条件下的表现,,超级管理员,2025-09-18 15:39:14,2025-09-18 15:39:38
04160,在进行任务载荷功能性检查时，最应该关注的方面是（）。,单选题,飞行原理,中等,2,是,载荷的外观和外形是否有损伤,载荷是否能够在不同工作环境下执行任务,载荷的重量和机身的适配性,载荷固定点的紧固性和结构完整性,,,载荷是否能够在不同工作环境下执行任务,,超级管理员,2025-09-18 15:39:14,2025-09-18 15:39:38
04161,在任务载荷功能性检查中，进行电气系统的检测是确保载荷功能正常的重要步骤。（）,单选题,飞行原理,中等,2,是,正确,错误,,,,,正确,,超级管理员,2025-09-18 15:39:14,2025-09-18 15:39:38
04162,仅依靠静态测试不足以确保任务载荷在飞行中的功能性，动态测试同样重要。（）,单选题,飞行原理,中等,2,是,正确,错误,,,,,正确,,超级管理员,2025-09-18 15:39:14,2025-09-18 15:39:38
04163,在执行任务载荷易损件更换时，以下步骤最能确保新件与整机系统的兼容性（）。,单选题,飞行原理,中等,2,是,检查新件的尺寸和重量是否符合原厂规格,仅检查易损件的外观是否完好,只关注固定件的紧固性,更换所有电池组件,,,检查新件的尺寸和重量是否符合原厂规格,,超级管理员,2025-09-18 15:39:14,2025-09-18 15:39:38
04164,在任务载荷易损件更换过程中，以下操作是必要的，以确保任务载荷的稳定性和功能性（）。,单选题,飞行原理,中等,2,是,确保易损件与其他系统部件的连接没有松动,仅更换损坏的零部件，不进行其他检查,通过目视检查确认零件没有损坏,重新校准整机的飞行控制系统,,,确保易损件与其他系统部件的连接没有松动,,超级管理员,2025-09-18 15:39:14,2025-09-18 15:39:38
04165,对任务载荷易损件进行更换时，最能防止安装过程中发生意外故障的环节是（）。,单选题,飞行原理,中等,2,是,使用符合标准的工具进行紧固和安装,仅通过检查外部零件进行替换,跳过固定点的扭矩检查,只进行静态负载测试，不进行动态飞行验证,,,使用符合标准的工具进行紧固和安装,,超级管理员,2025-09-18 15:39:14,2025-09-18 15:39:38
04166,在任务载荷易损件更换后，最有助于确保系统的正常工作的检查（）。,单选题,飞行原理,中等,2,是,进行飞行前的完整功能测试,只进行电气系统的检查,进行单纯的视觉检查,只检查任务载荷的外形变化,,,进行飞行前的完整功能测试,,超级管理员,2025-09-18 15:39:14,2025-09-18 15:39:38
04167,在更换任务载荷易损件时，所有的紧固点和连接件都应在更换后进行重新校准。（）,单选题,飞行原理,中等,2,是,正确,错误,,,,,正确,,超级管理员,2025-09-18 15:39:14,2025-09-18 15:39:38
04168,对于任务载荷易损件更换后，系统的功能性测试和飞行测试是保证新零件兼容性和稳定性的必要步骤。（）,单选题,飞行原理,中等,2,是,正确,错误,,,,,正确,,超级管理员,2025-09-18 15:39:14,2025-09-18 15:39:38
04169,在进行整机定期维护保养时，最重要的紧固性检查环节是（）。,单选题,飞行原理,中等,2,是,检查螺栓和紧固件的扭矩值是否符合规定,仅检查电池安装是否稳固,仅检查机身外观和外部附件,检查传感器的信号强度,,,检查螺栓和紧固件的扭矩值是否符合规定,,超级管理员,2025-09-18 15:39:14,2025-09-18 15:39:38
04170,在进行整机紧固性检查时，为了确保所有部件的稳定性，以下（）零部件的检查应该优先进行。,单选题,飞行原理,中等,2,是,电气连接部分,固定机身和翼部的螺栓连接,传感器和导航系统的连接件,飞控系统的电气接口,,,固定机身和翼部的螺栓连接,,超级管理员,2025-09-18 15:39:14,2025-09-18 15:39:38
04171,对于无人机在定期维护时的紧固性检查，下列（）操作是保证长时间飞行安全的重要步骤。,单选题,飞行原理,中等,2,是,仅检查螺栓是否松动,检查所有紧固点的扭矩，并按规定值进行调整,只进行目视检查，不进行实际的拧紧测试,在外部进行简单的拍打检查,,,检查所有紧固点的扭矩，并按规定值进行调整,,超级管理员,2025-09-18 15:39:14,2025-09-18 15:39:38
04172,"在整机定期维护过程中,以下（）部件的紧固性检查不能忽视，以避免飞行过程中发生结构性故障。",单选题,飞行原理,中等,2,是,电池和电气连接,飞行控制系统的电池接口,机身、机翼、螺旋桨和任务载荷的连接,仅检查机身表面的油漆情况,,,机身、机翼、螺旋桨和任务载荷的连接,,超级管理员,2025-09-18 15:39:14,2025-09-18 15:39:38
04173,定期检查时，螺栓的紧固性不需要与飞行条件的动态负荷相结合进行评估。（）,单选题,飞行原理,中等,2,是,正确,错误,,,,,错误,,超级管理员,2025-09-18 15:39:14,2025-09-18 15:39:38
04174,进行整机定期维护时，紧固性检查应包括对所有负载和应力点的评估，以确保安全飞行。（）,单选题,飞行原理,中等,2,是,正确,错误,,,,,正确,,超级管理员,2025-09-18 15:39:14,2025-09-18 15:39:38
04175,在整机定期维护保养中，针对紧固性检查，最重要的操作是（）。,单选题,飞行原理,中等,2,是,检查所有螺栓的扭矩并进行必要的调整,目视检查所有连接点是否完好,仅检查电池和飞行控制系统的连接,仅检查外部传感器的安装情况,,,检查所有螺栓的扭矩并进行必要的调整,,超级管理员,2025-09-18 15:39:14,2025-09-18 15:39:38
04176,在进行整机紧固性检查时，以下（）检查可以帮助避免因振动或外力导致的紧固件松动。,单选题,飞行原理,中等,2,是,使用扭矩扳手确保所有连接点的紧固力达到规格要求,仅对机身外部进行视觉检查,仅检查电气接头是否完好,仅检查螺旋桨和机身的连接情况,,,使用扭矩扳手确保所有连接点的紧固力达到规格要求,,超级管理员,2025-09-18 15:39:14,2025-09-18 15:39:38
04177,在定期检查时，以下（）环节对确保无人机飞行时结构稳定性至关重要。,单选题,飞行原理,中等,2,是,检查机翼与机身之间的连接处是否存在松动,检查电池电压是否在正常范围内,只检查机身外观有无损伤,只对飞行控制系统进行功能性检查,,,检查机翼与机身之间的连接处是否存在松动,,超级管理员,2025-09-18 15:39:14,2025-09-18 15:39:38
04178,整机定期维护中，以下（）操作最能防止飞行中由于紧固件松动引起的安全问题。,单选题,飞行原理,中等,2,是,按照制造商手册要求定期检查和调整所有螺栓的扭矩,仅进行外观检查,检查电池的连接是否稳固,跳过飞行前的紧固性检查,,,按照制造商手册要求定期检查和调整所有螺栓的扭矩,,超级管理员,2025-09-18 15:39:14,2025-09-18 15:39:38
04179,在整机紧固性检查过程中，所有紧固点的检查应根据飞行负荷进行不同的检查标准。（）,单选题,飞行原理,中等,2,是,正确,错误,,,,,正确,,超级管理员,2025-09-18 15:39:14,2025-09-18 15:39:38
04180,定期维保时，只要外部连接没有松动，就可以认为内部紧固也没有问题。（）,单选题,飞行原理,中等,2,是,正确,错误,,,,,错误,,超级管理员,2025-09-18 15:39:14,2025-09-18 15:39:38
04181,在进行整机紧固性检查时，以下（）方法有助于提高检查的准确性和减少人为错误。,单选题,飞行原理,中等,2,是,仅依靠手动感知紧固力,使用专用扭矩工具进行定量校准检查,对紧固件进行简单的视觉检查,根据飞行时间估算紧固件的磨损情况,,,使用专用扭矩工具进行定量校准检查,,超级管理员,2025-09-18 15:39:14,2025-09-18 15:39:38
04182,对于无人机定期维护中的紧固性检查，下列最能确保连接点在长期飞行中的稳定性的是（）。,单选题,飞行原理,中等,2,是,通过静态荷载测试来检测螺栓的紧固力,使用预设的扭矩值检查所有螺栓,只进行目视检查而不实际测量,定期清洁连接点，防止腐蚀,,,使用预设的扭矩值检查所有螺栓,,超级管理员,2025-09-18 15:39:14,2025-09-18 15:39:38
04183,在整机定期检查时，以下最适合评估紧固性对飞行稳定性的影响的步骤（）。,单选题,飞行原理,中等,2,是,使用振动分析工具检查所有紧固点,仅检查电气连接点的稳固性,仅关注机身外部的外观检查,检查螺栓是否有外部腐蚀现象,,,使用振动分析工具检查所有紧固点,,超级管理员,2025-09-18 15:39:14,2025-09-18 15:39:38
04184,整机定期保养中，以下（）部件的紧固性检查可以有效预防飞行中发生故障。,单选题,飞行原理,中等,2,是,机翼与机身连接处的螺栓,仅检查电池舱的连接点,传感器与飞行控制系统之间的连接,机身表面油漆层的完好性,,,机翼与机身连接处的螺栓,,超级管理员,2025-09-18 15:39:14,2025-09-18 15:39:38
04185,定期进行整机紧固性检查时，螺栓的扭矩值应该根据飞行任务的类型进行动态调整。（）,单选题,飞行原理,中等,2,是,正确,错误,,,,,正确,,超级管理员,2025-09-18 15:39:14,2025-09-18 15:39:38
04186,整机维保时，检查螺栓和紧固件的扭矩值时，应该完全依赖手动拧紧感知而非仪器工具。（）,单选题,飞行原理,中等,2,是,正确,错误,,,,,错误,,超级管理员,2025-09-18 15:39:14,2025-09-18 15:39:38
04187,在航测系统定期维护保养过程中，进行整机紧固性检查时，哪个步骤最能确保紧固件不会因长期振动而松动（）。,单选题,飞行原理,中等,2,是,使用定期校准的扭矩扳手检查所有螺栓,仅进行目视检查外部螺栓的紧固情况,定期替换所有紧固件,仅检查外部传感器连接点的稳固性,,,使用定期校准的扭矩扳手检查所有螺栓,,超级管理员,2025-09-18 15:39:14,2025-09-18 15:39:38
04188,在检查航测系统的整机紧固性时，以下（）操作最能保证飞行时设备的安全性。,单选题,飞行原理,中等,2,是,对所有的紧固点进行标准化的扭矩检查,仅检查飞机的外观无损伤,仅针对电池和飞行控制系统进行检查,跳过螺栓的检查，专注于电气系统,,,对所有的紧固点进行标准化的扭矩检查,,超级管理员,2025-09-18 15:39:14,2025-09-18 15:39:38
04189,进行整机紧固性检查时，为确保紧固件的工作负荷不被过度施加，下列操作最为有效的是（）。,单选题,飞行原理,中等,2,是,每次检查时都使用经过标准化的扭矩值,检查时只关心螺栓的外观,随机检查紧固件，而不是所有紧固点,检查时不考虑飞行负荷，只关注紧固件的磨损情况,,,每次检查时都使用经过标准化的扭矩值,,超级管理员,2025-09-18 15:39:14,2025-09-18 15:39:38
04190,在进行整机紧固性检查时，下列措施能够有效防止螺栓因高频振动而松动（）。,单选题,飞行原理,中等,2,是,采用防松型螺母和锁紧垫圈,仅通过清洁所有螺栓来检查紧固情况,只检查外部连接点的腐蚀,定期调整机身的结构以减少振动,,,采用防松型螺母和锁紧垫圈,,超级管理员,2025-09-18 15:39:14,2025-09-18 15:39:38
04191,在航测系统的整机维护过程中，螺栓的扭矩检查应根据飞行任务类型和环境变化进行调整。（）,单选题,飞行原理,中等,2,是,正确,错误,,,,,正确,,超级管理员,2025-09-18 15:39:14,2025-09-18 15:39:38
04192,在进行紧固性检查时，如果发现某一螺栓松动，但无法立刻调整，应继续飞行直到下次维保。（）,单选题,飞行原理,中等,2,是,正确,错误,,,,,错误,,超级管理员,2025-09-18 15:39:14,2025-09-18 15:39:38
04193,在航测系统定期维保中，如何确保整机紧固性检查的精确性，避免因紧固不足导致的系统故障（）。,单选题,飞行原理,中等,2,是,仅依赖外部视觉检查，忽略内部螺栓,使用扭矩扳手，并根据厂商提供的标准值进行调整,每次检查只关注机体外部,通过外力直接测试螺栓的稳定性,,,使用扭矩扳手，并根据厂商提供的标准值进行调整,,超级管理员,2025-09-18 15:39:14,2025-09-18 15:39:38
04194,在无人机航测系统维保中，紧固性检查应当优先关注以下（）部分。,单选题,飞行原理,中等,2,是,电池舱内的紧固点,飞行控制系统与机体连接点,螺旋桨安装部分,机身外部的涂层,,,飞行控制系统与机体连接点,,超级管理员,2025-09-18 15:39:14,2025-09-18 15:39:38
04195,对于航测系统中的紧固性检查，以下方法最适用于减少因振动造成的松动风险（）。,单选题,飞行原理,中等,2,是,每次飞行后直接拧紧所有螺栓,使用锁紧垫圈和防松螺母进行紧固,仅在故障发生后进行紧固检查,不进行定期检查，仅在维护期进行一次检查,,,使用锁紧垫圈和防松螺母进行紧固,,超级管理员,2025-09-18 15:39:14,2025-09-18 15:39:38
04196,为确保无人机航测系统整机的紧固性，定期检查时应将重点放在（）。,单选题,飞行原理,中等,2,是,紧固件的外观检查,每个连接点的标准扭矩验证,飞行结束后的清洁和润滑,电池和传感器的定期更换,,,每个连接点的标准扭矩验证,,超级管理员,2025-09-18 15:39:14,2025-09-18 15:39:38
04197,紧固性检查时，所有紧固件的扭矩值必须完全按照原厂标准执行，不能根据飞行环境或任务进行调整。（）,单选题,飞行原理,中等,2,是,正确,错误,,,,,错误,,超级管理员,2025-09-18 15:39:14,2025-09-18 15:39:38
04198,在航测系统的维保过程中，对于任何松动的紧固件，应该立即进行调整，而不是等待下次检查。（）,单选题,飞行原理,中等,2,是,正确,错误,,,,,正确,,超级管理员,2025-09-18 15:39:14,2025-09-18 15:39:38
04199,在航测系统定期维保过程中，进行整机紧固性检查时，采用何种方法能够有效减少紧固件因振动引起的松动问题（）。,单选题,飞行原理,中等,2,是,使用标准化扭矩值进行每个紧固点的拧紧,只进行目视检查，忽略使用工具,仅检查机身外观和电池接触点,使用润滑剂涂抹所有紧固件表面,,,使用标准化扭矩值进行每个紧固点的拧紧,,超级管理员,2025-09-18 15:39:14,2025-09-18 15:39:38
04200,对于航测系统的整机紧固性检查，最能确保螺栓和紧固件在长期使用中保持稳定性的方法是（）。,单选题,飞行原理,中等,2,是,检查时仅对外部部件进行紧固,在每次飞行后更换所有紧固件,定期清洁所有螺栓和紧固件表面,,,,在每次飞行后更换所有紧固件,,超级管理员,2025-09-18 15:39:14,2025-09-18 15:56:56
04201,在执行整机紧固性检查时，以下做法最能提高维保检查的效率和安全性（）。,单选题,飞行原理,中等,2,是,针对所有紧固件和连接点使用统一的标准扭矩值进行检查,随机选择几个连接点进行检查,只检查主框架的紧固性，忽略其他部件,每次检查后，不记录检查结果，依赖经验进行调整,,,针对所有紧固件和连接点使用统一的标准扭矩值进行检查,,超级管理员,2025-09-18 15:39:14,2025-09-18 15:39:38
04202,在进行航测系统紧固性检查时，有助于提高螺栓的抗松动能力的措施是（）。,单选题,飞行原理,中等,2,是,使用防松螺母和垫圈,定期清洗紧固件并保持表面光滑,每次检查时只检查外部连接点,采用低扭矩设置检查所有紧固件,,,使用防松螺母和垫圈,,超级管理员,2025-09-18 15:39:14,2025-09-18 15:39:38
04203,整机紧固性检查应只依赖人工目视检查，避免过度使用检查工具，这样可以提升检查效率。（）,单选题,飞行原理,中等,2,是,正确,错误,,,,,错误,,超级管理员,2025-09-18 15:39:14,2025-09-18 15:39:38
04204,对于无人机航测系统的紧固性检查，应根据飞行环境的变化调整扭矩值，以确保各部件的稳定性。（）,单选题,飞行原理,中等,2,是,正确,错误,,,,,正确,,超级管理员,2025-09-18 15:39:14,2025-09-18 15:39:38
04205,在抓取系统的定期维保过程中，为确保整机紧固性检查的准确性，应该采取哪种方法来避免因振动或操作而造成紧固件松动（）。,单选题,飞行原理,中等,2,是,仅使用目视检查，忽略机械工具的使用,使用扭矩扳手根据标准值进行精准调整,仅检查螺栓和紧固件的外观,在每次检查后使用润滑剂涂抹所有紧固件,,,使用扭矩扳手根据标准值进行精准调整,,超级管理员,2025-09-18 15:39:14,2025-09-18 15:39:38
04206,在无人机抓取系统中，针对（）部位的紧固性检查应优先进行，以保障系统长期运行稳定。,单选题,飞行原理,中等,2,是,电池仓和传感器连接点,飞行控制系统与机体的连接点,螺旋桨和飞行器外壳的紧固点,各种传动装置与机体连接的部位,,,飞行控制系统与机体的连接点,,超级管理员,2025-09-18 15:39:14,2025-09-18 15:39:39
04207,在进行抓取系统的整机紧固性检查时，可以有效防止紧固件松动和损坏（）。,单选题,飞行原理,中等,2,是,每次飞行后立即检查所有紧固件,定期使用高扭矩标准进行所有连接点的检查,只检查机身外部的螺栓和螺母,通过频繁更换螺栓来避免松动问题,,,定期使用高扭矩标准进行所有连接点的检查,,超级管理员,2025-09-18 15:39:14,2025-09-18 15:39:39
04208,对于抓取系统的紧固性检查，如何有效提高紧固件在高负荷工作环境下的稳定性（）。,单选题,飞行原理,中等,2,是,使用防松螺母和垫圈，增强紧固效果,每次检查后不需要记录结果,使用普通螺栓和垫圈，避免高成本,避免使用扭矩工具，依赖人工检查,,,使用防松螺母和垫圈，增强紧固效果,,超级管理员,2025-09-18 15:39:14,2025-09-18 15:39:39
04209,在抓取系统的定期维保中，只要系统正常工作，紧固性检查可以被省略，避免浪费时间。（）,单选题,飞行原理,中等,2,是,正确,错误,,,,,错误,,超级管理员,2025-09-18 15:39:14,2025-09-18 15:39:39
04210,无人机抓取系统的紧固性检查应每次飞行后进行，确保每个螺栓和连接点都在最佳状态。（）,单选题,飞行原理,中等,2,是,正确,错误,,,,,正确,,超级管理员,2025-09-18 15:39:14,2025-09-18 15:39:39
04211,"为了提高抓取系统紧固性检查的效率,以下操作最为合适的是（）。",单选题,飞行原理,中等,2,是,随机选择部分紧固件进行检查,采用标准扭矩值对所有连接点进行一致性检查,仅检查有明显松动的紧固件,忽略重复检查的必要性，专注于新增的紧固件,,,随机选择部分紧固件进行检查,,超级管理员,2025-09-18 15:39:14,2025-09-18 15:39:39
04212,在进行无人机抓取系统的整机紧固性检查时，（）方式能确保紧固件在长时间使用后依然保持良好的连接强度。,单选题,飞行原理,中等,2,是,只在系统出现故障时进行检查,定期使用扭矩扳手根据标准值逐个检查所有紧固件,忽略振动和冲击的影响，只进行外观检查,每次检查后更换所有紧固件,,,定期使用扭矩扳手根据标准值逐个检查所有紧固件,,超级管理员,2025-09-18 15:39:14,2025-09-18 15:39:39
04213,无人机抓取系统的紧固性检查过程中，以下措施能够有效降低由于机械振动导致的松动问题（）。,单选题,飞行原理,中等,2,是,使用防松锁紧装置如防松螺母和垫圈,只检查机身外部的紧固件,避免使用扭矩工具，直接手动检查,每次检查后润滑所有紧固件,,,使用防松锁紧装置如防松螺母和垫圈,,超级管理员,2025-09-18 15:39:14,2025-09-18 15:39:39
04214,在进行抓取系统的整机紧固性检查时，如何确保螺栓和紧固件在高负荷工作环境下的可靠性（）。,单选题,飞行原理,中等,2,是,使用较小的扭矩值，避免过度紧固,使用防松措施和适当的扭矩设置,只依赖视觉检查，忽略工具使用,定期更换所有紧固件而非检查,,,使用防松措施和适当的扭矩设置,,超级管理员,2025-09-18 15:39:14,2025-09-18 15:39:39
04215,在定期的抓取系统紧固性检查过程中，不需要考虑连接点的使用环境，只要表面没有明显松动即可认为检查合格。（）,单选题,飞行原理,中等,2,是,正确,错误,,,,,错误,,超级管理员,2025-09-18 15:39:14,2025-09-18 15:39:39
04216,紧固性检查时，扭矩值不应根据实际负荷情况进行调整，应该统一使用厂家推荐的标准扭矩值。（）,单选题,飞行原理,中等,2,是,正确,错误,,,,,错误,,超级管理员,2025-09-18 15:39:14,2025-09-18 15:39:39
04217,在进行无人机抓取系统的整机紧固性检查时，最有效的检查方式是哪种（）。,单选题,飞行原理,中等,2,是,使用目视检查结合振动传感器辅助检查,只依靠人工感知来检查松动的螺栓,定期更换所有紧固件来预防松动,仅通过振动检查设备判断紧固性,,,使用目视检查结合振动传感器辅助检查,,超级管理员,2025-09-18 15:39:14,2025-09-18 15:39:39
04218,在执行抓取系统紧固性检查时，针对高负荷作业部位应采取（）措施。,单选题,飞行原理,中等,2,是,每次检查后更换紧固件来保证其可靠性,根据作业环境调整扭矩标准值并进行精准校准,忽略部位间差异，统一使用相同的检查方式,只检查外部紧固件，忽略内部部件,,,根据作业环境调整扭矩标准值并进行精准校准,,超级管理员,2025-09-18 15:39:14,2025-09-18 15:39:39
04219,在抓取系统的定期维保中，为了确保紧固件在长时间内保持最佳状态的是（）。,单选题,飞行原理,中等,2,是,仅对易损部位进行检查，忽略其他部位,采用防松技术并定期进行扭矩调整,依赖视觉检查并忽视工具使用,仅在出现异常时检查紧固性,,,采用防松技术并定期进行扭矩调整,,超级管理员,2025-09-18 15:39:14,2025-09-18 15:39:39
04220,在抓取系统紧固性检查中，为了处理受高温、高湿或腐蚀环境影响的紧固件的是（）。,单选题,飞行原理,中等,2,是,定期涂抹润滑油，不进行更换,根据环境条件选择不同的防腐材料，并调整紧固件紧固力,只依赖目视检查，忽略工具和材料的适配,使用常规紧固件，不考虑特殊环境因素,,,根据环境条件选择不同的防腐材料，并调整紧固件紧固力,,超级管理员,2025-09-18 15:39:14,2025-09-18 15:39:39
04221,在抓取系统的整机紧固性检查时，忽略环境条件对紧固件的影响是可以接受的，因为紧固件标准已在设计中考虑。（）,单选题,飞行原理,中等,2,是,正确,错误,,,,,错误,,超级管理员,2025-09-18 15:39:14,2025-09-18 15:39:39
04222,扭矩扳手是检查紧固件紧固性的唯一标准工具，使用其他工具不会对检查精度产生影响。（）,单选题,飞行原理,中等,2,是,正确,错误,,,,,错误,,超级管理员,2025-09-18 15:39:14,2025-09-18 15:39:39
04223,在进行无人机运载系统的整机紧固性检查时，最佳的检查顺序应该是（）。,单选题,飞行原理,中等,2,是,先检查非负载区域的紧固件，再检查负载区域,先检查负载区域的紧固件，再检查非负载区域,只检查高振动部件，忽略其他区域,随机检查各个区域的紧固件，无固定顺序,,,先检查负载区域的紧固件，再检查非负载区域,,超级管理员,2025-09-18 15:39:14,2025-09-18 15:39:39
04224,在进行紧固性检查时，为了确保紧固件能够承受高频振动和冲击负荷（）。,单选题,飞行原理,中等,2,是,仅依赖扭矩值进行检查，不需要考虑材料强度,使用特制的防松垫圈、锁紧螺母和止动装置,只检查负载部分，忽视连接部件的检查,只依赖目视检查，忽略使用工具,,,使用特制的防松垫圈、锁紧螺母和止动装置,,超级管理员,2025-09-18 15:39:14,2025-09-18 15:39:39
04225,在检查无人机运载系统紧固性时，以下部位的紧固件最容易受到外部环境因素的影响的是（）。,单选题,飞行原理,中等,2,是,发动机部分和电池舱的紧固件,航向系统的紧固件,轮胎和着陆系统的紧固件,飞行控制系统的紧固件,,,发动机部分和电池舱的紧固件,,超级管理员,2025-09-18 15:39:14,2025-09-18 15:39:39
04226,针对长时间使用后的运载系统紧固性检查，应采取（）方法来确保系统稳定性。,单选题,飞行原理,中等,2,是,直接更换所有紧固件，避免检查,使用特定工具根据载荷情况调整紧固力并进行反复检查,只检查表面是否有松动迹象，不进行其他检查,定期润滑紧固件，忽略扭矩调整,,,使用特定工具根据载荷情况调整紧固力并进行反复检查,,超级管理员,2025-09-18 15:39:14,2025-09-18 15:39:39
04227,在运载系统的紧固性检查过程中，只要目视检查没有发现问题，就可以认为所有紧固件都是安全的。（）,单选题,飞行原理,中等,2,是,正确,错误,,,,,错误,,超级管理员,2025-09-18 15:39:14,2025-09-18 15:39:39
04228,使用振动分析工具可以有效检测出紧固件的松动情况，尤其是在负载较高的部件上。（）,单选题,飞行原理,中等,2,是,正确,错误,,,,,正确,,超级管理员,2025-09-18 15:39:14,2025-09-18 15:39:39
04229,在进行无人机运载系统的整机紧固性检查时，为了确保紧固件能够长时间保持稳定性（）。,单选题,飞行原理,中等,2,是,仅依赖振动监测设备来检测松动情况,通过定期对紧固件施加适当的扭矩，并使用防松材料,仅在故障发生后才检查紧固件,不需要检查紧固件，只需检查外部外壳完整性,,,通过定期对紧固件施加适当的扭矩，并使用防松材料,,超级管理员,2025-09-18 15:39:14,2025-09-18 15:39:39
04230,在执行无人机运载系统定期维护保养时，为了检查高负载区域的紧固件（）。,单选题,飞行原理,中等,2,是,仅进行目视检查，忽略扭矩值,定期测量扭矩并调整到规范值，同时检查磨损情况,只检查紧固件表面，忽略内部螺纹状况,只在非负载高的部分进行检查,,,定期测量扭矩并调整到规范值，同时检查磨损情况,,超级管理员,2025-09-18 15:39:14,2025-09-18 15:39:39
04231,在运载系统的紧固性检查中，需要特别注意的紧固件部位是（）。,单选题,飞行原理,中等,2,是,起落架及其连接部位的紧固件,航电系统的紧固件,电池舱紧固件,飞行器外壳的紧固件,,,起落架及其连接部位的紧固件,,超级管理员,2025-09-18 15:39:14,2025-09-18 15:39:39
04232,在检查无人机运载系统紧固件时，为了避免紧固件老化或疲劳导致的松动的措施是（）。,单选题,飞行原理,中等,2,是,定期使用合适的工具重新检查紧固力并进行必要的替换,依赖监控系统报警并忽略物理检查,无需定期检查，除非系统出现故障,只检查那些较容易松动的部位,,,定期使用合适的工具重新检查紧固力并进行必要的替换,,超级管理员,2025-09-18 15:39:14,2025-09-18 15:39:39
04233,在进行运载系统的紧固性检查时，只需定期检查高负载区域的紧固件，其他部位可忽略。（）,单选题,飞行原理,中等,2,是,正确,错误,,,,,错误,,超级管理员,2025-09-18 15:39:14,2025-09-18 15:39:39
04234,紧固件的检查仅需要在无人机维修时进行，日常飞行前不需要做额外检查。（）,单选题,飞行原理,中等,2,是,正确,错误,,,,,错误,,超级管理员,2025-09-18 15:39:14,2025-09-18 15:39:39
04235,在无人机运载系统的定期维护过程中，确保紧固件的持续稳定性的措施是（）。,单选题,飞行原理,中等,2,是,通过使用动态扭矩监测装置定期检查,只在发现松动时才进行检查,仅依赖目视检查，忽略工具检查,完全依赖遥控监测系统进行检测,,,通过使用动态扭矩监测装置定期检查,,超级管理员,2025-09-18 15:39:14,2025-09-18 15:39:39
04236,在进行无人机整机紧固性检查时，避免因环境因素导致的紧固件松动（）。,单选题,飞行原理,中等,2,是,使用适合环境的防松装置，如防腐蚀螺母和垫圈,仅依赖防松涂层，忽视其他措施,完全依赖外部监测设备，无需人工检查,只在极端气候下才做紧固件检查,,,使用适合环境的防松装置，如防腐蚀螺母和垫圈,,超级管理员,2025-09-18 15:39:14,2025-09-18 15:39:39
04237,"无人机运载系统在长时间使用后,以下检查紧固件方法最能有效检测松动风险的是（）。",单选题,飞行原理,中等,2,是,使用标准扭矩工具进行动态和静态扭矩检查,只进行目视检查，忽略机械设备检查,通过仅依赖温度变化来监控紧固件状况,使用高频振动工具来检查紧固件的稳定性,,,使用标准扭矩工具进行动态和静态扭矩检查,,超级管理员,2025-09-18 15:39:14,2025-09-18 15:39:39
04238,无人机在进行运载系统的定期维保时，为了判断紧固件是否达到更换标准（）。,单选题,飞行原理,中等,2,是,基于历史数据和使用周期来判断,通过目视检查表面损伤来判断是否更换,使用精密测量工具检查螺纹和接触面的磨损情况,紧固件只要不松动就无需更换,,,使用精密测量工具检查螺纹和接触面的磨损情况,,超级管理员,2025-09-18 15:39:14,2025-09-18 15:39:39
04239,在进行无人机运载系统紧固性检查时，所有紧固件都应当按照相同的扭矩标准进行检查，无论负载情况。（）,单选题,飞行原理,中等,2,是,正确,错误,,,,,错误,,超级管理员,2025-09-18 15:39:14,2025-09-18 15:39:39
04240,高负载部件的紧固件检查只需要目视检查，忽略其他检测方法即可。（）,单选题,飞行原理,中等,2,是,正确,错误,,,,,错误,,超级管理员,2025-09-18 15:39:14,2025-09-18 15:39:39
04241,在进行无人机整机紧固性检查时，以下方法最能保证对螺钉的正确检测（）。,单选题,飞行原理,中等,2,是,使用扭力扳手检查螺钉的紧固力,目视检查螺钉的外观,使用磁性工具检查螺钉位置,拧动螺钉，判断是否松动,,,使用扭力扳手检查螺钉的紧固力,,超级管理员,2025-09-18 15:39:14,2025-09-18 15:39:39
04242,在无人机定期维护过程中，检查机体紧固性时，应该优先检查哪部分（）。,单选题,飞行原理,中等,2,是,电池连接部位,机臂与机身的连接螺丝,飞控系统的螺丝,摄像头和云台的固定装置,,,机臂与机身的连接螺丝,,超级管理员,2025-09-18 15:39:14,2025-09-18 15:39:39
04243,在进行整机紧固性检查时，以下检测工具最能帮助发现隐蔽的紧固问题（）。,单选题,飞行原理,中等,2,是,热成像仪,扭矩工具,振动测试仪,声波传感器,,,振动测试仪,,超级管理员,2025-09-18 15:39:14,2025-09-18 15:39:39
04244,为了确保无人机的紧固性检查的准确性，下列检查方式是最合适的（）。,单选题,飞行原理,中等,2,是,先进行振动测试，再进行人工检查,使用扭矩工具对每个螺栓进行指定的力矩检测,仅使用目视检查,仅使用拧紧工具进行测试,,,使用扭矩工具对每个螺栓进行指定的力矩检测,,超级管理员,2025-09-18 15:39:14,2025-09-18 15:39:39
04245,在进行无人机整机紧固性检查时，任何松动的螺钉都应该被重新紧固，而不需要进一步检查其损坏情况。（）,单选题,飞行原理,中等,2,是,正确,错误,,,,,错误,,超级管理员,2025-09-18 15:39:14,2025-09-18 15:39:39
04246,对于无人机机臂与机身连接部位的紧固性检查，可以通过目视判断螺钉是否紧固，不需要额外的检测工具。（）,单选题,飞行原理,中等,2,是,正确,错误,,,,,错误,,超级管理员,2025-09-18 15:39:14,2025-09-18 15:39:39
04247,在进行无人机紧固性检查时，为确保紧固件未受到过度扭转，应使用哪种工具进行螺栓扭矩的准确检测（）。,单选题,飞行原理,中等,2,是,扭矩扳手,电动螺丝刀,手动拧紧工具,热成像仪,,,扭矩扳手,,超级管理员,2025-09-18 15:39:14,2025-09-18 15:39:39
04248,当进行机臂和机身连接处的紧固性检查时，下列方式能最快地发现松动问题（）。,单选题,飞行原理,中等,2,是,目视检查和轻微摇动,使用力矩检测工具,涂抹润滑油后检查,通过振动传感器监测,,,目视检查和轻微摇动,,超级管理员,2025-09-18 15:39:14,2025-09-18 15:39:39
04249,在无人机定期维护时，若发现机身部分某个螺钉出现微小裂纹，应该如何处理（）。,单选题,飞行原理,中等,2,是,仅紧固螺钉，无需更换,更换该螺钉并进行力矩检查,忽略裂纹，继续使用,调整飞行时的负载，避免该螺钉受力,,,更换该螺钉并进行力矩检查,,超级管理员,2025-09-18 15:39:14,2025-09-18 15:39:39
04250,在整机紧固性检查中，使用振动传感器的主要目的是（）。,单选题,飞行原理,中等,2,是,确保所有螺栓都经过标准扭矩检查,发现螺栓松动或微小裂纹,测量电池电压,检查飞行控制系统的稳定性,,,发现螺栓松动或微小裂纹,,超级管理员,2025-09-18 15:39:14,2025-09-18 15:39:39
04251,所有紧固件的检查只需在每次飞行前进行，而不需要在长期存放后进行。（）,单选题,飞行原理,中等,2,是,正确,错误,,,,,错误,,超级管理员,2025-09-18 15:39:14,2025-09-18 15:39:39
04252,在进行整机紧固性检查时，目视检查螺钉外观无法替代力矩扳手测试。（）,单选题,飞行原理,中等,2,是,正确,错误,,,,,正确,,超级管理员,2025-09-18 15:39:14,2025-09-18 15:39:39
04253,在进行无人机紧固性检查时，如何确认机身和机臂连接部分的紧固性最有效,单选题,飞行原理,中等,2,是,使用热成像仪检测温度变化,使用电子扭矩监测工具,目视检查并用手摇动,检查电池电压变化,,,使用电子扭矩监测工具,,超级管理员,2025-09-18 15:39:14,2025-09-18 15:39:40
04254,对于无人机主旋翼的紧固性检查，下列方式能够最早发现潜在问题（）。,单选题,飞行原理,中等,2,是,扭矩扳手的力矩测试,按照飞行周期进行定期检查,通过对旋翼的振动分析,检查旋翼叶片的磨损程度,,,通过对旋翼的振动分析,,超级管理员,2025-09-18 15:39:14,2025-09-18 15:39:40
04255,在进行无人机整机紧固性检查时，以下环节最容易忽视但可能导致隐患（）。,单选题,飞行原理,中等,2,是,螺栓的拧紧力矩,电气线路的连接稳定性,螺钉的防松锁片完整性,电池的电压与接触点,,,螺钉的防松锁片完整性,,超级管理员,2025-09-18 15:39:14,2025-09-18 15:39:40
04256,最大程度地避免无人机因松动部件导致的飞行问题，最有效的预防措施是（）。,单选题,飞行原理,中等,2,是,定期检查所有紧固件并进行力矩校准,只对关键部件进行检查,在每次飞行后进行紧固性检查,通过软件检测所有部件的稳定性,,,定期检查所有紧固件并进行力矩校准,,超级管理员,2025-09-18 15:39:14,2025-09-18 15:39:40
04257,所有紧固件的力矩值应严格按照飞行手册中的推荐值进行操作，且不能随意调整（ ）,单选题,飞行原理,中等,2,是,正确,错误,,,,,正确,,超级管理员,2025-09-18 15:39:14,2025-09-18 15:39:40
04258,无人机的整机检查周期可以根据上次检查时的状况进行灵活调整，不必严格遵循预定周期（ ）,单选题,飞行原理,中等,2,是,正确,错误,,,,,错误,,超级管理员,2025-09-18 15:39:14,2025-09-18 15:39:40
04259,在进行植保无人机的整机紧固性检查时，下列部件最容易因操作不当而松动或损坏（）。,单选题,飞行原理,中等,2,是,电池连接端口,喷洒装置及其连接部件,控制系统的电路板,飞控系统传感器,,,喷洒装置及其连接部件,,超级管理员,2025-09-18 15:39:14,2025-09-18 15:39:40
04260,为了确保植保无人机的喷洒系统正常工作，下列检查方法能有效防止喷洒装置出现松动问题（）。,单选题,飞行原理,中等,2,是,使用振动传感器分析喷洒装置的稳定性,目视检查喷洒装置和管道的连接处,使用扭矩扳手检查连接螺栓,通过软件分析喷洒系统的数据,,,使用扭矩扳手检查连接螺栓,,超级管理员,2025-09-18 15:39:14,2025-09-18 15:39:40
04261,在进行无人机紧固性检查时，以下操作对喷头连接部分的检查最为重要（）。,单选题,飞行原理,中等,2,是,目视检查螺栓的外观,使用高精度扭矩扳手检测紧固力矩,用手轻轻摇动喷头进行检查,检查喷头的使用年限,,,使用高精度扭矩扳手检测紧固力矩,,超级管理员,2025-09-18 15:39:14,2025-09-18 15:39:40
04262,在植保无人机的紧固性检查中，检查喷洒装置时，以下步骤最能发现潜在的松动问题（）。,单选题,飞行原理,中等,2,是,对连接螺丝施加标准扭矩值,检查喷洒管道与无人机机身的连接部分,清洁喷头和管道,用振动传感器对机臂进行检查,,,检查喷洒管道与无人机机身的连接部分,,超级管理员,2025-09-18 15:39:14,2025-09-18 15:39:40
04263,在植保无人机的整机紧固性检查中，检查喷洒装置的紧固性时，只需关注管道连接处，无需检查连接螺栓（ ）,单选题,飞行原理,中等,2,是,正确,错误,,,,,错误,,超级管理员,2025-09-18 15:39:14,2025-09-18 15:39:40
04264,所有紧固件的力矩检查应根据每次使用的具体情况来调整，不一定按照飞行手册的标准值执行（ ）,单选题,飞行原理,中等,2,是,正确,错误,,,,,错误,,超级管理员,2025-09-18 15:39:14,2025-09-18 15:39:40
04265,在进行植保无人机的整机紧固性检查时，如何有效避免喷洒系统出现因松动而造成的飞行安全问题（）。,单选题,飞行原理,中等,2,是,只检查电池和飞控系统的连接,重点检查螺栓连接的力矩和紧固性,仅目视检查喷洒系统的外部,仅在飞行前后检查喷洒系统,,,重点检查螺栓连接的力矩和紧固性,,超级管理员,2025-09-18 15:39:14,2025-09-18 15:39:40
04266,在无人机的整机紧固性检查中，下列方式可以最有效防止机臂与机身之间的松动（）。,单选题,飞行原理,中等,2,是,用扭矩扳手对机臂连接螺栓进行标准紧固,目视检查连接部件是否有明显的磨损,使用热成像仪检测机臂连接部分的温度变化,检查飞行数据日志，确认飞行时是否出现震动问题,,,用扭矩扳手对机臂连接螺栓进行标准紧固,,超级管理员,2025-09-18 15:39:14,2025-09-18 15:39:40
04267,植保无人机的定期维护中，以下环节对避免机身松动和飞行稳定性最关键（）。,单选题,飞行原理,中等,2,是,检查电池舱和飞控板的安装紧固性,检查螺旋桨和机臂的连接状态,检查飞行控制系统软件更新,检查航拍摄像头的安装固定,,,检查螺旋桨和机臂的连接状态,,超级管理员,2025-09-18 15:39:14,2025-09-18 15:39:40
04268,"对于植保无人机的喷洒装置,下列检查方法能最有效预防喷洒系统出现松动故障（）。",单选题,飞行原理,中等,2,是,定期清理喷头和管道,使用扭矩扳手确保喷洒装置紧固到标准值,仅通过飞行前检查进行确认,只对喷洒泵进行清洗和检查,,,使用扭矩扳手确保喷洒装置紧固到标准值,,超级管理员,2025-09-18 15:39:14,2025-09-18 15:39:40
04269,植保无人机的整机紧固性检查应当每次使用后进行，以确保所有部件的松动问题得到及时发现（ ）,单选题,飞行原理,中等,2,是,正确,错误,,,,,正确,,超级管理员,2025-09-18 15:39:14,2025-09-18 15:39:40
04270,在进行紧固性检查时，螺旋桨和电池的安装是最不容易忽视的部分（ ）,单选题,飞行原理,中等,2,是,正确,错误,,,,,错误,,超级管理员,2025-09-18 15:39:14,2025-09-18 15:39:40
04271,在植保无人机的整机紧固性检查中，以下方法能最有效地检测螺栓的松动程度（）。,单选题,飞行原理,中等,2,是,使用扭矩扳手对每个螺栓施加标准力矩,目视检查每个螺栓的外观是否有裂纹,使用热成像仪检查螺栓的温度变化,使用振动检测仪监测飞行时的振动频率,,,使用扭矩扳手对每个螺栓施加标准力矩,,超级管理员,2025-09-18 15:39:14,2025-09-18 15:39:40
04272,在定期检查植保无人机的紧固性时，下列确保飞行稳定性和安全的关键步骤（）。,单选题,飞行原理,中等,2,是,检查机臂与机身之间的紧固状态,仅检查飞控系统是否工作正常,检查电池舱的插接是否牢固,检查喷洒系统的清洁度,,,检查机臂与机身之间的紧固状态,,超级管理员,2025-09-18 15:39:14,2025-09-18 15:39:40
04273,对于植保无人机的螺旋桨紧固性检查，以下方式能最大程度减少松动问题（）。,单选题,飞行原理,中等,2,是,定期使用力矩扳手进行扭矩检查,目视检查螺旋桨叶片的外观,使用低噪声传感器测试螺旋桨的振动,只检查飞行前后的螺旋桨情况,,,定期使用力矩扳手进行扭矩检查,,超级管理员,2025-09-18 15:39:14,2025-09-18 15:39:40
04274,在进行无人机紧固性检查时，下列检查方法对喷洒装置的安全性至关重要（）。,单选题,飞行原理,中等,2,是,目视检查喷头和管道连接处,使用扭矩扳手确保连接螺栓的紧固力矩,检查喷洒泵的工作压力,使用振动检测仪监测喷洒装置的工作状态,,,使用扭矩扳手确保连接螺栓的紧固力矩,,超级管理员,2025-09-18 15:39:14,2025-09-18 15:39:40
04275,每次飞行后，对植保无人机进行紧固性检查是预防松动问题的最有效手段（ ）,单选题,飞行原理,中等,2,是,正确,错误,,,,,正确,,超级管理员,2025-09-18 15:39:14,2025-09-18 15:39:40
04276,在紧固性检查中，螺栓的紧固力矩应该根据每个部件的不同要求进行调整，而不是统一标准（ ）,单选题,飞行原理,中等,2,是,正确,错误,,,,,正确,,超级管理员,2025-09-18 15:39:14,2025-09-18 15:39:40
04282,在装配多旋翼无人机导航飞控系统过程中，需要考虑飞控系统的散热问题。（）,单选题,飞行原理,中等,2,是,正确,错误,,,,,正确,,超级管理员,2025-09-18 15:39:14,2025-09-18 15:39:40
04283,在装配多旋翼无人机动力系统时，不必要的步骤是（）。,单选题,飞行原理,中等,2,是,检查电池的电压和容量,确保电机与电调匹配,测试电机的旋转方向,调整无人机的涂装颜色,,,调整无人机的涂装颜色,,超级管理员,2025-09-18 15:39:14,2025-09-18 15:39:40
04284,电机与电机座之间的固定，通常采用（）。方式,单选题,飞行原理,中等,2,是,强力胶粘贴,螺丝紧固,弹性卡扣,焊接,,,螺丝紧固,,超级管理员,2025-09-18 15:39:14,2025-09-18 15:39:40
04285,动力系统装配中，电机旋转方向（顺时针/逆时针）的配置原则是（）。,单选题,飞行原理,中等,2,是,所有电机必须同向旋转,对角线电机旋转方向相反,相邻电机旋转方向相反,任意配置，飞行中调整,,,相邻电机旋转方向相反,,超级管理员,2025-09-18 15:39:14,2025-09-18 15:39:40
04286,确保电机的桨叶安装正确无误的方法是（）。,单选题,飞行原理,中等,2,是,观察桨叶标识，按照顺时针或逆时针方向安装,随意安装，飞行中观察调整,使用通用桨叶，无需特别注意,仅考虑桨叶数量，不考虑安装方向,,,观察桨叶标识，按照顺时针或逆时针方向安装,,超级管理员,2025-09-18 15:39:14,2025-09-18 15:39:40
04287,多旋翼无人机动力系统装配时，需要考虑电机与电调的匹配性。（）,单选题,飞行原理,中等,2,是,正确,错误,,,,,正确,,超级管理员,2025-09-18 15:39:14,2025-09-18 15:39:40
04288,多旋翼无人机动力系统装配时，电池的安装位置对无人机性能没有影响。（）,单选题,飞行原理,中等,2,是,正确,错误,,,,,错误,,超级管理员,2025-09-18 15:39:14,2025-09-18 15:39:40
04289,在编制多旋翼无人机日常维保报告单时，若涉及到对无人机关键部件的详细检查记录，（）。信息是必须包含的,单选题,飞行原理,中等,2,是,无人机的品牌与型号,无人机飞行时长与航迹,电池电压与充电次数的具体数值,关键部件的型号、序列号及维修记录,,,关键部件的型号、序列号及维修记录,,超级管理员,2025-09-18 15:39:14,2025-09-18 15:39:40
04290,多旋翼无人机在（）。的情况下需要更换新的电池,单选题,飞行原理,中等,2,是,充电次数超过50次,使用时间超过一年,总飞行距离超过500公里,续航时间明显减少,,,续航时间明显减少,,超级管理员,2025-09-18 15:39:14,2025-09-18 15:39:40
04291,在进行多旋翼无人机日常维保时，以下不是常规检查项目,单选题,飞行原理,中等,2,是,螺旋桨的紧固情况,无人机的GNSS定位系统,无人机的遥控器电池,无人机的摄像头,,,无人机的遥控器电池,,超级管理员,2025-09-18 15:39:14,2025-09-18 15:39:40
04292,在多旋翼无人机日常维护中，检查GPS模块时，报告单中应记录的内容不包括（）。,单选题,飞行原理,中等,2,是,GPS模块的信号强度,GPS模块的安装位置和固定情况,GPS模块的更新版本信息,GPS模块的外观和防护情况,,,GPS模块的信号强度,,超级管理员,2025-09-18 15:39:14,2025-09-18 15:39:40
04293,在多旋翼无人机日常维保报告中，需要记录无人机的累计飞行时间。（）,单选题,飞行原理,中等,2,是,正确,错误,,,,,正确,,超级管理员,2025-09-18 15:39:14,2025-09-18 15:39:40
04294,在多旋翼无人机日常维保报告中，应该包括对无人机外观的检查。（）,单选题,飞行原理,中等,2,是,正确,错误,,,,,正确,,超级管理员,2025-09-18 15:39:14,2025-09-18 15:39:40
04295,多旋翼无人机检查性维保报告单的主要目的是（）。,单选题,飞行原理,中等,2,是,记录无人机的外观状况,确保无人机飞行安全,提供无人机的飞行数据,分析无人机飞行性能,,,确保无人机飞行安全,,超级管理员,2025-09-18 15:39:14,2025-09-18 15:39:40
04296,在多旋翼无人机检查性维保报告中，通常需要包含（）。,单选题,飞行原理,中等,2,是,无人机的购买日期,无人机的飞行时长,无人机的所有权证明,无人机的维修记录,,,无人机的维修记录,,超级管理员,2025-09-18 15:39:14,2025-09-18 15:39:40
04297,多旋翼无人机检查性维保报告单中的“检查”步骤通常指的是（）。,单选题,飞行原理,中等,2,是,对无人机进行视觉检查,测试无人机的所有功能,检查无人机的软件版本,验证无人机的飞行限制,,,对无人机进行视觉检查,,超级管理员,2025-09-18 15:39:14,2025-09-18 15:39:40
04298,在多旋翼无人机检查性维保报告中，“维保”是指（）。,单选题,飞行原理,中等,2,是,维护保养,维修保养,维护保障,维修保障,,,维修保养,,超级管理员,2025-09-18 15:39:14,2025-09-18 15:39:40
04299,多旋翼无人机检查性维保报告单中，只需要记录无人机的基本信息和外观检查结果即可。（）,单选题,飞行原理,中等,2,是,正确,错误,,,,,错误,,超级管理员,2025-09-18 15:39:14,2025-09-18 15:39:40
04300,在多旋翼无人机检查性维保报告单中，不需要记录无人机的性能测试结果。（）,单选题,飞行原理,中等,2,是,正确,错误,,,,,错误,,超级管理员,2025-09-18 15:39:14,2025-09-18 15:39:41
04312,社会公德的主要规范是:文明礼貌、助人为乐、爱护公物、勤俭持家、遵纪守法。(),单选题,飞行安全,中等,2,是,正确,错误,,,,,错误,,超级管理员,2025-09-18 15:55:32,2025-09-18 15:55:33
04327,“5.12地震”中，德阳汉旺东汽中学高二（一）班老师谭千秋正在上课，危急时刻张开双臂、躬下身躯护住课桌下的4名同学，献出了51岁的生命，这是（）的最高表现形式。,单选题,飞行安全,困难,2,是,奉献社会,忠于职守,诚实守信,热爱本职,,,忠于职守,,超级管理员,2025-09-18 15:55:32,2025-09-18 15:55:33
04333,历涛用1千克面粉，制作并拉出2097152根面条，累计长度为2852千米，相当于从北京到新疆哈密市的距离历涛拉出的面条细如丝，根根不断，一个针眼可穿人18根面条，这个案例表现了（）的职业道德模范。,单选题,飞行安全,中等,2,是,严于律己,探索创新,技艺精湛,执行工艺,,,技艺精湛,,超级管理员,2025-09-18 15:55:32,2025-09-18 15:55:33
04339,在强风条件下，无人机的飞行高度应该控制在（）以下。,单选题,飞行安全,中等,2,是,100米,200米,300米,400米,,,100米,,超级管理员,2025-09-18 15:55:32,2025-09-18 15:55:33
04340,在测试无人机时，为防止意外失控，正确的预防措施是（  ）。,单选题,飞行安全,中等,2,是,提前设置好自动返航功能，确保失控时能自动飞回起点,关闭飞控的报警系统，避免飞行过程中受到干扰,单手操控遥控器，另一只手随时准备重启无人机,尽量在信号弱的区域飞行，锻炼操控技巧,,,提前设置好自动返航功能，确保失控时能自动飞回起点,,超级管理员,2025-09-18 15:55:32,2025-09-18 15:55:33
04341,无人机长时间试飞结束后立即对电池充电。（）,单选题,飞行安全,中等,2,是,正确,错误,,,,,错误,,超级管理员,2025-09-18 15:55:32,2025-09-18 15:55:33
04342,在维护无人机机载镜头时，可以使用纸巾擦拭。（）,单选题,飞行安全,中等,2,是,正确,错误,,,,,错误,,超级管理员,2025-09-18 15:55:32,2025-09-18 15:55:33
04364,无人机是利用（）设备和自备的程序控制装置操纵的不载人飞机。,单选题,飞行原理,中等,2,是,遥控,导航,飞行,通讯,,,遥控,,超级管理员,2025-09-18 15:55:32,2025-09-18 15:55:34
04377,安装无人机模拟飞行软件之前，需要确保计算机的硬件配置符合该软件的最低要求。(),单选题,飞行原理,中等,2,是,正确,错误,,,,,正确,,超级管理员,2025-09-18 15:55:32,2025-09-18 15:55:34
04378,所有无人机模拟飞行软件都需要连接到互联网才能运行。(),单选题,飞行原理,中等,2,是,正确,错误,,,,,错误,,超级管理员,2025-09-18 15:55:32,2025-09-18 15:55:34
04383,多旋翼无人机模拟飞行训练可以完全替代实际飞行训练。(),单选题,飞行原理,中等,2,是,正确,错误,,,,,错误,,超级管理员,2025-09-18 15:55:32,2025-09-18 15:55:34
04388,固定翼无人机五边航线的每一边飞行过程中，主要的姿态控制由（）完成。,单选题,飞行原理,中等,2,是,升降舵和方向舵,副翼和升降舵,副翼、升降舵和方向舵协同,副翼和方向舵,,,副翼、升降舵和方向舵协同,,超级管理员,2025-09-18 15:55:32,2025-09-18 15:55:34
04390,通过固定翼无人机模拟飞行训练，可以提高飞行员在实际飞行中的应急处理能力。(),单选题,飞行原理,中等,2,是,正确,错误,,,,,正确,,超级管理员,2025-09-18 15:55:32,2025-09-18 15:55:34
04396,大气的温度随着高度的增加而逐渐升高，这种变化主要发生在对流层。(),单选题,飞行原理,中等,2,是,正确,错误,,,,,错误,,超级管理员,2025-09-18 15:55:32,2025-09-18 15:55:34
04401,气温、气压、湿度和风速都是气象中的基本要素。(),单选题,飞行原理,中等,2,是,正确,错误,,,,,正确,,超级管理员,2025-09-18 15:55:32,2025-09-18 15:55:35
04402,在气象学中，露点温度是指空气中的水汽达到饱和并开始凝结成水滴的温度。(),单选题,飞行原理,中等,2,是,正确,错误,,,,,正确,,超级管理员,2025-09-18 15:55:32,2025-09-18 15:55:35
04413,飞机积冰主要发生在含有过冷水滴的云层中。(),单选题,飞行原理,中等,2,是,正确,错误,,,,,正确,,超级管理员,2025-09-18 15:55:32,2025-09-18 15:55:35
04414,高空激流通常出现在对流层顶部或平流层底部，对飞行影响较小。(),单选题,飞行原理,中等,2,是,正确,错误,,,,,错误,,超级管理员,2025-09-18 15:55:32,2025-09-18 15:55:35
04421,根据伯努利原理，流体速度增加时，（）会减小。,单选题,飞行原理,中等,2,是,温度,密度,压强,粘性,,,压强,,超级管理员,2025-09-18 15:55:32,2025-09-18 15:55:35
04424,升力公式“L=1/2ρV2ClS中的Cl代表什么（）。,单选题,飞行原理,中等,2,是,空气密度,飞行速度,机翼面积,升力系数,,,升力系数,,超级管理员,2025-09-18 15:55:32,2025-09-18 15:55:35
04425,飞机的升力主要来源于机翼上下表面的压力差。(),单选题,飞行原理,中等,2,是,正确,错误,,,,,正确,,超级管理员,2025-09-18 15:55:32,2025-09-18 15:55:35
04426,其他条件不变的情况下，增加飞机的速度可以增加升力。(),单选题,飞行原理,中等,2,是,正确,错误,,,,,正确,,超级管理员,2025-09-18 15:55:32,2025-09-18 15:55:35
04443,无人直升机依靠旋翼产生升力来飞行。(),单选题,飞行原理,中等,2,是,正确,错误,,,,,正确,,超级管理员,2025-09-18 15:55:32,2025-09-18 15:55:35
04444,无人直升机可以实现垂直起降和悬停。(),单选题,飞行原理,中等,2,是,正确,错误,,,,,正确,,超级管理员,2025-09-18 15:55:32,2025-09-18 15:55:35
04471,组合导航系统通常是将（）组合在一起。,单选题,飞行原理,中等,2,是,GPS和惯性导航系统,地磁导航和视觉导航,无线电导航和卫星导航,激光导航和惯性导航系统,,,GPS和惯性导航系统,,超级管理员,2025-09-18 15:55:32,2025-09-18 15:55:36
04473,组合导航系统通过融合多种导航技术来提高定位精度和可靠性。(),单选题,飞行原理,中等,2,是,正确,错误,,,,,正确,,超级管理员,2025-09-18 15:55:32,2025-09-18 15:55:36
04474,组合导航系统无法在室内环境下提供准确的位置信息。(),单选题,飞行原理,中等,2,是,正确,错误,,,,,错误,,超级管理员,2025-09-18 15:55:32,2025-09-18 15:55:36
04499,无人机飞行过程中，螺旋桨突然停止转动，这属于（）故障。,单选题,飞行原理,中等,2,是,动力系统故障,飞控系统故障,通信系统故障,导航系统故障,,,动力系统故障,,超级管理员,2025-09-18 15:55:32,2025-09-18 15:55:37
04518,无人机在空中突然仰头或低头，可能是（）出现问题。,单选题,飞行原理,中等,2,是,俯仰通道控制,横滚通道控制,偏航通道控制,油门通道控制,,,俯仰通道控制,,超级管理员,2025-09-18 15:55:32,2025-09-18 15:55:37
04559,机械零件在交变载荷作用下，经过长时间工作发生断裂，这种现象主要与零件的（ ）有关。,单选题,结构组成,中等,2,是,硬度,刚度,疲劳强度,韧性,,,疲劳强度,,超级管理员,2025-09-18 15:55:32,2025-09-18 15:55:38
04560,机械加工工艺过程中，将毛坯加工成零件的基本方法是（ ）。,单选题,结构组成,中等,2,是,铸造,锻造,切削加工,热处理,,,切削加工,,超级管理员,2025-09-18 15:55:32,2025-09-18 15:55:38
04561,衡量机械材料弹性变形能力的指标是（ ）。,单选题,结构组成,中等,2,是,弹性模量,泊松比,屈服强度,伸长率,,,弹性模量,,超级管理员,2025-09-18 15:55:32,2025-09-18 15:55:38
04611,可以使用螺丝刀拆卸无人机螺旋桨上的螺丝来更换不同尺寸的螺旋桨，而无需考虑其他因素。(),单选题,结构组成,中等,2,是,正确,错误,,,,,错误,,超级管理员,2025-09-18 15:55:32,2025-09-18 15:55:39
04612,在调整无人机相机支架螺丝时，不需要对螺丝刀进行任何清洁处理，直接使用即可。(),单选题,结构组成,中等,2,是,正确,错误,,,,,错误,,超级管理员,2025-09-18 15:55:32,2025-09-18 15:55:39
04617,铝合金的弹性模量比塑料高。(),单选题,结构组成,中等,2,是,正确,错误,,,,,正确,,超级管理员,2025-09-18 15:55:32,2025-09-18 15:55:39
04618,无人机使用铝合金材料主要是因为其密度大，可以增加无人机的稳定性。(),单选题,结构组成,中等,2,是,正确,错误,,,,,错误,,超级管理员,2025-09-18 15:55:32,2025-09-18 15:55:39
04643,使用万用表测量时，若显示屏显示“OL”，意味着（）。,单选题,结构组成,中等,2,是,电路短路,电路断路,测量值超出当前量程的最大值,万用表电池电量不足,,,测量值超出当前量程的最大值,,超级管理员,2025-09-18 15:55:32,2025-09-18 15:55:40
04644,使用万用表测量二极管时，下列正确的做法是（）。,单选题,结构组成,中等,2,是,将万用表设置到电阻档，并且红表笔接二极管的正极，黑表笔接负极,将万用表设置到二极管测试档，并且红表笔接二极管的正极，黑表笔接负极,将万用表设置到电压档，并且红表笔接二极管的负极，黑表笔接正极,将万用表设置到电流档，并且直接将表笔跨接在二极管两端,,,将万用表设置到二极管测试档，并且红表笔接二极管的正极，黑表笔接负极,,超级管理员,2025-09-18 15:55:32,2025-09-18 15:55:40
04645,使用万用表测量直流电压时，关于选择档位并连接测试笔说法正确的是（）。,单选题,结构组成,中等,2,是,将万用表设置到交流电压档，并将红表笔插入“VΩmA”孔，黑表笔插入“COM”孔,将万用表设置到直流电压档，并将红表笔插入“10A”孔，黑表笔插入“COM”孔,将万用表设置到直流电压档，并将红表笔插入“VΩmA”孔，黑表笔插入“COM”孔,将万用表设置到直流电压档，并将红表笔插入“VΩmA”孔，黑表笔插入“COM”孔,,,将万用表设置到直流电压档，并将红表笔插入“VΩmA”孔，黑表笔插入“COM”孔,,超级管理员,2025-09-18 15:55:32,2025-09-18 15:55:40
04647,测量高电压时，无需佩戴绝缘手套，只需注意表笔位置即可。（ ）,单选题,结构组成,中等,2,是,正确,错误,,,,,错误,,超级管理员,2025-09-18 15:55:32,2025-09-18 15:55:40
04648,使用万用表测量电流时，万用表应串联到电路中。（ ）,单选题,结构组成,中等,2,是,正确,错误,,,,,正确,,超级管理员,2025-09-18 15:55:32,2025-09-18 15:55:40
04649,无人机的机械装配中，（ ）是最常用工具。,单选题,结构组成,中等,2,是,刷子,螺丝刀,锤子,热熔枪,,,螺丝刀,,超级管理员,2025-09-18 15:55:32,2025-09-18 15:55:40
04669,电容的单位是（）。,单选题,控制算法,中等,2,是,欧姆（Ω）,法拉（F）,亨利（H）,伏特（V）,,,伏特（V）,,超级管理员,2025-09-18 15:55:32,2025-09-18 15:55:40
04679,电气原理图中，连接线的交点如果没有特殊标记，则意味着()。,单选题,控制算法,中等,2,是,导线在此处连接,导线在此处断开,导线在此处有特殊要求,导线在此处有附加元件,,,导线在此处连接,,超级管理员,2025-09-18 15:55:32,2025-09-18 15:55:41
04680,在电气原理图中，“L1、L2、L3”一般表示()。,单选题,控制算法,中等,2,是,三相交流电的三个相序,三条不同颜色的导线,三个不同的电气元件,三个不同的电流等级,,,三相交流电的三个相序,,超级管理员,2025-09-18 15:55:32,2025-09-18 15:55:41
04681,在电气原理图中，电路的正极通常用什么符号表示()。,单选题,控制算法,中等,2,是,+,-,~,*,,,+,,超级管理员,2025-09-18 15:55:32,2025-09-18 15:55:41
04682,"在电气原理图中，导线的编号“W1,W2,W3”代表了()。",单选题,控制算法,中等,2,是,导线颜色,导线长度,导线截面面积,导线的连接顺序,,,导线的连接顺序,,超级管理员,2025-09-18 15:55:32,2025-09-18 15:55:41
04817,根据《中华人民共和国劳动法》，企业应当依法为员工缴纳社会保险费，下列不属于社会保险范畴的是（）。,单选题,法规法律,中等,2,是,养老保险,医疗保险,住房公积金,工伤保险,,,住房公积金,,超级管理员,2025-09-18 15:55:32,2025-09-18 15:55:44
04818,根据《中华人民共和国劳动法》规定，用人单位由于生产经营需要，经与工会和劳动者协商后可以延长工作时间，一般每日不得超过（）。,单选题,法规法律,中等,2,是,1小时,2小时,3小时,4小时,,,1小时,,超级管理员,2025-09-18 15:55:32,2025-09-18 15:55:44
04820,根据《工伤保险条例》，当劳动者在工作过程中或与工作有关的情况下遭受事故伤害或者患职业病时，有权享受（）。,单选题,法规法律,中等,2,是,医疗费用自理,工伤保险待遇,单位支付一次性补偿,社会救助,,,工伤保险待遇,,超级管理员,2025-09-18 15:55:32,2025-09-18 15:55:44
04823,根据《中华人民共和国劳动合同法》的规定，用人单位()起即与劳动者建立劳动关系。,单选题,法规法律,中等,2,是,用工之日,签订劳动合同之日,劳动者报到之日,试用期开始之日,,,用工之日,,超级管理员,2025-09-18 15:55:32,2025-09-18 15:55:44
04825,劳动者在试用期的工资不得低于本单位相同岗位最低档工资或者劳动合同约定工资的（），并不得低于用人单位所在地的最低工资标准。,单选题,法规法律,中等,2,是,80%,70%,60%,50%,,,80%,,超级管理员,2025-09-18 15:55:32,2025-09-18 15:55:44
04826,用人单位解除劳动合同，应当提前（）以书面形式通知劳动者本人或者额外支付劳动者一个月工资。,单选题,法规法律,中等,2,是,15日,30日,45日,60日,,,30日,,超级管理员,2025-09-18 15:55:32,2025-09-18 15:55:44
04829,根据《中华人民共和国安全生产法》及相关法律法规的规定，从业人员在安全生产中有权拒绝（）。,单选题,法规法律,中等,2,是,正常的工作安排,佩戴个人防护用品的要求,违章指挥和强令冒险作业,工作环境的改善建议,,,违章指挥和强令冒险作业,,超级管理员,2025-09-18 15:55:32,2025-09-18 15:55:44
04835,环境保护坚持保护优先、（）、综合治理、公众参与、损害担责的原则。,单选题,法规法律,中等,2,是,防治结合,预防为主,源头控制,过程监管,,,预防为主,,超级管理员,2025-09-18 15:55:32,2025-09-18 15:55:44
04837,对保护和改善环境有显著成绩的单位和个人，由（）给予奖励。,单选题,法规法律,中等,2,是,环境保护部门,人民政府,社会公益组织,企业自身,,,人民政府,,超级管理员,2025-09-18 15:55:32,2025-09-18 15:55:44
04839,各级人民政府应当加大保护和改善环境、防治污染和其他公害的财政投入，并提高财政资金的使用效益。（）,单选题,法规法律,中等,2,是,正确,错误,,,,,正确,,超级管理员,2025-09-18 15:55:32,2025-09-18 15:55:44
04841,"根据《中华人民共和国产品质量法》及相关法律法规的规定,生产者应当对其生产的产品质量负责，产品质量应当符合的要求中不包括（）。",单选题,法规法律,中等,2,是,不存在危及人身、财产安全的不合理的危险,具备产品应当具备的使用性能,符合在产品或者其包装上注明采用的产品标准,满足消费者的个性化需求,,,满足消费者的个性化需求,,超级管理员,2025-09-18 15:55:32,2025-09-18 15:55:44
04843,因产品存在缺陷造成人身、他人财产损害的，（）应当承担赔偿责任。,单选题,法规法律,中等,2,是,生产者,销售者,生产者和销售者,使用者,,,生产者和销售者,,超级管理员,2025-09-18 15:55:32,2025-09-18 15:55:44
04844,"根据《中华人民共和国产品质量法》的规定,国家对产品质量实行以（）为主要方式的监督检查制度。",单选题,法规法律,中等,2,是,抽查,普查,自查,互查,,,抽查,,超级管理员,2025-09-18 15:55:32,2025-09-18 15:55:44
04847,民用航空器的适航管理由（）负责。,单选题,法规法律,中等,2,是,国务院民用航空主管部门,航空器制造企业,航空器使用者,地方航空管理部门,,,国务院民用航空主管部门,,超级管理员,2025-09-18 15:55:32,2025-09-18 15:55:44
04848,根据《中华人民共和国民用航空法》及相关法律法规的规定，民用航空器权利登记的主管部门是（）。,单选题,法规法律,中等,2,是,国务院民用航空主管部门,国家工商行政管理部门,国家知识产权局,中国民用航空局空中交通管理局,,,国务院民用航空主管部门,,超级管理员,2025-09-18 15:55:32,2025-09-18 15:55:44
04849,根据《中华人民共和国民用航空法》及相关法律法规的规定，民用航空器优先权适用（）的法律。,单选题,法规法律,中等,2,是,航空器国籍登记国,航空器制造国,合同签订地国,航空器失事国,,,航空器国籍登记国,,超级管理员,2025-09-18 15:55:32,2025-09-18 15:55:44
04850,搜寻援救民用航空器的具体办法，由（）规定。,单选题,法规法律,中等,2,是,国务院民用航空主管部门,国务院,全国人民代表大会常务委员会,地方人民政府,,,国务院,,超级管理员,2025-09-18 15:55:32,2025-09-18 15:55:44
04853,从事通用航空飞行活动的单位、个人，根据飞行活动要求，需要划设临时飞行空域的，应当向有关飞行管制部门提出划设临时飞行空域的申请受理申请的飞行管制部门应当自受理申请之日起（）个工作日内作出批准或者不予批准的决定。,单选题,法规法律,中等,2,是,7,10,15,30,,,7,,超级管理员,2025-09-18 15:55:32,2025-09-18 15:55:44
04854,在临时飞行空域内进行通用航空飞行活动的，可以在申请划设临时飞行空域时一并提出（）小时以内的短期飞行计划申请，不再另行申请。,单选题,法规法律,中等,2,是,12,24,36,48,,,24,,超级管理员,2025-09-18 15:55:32,2025-09-18 15:55:45
04855,通用航空飞行任务的飞行计划申请，应当在拟飞行前（）提出。,单选题,法规法律,中等,2,是,1天,2天,3天,7天,,,1天,,超级管理员,2025-09-18 15:55:32,2025-09-18 15:55:45
04856,组织实施通用航空飞行活动的单位、个人，应当在飞行活动结束后（）内，将飞行活动情况报送有关飞行管制部门。,单选题,法规法律,中等,2,是,10分钟,30分钟,1小时,24小时,,,24小时,,超级管理员,2025-09-18 15:55:32,2025-09-18 15:55:45
04859,根据《中华人民共和国民用航空法》及相关法律法规的规定，民用航空安全管理应当坚持（）的工作方针。,单选题,法规法律,中等,2,是,安全第一、预防为主、综合治理,安全至上、预防为主、严格管理,安全优先、防治结合、综合治理,安全为本、防治结合、严格管理,,,安全第一、预防为主、综合治理,,超级管理员,2025-09-18 15:55:32,2025-09-18 15:55:45
04860,民航生产经营单位应当依法建立并实施（），以保障航空安全。,单选题,法规法律,中等,2,是,安全管理体系,质量控制体系,风险评估体系,应急救援体系,,,安全管理体系,,超级管理员,2025-09-18 15:55:32,2025-09-18 15:55:45
04861,民航生产经营单位应当至少（）对本单位安全管理体系的运行情况进行一次评估。,单选题,法规法律,中等,2,是,每月,每季度,每半年,每年,,,每年,,超级管理员,2025-09-18 15:55:32,2025-09-18 15:55:45
04862,民用航空安全信息包括民用航空（）等信息。,单选题,法规法律,中等,2,是,事故、事故征候、其他不安全事件,飞行计划、飞行高度、飞行速度,机场设施、航空器设备、空管设备,航空公司财务状况、员工培训情况、航班安排,,,事故、事故征候、其他不安全事件,,超级管理员,2025-09-18 15:55:32,2025-09-18 15:55:45
04868,申请民用无人机驾驶员合格证，年龄应满（）周岁。,单选题,法规法律,中等,2,是,14,16,18,20,,,16,,超级管理员,2025-09-18 15:55:32,2025-09-18 15:55:45
04877,民用无人驾驶航空器实名登记号码共（）位。,单选题,法规法律,中等,2,是,10,11,12,13,,,11,,超级管理员,2025-09-18 15:55:32,2025-09-18 15:55:45
04878,民用无人驾驶航空器登记信息发生变化时，拥有者应当在（）内向原登记部门申请变更。,单选题,法规法律,中等,2,是,12小时,24小时,48小时,72小时,,,48小时,,超级管理员,2025-09-18 15:55:32,2025-09-18 15:55:45
04879,当民用无人驾驶航空器丢失或者被盗后，拥有者应当在（）内向原登记部门报告。,单选题,法规法律,中等,2,是,12小时,24小时,48小时,72小时,,,12小时,,超级管理员,2025-09-18 15:55:32,2025-09-18 15:55:45
04880,对于违反民用无人驾驶航空器实名制登记管理规定的行为，由相关部门责令改正，可以处（）以下的罚款。,单选题,法规法律,中等,2,是,100元,200元,500元,1000元,,,200元,,超级管理员,2025-09-18 15:55:32,2025-09-18 15:55:45
04883,无人机装配场地的消防设备应该（）。,单选题,结构组成,中等,2,是,根据场地面积随意配置数量,按照规定合理配置，并且放在明显易取的位置,放置在远离装配工位的角落，以免占用空间,只有在消防部门要求时才配置,,,按照规定合理配置，并且放在明显易取的位置,,超级管理员,2025-09-18 15:55:32,2025-09-18 15:55:45
04884,在无人机装配场地中，工位布置应优先考虑的因素是（）。,单选题,结构组成,中等,2,是,美观,安全,成本,空间利用率,,,安全,,超级管理员,2025-09-18 15:55:32,2025-09-18 15:55:45
04885,无人机装配完成后，进行首次飞行测试时场地应选择（）。,单选题,结构组成,中等,2,是,封闭空间,人群密集区,开阔且无障碍物的区域,装配厂房附近,,,开阔且无障碍物的区域,,超级管理员,2025-09-18 15:55:32,2025-09-18 15:55:45
04886,装配无人机时，工具应（）。,单选题,结构组成,中等,2,是,随身携带,放置在防静电垫上,悬挂空中,金属表面上,,,放置在防静电垫上,,超级管理员,2025-09-18 15:55:32,2025-09-18 15:55:45
04887,装配时，不考虑工作台承重和安全问题，可以将重物随意放置在工作台上。（）,单选题,结构组成,中等,2,是,正确,错误,,,,,错误,,超级管理员,2025-09-18 15:55:32,2025-09-18 15:55:45
04888,装配场地内需要配备急救箱。（）,单选题,结构组成,中等,2,是,正确,错误,,,,,正确,,超级管理员,2025-09-18 15:55:32,2025-09-18 15:55:45
04889,在无人机装配中，使用游标卡尺测量无人机螺旋桨轴的直径时，应将游标卡尺的测量爪（  ）。,单选题,结构组成,中等,2,是,垂直于轴的轴线方向轻轻卡住,平行于轴的轴线方向轻轻卡住,斜向 45 度卡住轴，以适应轴的表面弧度,用力按压使测量爪贴合轴，再读数,,,垂直于轴的轴线方向轻轻卡住,,超级管理员,2025-09-18 15:55:32,2025-09-18 15:55:45
04890,在使用游标卡尺测量无人机零件时，关于放置位置，零件应（  ）。,单选题,结构组成,中等,2,是,放置在主尺和游标之间,放置在主尺和副尺之间,放置在游标和副尺之间,放置在主尺和刻度之间,,,放置在主尺和游标之间,,超级管理员,2025-09-18 15:55:32,2025-09-18 15:55:45
04891,在装配无人机时，使用游标卡尺测量螺栓长度，为了确保准确性，需要（）。,单选题,结构组成,中等,2,是,快速读取,测量多次取平均值,确保螺栓清洁无油污,直接测量,,,确保螺栓清洁无油污,,超级管理员,2025-09-18 15:55:32,2025-09-18 15:55:45
04892,测量无人机电机轴径时，游标卡尺的（）应接触电机轴。,单选题,结构组成,中等,2,是,内测量爪,外测量爪,深度尺,钩子,,,外测量爪,,超级管理员,2025-09-18 15:55:32,2025-09-18 15:55:45
04893,游标卡尺的读数方法是将主尺的整数部分与游标的刻度相加。（）,单选题,结构组成,中等,2,是,正确,错误,,,,,正确,,超级管理员,2025-09-18 15:55:32,2025-09-18 15:55:45
04894,读取游标卡尺数据时，视线应垂直于刻度面。（）,单选题,结构组成,中等,2,是,正确,错误,,,,,正确,,超级管理员,2025-09-18 15:55:32,2025-09-18 15:55:45
04895,在无人机装配中，测量电控系统的电压，已知其电压为22.2V，万用表应选择的量程是（）。,单选题,结构组成,中等,2,是,20V,50V,200V,500V,,,50V,,超级管理员,2025-09-18 15:55:32,2025-09-18 15:55:45
04896,在测量电流时，万用表显示的单位是（）。,单选题,结构组成,中等,2,是,V（伏特）,A（安培）,Ω（欧姆）,W（瓦特）,,,A（安培）,,超级管理员,2025-09-18 15:55:32,2025-09-18 15:55:45
04897,在无人机装配中，使用万用表测量电压时，应先将旋钮调（）。,单选题,结构组成,中等,2,是,电阻档,电流档,交流电压档,直流电压档,,,直流电压档,,超级管理员,2025-09-18 15:55:32,2025-09-18 15:55:46
04898,在无人机装配中，若要判断无人机电路板上某条导线是否导通，应使用万用表的（  ）功能。,单选题,结构组成,中等,2,是,电压测量,电流测量,电阻测量,电容测量,,,电阻测量,,超级管理员,2025-09-18 15:55:32,2025-09-18 15:55:46
04899,万用表可以用于检测无人机的各种电气参数。（）,单选题,结构组成,中等,2,是,正确,错误,,,,,正确,,超级管理员,2025-09-18 15:55:32,2025-09-18 15:55:46
04900,在测量无人机电池电压时，万用表应置于交流档。（）,单选题,结构组成,中等,2,是,正确,错误,,,,,错误,,超级管理员,2025-09-18 15:55:32,2025-09-18 15:55:46
04901,在无人机装配过程中，钳类工具主要用于（）操作。,单选题,结构组成,中等,2,是,精确测量部件尺寸,切割和弯曲导线,高速旋转安装螺丝,焊接电路元件,,,切割和弯曲导线,,超级管理员,2025-09-18 15:55:32,2025-09-18 15:55:46
04902,（）最适合用于无人机电路中细小导线的剥皮操作。,单选题,结构组成,中等,2,是,钢丝钳,剥线钳,斜口钳,老虎钳,,,剥线钳,,超级管理员,2025-09-18 15:55:32,2025-09-18 15:55:46
04903,在装配无人机时，若需要夹持小零件进行精细调整，应选用（）。,单选题,结构组成,中等,2,是,尖嘴钳,大力钳,绝缘钳,斜嘴钳,,,尖嘴钳,,超级管理员,2025-09-18 15:55:32,2025-09-18 15:55:46
04904,对于无人机中的信号线接头端子，使用（）进行紧固最为合适。,单选题,结构组成,中等,2,是,鲤鱼钳,弯头钳,压线钳,尖嘴钳,,,压线钳,,超级管理员,2025-09-18 15:55:32,2025-09-18 15:55:46
04905,在无人机装配中，普通钢丝钳可以用于剥去导线绝缘层，无需专门使用剥线钳。,单选题,结构组成,中等,2,是,正确,错误,,,,,错误,,超级管理员,2025-09-18 15:55:32,2025-09-18 15:55:46
04906,尖嘴钳因其精细的夹持能力，在无人机装配中常用于夹取和安装微小部件。,单选题,结构组成,中等,2,是,正确,错误,,,,,正确,,超级管理员,2025-09-18 15:55:32,2025-09-18 15:55:46
04907,在装配高精度无人机部件时，螺丝刀刀头的硬度应（  ）。,单选题,结构组成,中等,2,是,比螺丝硬度低,与螺丝硬度相同,比螺丝硬度高,不需要考虑刀头硬度,,,比螺丝硬度高,,超级管理员,2025-09-18 15:55:32,2025-09-18 15:55:46
04908,为防止在无人机装配过程中螺丝刀滑落伤人，螺丝刀的手柄应（  ）。,单选题,结构组成,中等,2,是,保持光滑,缠绕一些胶带，增加摩擦力,做成尖锐形状，便于握持,设计得很细，方便操作,,,缠绕一些胶带，增加摩擦力,,超级管理员,2025-09-18 15:55:32,2025-09-18 15:55:46
04909,在无人机装配中使用频率最高的螺丝刀类型是（）。,单选题,结构组成,中等,2,是,一字螺丝刀,十字螺丝刀,内六角螺丝刀,梅花形螺丝刀,,,内六角螺丝刀,,超级管理员,2025-09-18 15:55:32,2025-09-18 15:55:46
04910,若发现无人机上的螺丝生锈，使用螺丝刀拆卸前，可先（  ）。,单选题,结构组成,中等,2,是,用火烧一下螺丝,往螺丝上倒点白醋，等待片刻,拿砂纸大力打磨螺丝,直接用大力拧动,,,往螺丝上倒点白醋，等待片刻,,超级管理员,2025-09-18 15:55:32,2025-09-18 15:55:46
04911,在无人机装配中，只要能拧动螺丝，螺丝刀刀头有点磨损也没关系，不用更换。（  ）,单选题,结构组成,中等,2,是,正确,错误,,,,,错误,,超级管理员,2025-09-18 15:55:32,2025-09-18 15:55:46
04912,如果发现螺丝刀在使用过程中有异常声音或感觉卡滞，应立即停止使用并进行检查。（）,单选题,结构组成,中等,2,是,正确,错误,,,,,正确,,超级管理员,2025-09-18 15:55:32,2025-09-18 15:55:46
04913,用示波器检测无人机电机驱动电路的脉冲信号时，为了得到清晰准确的波形，需要（）。,单选题,结构组成,中等,2,是,不断更换探头,调整示波器的触发模式和时间、电压量程等参数,提高电机的转速,在电机和驱动电路之间串联更多电阻,,,调整示波器的触发模式和时间、电压量程等参数,,超级管理员,2025-09-18 15:55:32,2025-09-18 15:55:46
04914,在无人机装配过程中，示波器主要用于检测（）的变化情况。,单选题,结构组成,中等,2,是,电池电量,电机转速,信号波形,飞行高度,,,信号波形,,超级管理员,2025-09-18 15:55:32,2025-09-18 15:55:46
04915,当示波器显示的波形不稳定，上下跳动时，可通过（  ）方法来稳定波形。,单选题,结构组成,中等,2,是,调节示波器的垂直灵敏度,调节触发源和触发电平,更换示波器探头,关闭示波器重新开机,,,调节触发源和触发电平,,超级管理员,2025-09-18 15:55:32,2025-09-18 15:55:46
04916,示波器的垂直通道设置用于调整（）。,单选题,结构组成,中等,2,是,时间轴,电压幅度,频率,相位,,,电压幅度,,超级管理员,2025-09-18 15:55:32,2025-09-18 15:55:46
04917,如果示波器屏幕上出现干扰或噪声，可能是由于外部电磁干扰造成的。（）,单选题,结构组成,中等,2,是,正确,错误,,,,,正确,,超级管理员,2025-09-18 15:55:32,2025-09-18 15:55:46
04918,示波器探头应直接接触电路板。（）,单选题,结构组成,中等,2,是,正确,错误,,,,,错误,,超级管理员,2025-09-18 15:55:32,2025-09-18 15:55:46
04919,在无人机装配中，常用的焊接工具是（）。,单选题,结构组成,中等,2,是,电焊机,气焊机,焊锡枪,激光焊机,,,焊锡枪,,超级管理员,2025-09-18 15:55:32,2025-09-18 15:55:46
04920,焊接无人机的电池连接片时，（）助焊剂是最合适的。,单选题,结构组成,中等,2,是,无机酸,无机盐,树脂型,有机酸,,,树脂型,,超级管理员,2025-09-18 15:55:32,2025-09-18 15:55:46
04921,对于焊接无人机小型精密传感器的焊点，选择（）形状烙铁头形状最合适。,单选题,结构组成,中等,2,是,马蹄形,刀形,尖锥形,圆形,,,尖锥形,,超级管理员,2025-09-18 15:55:32,2025-09-18 15:55:46
04922,在无人机装配车间，焊接工具使用完毕后，正确放置方法是（）。,单选题,结构组成,中等,2,是,随意放在工作台上,专用的工具架或隔热垫上,放在工具箱中,靠近易燃物品旁,,,专用的工具架或隔热垫上,,超级管理员,2025-09-18 15:55:32,2025-09-18 15:55:46
04923,电烙铁在焊接无人机部件过程中，为加快进度，可以同时用两把电烙铁分别焊接相邻焊点。（）,单选题,结构组成,中等,2,是,正确,错误,,,,,错误,,超级管理员,2025-09-18 15:55:32,2025-09-18 15:55:46
04924,无人机装配完成后，多余的焊锡可以用刀片刮除。（）,单选题,结构组成,中等,2,是,正确,错误,,,,,错误,,超级管理员,2025-09-18 15:55:32,2025-09-18 15:55:46
04925,在无人机装配中，水平仪主要用于（）。,单选题,结构组成,中等,2,是,测量电池电压,校准无人机的水平姿态,测试电机转速,检查遥控器信号,,,校准无人机的水平姿态,,超级管理员,2025-09-18 15:55:32,2025-09-18 15:55:46
04926,水平仪在无人机装配中的主要作用是（）。,单选题,结构组成,中等,2,是,测量无人机的重量,确保无人机的重心平衡,测试无人机的飞行速度,检查无人机的电池容量,,,确保无人机的重心平衡,,超级管理员,2025-09-18 15:55:32,2025-09-18 15:55:46
04927,使用水平仪校准无人机时，若水平仪显示不水平，调水平的做法是（）。,单选题,结构组成,中等,2,是,调整无人机的电池位置,调整无人机的摄像头角度,调整无人机的电机转速,调整无人机的脚架高度,,,调整无人机的脚架高度,,超级管理员,2025-09-18 15:55:32,2025-09-18 15:55:46
04928,使用水平仪校准无人机时，应将无人机放置在（）。,单选题,结构组成,中等,2,是,倾斜的表面上,柔软的表面上,完全水平的表面上,任意表面上,,,完全水平的表面上,,超级管理员,2025-09-18 15:55:32,2025-09-18 15:55:46
04929,水平仪在无人机装配中通常用于校准无人机的螺旋桨。（ ）,单选题,结构组成,中等,2,是,正确,错误,,,,,错误,,超级管理员,2025-09-18 15:55:32,2025-09-18 15:55:46
04930,使用水平仪校准无人机时，若水平仪显示水平，说明无人机重心平衡。（ ）,单选题,结构组成,中等,2,是,正确,错误,,,,,错误,,超级管理员,2025-09-18 15:55:32,2025-09-18 15:55:46
04931,使用示波器测量无人机电机驱动信号时，应选择（）。,单选题,结构组成,中等,2,是,直流电压档位,交流电压档位,电流档位,频率档位,,,交流电压档位,,超级管理员,2025-09-18 15:55:32,2025-09-18 15:55:46
04932,示波器在无人机装配中可以帮助检测（）。,单选题,结构组成,中等,2,是,电机的温度,螺旋桨的平衡性,电池的电量,电气信号的波形与质量,,,电气信号的波形与质量,,超级管理员,2025-09-18 15:55:32,2025-09-18 15:55:46
04933,使用示波器测量无人机电池电压时，若波形有尖峰，可能的原因是（）。,单选题,结构组成,中等,2,是,电池电量不足,电源滤波不良,电机损坏,螺旋桨不平衡,,,电源滤波不良,,超级管理员,2025-09-18 15:55:32,2025-09-18 15:55:46
04934,在使用示波器对无人机的电路进行全面检测时，正确的做法是（ ）。,单选题,结构组成,中等,2,是,随意连接探头，不考虑接地和信号类型,先了解电路原理和信号特性，再进行测量,只测量主要芯片的信号，忽略其他元件,测量过程中频繁切换示波器的各种设置,,,先了解电路原理和信号特性，再进行测量,,超级管理员,2025-09-18 15:55:32,2025-09-18 15:55:46
04935,示波器可以帮助检测无人机电机的温度。（ ）,单选题,结构组成,中等,2,是,正确,错误,,,,,错误,,超级管理员,2025-09-18 15:55:32,2025-09-18 15:55:46
04936,示波器在无人机装配中主要用于检测信号波形。（ ）,单选题,结构组成,中等,2,是,正确,错误,,,,,正确,,超级管理员,2025-09-18 15:55:32,2025-09-18 15:55:46
04937,在无人机装配中，（）场景必须佩戴护目镜。,单选题,结构组成,中等,2,是,使用电钻打孔,拧紧螺丝,粘贴标识贴纸,整理线路,,,使用电钻打孔,,超级管理员,2025-09-18 15:55:32,2025-09-18 15:55:46
04938,在无人机装配中，护目镜的防护等级通常指的是（）。,单选题,结构组成,中等,2,是,抗冲击能力,防水能力,防尘能力,防紫外线能力,,,抗冲击能力,,超级管理员,2025-09-18 15:55:32,2025-09-18 15:55:46
04939,装配无人机的碳纤维部件时，佩戴护目镜的主要目的是防止（）。,单选题,结构组成,中等,2,是,碳纤维碎屑飞溅,胶水挥发气味刺激,部件反光刺眼,装配工具掉落砸伤,,,碳纤维碎屑飞溅,,超级管理员,2025-09-18 15:55:32,2025-09-18 15:55:46
04940,在寒冷环境下进行无人机装配，护目镜出现雾蒙蒙的情况，（）是错误的解决方法。,单选题,结构组成,中等,2,是,用干布擦拭镜片表面,调整工作环境通风状况,使用防雾剂处理镜片,频繁摘下护目镜透气,,,频繁摘下护目镜透气,,超级管理员,2025-09-18 15:55:32,2025-09-18 15:55:47
04941,在焊接等产生火花的工序中应佩戴护目镜。（）,单选题,结构组成,中等,2,是,正确,错误,,,,,正确,,超级管理员,2025-09-18 15:55:32,2025-09-18 15:55:47
04942,护目镜应定期更换，以确保透明清晰。（）,单选题,结构组成,中等,2,是,正确,错误,,,,,正确,,超级管理员,2025-09-18 15:55:32,2025-09-18 15:55:47
04943,安全帽佩戴时，帽箍应调整到适合头部大小并紧固的程度是（）。,单选题,结构组成,中等,2,是,松松垮垮,适中,越紧越好,随意,,,适中,,超级管理员,2025-09-18 15:55:32,2025-09-18 15:55:47
04944,如果发现安全帽有裂痕或明显的损坏，合适的做法是（）。,单选题,结构组成,中等,2,是,用胶水粘合后继续使用,更换新的安全帽,用水清洗后继续使用,用布擦拭后继续使用,,,更换新的安全帽,,超级管理员,2025-09-18 15:55:32,2025-09-18 15:55:47
04945,安全帽的颜色和设计通常用于（）。,单选题,结构组成,中等,2,是,增加美观,区分不同工种或部门,提升工作效率,增加安全帽强度,,,区分不同工种或部门,,超级管理员,2025-09-18 15:55:32,2025-09-18 15:55:47
04946,安全帽的内衬有（）的作用。,单选题,结构组成,中等,2,是,提供缓冲保护,增加重量,方便携带,增加摩擦力,,,提供缓冲保护,,超级管理员,2025-09-18 15:55:32,2025-09-18 15:55:47
04947,安全帽必须保持清洁干燥，不得随意挪作他用。（）,单选题,结构组成,中等,2,是,正确,错误,,,,,正确,,超级管理员,2025-09-18 15:55:32,2025-09-18 15:55:47
04948,在室内装配无人机，环境安全，就可以不戴安全帽。（ ）,单选题,结构组成,中等,2,是,正确,错误,,,,,错误,,超级管理员,2025-09-18 15:55:32,2025-09-18 15:55:47
04949,在夜间操作时，防护服应具有（）特性来提高安全性。,单选题,结构组成,中等,2,是,时尚设计,轻便材料,反光条,多口袋设计,,,反光条,,超级管理员,2025-09-18 15:55:32,2025-09-18 15:55:47
04950,防护服穿戴时袖口应（）才符合要求。,单选题,结构组成,中等,2,是,挽起袖口，方便操作,袖口敞开，保持通风,扎紧袖口，防止异物进入,随意穿戴，只要不掉落,,,扎紧袖口，防止异物进入,,超级管理员,2025-09-18 15:55:32,2025-09-18 15:55:47
04951,防护服的主要作用是（）。,单选题,结构组成,中等,2,是,提升个人形象,防止身体受到伤害,增加体温,增加工作效率,,,防止身体受到伤害,,超级管理员,2025-09-18 15:55:32,2025-09-18 15:55:47
04952,防护服的颜色和设计通常用于（）。,单选题,结构组成,中等,2,是,增加美观,区分不同工种或部门,提升工作效率,提升防护服质量,,,区分不同工种或部门,,超级管理员,2025-09-18 15:55:32,2025-09-18 15:55:47
04953,防护服的穿戴顺序应该是“先上后下，先左后右”。 （）,单选题,结构组成,中等,2,是,正确,错误,,,,,正确,,超级管理员,2025-09-18 15:55:32,2025-09-18 15:55:47
04954,防护服使用完毕后，应该清洗干净并妥善存放。 (),单选题,结构组成,中等,2,是,正确,错误,,,,,正确,,超级管理员,2025-09-18 15:55:32,2025-09-18 15:55:47
04955,无人机电机型号中的KV值主要表示（）。,单选题,结构组成,中等,2,是,每伏特电压下电机的空载转速,电机的最大功率,电机的额定电流,电机的直径,,,每伏特电压下电机的空载转速,,超级管理员,2025-09-18 15:55:32,2025-09-18 15:55:47
04956,以下（）参数不是电机型号中常见的标识。,单选题,结构组成,困难,2,是,KV值,功率（W）,螺旋桨尺寸,重量（g）,,,功率（W）,,超级管理员,2025-09-18 15:55:32,2025-09-18 15:55:47
04957,无人机电机的型号中，若标注了 “2212”，其中 “22” 通常代表的含义是（  ）。,单选题,结构组成,中等,2,是,电机的直径（mm）,电机的高度（mm）,电机的 Kv 值,电机的磁极对数,,,电机的直径（mm）,,超级管理员,2025-09-18 15:55:32,2025-09-18 15:55:47
04958,对于多轴无人机而言，选择电机时应优先考虑的因素是（）。,单选题,结构组成,中等,2,是,尽可能高的KV值以获得更快的速度,最大化电机的重量以提高稳定性,匹配螺旋桨尺寸和预期飞行任务的最佳KV值,最小化电机的功率以延长电池寿命,,,匹配螺旋桨尺寸和预期飞行任务的最佳KV值,,超级管理员,2025-09-18 15:55:32,2025-09-18 15:55:47
04959,无人机电机的尺寸越大，其动力就一定越强。（）,单选题,结构组成,中等,2,是,正确,错误,,,,,错误,,超级管理员,2025-09-18 15:55:32,2025-09-18 15:55:47
04960,无人机电机的KV值越高，其最大转速就越高。（）,单选题,结构组成,中等,2,是,正确,错误,,,,,正确,,超级管理员,2025-09-18 15:55:32,2025-09-18 15:55:47
04961,选择电子调速器时，最重要的参数是（）。,单选题,结构组成,中等,2,是,尺寸和重量,最大持续电流,颜色和外观,价格,,,最大持续电流,,超级管理员,2025-09-18 15:55:32,2025-09-18 15:55:47
04962,电子调速器的“PWM频率”指的是（）。,单选题,结构组成,中等,2,是,电机的转速,信号更新的速度,电池的电压,遥控器的信号频率,,,信号更新的速度,,超级管理员,2025-09-18 15:55:32,2025-09-18 15:55:47
04963,电子调速器的最大持续电流额定值主要用于确定（）。,单选题,结构组成,中等,2,是,ESC的物理尺寸,ESC可以控制的最大电机KV值,ESC能够长时间稳定工作的最大电流,ESC支持的最高电池电压,,,ESC能够长时间稳定工作的最大电流,,超级管理员,2025-09-18 15:55:32,2025-09-18 15:55:47
04964,电子调速器的“信号协议”指的是（）。,单选题,结构组成,中等,2,是,遥控器的信号类型,电机的控制方式,电池的通信协议,螺旋桨的控制方式,,,遥控器的信号类型,,超级管理员,2025-09-18 15:55:32,2025-09-18 15:55:47
04965,电子调速器的“BEC”功能是为电机提供高电压电源。（ ）,单选题,结构组成,中等,2,是,正确,错误,,,,,错误,,超级管理员,2025-09-18 15:55:32,2025-09-18 15:55:47
04966,电子调速器的“同步整流”功能可提高电机效率。（ ）,单选题,结构组成,中等,2,是,正确,错误,,,,,正确,,超级管理员,2025-09-18 15:55:32,2025-09-18 15:55:47
04967,若无人机电池的“放电倍率”为30C，容量为2200mAh，其最大放电电流为（）。,单选题,结构组成,中等,2,是,30A,2200mA,66A,3.7A,,,66A,,超级管理员,2025-09-18 15:55:32,2025-09-18 15:55:47
04968,下列（）参数不是无人机电池型号中常见的标识。,单选题,结构组成,中等,2,是,电池的容量,放电倍率,支持的最大飞行高度,电芯串联数量,,,支持的最大飞行高度,,超级管理员,2025-09-18 15:55:32,2025-09-18 15:55:47
04969,无人机电池的“存储电压”是指（）。,单选题,结构组成,中等,2,是,电池的满电电压,电池的放电截止电压,电池长期存放时的推荐电压,电池的最大放电电压,,,电池长期存放时的推荐电压,,超级管理员,2025-09-18 15:55:32,2025-09-18 15:55:47
04970,无人机电池的“S数”是指（）。,单选题,结构组成,中等,2,是,电池的容量,电芯串联数量,电池的放电速率,电池的重量,,,电芯串联数量,,超级管理员,2025-09-18 15:55:32,2025-09-18 15:55:47
04971,无人机电池的“放电截止电压”是电池放电时的最低安全电压。（ ）,单选题,结构组成,中等,2,是,正确,错误,,,,,正确,,超级管理员,2025-09-18 15:55:32,2025-09-18 15:55:47
04972,无人机电池的“C数”表示电池的放电速率。（ ）,单选题,结构组成,中等,2,是,正确,错误,,,,,正确,,超级管理员,2025-09-18 15:55:32,2025-09-18 15:55:47
04973,在螺旋桨型号中，关于直径的标识是（ ）。,单选题,结构组成,中等,2,是,D100mm,L50cm,H30m,W20kg,,,D100mm,,超级管理员,2025-09-18 15:55:32,2025-09-18 15:55:47
04974,小型无人机螺旋桨型号中经常出现的 “CW” 字样是指（ ）。,单选题,结构组成,中等,2,是,顺时针旋转,逆时针旋转,碳纤材质,冷却方式,,,顺时针旋转,,超级管理员,2025-09-18 15:55:32,2025-09-18 15:55:47
04975,一个螺旋桨型号标注为 “4 - 15x8”，其中 “15” 表示（ ）。,单选题,结构组成,中等,2,是,螺旋桨的桨毂直径为 15mm,螺旋桨的外径为 15cm,螺旋桨的螺距为 15mm,螺旋桨的重量为 15g,,,螺旋桨的螺距为 15mm,,超级管理员,2025-09-18 15:55:32,2025-09-18 15:55:47
04976,关于螺旋桨的规格型号，不是螺旋桨型号中常见的标识（ ）。,单选题,结构组成,中等,2,是,直径,桨距,最大转速,桨叶数量,,,最大转速,,超级管理员,2025-09-18 15:55:32,2025-09-18 15:55:47
04977,螺旋桨规格型号中的数字越大，代表螺旋桨的尺寸一定越大。（）,单选题,结构组成,中等,2,是,正确,错误,,,,,错误,,超级管理员,2025-09-18 15:55:32,2025-09-18 15:55:47
04978,小型无人机螺旋桨规格型号不会包含其噪音等级参数。（）,单选题,结构组成,中等,2,是,正确,错误,,,,,错误,,超级管理员,2025-09-18 15:55:32,2025-09-18 15:55:47
04979,在零部件识别方法中，（）对环境光线要求最高。,单选题,结构组成,中等,2,是,视觉识别系统,触觉识别（如用手触摸形状）,声音识别（通过敲击听声音）,嗅觉识别（通过气味判断）,,,视觉识别系统,,超级管理员,2025-09-18 15:55:32,2025-09-18 15:55:47
04980,在进行无人机零部件识别时，最有效的方法是（ ）。,单选题,结构组成,中等,2,是,根据外观形状和个人经验判断,参考制造商提供的零件手册或图纸,使用通用量具测量尺寸,对比市场上类似产品,,,参考制造商提供的零件手册或图纸,,超级管理员,2025-09-18 15:55:32,2025-09-18 15:55:47
04981,（）不是识别零部件的热性能的方法。,单选题,结构组成,中等,2,是,热膨胀系数测试,热传导率测试,耐热性测试（如高温老化试验）,磁性测试,,,磁性测试,,超级管理员,2025-09-18 15:55:32,2025-09-18 15:55:47
04982,对于外形相同但材质不同的零部件，（）方法最适合用于区分。,单选题,结构组成,中等,2,是,目视检查,磁性检测,条码扫描,光谱分析,,,光谱分析,,超级管理员,2025-09-18 15:55:32,2025-09-18 15:55:48
04983,对于微小的电子零部件，仅依靠外观形状就能准确识别其型号和功能。（）,单选题,结构组成,中等,2,是,正确,错误,,,,,错误,,超级管理员,2025-09-18 15:55:32,2025-09-18 15:55:48
04984,当零部件上的标识模糊不清时，用砂纸打磨标识区域是恢复标识信息的有效方法。（）,单选题,结构组成,中等,2,是,正确,错误,,,,,错误,,超级管理员,2025-09-18 15:55:32,2025-09-18 15:55:48
04985,在无人机装配图中，（）通常用于展示无人机的整体外形和布局。,单选题,结构组成,中等,2,是,主视图,俯视图,左视图,爆炸图,,,爆炸图,,超级管理员,2025-09-18 15:55:32,2025-09-18 15:55:48
04986,当查看无人机装配图上的零件尺寸标注时，（）符号表示直径。,单选题,结构组成,中等,2,是,R,Φ,L,H,,,Φ,,超级管理员,2025-09-18 15:55:32,2025-09-18 15:55:48
04987,若在无人机装配图中看到表面粗糙度标注为 Ra3.2，这意味着该表面（  ）。,单选题,结构组成,中等,2,是,非常光滑，几乎无瑕疵,较为粗糙，加工精度低,表面加工后，微观不平度十点高度的算术平均值为 3.2μm,表面加工后，轮廓算术平均偏差为 3.2μm,,,表面加工后，轮廓算术平均偏差为 3.2μm,,超级管理员,2025-09-18 15:55:32,2025-09-18 15:55:48
04988,在无人机装配图中，若发现某条线画成了双点划线，它通常表示（  ）。,单选题,结构组成,中等,2,是,可见轮廓线,不可见轮廓线,假想投影线,尺寸界线,,,假想投影线,,超级管理员,2025-09-18 15:55:32,2025-09-18 15:55:48
04989,能熟练使用绘图软件打开无人机装配图，就意味着已经掌握了装配图的识读方法。（  ）,单选题,结构组成,中等,2,是,正确,错误,,,,,错误,,超级管理员,2025-09-18 15:55:32,2025-09-18 15:55:48
04990,在无人机装配图中，箭头通常用于表示部件的连接关系。（）,单选题,结构组成,中等,2,是,正确,错误,,,,,正确,,超级管理员,2025-09-18 15:55:32,2025-09-18 15:55:48
04991,在装配机臂时，为了保证机臂的水平度，应该使用（）。,单选题,结构组成,中等,2,是,水平仪,卡尺,千分尺,塞尺,,,水平仪,,超级管理员,2025-09-18 15:55:32,2025-09-18 15:55:48
04992,机臂装配完成后，需要进行（）来检查装配质量。,单选题,结构组成,中等,2,是,防水测试,颜色持久性测试,振动测试,静电测试,,,振动测试,,超级管理员,2025-09-18 15:55:32,2025-09-18 15:55:48
04993,机臂装配中，如果需要安装电线或电缆，正确的方法是（ ）。,单选题,结构组成,中等,2,是,直接将电线或电缆暴露在机臂表面,用扎带将电线或电缆简单固定在机臂上,为电线或电缆开设专用的线槽，并进行固定和保护,把电线或电缆缠绕在机臂的连接部位,,,为电线或电缆开设专用的线槽，并进行固定和保护,,超级管理员,2025-09-18 15:55:32,2025-09-18 15:55:48
04994,在机臂装配过程中，最适合用于检测装配后的同轴度的方法是（）。,单选题,结构组成,中等,2,是,目视检查,使用千分表测量,随意安装,敲击调整,,,使用千分表测量,,超级管理员,2025-09-18 15:55:32,2025-09-18 15:55:48
04995,机臂与其他部件连接时，依靠部件自身的精度就能保证连接精度，不需要其他辅助措施。（）,单选题,结构组成,中等,2,是,正确,错误,,,,,错误,,超级管理员,2025-09-18 15:55:32,2025-09-18 15:55:48
04996,装配后的机臂垂直度可以通过直角尺测量来验证。（）,单选题,结构组成,中等,2,是,正确,错误,,,,,正确,,超级管理员,2025-09-18 15:55:32,2025-09-18 15:55:48
04997,在装配无人机螺旋桨时，如果发现电机轴有轻微变形，应该（ ）。,单选题,结构组成,困难,2,是,继续装配，轻微变形不影响螺旋桨旋转,用锤子将电机轴敲直后装配,更换电机或对电机轴进行修复后再装配,在变形的电机轴上套上一层橡胶后装配,,,更换电机或对电机轴进行修复后再装配,,超级管理员,2025-09-18 15:55:32,2025-09-18 15:55:48
04998,装配无人机螺旋桨时，螺旋桨与电机轴之间的配合间隙应该（ )。,单选题,结构组成,中等,2,是,尽量大，方便安装和拆卸,越小越好，以保证动力传递和稳定性,根据螺旋桨的颜色来确定,保持在一个固定的标准值，不受螺旋桨尺寸影响,,,越小越好，以保证动力传递和稳定性,,超级管理员,2025-09-18 15:55:32,2025-09-18 15:55:48
04999,对于不同尺寸的无人机螺旋桨，装配时主要的区别在于（ ）。,单选题,结构组成,中等,2,是,螺旋桨的颜色和材质,安装位置和连接方式的选择,螺旋桨的旋转方向不同,装配顺序不同,,,安装位置和连接方式的选择,,超级管理员,2025-09-18 15:55:32,2025-09-18 15:55:48
05000,对于多旋翼无人机，螺旋桨之间的平衡安装是指（ ）。,单选题,结构组成,中等,2,是,所有螺旋桨的重量完全相同,每个螺旋桨的静态和动态平衡，确保推力一致,螺旋桨的安装高度相同,螺旋桨的材质相同,,,每个螺旋桨的静态和动态平衡，确保推力一致,,超级管理员,2025-09-18 15:55:32,2025-09-18 15:55:48
05001,使用自锁螺母可以有效防止无人机螺旋桨在飞行中松动。（）,单选题,结构组成,中等,2,是,正确,错误,,,,,正确,,超级管理员,2025-09-18 15:55:32,2025-09-18 15:55:48
05002,?螺旋桨的变形可以通过敲击调整修复。（）,单选题,结构组成,中等,2,是,正确,错误,,,,,错误,,超级管理员,2025-09-18 15:55:32,2025-09-18 15:55:48
05003,若要提升多旋翼无人机的负载能力，在装配无刷电机时，可以考虑（  ）。,单选题,结构组成,中等,2,是,选用高 Kv 值电机，提高转速,选用低 Kv 值电机，增加扭矩,随意增大电机尺寸，不考虑适配性,只增加电机数量，不优化其他部件,,,选用低 Kv 值电机，增加扭矩,,超级管理员,2025-09-18 15:55:32,2025-09-18 15:55:48
05004,装配无刷电机时，电机与无人机电机座的固定方式，（）最为常见。,单选题,结构组成,中等,2,是,磁吸固定,螺丝连接,胶粘固定,卡扣连接,,,螺丝连接,,超级管理员,2025-09-18 15:55:32,2025-09-18 15:55:48
05005,无刷电机安装时，（）确保电机固定牢固。,单选题,结构组成,中等,2,是,锁紧螺丝打满螺丝胶并用全力旋紧,锁紧螺丝打2-3丝螺丝胶并用全力旋紧,锁紧螺丝打2-3丝螺丝胶并轻轻旋紧,锁紧螺丝打满螺丝胶并轻轻旋紧,,,锁紧螺丝打2-3丝螺丝胶并轻轻旋紧,,超级管理员,2025-09-18 15:55:32,2025-09-18 15:55:48
05006,在装配无人机无刷电机时，应首先注意（）。,单选题,结构组成,中等,2,是,电机的尺寸,电机的旋转方向,电机的颜色,电机的重量,,,电机的旋转方向,,超级管理员,2025-09-18 15:55:32,2025-09-18 15:55:48
05007,只要无刷电机的尺寸与无人机机架预留孔位匹配，就可以直接安装使用。（）,单选题,结构组成,中等,2,是,正确,错误,,,,,错误,,超级管理员,2025-09-18 15:55:32,2025-09-18 15:55:48
05008,装配无刷电机时，拧紧固定螺丝后，需要检查电机轴是否与机架平面垂直。（）,单选题,结构组成,中等,2,是,正确,错误,,,,,正确,,超级管理员,2025-09-18 15:55:32,2025-09-18 15:55:48
05009,在装配多旋翼无人机电子调速器（ESC）前，首先要对其进行（）的操作。,单选题,结构组成,中等,2,是,测量调速器的外观尺寸，确保与安装位置匹配,检查调速器外壳有无破损、变形，保证内部元件安全,用万用表测试调速器的输出电流，判断其性能,查看调速器的品牌标识，评估质量,,,检查调速器外壳有无破损、变形，保证内部元件安全,,超级管理员,2025-09-18 15:55:32,2025-09-18 15:55:48
05010,电子调速器与无刷电机连接时，通常使用（）连接。,单选题,结构组成,中等,2,是,USB接头,香蕉插头,T插接头,XT接头,,,香蕉插头,,超级管理员,2025-09-18 15:55:32,2025-09-18 15:55:48
05011,对于一款四旋翼无人机，电子调速器的数量通常应为（  ）。,单选题,结构组成,中等,2,是,2 个,3个,4 个,8 个,,,4 个,,超级管理员,2025-09-18 15:55:32,2025-09-18 15:55:48
05012,电子调速器的信号线在连接到飞控系统时，应该（）。,单选题,结构组成,中等,2,是,使用焊接的方式连接，确保牢固,通过配套的插头进行连接，保证连接良好,直接将裸露的信号线插入飞控接口,把多根信号线拧在一起再连接,,,通过配套的插头进行连接，保证连接良好,,超级管理员,2025-09-18 15:55:32,2025-09-18 15:55:48
05013,在装配多旋翼无人机电子调速器时，不需要考虑飞控板的型号。（  ）,单选题,结构组成,中等,2,是,正确,错误,,,,,错误,,超级管理员,2025-09-18 15:55:32,2025-09-18 15:55:48
05014,电子调速器连接线路可以随意布置。（）,单选题,结构组成,中等,2,是,正确,错误,,,,,错误,,超级管理员,2025-09-18 15:55:32,2025-09-18 15:55:48
05015,考虑对载重量要求不高和经济便宜的情况下，（）适合制作无人机脚架。,单选题,结构组成,中等,2,是,钛合金,碳纤维,塑料,铝合金,,,塑料,,超级管理员,2025-09-18 15:55:32,2025-09-18 15:55:48
05016,无人机脚架用于连接无人机主体的部分是（）。,单选题,结构组成,中等,2,是,支撑杆,减震垫,安装接口或连接座,固定螺丝,,,减震垫,,超级管理员,2025-09-18 15:55:32,2025-09-18 15:55:48
05017,脚架安装时，（）确保固定牢固。,单选题,结构组成,中等,2,是,使用螺丝刀轻轻旋紧,使用扳手大力旋紧,用手旋紧,随意放置,,,使用螺丝刀轻轻旋紧,,超级管理员,2025-09-18 15:55:32,2025-09-18 15:55:48
05018,无人机脚架装配时，对多余的材料应该（）。,单选题,结构组成,中等,2,是,随意摆放,收纳整齐,任其悬垂,直接隐藏,,,收纳整齐,,超级管理员,2025-09-18 15:55:32,2025-09-18 15:55:48
05019,当无人机在平整、无障碍物但存在强电磁干扰的空旷场地低空慢速飞行时，可以在没有脚架的情况下使用无人机。（）,单选题,结构组成,中等,2,是,正确,错误,,,,,错误,,超级管理员,2025-09-18 15:55:32,2025-09-18 15:55:48
05020,无人机脚架装配无需考虑重心。（）,单选题,结构组成,中等,2,是,正确,错误,,,,,错误,,超级管理员,2025-09-18 15:55:32,2025-09-18 15:55:48
05021,在多旋翼无人机中心板装配过程中，用于固定飞行控制器的最佳方式是（）。,单选题,结构组成,中等,2,是,使用强力胶水粘贴,通过螺丝和垫片紧固,直接焊接至电路板上,利用磁铁吸附,,,通过螺丝和垫片紧固,,超级管理员,2025-09-18 15:55:32,2025-09-18 15:55:48
05022,在多旋翼无人机的中心板装配过程中，需要确保所有电子设备能够正确供电，首先要完成的步骤是（）。,单选题,结构组成,中等,2,是,安装并固定飞行控制器,测试各个传感器的功能,检查并规划电源分配和连接,连接电机和电调,,,检查并规划电源分配和连接,,超级管理员,2025-09-18 15:55:32,2025-09-18 15:55:48
05023,在装配多旋翼无人机中心板时，为了确保电机能够接收来自飞控系统的信号，（）是连接电机与飞控系统的关键桥梁。,单选题,结构组成,困难,2,是,电调,桨叶,机架,电池,,,电调,,超级管理员,2025-09-18 15:55:32,2025-09-18 15:55:48
05024,在安装多旋翼无人机的中心板时，为了保证飞控系统能够稳定工作，必须优先固定（）。,单选题,结构组成,中等,2,是,电池架,中心板支架,遥控接收器,螺旋桨,,,中心板支架,,超级管理员,2025-09-18 15:55:32,2025-09-18 15:55:48
05025,多旋翼无人机中心板装配无需平整。（）,单选题,结构组成,中等,2,是,正确,错误,,,,,错误,,超级管理员,2025-09-18 15:55:32,2025-09-18 15:55:49
05026,中心板装配应确保所有螺丝紧固。（）,单选题,结构组成,中等,2,是,正确,错误,,,,,正确,,超级管理员,2025-09-18 15:55:32,2025-09-18 15:55:49
05027,为增强无人机电机座的散热效果，可采取的措施是（  ）。,单选题,结构组成,中等,2,是,选用黑色的电机座材质,在电机座上增加散热鳍片,包裹隔热材料,减少电机座与空气接触面积,,,选用黑色的电机座材质,,超级管理员,2025-09-18 15:55:32,2025-09-18 15:55:49
05028,在电机座装配过程中，为了确保螺栓能够被安全地拧紧至适当的扭矩，用来紧固螺栓的工具是（）。,单选题,结构组成,中等,2,是,螺丝刀,钳子,液压扳手,扭矩扳手,,,扭矩扳手,,超级管理员,2025-09-18 15:55:32,2025-09-18 15:55:49
05029,电机座的安装位置通常在无人机的（）。,单选题,结构组成,中等,2,是,机身内部,机臂末端,机身底部,任意位置,,,机臂末端,,超级管理员,2025-09-18 15:55:32,2025-09-18 15:55:49
05030,在安装无人机电机座之前，为了确保电机座能够稳固安装，需要确保（）已经正确安装在无人机的主体结构上。,单选题,结构组成,中等,2,是,螺旋桨,机臂,飞控系统,着陆架,,,机臂,,超级管理员,2025-09-18 15:55:32,2025-09-18 15:55:49
05031,在无人机电机座上安装电机，应该顺时针或逆时针依次锁紧螺丝。（）,单选题,结构组成,中等,2,是,正确,错误,,,,,错误,,超级管理员,2025-09-18 15:55:32,2025-09-18 15:55:49
05032,确保所有无人机电机座都正确安装并紧固后，才能进行飞行测试。 (),单选题,结构组成,中等,2,是,正确,错误,,,,,正确,,超级管理员,2025-09-18 15:55:32,2025-09-18 15:55:49
05033,无人机机臂与机身连接时，为了保证连接的紧密性和稳定性，通常会使用（）。,单选题,结构组成,中等,2,是,胶水粘结,螺栓和螺母配合紧固件,焊接,插销和弹性卡扣,,,螺栓和螺母配合紧固件,,超级管理员,2025-09-18 15:55:32,2025-09-18 15:55:49
05034,无人机机臂装配过程中，需要安装电线，正确的做法是（）。,单选题,结构组成,中等,2,是,直接将电线放在机臂表面，用胶带固定,把电线穿入机臂内部预先设计的线槽或套管中,让电线缠绕在机臂的连接螺丝上,将电线与机臂一起包裹在塑料薄膜中,,,把电线穿入机臂内部预先设计的线槽或套管中,,超级管理员,2025-09-18 15:55:32,2025-09-18 15:55:49
05035,对于需要安装在机臂上的小型配件（如指示灯），在装配无人机机臂时应该（）。,单选题,结构组成,中等,2,是,在机臂安装到机身之后再安装小型配件,根据配件的重量，决定安装顺序,先将小型配件安装在机臂上，再安装机臂到机身,随机安装，没有固定顺序,,,先将小型配件安装在机臂上，再安装机臂到机身,,超级管理员,2025-09-18 15:55:32,2025-09-18 15:55:49
05036,当装配无人机机臂需要与其他部件（如起落架）协同安装时，正确的做法是（）。,单选题,结构组成,中等,2,是,先安装机臂，再安装起落架，不考虑两者之间的空间关系,同时安装机臂和起落架，边安装边调整位置,先安装起落架，然后根据起落架的位置安装机臂，确保两者不发生干涉,根据无人机的重心位置，先安装靠近重心的部件（机臂或起落架）,,,先安装起落架，然后根据起落架的位置安装机臂，确保两者不发生干涉,,超级管理员,2025-09-18 15:55:32,2025-09-18 15:55:49
05037,耐磨涂层可以延长机臂的使用寿命，减少磨损。（）,单选题,结构组成,中等,2,是,正确,错误,,,,,正确,,超级管理员,2025-09-18 15:55:32,2025-09-18 15:55:49
05038,无人机机臂与机身连接时，胶水粘结是一种可靠的连接方式，因为它可以确保连接紧密。（）,单选题,结构组成,中等,2,是,正确,错误,,,,,错误,,超级管理员,2025-09-18 15:55:32,2025-09-18 15:55:49
05039,无人机脚架与机身连接的常见方式是（）。,单选题,结构组成,中等,2,是,焊接,卡扣连接,螺栓连接,胶水粘结,,,螺栓连接,,超级管理员,2025-09-18 15:55:32,2025-09-18 15:55:49
05040,在装配多旋翼无人机脚架时，关于脚架安装位置的说法正确的是（）。,单选题,结构组成,中等,2,是,脚架的安装位置可以随意调整，不影响无人机的起飞和降落,脚架应该安装在机身的重心下方，以保证平衡,为了增加稳定性，脚架应尽量向外伸展安装,根据螺旋桨的旋转方向来确定脚架的安装位置,,,脚架应该安装在机身的重心下方，以保证平衡,,超级管理员,2025-09-18 15:55:32,2025-09-18 15:55:49
05041,在装配无人机脚架时，首先应该进行的步骤是（）。,单选题,结构组成,中等,2,是,将脚架直接安装到机身上,检查所有零件是否齐全且无损坏,使用强力胶水固定脚架各部分,测试飞行器的平衡性,,,检查所有零件是否齐全且无损坏,,超级管理员,2025-09-18 15:55:32,2025-09-18 15:55:49
05042,无人机脚架的关节处通常需要加装（）部件来增加稳定性。,单选题,结构组成,中等,2,是,弹簧,垫片,减震器,不需要加装,,,减震器,,超级管理员,2025-09-18 15:55:32,2025-09-18 15:55:49
05043,在装配无人机脚架时，为了便于后续的维修和更换，应该采用一体化设计，减少零部件数量。（）,单选题,结构组成,中等,2,是,正确,错误,,,,,错误,,超级管理员,2025-09-18 15:55:32,2025-09-18 15:55:49
05044,脚架的减震器应安装在关节处。（）,单选题,结构组成,中等,2,是,正确,错误,,,,,正确,,超级管理员,2025-09-18 15:55:32,2025-09-18 15:55:49
05045,无人机电机座装配过程中，为了防止螺栓松动，正确的方法是（）。,单选题,结构组成,中等,2,是,使用防松垫圈,减少螺栓的拧紧力矩,在螺栓上涂抹胶水,用绳子捆绑螺栓头部,,,使用防松垫圈,,超级管理员,2025-09-18 15:55:32,2025-09-18 15:55:49
05046,当装配无人机电机座需要与其他部件（如螺旋桨）协同安装时，正确的做法是（）。,单选题,结构组成,中等,2,是,直接将螺旋桨安装到未固定的电机座上,先安装并校准电机座，确保其位置正确且稳固，然后再安装螺旋桨,同时安装电机座和螺旋桨，最后一起紧固,只需关注螺旋桨的安装，电机座的位置可以后续调整,,,先安装并校准电机座，确保其位置正确且稳固，然后再安装螺旋桨,,超级管理员,2025-09-18 15:55:32,2025-09-18 15:55:49
05047,电机座的安装位置偏移可能导致（）。,单选题,结构组成,中等,2,是,飞行速度增加,电池续航时间延长,飞行不稳定,信号更强,,,飞行不稳定,,超级管理员,2025-09-18 15:55:32,2025-09-18 15:55:49
05048,电机座安装时，确保电机的平衡的原因是（）。,单选题,结构组成,中等,2,是,提高飞行速度,防止振动过大,增加电池寿命,降低噪音,,,防止振动过大,,超级管理员,2025-09-18 15:55:32,2025-09-18 15:55:49
05049,安装顺序不影响电机座的稳固性。（）,单选题,结构组成,中等,2,是,正确,错误,,,,,错误,,超级管理员,2025-09-18 15:55:32,2025-09-18 15:55:49
05050,确保电机平衡可以减少飞行中的振动。（）,单选题,结构组成,中等,2,是,正确,错误,,,,,正确,,超级管理员,2025-09-18 15:55:32,2025-09-18 15:55:49
05051,在填写多旋翼无人机电池报告单时，以下（ ）信息不是必须记录的内容。,单选题,结构组成,中等,2,是,电池型号和序列号,每次飞行的具体航线图,充电日期和时间,使用后的剩余电量,,,每次飞行的具体航线图,,超级管理员,2025-09-18 15:55:32,2025-09-18 15:55:49
05052,多旋翼电池装配报告单中，需要记录电池的（）信息。,单选题,结构组成,中等,2,是,电池的容量和电压,电池的重量和颜色,电池的购买日期和保修期,电池的制造商和序列号,,,电池的容量和电压,,超级管理员,2025-09-18 15:55:32,2025-09-18 15:55:49
05053,在填写电池装配报告单时，如果电池存在性能下降，记录的方式是（）。,单选题,结构组成,中等,2,是,仅记录电池的当前性能数据,描述性能下降的具体表现，并注明日期,忽略性能问题，只记录电池的正常参数,记录电池的维修历史，不提性能问题,,,描述性能下降的具体表现，并注明日期,,超级管理员,2025-09-18 15:55:32,2025-09-18 15:55:49
05054,多旋翼无人机电池装配报告单中，电池容量的单位通常应填写（）。,单选题,结构组成,中等,2,是,毫安时（mAh）,瓦时（Wh）,安培（A）,伏特（V）,,,毫安时（mAh）,,超级管理员,2025-09-18 15:55:32,2025-09-18 15:55:49
05055,多旋翼电池报告单上的22000mah 25C参数，25代表了电池的充电倍率。（）,单选题,结构组成,中等,2,是,正确,错误,,,,,错误,,超级管理员,2025-09-18 15:55:32,2025-09-18 15:55:49
05056,在填写多旋翼无人机电池装配报告单时，无需考虑电池的存放环境。（）,单选题,结构组成,中等,2,是,正确,错误,,,,,错误,,超级管理员,2025-09-18 15:55:32,2025-09-18 15:55:49
05057,多旋翼无人机电池装配报告单上报时，最优先考虑的上报途径是（  ）。,单选题,结构组成,中等,2,是,微信发送给上级领导,打印纸质版交给项目负责人,通过公司内部专门的设备管理系统提交,让同事帮忙转交给相关部门,,,通过公司内部专门的设备管理系统提交,,超级管理员,2025-09-18 15:55:32,2025-09-18 15:55:49
05058,多旋翼电池报告单上报时，不需要包含（）信息。,单选题,结构组成,中等,2,是,电池的维护记录,电池的颜色,电池的故障记录,电池的使用历史,,,电池的颜色,,超级管理员,2025-09-18 15:55:32,2025-09-18 15:55:49
05059,发现多旋翼电池报告单中的错误，正确的处理方式是（）。,单选题,结构组成,中等,2,是,直接上报错误报告,更正错误后重新上报,标记错误，等待指示,忽略错误，继续上报,,,更正错误后重新上报,,超级管理员,2025-09-18 15:55:32,2025-09-18 15:55:49
05060,多旋翼电池报告单的上报格式通常是（）。,单选题,结构组成,中等,2,是,手写记录在纸质表格中,电子表格或专用软件中的结构化数据,口头汇报给团队负责人,视频报告,,,电子表格或专用软件中的结构化数据,,超级管理员,2025-09-18 15:55:32,2025-09-18 15:55:49
05061,上报电池报告单时，如果电池性能测试结果未达到预期，可以重新测试，延迟上报。（）,单选题,结构组成,中等,2,是,正确,错误,,,,,错误,,超级管理员,2025-09-18 15:55:32,2025-09-18 15:55:49
05062,上报电池报告单时，可以忽略电池的常规检查结果，只上报电池的异常情况。（）,单选题,结构组成,中等,2,是,正确,错误,,,,,错误,,超级管理员,2025-09-18 15:55:32,2025-09-18 15:55:49
05063,固定桨距螺旋桨进行静平衡测试的目的是（）。,单选题,飞行原理,中等,2,是,检查螺旋桨的材料强度,确定螺旋桨的最大飞行速度,确保螺旋桨在静止和低速旋转时的平衡性,评估螺旋桨的空气动力效率,,,确保螺旋桨在静止和低速旋转时的平衡性,,超级管理员,2025-09-18 15:55:32,2025-09-18 15:55:49
05064,在静平衡测试中，若发现螺旋桨存在不平衡，通常采用（）。,单选题,飞行原理,中等,2,是,增加或减少桨叶一侧的重量,调整桨叶的攻角,改变电机的转速,更换新的螺旋桨,,,增加或减少桨叶一侧的重量,,超级管理员,2025-09-18 15:55:32,2025-09-18 15:55:49
05065,固定桨距螺旋桨静平衡测试一般应在（  ）环境下进行。,单选题,飞行原理,中等,2,是,高湿度和高温,室外开阔场地,稳定且无振动的室内环境,强风或气流影响区域,,,稳定且无振动的室内环境,,超级管理员,2025-09-18 15:55:32,2025-09-18 15:55:49
05066,在固定桨距螺旋桨静平衡测试过程中，若发现螺旋桨有细微裂纹，应（ ）。,单选题,飞行原理,中等,2,是,继续测试，观察裂纹对平衡有无影响,停止测试，标记裂纹位置并报废螺旋桨,用胶水修补裂纹后再测试,打磨掉裂纹周围材料，继续测试,,,停止测试，标记裂纹位置并报废螺旋桨,,超级管理员,2025-09-18 15:55:32,2025-09-18 15:55:50
05067,只要固定桨距螺旋桨外观看起来对称，就无需进行静平衡测试。（）,单选题,飞行原理,中等,2,是,正确,错误,,,,,错误,,超级管理员,2025-09-18 15:55:32,2025-09-18 15:55:50
05068,螺旋桨静平衡测试的主要目的是提高螺旋桨的转速。（）,单选题,飞行原理,中等,2,是,正确,错误,,,,,错误,,超级管理员,2025-09-18 15:55:32,2025-09-18 15:55:50
05069,静平衡测试主要用到的工具是（ ）。,单选题,飞行原理,中等,2,是,卡尺,天平,转速计,扭矩扳手,,,天平,,超级管理员,2025-09-18 15:55:32,2025-09-18 15:55:50
05070,在静平衡测试中，螺旋桨的正确做法是（ ）。,单选题,飞行原理,中等,2,是,垂直悬挂在一个细线上,水平放置在两个平行的刀刃状支撑物上,倾斜放置在一个 V 形槽内,直接放在平面上,,,水平放置在两个平行的刀刃状支撑物上,,超级管理员,2025-09-18 15:55:32,2025-09-18 15:55:50
05071,当多个螺旋桨都需要进行静平衡测试时，正确的做法是（ ）。,单选题,飞行原理,中等,2,是,同时将多个螺旋桨放在测试装置上进行测试,只测试其中一个螺旋桨，认为其他螺旋桨和这个一样平衡,随机选择几个螺旋桨进行测试，其他的凭经验判断,逐个进行测试，每个螺旋桨测试完成后做好标记和记录,,,逐个进行测试，每个螺旋桨测试完成后做好标记和记录,,超级管理员,2025-09-18 15:55:32,2025-09-18 15:55:50
05072,在进行固定桨距螺旋桨静平衡测试之前，必须确保（）事项。,单选题,飞行原理,中等,2,是,螺旋桨表面涂覆一层润滑油,螺旋桨叶片无损坏且清洁,测试环境温度达到最高值,使用最大规格的紧固件固定螺旋桨,,,螺旋桨叶片无损坏且清洁,,超级管理员,2025-09-18 15:55:32,2025-09-18 15:55:50
05073,过度平衡螺旋桨可能导致性能问题。（）,单选题,飞行原理,中等,2,是,正确,错误,,,,,正确,,超级管理员,2025-09-18 15:55:32,2025-09-18 15:55:50
05074,使用更重的螺旋桨总是能带来更好的平衡。（）,单选题,飞行原理,中等,2,是,正确,错误,,,,,错误,,超级管理员,2025-09-18 15:55:32,2025-09-18 15:55:50
05075,对于静平衡测试的测试工具精度，正确的是（ ）。,单选题,飞行原理,中等,2,是,精度越高越好，即使是微小的不平衡也能准确检测,精度适中即可，过高精度会增加测试成本和时间,精度低一些没关系，只要能大致判断平衡状态就行,根据螺旋桨的大小来选择，大螺旋桨用高精度工具，小螺旋桨用低精度工具,,,精度越高越好，即使是微小的不平衡也能准确检测,,超级管理员,2025-09-18 15:55:32,2025-09-18 15:55:50
05076,静平衡测试的场地周围应该（ ）。,单选题,飞行原理,中等,2,是,避免有大型设备或人员频繁走动，减少振动干扰,有一些振动源没关系，只要振动不强烈就行,可以放置其他正在运行的无人机，方便对比测试,靠近通风设备，保证空气流通良好,,,避免有大型设备或人员频繁走动，减少振动干扰,,超级管理员,2025-09-18 15:55:32,2025-09-18 15:55:50
05077,在静平衡测试中，对待螺旋桨的包装材料正确的做法是（ ）。,单选题,飞行原理,中等,2,是,保留包装材料，因为它可能对螺旋桨有保护作用,根据包装材料的重量来决定是否去除，轻的可以保留,在测试前应将包装材料完全去除，避免影响测试,只去除包装材料的一部分，观察其对测试的影响,,,在测试前应将包装材料完全去除，避免影响测试,,超级管理员,2025-09-18 15:55:32,2025-09-18 15:55:50
05078,选择适合的平衡架进行静平衡测试时，应考虑（）。,单选题,飞行原理,中等,2,是,平衡架的颜色,平衡架的材质,螺旋桨的重量,螺旋桨的尺寸,,,螺旋桨的尺寸,,超级管理员,2025-09-18 15:55:32,2025-09-18 15:55:50
05079,每次应只测试一个螺旋桨。（）,单选题,飞行原理,中等,2,是,正确,错误,,,,,正确,,超级管理员,2025-09-18 15:55:32,2025-09-18 15:55:50
05080,同一批次的螺旋桨保证平衡。（）,单选题,飞行原理,中等,2,是,正确,错误,,,,,错误,,超级管理员,2025-09-18 15:55:32,2025-09-18 15:55:50
05081,（）的方法可以用于固定桨距螺旋桨的动平衡测试。,单选题,飞行原理,中等,2,是,旋转法,移位法,平衡仪法,振动法,,,平衡仪法,,超级管理员,2025-09-18 15:55:32,2025-09-18 15:55:50
05082,在固定桨距螺旋桨的动平衡测试中，通常使用的仪器是（）。,单选题,飞行原理,中等,2,是,静平衡架,动平衡机或振动分析仪,扭矩扳手,温度计,,,动平衡机或振动分析仪,,超级管理员,2025-09-18 15:55:32,2025-09-18 15:55:50
05083,动平衡测试主要用于检测螺旋桨在高速旋转时的（）问题。,单选题,飞行原理,中等,2,是,桨叶弯曲,桨叶磨损,不平衡力,材料缺陷,,,不平衡力,,超级管理员,2025-09-18 15:55:32,2025-09-18 15:55:50
05084,动平衡测试通常在（）条件下进行。,单选题,飞行原理,中等,2,是,在开放空间以利用自然风,在安静无振动的室内环境中,在高速旋转的状态下,在桨叶完全停止旋转时,,,在安静无振动的室内环境中,,超级管理员,2025-09-18 15:55:32,2025-09-18 15:55:50
05085,固定桨距螺旋桨动平衡测试时，试验机转速越高，测试结果越准确。（）,单选题,飞行原理,中等,2,是,正确,错误,,,,,错误,,超级管理员,2025-09-18 15:55:32,2025-09-18 15:55:50
05086,动平衡测试过程中应关注振动情况。（）,单选题,飞行原理,中等,2,是,正确,错误,,,,,正确,,超级管理员,2025-09-18 15:55:32,2025-09-18 15:55:50
05087,在动平衡测试过程中，螺旋桨的旋转方向（ ）。,单选题,飞行原理,中等,2,是,必须按照无人机实际飞行时的旋转方向进行测试,可以随意设定，不影响动平衡测试结果,先正转测试，再反转测试，对比结果,根据测试设备的要求进行旋转，与实际飞行方向无关,,,必须按照无人机实际飞行时的旋转方向进行测试,,超级管理员,2025-09-18 15:55:32,2025-09-18 15:55:50
05088,在动平衡测试中，测试设备正常工作的方法是（ ）。,单选题,飞行原理,中等,2,是,用标准的平衡螺旋桨进行测试，观察设备的测量结果是否符合预期,根据设备的运行声音判断，没有异常声音即为正常,检查设备的电源指示灯是否正常亮起,查看设备的生产日期，较新的设备一般正常工作,,,用标准的平衡螺旋桨进行测试，观察设备的测量结果是否符合预期,,超级管理员,2025-09-18 15:55:32,2025-09-18 15:55:50
05089,动平衡测试的环境要求包括（ ）。,单选题,飞行原理,中等,2,是,可以有适度的气流，模拟实际飞行环境,环境亮度要高，方便观察螺旋桨的旋转情况,稳定且无振动的基础，避免气流干扰,周围可以有轻微的振动，只要不影响设备正常运行就行,,,稳定且无振动的基础，避免气流干扰,,超级管理员,2025-09-18 15:55:32,2025-09-18 15:55:50
05090,动平衡测试设备通常需要对螺旋桨进行正确的固定方式的是（ ）。,单选题,飞行原理,中等,2,是,简单的夹具夹紧，保证螺旋桨不会掉落即可,按照螺旋桨的旋转轴中心进行精确的同心固定,采用磁性吸附，方便快捷,根据螺旋桨的大小随意固定，只要能旋转就行,,,按照螺旋桨的旋转轴中心进行精确的同心固定,,超级管理员,2025-09-18 15:55:32,2025-09-18 15:55:50
05091,通过去除较重一侧的材料可以实现平衡。（）,单选题,飞行原理,中等,2,是,正确,错误,,,,,正确,,超级管理员,2025-09-18 15:55:32,2025-09-18 15:55:50
05092,静态平衡测试和动态平衡测试是相同的。（）,单选题,飞行原理,中等,2,是,正确,错误,,,,,错误,,超级管理员,2025-09-18 15:55:32,2025-09-18 15:55:50
05093,在进行无人机固定桨距螺旋桨动平衡测试时，测试环境的温度变化范围应（ ）。,单选题,飞行原理,中等,2,是,尽量控制在较小范围内，因为温度变化可能影响螺旋桨材料性能和测试精度,可以较大，只要不超过螺旋桨材料的极限温度就行,没有严格要求，因为动平衡测试主要关注旋转状态，与温度无关,根据测试设备的要求来定，不同设备对温度敏感度不同,,,尽量控制在较小范围内，因为温度变化可能影响螺旋桨材料性能和测试精度,,超级管理员,2025-09-18 15:55:32,2025-09-18 15:55:50
05094,当使用动平衡测试设备时，设备的校准频率应该是（ ）。,单选题,飞行原理,中等,2,是,每次使用前都要校准，确保测试准确性,定期校准，例如每月一次，根据设备使用频率调整,只有在设备出现明显故障或测试结果异常时才校准,根据设备的使用寿命来决定，新设备不需要频繁校准,,,每次使用前都要校准，确保测试准确性,,超级管理员,2025-09-18 15:55:32,2025-09-18 15:55:50
05095,在动平衡测试过程中，设备周围的气流情况应该（ ）。,单选题,飞行原理,中等,2,是,有适度的气流是可以的，模拟实际飞行环境,保持无明显气流，避免气流干扰螺旋桨的旋转和振动检测,只要气流方向与螺旋桨旋转方向一致，就不会有影响,根据测试设备的抗风能力决定，有些设备可以在有风环境下测试,,,保持无明显气流，避免气流干扰螺旋桨的旋转和振动检测,,超级管理员,2025-09-18 15:55:32,2025-09-18 15:55:50
05096,当对螺旋桨进行动平衡测试时，螺旋桨的初始状态检查应重点关注（ ）。,单选题,飞行原理,中等,2,是,螺旋桨表面的颜色是否均匀，颜色不均可能表示质量有问题。,螺旋桨的边缘是否锋利，锋利程度与动平衡有关。,螺旋桨上的标识是否完整，标识完整性影响测试准确性。,螺旋桨是否有微小的弯曲或扭曲，这可能影响平衡测试。,,,螺旋桨是否有微小的弯曲或扭曲，这可能影响平衡测试。,,超级管理员,2025-09-18 15:55:32,2025-09-18 15:55:50
05097,为平衡添加重量应在桨叶尖端。(),单选题,飞行原理,中等,2,是,正确,错误,,,,,错误,,超级管理员,2025-09-18 15:55:32,2025-09-18 15:55:50
05098,螺旋桨应不对称地安装在测试设备上以检测不平衡。(),单选题,飞行原理,中等,2,是,正确,错误,,,,,错误,,超级管理员,2025-09-18 15:55:32,2025-09-18 15:55:50
05099,（）的参数不是无人机电池电气测试中必须检测的。,单选题,飞行原理,中等,2,是,容量,内阻,温度,导线型号,,,导线型号,,超级管理员,2025-09-18 15:55:32,2025-09-18 15:55:50
05100,在进行无人机电池的电气测试时，我们应该做第一步的是（ ）。,单选题,飞行原理,中等,2,是,对电池进行外观检查，查看有无破损、鼓包等,测量电池电压,将电池连接到专业测试设备,查看电池的生产日期和批次信息,,,对电池进行外观检查，查看有无破损、鼓包等,,超级管理员,2025-09-18 15:55:32,2025-09-18 15:55:50
05101,在对无人机电池进行内阻测试时，通常使用（）。,单选题,飞行原理,中等,2,是,万用表,绝缘电阻测试仪,内阻仪,电压表,,,内阻仪,,超级管理员,2025-09-18 15:55:32,2025-09-18 15:55:50
05102,无人机电池容量测试时，常用的测试方法是（ ）。,单选题,飞行原理,中等,2,是,恒流放电法,恒压充电法,脉冲充电法,随机充放电法,,,恒流放电法,,超级管理员,2025-09-18 15:55:32,2025-09-18 15:55:50
05103,在对使用电池供电的设备进行测试前，应仔细检查电池外观有无破损、鼓包、漏液现象以及连接线是否牢固、有无破损和腐蚀。（）,单选题,飞行原理,中等,2,是,正确,错误,,,,,正确,,超级管理员,2025-09-18 15:55:32,2025-09-18 15:55:50
05104,对于有明确制造商规范的测试项目，在整个测试过程中，每一个操作步骤、测试参数的设定及测试环境的控制都应严格符合制造商规范。（）,单选题,飞行原理,中等,2,是,正确,错误,,,,,正确,,超级管理员,2025-09-18 15:55:32,2025-09-18 15:55:50
05105,无人机电池的自放电测试用来测量（）。,单选题,飞行原理,中等,2,是,电池的最高工作温度,电池在静态条件下的电量损失率,电池的快速充电能力,电池的最大起飞重量,,,电池在静态条件下的电量损失率,,超级管理员,2025-09-18 15:55:32,2025-09-18 15:55:50
05106,无人机电池的温度监测在电气测试中的作用是（）。,单选题,飞行原理,中等,2,是,测量电池的容量,评估电池的充电状态,监控电池在使用过程中的热稳定性,确定电池的化学成分,,,监控电池在使用过程中的热稳定性,,超级管理员,2025-09-18 15:55:32,2025-09-18 15:55:50
05107,在进行无人机电池的充电效率测试时，需要关注（）。,单选题,飞行原理,中等,2,是,无人机的最大飞行高度,无人机的遥控距离,电池的充电转化效率,电池的颜色,,,电池的充电转化效率,,超级管理员,2025-09-18 15:55:32,2025-09-18 15:55:51
05108,在对无人机电池进行放电测试时，主要目的是评估（）性能。,单选题,飞行原理,中等,2,是,电池的最大充电电流,电池的自放电率,电池在特定负载下的持续供电能力,电池的绝缘电阻,,,电池在特定负载下的持续供电能力,,超级管理员,2025-09-18 15:55:32,2025-09-18 15:55:51
05109,无人机电池的电气测试包括容量测试、内阻测试和电压曲线测试等几个方面。（）,单选题,飞行原理,中等,2,是,正确,错误,,,,,正确,,超级管理员,2025-09-18 15:55:32,2025-09-18 15:55:51
05110,无人机电池的电气测试主要是为了检测电池外观和重量，和安全性、性能、容量、使用要求等无关。（）,单选题,飞行原理,中等,2,是,正确,错误,,,,,错误,,超级管理员,2025-09-18 15:55:32,2025-09-18 15:55:51
05111,在进行无人机电池性能测试时，以下（ ）是必须避免的操作。,单选题,飞行原理,中等,2,是,使用符合安全标准的充电器对电池进行充电,将单片电池电压放电至3.7V作为报警阈值,对已经充满电的电池继续充电以确保其完全饱和,在阴凉干燥环境中存放未使用的电池,,,对已经充满电的电池继续充电以确保其完全饱和,,超级管理员,2025-09-18 15:55:32,2025-09-18 15:55:51
05112,无人机电池测试完成后，对于性能良好但长期不使用的电池，应该（）。,单选题,飞行原理,中等,2,是,充满电后存放,放电至 50% - 60% 电量后存放,完全放电后存放,保持测试结束时的电量状态存放,,,放电至 50% - 60% 电量后存放,,超级管理员,2025-09-18 15:55:32,2025-09-18 15:55:51
05113,测试无人机电池容量时，理想的放电方式是（）。,单选题,飞行原理,中等,2,是,以不断变化的电流放电,先快速放电，再缓慢放电,先小电流放电，再大电流放电,以恒定功率进行放电,,,以恒定功率进行放电,,超级管理员,2025-09-18 15:55:32,2025-09-18 15:55:51
05114,在测试无人机电池过程中，如果遇到下列（）情况应该立即停止测试并检查电池和设备。,单选题,飞行原理,中等,2,是,电池电压随时间逐渐下降,电池温度异常升高或出现膨胀现象,电池容量在多次充放电循环后有所减少,电池内阻随着使用次数增加而略微上升,,,电池温度异常升高或出现膨胀现象,,超级管理员,2025-09-18 15:55:32,2025-09-18 15:55:51
05115,无人机电池测试时，应避免将电池暴露在阳光下。（）,单选题,飞行原理,中等,2,是,正确,错误,,,,,正确,,超级管理员,2025-09-18 15:55:32,2025-09-18 15:55:51
05116,测试前应确保电池电量在50%以上，以避免测试过程中电量不足。（）,单选题,飞行原理,中等,2,是,正确,错误,,,,,错误,,超级管理员,2025-09-18 15:55:32,2025-09-18 15:55:51
05117,电机的转速测试的是（）。,单选题,飞行原理,中等,2,是,测量电机运行时每分钟的旋转次数,测量电机启动时的速度,测量电机停止后的速度,测量电机的最大速度,,,测量电机运行时每分钟的旋转次数,,超级管理员,2025-09-18 15:55:32,2025-09-18 15:55:51
05118,当使用霍尔传感器测量无人机电机转速时，其原理是基于（ ）。,单选题,飞行原理,中等,2,是,电磁感应，电机旋转使磁场变化，传感器产生电信号,光电效应，光线被电机遮挡变化，触发传感器,电容变化，电机转动改变电容值，被传感器捕捉,热辐射差异，电机不同部位发热不均被传感器感知,,,电磁感应，电机旋转使磁场变化，传感器产生电信号,,超级管理员,2025-09-18 15:55:32,2025-09-18 15:55:51
05119,无人机电机转速测试中，通常使用（）来测量电机的转速。,单选题,飞行原理,中等,2,是,测速仪,电压表,电流表,陀螺仪,,,测速仪,,超级管理员,2025-09-18 15:55:32,2025-09-18 15:55:51
05120,在进行无人机电机转速测试时，应该（）以获得准确的转速数据。,单选题,飞行原理,中等,2,是,随意旋转电机,让电机自由运转,在恒定负载下测量,无需任何负载,,,在恒定负载下测量,,超级管理员,2025-09-18 15:55:32,2025-09-18 15:55:51
05121,电机转速的测试结果通常以每分钟的旋转次数表示。（）,单选题,飞行原理,中等,2,是,正确,错误,,,,,正确,,超级管理员,2025-09-18 15:55:32,2025-09-18 15:55:51
05122,在进行电机相关性能测试时，若测试结果受电机温度影响较大，保持电机温度恒定反而会影响测试。（）,单选题,飞行原理,中等,2,是,正确,错误,,,,,错误,,超级管理员,2025-09-18 15:55:32,2025-09-18 15:55:51
05123,在进行电机转速测试之前，以下（ ）是确保测试准确性和安全性的重要准备步骤。,单选题,飞行原理,中等,2,是,立即开始测试以获取冷启动时的数据,将电机设置在最大转速下预热至少一小时,检查所有连接是否牢固，并确认电机和测试设备处于良好的工作状态,使用未经校准的转速测量工具快速检查电机转速,,,检查所有连接是否牢固，并确认电机和测试设备处于良好的工作状态,,超级管理员,2025-09-18 15:55:32,2025-09-18 15:55:51
05124,电机测试过程中，避免电机长时间满负荷运转的方法是（）。,单选题,飞行原理,中等,2,是,增加负载,定期休息,忽略负载,减少负载,,,减少负载,,超级管理员,2025-09-18 15:55:32,2025-09-18 15:55:51
05125,无人机电机转速测试时，应避免在（）表面上进行测试。,单选题,飞行原理,中等,2,是,金属表面,木质表面,塑料表面,任意表面,,,金属表面,,超级管理员,2025-09-18 15:55:32,2025-09-18 15:55:51
05126,测试无人机电机转速时，环境的电磁干扰源主要来自（ ）。,单选题,飞行原理,中等,2,是,测试场地的照明灯具,测试人员携带的手机,附近的通信基站、高压线等,电机自身产生的电磁场,,,附近的通信基站、高压线等,,超级管理员,2025-09-18 15:55:32,2025-09-18 15:55:51
05127,测试过程中，应避免电机长时间满负荷运转。（）,单选题,飞行原理,中等,2,是,正确,错误,,,,,正确,,超级管理员,2025-09-18 15:55:32,2025-09-18 15:55:51
05128,无人机电机转速测试时，应避免在金属表面上进行测试。（）,单选题,飞行原理,中等,2,是,正确,错误,,,,,正确,,超级管理员,2025-09-18 15:55:32,2025-09-18 15:55:51
05129,下列属于电机的拉力测试的是（）。,单选题,飞行原理,中等,2,是,测试电机的最大扭矩输出能力,测试电机的最大转速,测试电机的工作电流,测试电机的工作电压,,,测试电机的最大扭矩输出能力,,超级管理员,2025-09-18 15:55:32,2025-09-18 15:55:51
05130,在进行无人机电机拉力测试时，通常需要使用（）。,单选题,飞行原理,中等,2,是,万用表,拉力计,测速仪,电流表,,,拉力计,,超级管理员,2025-09-18 15:55:32,2025-09-18 15:55:51
05131,无人机电机的拉力测试主要用于测量（）。,单选题,飞行原理,中等,2,是,电机的最大转速,电机在不同负载下的电流消耗,电机能够提供的最大推力或拉力,电机的效率,,,电机能够提供的最大推力或拉力,,超级管理员,2025-09-18 15:55:32,2025-09-18 15:55:51
05132,在完成拉力测试结束后，对得到的数据可以（）。,单选题,飞行原理,中等,2,是,直接用于确定无人机的最大飞行高度,进行分析以评估电机与螺旋桨组合的性能,无需处理，因为直观感受已经足够判断性能,仅记录最大值，其他数据可以忽略,,,进行分析以评估电机与螺旋桨组合的性能,,超级管理员,2025-09-18 15:55:32,2025-09-18 15:55:51
05133,无人机电机的拉力测试中，只需将电机连接到拉力计上，直接读取拉力值即可准确评估电机的性能。（）,单选题,飞行原理,中等,2,是,正确,错误,,,,,错误,,超级管理员,2025-09-18 15:55:32,2025-09-18 15:55:51
05134,无人机电机拉力测试时应保持电机在空载状态下。（）,单选题,飞行原理,中等,2,是,正确,错误,,,,,错误,,超级管理员,2025-09-18 15:55:32,2025-09-18 15:55:51
05135,如果在电机拉力测试环境中存在强电磁干扰，可能会对电机拉力测试造成（）。,单选题,飞行原理,中等,2,是,增加电机温度,降低螺旋桨效率,影响测量精度,加速电池放电,,,影响测量精度,,超级管理员,2025-09-18 15:55:32,2025-09-18 15:55:51
05136,为了准确测量电机的最大拉力，下列正确的做法是（）。,单选题,飞行原理,中等,2,是,在空载情况下启动电机,将电机设置为最低功率模式,施加逐步增加的负载直至达到极限,直接施加最大可能负载,,,施加逐步增加的负载直至达到极限,,超级管理员,2025-09-18 15:55:32,2025-09-18 15:55:51
05137,电机拉力测试结束后，等待一段时间再关闭电源的原因是（）。,单选题,飞行原理,中等,2,是,让电机自然冷却下来,确保所有数据已经被保存,给系统足够的时间复位,避免突然断电损害设备,,,让电机自然冷却下来,,超级管理员,2025-09-18 15:55:32,2025-09-18 15:55:51
05138,对于无刷直流电机（BLDC），在执行拉力测试期间，下列不是直接用于评估电机效能的关键指标是（）。,单选题,飞行原理,中等,2,是,电流消耗,转速,拉力输出,电压波动,,,电压波动,,超级管理员,2025-09-18 15:55:32,2025-09-18 15:55:51
05139,无人机电机拉力测试中，如果电机转速未达到预期值，可能是由于电池电压不足引起的。（）,单选题,飞行原理,中等,2,是,正确,错误,,,,,正确,,超级管理员,2025-09-18 15:55:32,2025-09-18 15:55:51
05140,在进行电机拉力测试时，螺旋桨的选择不会影响测试的结果。（）,单选题,飞行原理,中等,2,是,正确,错误,,,,,错误,,超级管理员,2025-09-18 15:55:32,2025-09-18 15:55:51
05141,在桨叶状态测试中，用于测量桨叶的扭转变形量的是仪器的是（）。,单选题,飞行原理,中等,2,是,力矩传感器,转速表,温度计,压力计,,,力矩传感器,,超级管理员,2025-09-18 15:55:32,2025-09-18 15:55:51
05142,在检测桨叶的刚性时，适合采用的测试方法是（）。,单选题,飞行原理,中等,2,是,弯曲试验,冲击试验,硬度试验,拉伸试验,,,弯曲试验,,超级管理员,2025-09-18 15:55:32,2025-09-18 15:55:51
05143,下列属于无人机桨叶状态测试的目的是（）。,单选题,飞行原理,中等,2,是,检测桨叶的材料强度,测量桨叶的空气动力性能,检查桨叶是否有裂纹或损伤,确定桨叶的制造日期,,,检查桨叶是否有裂纹或损伤,,超级管理员,2025-09-18 15:55:32,2025-09-18 15:55:51
05144,无人机桨叶的（）特征可能表明其状态不佳。,单选题,飞行原理,中等,2,是,桨叶表面光滑无损,桨叶有明显的弯曲或扭曲,桨叶颜色均匀一致,桨叶连接处紧固可靠,,,桨叶有明显的弯曲或扭曲,,超级管理员,2025-09-18 15:55:32,2025-09-18 15:55:51
05145,桨叶状态测试包括检查是否有裂纹或损伤。（）,单选题,飞行原理,中等,2,是,正确,错误,,,,,正确,,超级管理员,2025-09-18 15:55:32,2025-09-18 15:55:51
05146,测试时应使用放大镜检查细节。（）,单选题,飞行原理,中等,2,是,正确,错误,,,,,正确,,超级管理员,2025-09-18 15:55:32,2025-09-18 15:55:51
05147,飞行器姿态控制系统的主要功能是（）。,单选题,飞行原理,中等,2,是,控制飞行器的姿态,控制飞行器的速度,控制飞行器的高度,控制飞行器的航向,,,控制飞行器的姿态,,超级管理员,2025-09-18 15:55:32,2025-09-18 15:55:51
05148,飞行器框架在承受载荷时，（）可以提高其稳定性。,单选题,飞行原理,中等,2,是,减少框架的截面尺寸,使用高强度轻质材料,增加框架的弯曲部件,降低框架的连接强度,,,使用高强度轻质材料,,超级管理员,2025-09-18 15:55:32,2025-09-18 15:55:52
05149,飞行器框架稳定性测试的关键指标是（）。,单选题,飞行原理,中等,2,是,框架的重量,框架的尺寸,框架的刚度和强度,框架的颜色,,,框架的刚度和强度,,超级管理员,2025-09-18 15:55:32,2025-09-18 15:55:52
05150,为了测试飞行器框架的稳定性，通常需要使用（）设备。,单选题,飞行原理,中等,2,是,电子秤,万能材料试验机,风速计,气压计,,,万能材料试验机,,超级管理员,2025-09-18 15:55:32,2025-09-18 15:55:52
05151,在飞行器控制系统中，反馈是必要的。（）,单选题,飞行原理,中等,2,是,正确,错误,,,,,正确,,超级管理员,2025-09-18 15:55:32,2025-09-18 15:55:52
05152,稳定性测试需要模拟各种飞行条件。（）,单选题,飞行原理,中等,2,是,正确,错误,,,,,正确,,超级管理员,2025-09-18 15:55:32,2025-09-18 15:55:52
05153,无人机整体框架稳定性测试时，主要检测的是（）。,单选题,飞行原理,中等,2,是,整体刚度,翼展大小,重量大小,控制系统,,,整体刚度,,超级管理员,2025-09-18 15:55:32,2025-09-18 15:55:52
05154,无人机的整体框架稳定性会受到较大影响的是（）。,单选题,飞行原理,中等,2,是,使用高强度材料制作,增加机翼数量,减轻整机重量,改变控制系统设计,,,改变控制系统设计,,超级管理员,2025-09-18 15:55:32,2025-09-18 15:55:52
05155,无人机整体框架稳定性的动态响应测试主要关注（）。,单选题,飞行原理,中等,2,是,框架在高速飞行时的振动情况,框架在不同天气条件下的表现,框架的重量分布,框架的颜色选择,,,框架在高速飞行时的振动情况,,超级管理员,2025-09-18 15:55:32,2025-09-18 15:55:52
05156,为了确保无人机整体框架的稳定性，测试过程中应特别注意（）。,单选题,飞行原理,中等,2,是,框架的外观质量,框架连接件的牢固程度,框架材料的环保等级,框架的价格,,,框架连接件的牢固程度,,超级管理员,2025-09-18 15:55:32,2025-09-18 15:55:52
05157,风速是影响无人机整体框架稳定性的重要因素之一。（）,单选题,飞行原理,中等,2,是,正确,错误,,,,,正确,,超级管理员,2025-09-18 15:55:32,2025-09-18 15:55:52
05158,测试时应关注结构变形和应力分布。（）,单选题,飞行原理,中等,2,是,正确,错误,,,,,正确,,超级管理员,2025-09-18 15:55:32,2025-09-18 15:55:52
05159,可以用来评估无人机脚架稳定性的方法是（）。,单选题,飞行原理,中等,2,是,按照标准规定的荷载进行静态加载试验,在特定条件下模拟无人机飞行状态下的振动试验,使用风洞设备模拟不同风速条件下的飞行试验,进行高空抛投试验,,,按照标准规定的荷载进行静态加载试验,,超级管理员,2025-09-18 15:55:32,2025-09-18 15:55:52
05160,对于轻型无人机，通常采的脚架是（）。,单选题,飞行原理,中等,2,是,单脚架,双脚架,三脚架,四脚架,,,双脚架,,超级管理员,2025-09-18 15:55:32,2025-09-18 15:55:52
05161,无人机脚架稳定性测试的主要目的是为了（）。,单选题,飞行原理,中等,2,是,测量脚架的承重能力,检验脚架的耐腐蚀性,评估脚架的美观程度,评估脚架的刚性,,,测量脚架的承重能力,,超级管理员,2025-09-18 15:55:32,2025-09-18 15:55:52
05162,在进行无人机脚架稳定性测试时，通常会模拟（）。,单选题,飞行原理,中等,2,是,无人机在空中飞行的状态,无人机着陆和起飞的瞬间,无人机在恶劣气候下的运行,无人机长时间悬停的状态,,,无人机着陆和起飞的瞬间,,超级管理员,2025-09-18 15:55:32,2025-09-18 15:55:52
05163,脚架稳定性测试需要模拟不同地面条件。（）,单选题,飞行原理,中等,2,是,正确,错误,,,,,正确,,超级管理员,2025-09-18 15:55:32,2025-09-18 15:55:52
05164,测试时应确保脚架与地面平行。（）,单选题,飞行原理,中等,2,是,正确,错误,,,,,错误,,超级管理员,2025-09-18 15:55:32,2025-09-18 15:55:52
05165,在无人机电机稳定程度测试中，可以有效地检测电机的稳定性的方法是（）。,单选题,飞行原理,中等,2,是,通过观察电机是否震动,通过测量电机转速,通过检测电机电流,通过比较不同电机的工作效率,,,通过观察电机是否震动,,超级管理员,2025-09-18 15:55:32,2025-09-18 15:55:52
05166,在无人机电机稳定程度测试中，（）参数的变化最能反映电机的稳定性。,单选题,飞行原理,中等,2,是,电机电流的波动,电机温度的变化,螺旋桨转速的波动,电机控制信号的稳定性,,,电机控制信号的稳定性,,超级管理员,2025-09-18 15:55:32,2025-09-18 15:55:52
05167,为了确保无人机电机的稳定运行，测试过程中应特别注意电机的（）。,单选题,飞行原理,中等,2,是,电机的尺寸,电机的效率,电机的温升,电机的颜色,,,电机的温升,,超级管理员,2025-09-18 15:55:32,2025-09-18 15:55:52
05168,无人机电机在承受过载情况下稳定性测试的目的是（）。,单选题,飞行原理,中等,2,是,确定电机的最大起飞重量,检验电机在极端条件下的性能,评估电机的噪音水平,测试电机的电池续航能力,,,检验电机在极端条件下的性能,,超级管理员,2025-09-18 15:55:32,2025-09-18 15:55:52
05169,电机稳定性测试需要模拟实际工作条件。（）,单选题,飞行原理,中等,2,是,正确,错误,,,,,正确,,超级管理员,2025-09-18 15:55:32,2025-09-18 15:55:52
05170,测试时应关注电机发热情况。（）,单选题,飞行原理,中等,2,是,正确,错误,,,,,正确,,超级管理员,2025-09-18 15:55:32,2025-09-18 15:55:52
05171,在无人机飞行控制系统电气测试中，下列（）是不需要测试的项目。,单选题,飞行原理,中等,2,是,电源系统,控制系统,通信系统,视觉系统,,,视觉系统,,超级管理员,2025-09-18 15:55:32,2025-09-18 15:55:52
05172,无人机飞行控制系统的电气测试流程通常不包括（）。,单选题,飞行原理,中等,2,是,静态测试,动态测试,环境适应性测试,结构强度测试,,,结构强度测试,,超级管理员,2025-09-18 15:55:32,2025-09-18 15:55:52
05173,在无人机飞行控制系统的静态测试中，主要目的是验证（）。,单选题,飞行原理,中等,2,是,控制系统的响应时间,控制算法的准确性,控制系统各部件的电气连接,控制系统在高风速下的表现,,,控制系统各部件的电气连接,,超级管理员,2025-09-18 15:55:32,2025-09-18 15:55:52
05174,在无人机飞行控制系统的电气测试中，（）是用来确认系统组件之间的正确连接和电气特性的。,单选题,飞行原理,中等,2,是,功能测试,集成测试,单元测试,压力测试,,,单元测试,,超级管理员,2025-09-18 15:55:32,2025-09-18 15:55:52
05175,在无人机飞行控制系统电气测试中，电源系统是最重要的一部分。（）,单选题,飞行原理,中等,2,是,正确,错误,,,,,正确,,超级管理员,2025-09-18 15:55:32,2025-09-18 15:55:52
05176,飞控测试应包括所有传感器和连接线路。（）,单选题,飞行原理,中等,2,是,正确,错误,,,,,正确,,超级管理员,2025-09-18 15:55:32,2025-09-18 15:55:52
05177,在无人机飞行控制系统电气测试中，（）是检测电源电压是否正常。,单选题,飞行原理,中等,2,是,电阻测试,电流测试,电压测试,功率测试,,,电压测试,,超级管理员,2025-09-18 15:55:32,2025-09-18 15:55:52
05178,在无人机飞行控制系统电气测试中，检测电路板上元器件之间的连接正常最合适的工具是（）。,单选题,飞行原理,中等,2,是,逻辑分析仪,示波器,连接性测试仪或万用表,飞行控制器内置自检功能,,,连接性测试仪或万用表,,超级管理员,2025-09-18 15:55:32,2025-09-18 15:55:52
05179,无人机飞行控制系统的电气测试中，通常不包含（）。,单选题,飞行原理,中等,2,是,对飞控软件的测试,对飞控硬件的测试,对无人机机体结构的测试,对无人机通信系统的测试,,,对无人机机体结构的测试,,超级管理员,2025-09-18 15:55:32,2025-09-18 15:55:52
05180,在进行无人机飞行控制系统的电气测试时，（）不是用来评估系统在极端温度下的性能。,单选题,飞行原理,中等,2,是,高低温测试,振动测试,盐雾测试,湿热测试,,,振动测试,,超级管理员,2025-09-18 15:55:32,2025-09-18 15:55:52
05181,在测试无人机飞行控制系统的电气部分时，只需要检查电池电压是否正常即可。（）,单选题,飞行原理,中等,2,是,正确,错误,,,,,错误,,超级管理员,2025-09-18 15:55:32,2025-09-18 15:55:52
05182,无人机飞行控制系统的电气测试中，应当检查无人机的所有传感器是否正常工作，包括但不限于陀螺仪、加速度计、磁力计等。（）,单选题,飞行原理,中等,2,是,正确,错误,,,,,正确,,超级管理员,2025-09-18 15:55:32,2025-09-18 15:55:52
05183,当测试无人机飞控的负载能力时，正确的做法是（）。,单选题,飞行原理,中等,2,是,直接给无人机加载最大允许负载，看飞控系统能否正常工作,选择一个固定的负载，测试飞控系统在该负载下的飞行时间,逐步增加负载，同时观察飞控系统对无人机飞行性能的控制是否受到影响,根据无人机的大小估计其负载能力，不需要实际测试,,,逐步增加负载，同时观察飞控系统对无人机飞行性能的控制是否受到影响,,超级管理员,2025-09-18 15:55:32,2025-09-18 15:55:52
05184,当测试无人机飞控的自动起飞和降落功能时，下列正确的做法是（ ）。,单选题,飞行原理,中等,2,是,可以在有一定坡度的场地测试，看飞控系统能否适应不同地形,在平坦、开阔且无障碍物的场地进行，确保起飞和降落的安全性和准确性,先让无人机手动起飞，然后再测试自动降落功能，这样更简单,只测试自动起飞功能，因为降落可以手动完成，自动降落不是重点,,,在平坦、开阔且无障碍物的场地进行，确保起飞和降落的安全性和准确性,,超级管理员,2025-09-18 15:55:32,2025-09-18 15:55:52
05185,在测试无人机飞控的姿态控制功能时，下列正确的做法是（ ）。,单选题,飞行原理,中等,2,是,要确保无人机的初始姿态是水平的，这样便于观察姿态控制效果,可以从任意姿态开始测试，飞控系统都能自动调整,先让无人机倾斜一个固定角度，然后再启动姿态控制功能，看能否恢复水平,重点关注无人机在快速旋转时的姿态控制，这是最关键的情况,,,要确保无人机的初始姿态是水平的，这样便于观察姿态控制效果,,超级管理员,2025-09-18 15:55:32,2025-09-18 15:55:52
05186,无人机飞控测试中，IMU（惯性测量单元）校准的目的是（）。,单选题,飞行原理,中等,2,是,提高GPS定位精度,确保传感器数据准确,延长电池寿命,增加飞行速度,,,确保传感器数据准确,,超级管理员,2025-09-18 15:55:32,2025-09-18 15:55:52
05187,?无人机飞控测试中，GPS信号丢失时，飞控系统应自动切换到姿态模式。（）,单选题,飞行原理,中等,2,是,正确,错误,,,,,正确,,超级管理员,2025-09-18 15:55:32,2025-09-18 15:55:52
05188,无人机飞控测试中，高海拔飞行、低温环境和高温环境是必须测试的极限条件。（）,单选题,飞行原理,中等,2,是,正确,错误,,,,,正确,,超级管理员,2025-09-18 15:55:32,2025-09-18 15:55:52
05189,不是无人机分电板电气测试需要使用的设备是（）。,单选题,飞行原理,中等,2,是,高压电源,示波器,电流表,数字万用表,,,高压电源,,超级管理员,2025-09-18 15:55:32,2025-09-18 15:55:53
05190,在进行无人机分电板电气测试时，应该首先进行步骤的是（）。,单选题,飞行原理,中等,2,是,测试电池电压,测试电路电阻,测试电机输出功率,测试电路短路保护功能,,,测试电路电阻,,超级管理员,2025-09-18 15:55:32,2025-09-18 15:55:53
05191,无人机分电板的电气测试流程中，用于检测电路板上是否存在短路或开路现象的测试是（）。,单选题,飞行原理,中等,2,是,功能测试,电阻测试,电容测试,电感测试,,,电阻测试,,超级管理员,2025-09-18 15:55:32,2025-09-18 15:55:53
05192,无人机分电板的电气测试中，（）是为了确保所有电气连接正确无误并且有良好的接触。,单选题,飞行原理,中等,2,是,视觉检查,绝缘电阻测试,连续性测试,负载测试,,,连续性测试,,超级管理员,2025-09-18 15:55:32,2025-09-18 15:55:53
05193,分电板测试应包括电压和电流测试。（）,单选题,飞行原理,中等,2,是,正确,错误,,,,,正确,,超级管理员,2025-09-18 15:55:32,2025-09-18 15:55:53
05194,测试时应关闭电源。（）,单选题,飞行原理,中等,2,是,正确,错误,,,,,错误,,超级管理员,2025-09-18 15:55:32,2025-09-18 15:55:53
05195,无人机分电板的电气测试方法中最常用的（）。,单选题,飞行原理,中等,2,是,静电放电测试,热量测试,滤波器测试,电压测试,,,电压测试,,超级管理员,2025-09-18 15:55:32,2025-09-18 15:55:53
05196,无人机分电板的电气测试流程中，用以确保电气元件没有绝缘损坏的测试是（）。,单选题,飞行原理,中等,2,是,电气连通性测试,绝缘电阻测试,负载测试,短路测试,,,绝缘电阻测试,,超级管理员,2025-09-18 15:55:32,2025-09-18 15:55:53
05197,为了检查无人机分电板上的焊点是否牢固，通常采用（）。,单选题,飞行原理,中等,2,是,X射线检测,焊接热像仪检测,视觉检查,超声波检测,,,X射线检测,,超级管理员,2025-09-18 15:55:32,2025-09-18 15:55:53
05198,在无人机分电板的电气测试中，（）是用来模拟实际工作环境下的温度变化，以检验分电板的热稳定性。,单选题,飞行原理,中等,2,是,热冲击测试,热循环测试,温度升高测试,环境应力筛选测试,,,热循环测试,,超级管理员,2025-09-18 15:55:32,2025-09-18 15:55:53
05199,无人机分电板的电气测试只需要进行输入电压和输出电压的测量即可。（）,单选题,飞行原理,中等,2,是,正确,错误,,,,,错误,,超级管理员,2025-09-18 15:55:32,2025-09-18 15:55:53
05200,无人机分电板在进行电气测试时，需要模拟无人机上实际供电状态，检测配电控制器加载情况下的各项电气性能指标参数。（）,单选题,飞行原理,中等,2,是,正确,错误,,,,,正确,,超级管理员,2025-09-18 15:55:32,2025-09-18 15:55:53
05201,无人机传感器电气测试的第一步是（）。,单选题,飞行原理,中等,2,是,测试电池电压,连接传感器到无人机,检查传感器外观有无损坏,打开传感器电源,,,检查传感器外观有无损坏,,超级管理员,2025-09-18 15:55:32,2025-09-18 15:55:53
05202,在无人机传感器电气测试中，用于测量电流的设备是（）。,单选题,飞行原理,中等,2,是,万用表,示波器,频谱分析仪,功率计,,,万用表,,超级管理员,2025-09-18 15:55:32,2025-09-18 15:55:53
05203,在无人机传感器的电气测试中，首先进行的测试通常是（）。,单选题,飞行原理,中等,2,是,灵敏度测试,噪声水平测试,线性度测试,频率响应测试,,,噪声水平测试,,超级管理员,2025-09-18 15:55:32,2025-09-18 15:55:53
05204,为了确保无人机传感器能够准确地检测到外界信号，通常会进行（）。,单选题,飞行原理,中等,2,是,精度测试,灵敏度测试,动态范围测试,时间响应测试,,,灵敏度测试,,超级管理员,2025-09-18 15:55:32,2025-09-18 15:55:53
05205,传感器测试应包括校准和功能测试。（）,单选题,飞行原理,中等,2,是,正确,错误,,,,,正确,,超级管理员,2025-09-18 15:55:32,2025-09-18 15:55:53
05206,测试应考虑环境因素的影响。（）,单选题,飞行原理,中等,2,是,正确,错误,,,,,正确,,超级管理员,2025-09-18 15:55:32,2025-09-18 15:55:53
05207,无人机传感器的电气测试方法中，（）用来检测其电源电压是否稳定。,单选题,飞行原理,中等,2,是,雷达波束测试,光学测距仪测试,GPS定位测试,电池电压测试,,,电池电压测试,,超级管理员,2025-09-18 15:55:32,2025-09-18 15:55:53
05208,在无人机传感器的电气测试方法中，（）用来检测传感器的信号传输是否正常。,单选题,飞行原理,中等,2,是,温度传感器测试,加速度计测试,湿度传感器测试,航向角速度测试,,,加速度计测试,,超级管理员,2025-09-18 15:55:32,2025-09-18 15:55:53
05209,在无人机传感器的电气测试中，用于验证传感器在规定工作温度范围内的性能稳定性的测试是（）。,单选题,飞行原理,中等,2,是,精度测试,温度漂移测试,噪声水平测试,动态范围测试,,,温度漂移测试,,超级管理员,2025-09-18 15:55:32,2025-09-18 15:55:53
05210,无人机传感器的电气测试中，（）测试是为了确定传感器输出信号随输入信号变化的程度。,单选题,飞行原理,中等,2,是,线性度测试,频率响应测试,动态范围测试,时间延迟测试,,,线性度测试,,超级管理员,2025-09-18 15:55:32,2025-09-18 15:55:53
05211,在无人机传感器电气测试中，通常需要使用专门的测试设备来模拟各种飞行环境和条件，以确保传感器能够在实际飞行中准确地工作。（）,单选题,飞行原理,中等,2,是,正确,错误,,,,,正确,,超级管理员,2025-09-18 15:55:32,2025-09-18 15:55:53
05212,在无人机传感器电气测试中，只需要关注传感器本身的性能，而不需要考虑无人机平台的电气系统对传感器的影响。（）,单选题,飞行原理,中等,2,是,正确,错误,,,,,错误,,超级管理员,2025-09-18 15:55:32,2025-09-18 15:55:53
05213,在开始无人机图传设备测试之前，以下（）是最重要的准备工作。,单选题,飞行原理,中等,2,是,将无人机飞到最大图传距离进行极限测试,确保地面站和无人机之间的通信链路畅通无阻,直接开启图传设备电源进行图像传输测试,在室内环境中进行初步的图传质量检查,,,确保地面站和无人机之间的通信链路畅通无阻,,超级管理员,2025-09-18 15:55:32,2025-09-18 15:55:53
05214,当评估图传系统的图像质量时，最关键指标是（）。,单选题,飞行原理,中等,2,是,分辨率,帧率,传输延迟,设备重量,,,设备重量,,超级管理员,2025-09-18 15:55:32,2025-09-18 15:55:53
05215,在测试无人机图传设备时，如果遇到信号丢失或图像中断的问题，首先应该检查的是（）。,单选题,飞行原理,中等,2,是,更换图传设备的天线类型以获得更好的增益,检查周围环境是否存在强电磁干扰源,增加无人机电池容量以延长飞行时间,调整无人机飞行速度以减少图像抖动,,,检查周围环境是否存在强电磁干扰源,,超级管理员,2025-09-18 15:55:32,2025-09-18 15:55:53
05216,测试图传设备的实时性时，以下（）是衡量图传设备实时性的关键指标。,单选题,飞行原理,中等,2,是,图像的分辨率和色彩还原度,视频流的最大传输距离,从无人机到地面站的图像传输延迟时间,图像色彩还原度,,,从无人机到地面站的图像传输延迟时间,,超级管理员,2025-09-18 15:55:32,2025-09-18 15:55:53
05217,无人机图传设备的图像分辨率设置越高，图传的效果就越好。（）,单选题,飞行原理,中等,2,是,正确,错误,,,,,错误,,超级管理员,2025-09-18 15:55:32,2025-09-18 15:55:53
05218,测试无人机图传设备时，应该确保电池电量充足，以避免因电量不足而导致测试中断。（）,单选题,飞行原理,中等,2,是,正确,错误,,,,,正确,,超级管理员,2025-09-18 15:55:32,2025-09-18 15:55:53
05219,在进行无人机图传设备测试时，以下（）方法不是用于评估图传性能的有效方法。,单选题,飞行原理,中等,2,是,测量图像从无人机到地面站的传输延迟时间,在不同距离下测试视频流的稳定性和清晰度,通过增加负载重量来测试无人机的最大承载能力,检查图传设备在存在电磁干扰环境下的抗干扰能力,,,通过增加负载重量来测试无人机的最大承载能力,,超级管理员,2025-09-18 15:55:32,2025-09-18 15:55:53
05220,不是测试图传设备实时性的有效方法的是（）。,单选题,飞行原理,中等,2,是,计算从拍摄到接收端显示的时间差,观察视频流是否流畅无卡顿,检查图像色彩是否鲜艳,测量数据包丢失率,,,检查图像色彩是否鲜艳,,超级管理员,2025-09-18 15:55:32,2025-09-18 15:55:53
05221,测试图传设备的软件更新便利性时，应该关注（）。,单选题,飞行原理,中等,2,是,更新过程中是否有数据丢失风险,更新后是否需要重新配置参数,更新频率是否足够高,更新后的版本号,,,更新过程中是否有数据丢失风险,,超级管理员,2025-09-18 15:55:32,2025-09-18 15:55:53
05222,测试图传设备的电源效率时，应当测量的是（）。,单选题,飞行原理,中等,2,是,最大输出功率,平均功耗,充电时间,电池尺寸,,,平均功耗,,超级管理员,2025-09-18 15:55:32,2025-09-18 15:55:53
05223,H.264是一种广泛应用于无人机图传设备中的视频压缩标准。（）,单选题,飞行原理,中等,2,是,正确,错误,,,,,正确,,超级管理员,2025-09-18 15:55:32,2025-09-18 15:55:53
05224,测试无人机图传设备的实时性时，主要考量的是图像的分辨率和色彩还原度。（）,单选题,飞行原理,中等,2,是,正确,错误,,,,,错误,,超级管理员,2025-09-18 15:55:32,2025-09-18 15:55:53
05225,无人机图传设备测试中，为了保证信号稳定，设置无人机高度的正确做法是（）。,单选题,飞行原理,中等,2,是,将无人机飞至尽可能高的高度以获得最大覆盖范围,根据图传设备的有效工作范围和测试环境选择适当的高度,保持无人机在低空飞行，避免任何高度变化,不考虑高度因素，专注于调整图传设备的发射功率,,,根据图传设备的有效工作范围和测试环境选择适当的高度,,超级管理员,2025-09-18 15:55:32,2025-09-18 15:55:53
05226,无人机图传设备测试过程中如果遇到图传信号突然丢失，最不可能的原因是（）。,单选题,飞行原理,中等,2,是,距离超出了设备的有效范围,设备受到强电磁干扰,无人机飞入了信号盲区,图像编码格式不兼容,,,图像编码格式不兼容,,超级管理员,2025-09-18 15:55:32,2025-09-18 15:55:53
05227,测试图传设备的图像质量时，应该考虑的主要因素是（）。,单选题,飞行原理,中等,2,是,分辨率、帧率、色彩还原度,传输速度、文件大小、编码方式,设备价格、品牌声誉、市场占有率,使用说明书、保修政策、客户评价,,,分辨率、帧率、色彩还原度,,超级管理员,2025-09-18 15:55:32,2025-09-18 15:55:53
05228,在测试图传设备的耐久性时，不应该做的是（）。,单选题,飞行原理,中等,2,是,模拟长时间连续工作,忽略异常高温或低温的影响,记录设备故障发生的时间点,维持恒定的工作负载,,,忽略异常高温或低温的影响,,超级管理员,2025-09-18 15:55:32,2025-09-18 15:55:53
05229,在进行图传设备传输距离测试时，应尽量选择开阔无遮挡的环境以获得最真实的数据。（）,单选题,飞行原理,中等,2,是,正确,错误,,,,,正确,,超级管理员,2025-09-18 15:55:32,2025-09-18 15:55:53
05230,为了保证图传信号稳定，应根据图传设备的有效工作范围和测试环境选择适当的高度进行测试。（）,单选题,飞行原理,中等,2,是,正确,错误,,,,,正确,,超级管理员,2025-09-18 15:55:32,2025-09-18 15:55:54
05231,测试数传设备的有效传输距离时，应该避免（）。,单选题,飞行原理,中等,2,是,任何物理障碍物,多用户同时连接,使用加密数据传输,调整天线角度,,,任何物理障碍物,,超级管理员,2025-09-18 15:55:32,2025-09-18 15:55:54
05232,下列测试数传设备的热稳定性的不正确做法是（）。,单选题,飞行原理,中等,2,是,在高温环境中运行一段时间,监测设备表面温度变化,检查散热装置的工作状态,封闭通风口来增加温度,,,封闭通风口来增加温度,,超级管理员,2025-09-18 15:55:32,2025-09-18 15:55:54
05233,对于无人机数传设备来说，测试其最大有效负载时，应该关注（）。,单选题,飞行原理,中等,2,是,数据包大小,图像分辨率,C: 传输延迟,频率响应,,,数据包大小,,超级管理员,2025-09-18 15:55:32,2025-09-18 15:55:54
05234,在测试数传设备的可靠性和稳定性时，最常用的测试方法是（）。,单选题,飞行原理,中等,2,是,快速开关机循环,变换不同的飞行模式,长时间连续传输数据,更换不同的电池,,,长时间连续传输数据,,超级管理员,2025-09-18 15:55:32,2025-09-18 15:55:54
05235,测试数传设备的最大传输距离时，频率设置可以影响测试结果。（）,单选题,飞行原理,中等,2,是,正确,错误,,,,,正确,,超级管理员,2025-09-18 15:55:32,2025-09-18 15:55:54
05236,测试数传设备的温度适应性时，主要考虑的是设备的颜色是否会发生变化。（）,单选题,飞行原理,中等,2,是,正确,错误,,,,,错误,,超级管理员,2025-09-18 15:55:32,2025-09-18 15:55:54
05237,为了评估数传设备的数据传输速率，应该使用（）。,单选题,飞行原理,中等,2,是,图像清晰度测试,信号强度测量工具,数据吞吐量测试工具,电磁兼容性测试设备,,,数据吞吐量测试工具,,超级管理员,2025-09-18 15:55:32,2025-09-18 15:55:54
05238,在测试数传设备的抗振动性能时，正确做法是（）。,单选题,飞行原理,中等,2,是,在不同海拔高度飞行,进行震动台测试,改变天线角度,更换不同的飞行模式,,,进行震动台测试,,超级管理员,2025-09-18 15:55:32,2025-09-18 15:55:54
05239,在评估数传设备的安全性时，最关键的做法是（）。,单选题,飞行原理,中等,2,是,图像清晰度,传输速度,电池寿命,数据加密技术,,,数据加密技术,,超级管理员,2025-09-18 15:55:32,2025-09-18 15:55:54
05240,对于无人机数传设备来说，测试其最大有效负载时，主要关注的是（）。,单选题,飞行原理,中等,2,是,数据传输的最大距离,单位时间内可以传输的最大数据量,传输延迟,信号在复杂环境中的抗干扰能力,,,单位时间内可以传输的最大数据量,,超级管理员,2025-09-18 15:55:32,2025-09-18 15:55:54
05241,测试结果应该全面反映数传设备在实际飞行环境中的性能表现。（）,单选题,飞行原理,中等,2,是,正确,错误,,,,,正确,,超级管理员,2025-09-18 15:55:32,2025-09-18 15:55:54
05242,无人机数传设备测试应该在室内环境中进行。（）,单选题,飞行原理,中等,2,是,正确,错误,,,,,错误,,超级管理员,2025-09-18 15:55:32,2025-09-18 15:55:54
05243,"在进行无人机数传设备测试时,地面端天线（）放置以优化信号接收。",单选题,飞行原理,中等,2,是,竖直向上,水平,倾斜,在地面,,,竖直向上,,超级管理员,2025-09-18 15:55:32,2025-09-18 15:55:54
05244,在测试数传设备时，必须避免（）情况以防止模块烧毁。,单选题,飞行原理,中等,2,是,天线未安装上电,设备在低温环境中运行,使用非原装充电器,连接过多外部设备,,,天线未安装上电,,超级管理员,2025-09-18 15:55:32,2025-09-18 15:55:54
05245,（）不是评估无人机数传设备在不同环境下抗干扰能力的有效方法。,单选题,飞行原理,中等,2,是,进行EMC测试,模拟不同电磁干扰场景进行测试,改变无人机的飞行速度,根据实际应用场景设计测试方案,,,改变无人机的飞行速度,,超级管理员,2025-09-18 15:55:32,2025-09-18 15:55:54
05246,无人机数传设备在进行长期可靠性测试时，（）不是需要重点关注的指标。,单选题,飞行原理,中等,2,是,设备故障率,数据传输的稳定性,平均无故障时间（MTBF）,设备外观的磨损情况,,,设备外观的磨损情况,,超级管理员,2025-09-18 15:55:32,2025-09-18 15:55:54
05247,无人机数传设备的跳频扩频技术可以有效避免干扰。（）,单选题,飞行原理,中等,2,是,正确,错误,,,,,正确,,超级管理员,2025-09-18 15:55:32,2025-09-18 15:55:54
05248,无人机数传设备的抗干扰能力测试无需考虑电磁干扰。（）,单选题,飞行原理,中等,2,是,正确,错误,,,,,错误,,超级管理员,2025-09-18 15:55:32,2025-09-18 15:55:54
05249,无人机电子调速器在进行电气测试前，首先需要进行的操作是（）。,单选题,飞行原理,中等,2,是,直接连接电源,检查电池电压是否正常,打开调速器电源开关,连接所有电机,,,检查电池电压是否正常,,超级管理员,2025-09-18 15:55:32,2025-09-18 15:55:54
05250,在电气测试流程中，发现调速器信号输入异常，应该首先检查（）。,单选题,飞行原理,中等,2,是,电机,遥控器,调速器本身,电源线路,,,遥控器,,超级管理员,2025-09-18 15:55:32,2025-09-18 15:55:54
05251,在进行无人机电子调速器的电气测试时，通常需要使用（）来模拟遥控器信号。,单选题,飞行原理,中等,2,是,万用表,示波器,信号发生器,电压表,,,信号发生器,,超级管理员,2025-09-18 15:55:32,2025-09-18 15:55:54
05252,在无人机电子调速器电气测试流程结束时，最后进行的操作是（）。,单选题,飞行原理,中等,2,是,关闭电源,断开所有连接,记录测试数据,重新组装无人机,,,关闭电源,,超级管理员,2025-09-18 15:55:32,2025-09-18 15:55:54
05253,测试流程中，首先需要对电子调速器进行外观检查，确认无明显损坏。（）,单选题,飞行原理,中等,2,是,正确,错误,,,,,正确,,超级管理员,2025-09-18 15:55:32,2025-09-18 15:55:54
05254,测试流程中，测试结束后首先需要拔掉电调与电机的连接线。（）,单选题,飞行原理,中等,2,是,正确,错误,,,,,错误,,超级管理员,2025-09-18 15:55:32,2025-09-18 15:55:54
05255,无人机电子调速器的电气测试中，（）可以测量调速器的电流输出。,单选题,飞行原理,中等,2,是,使用万用表的电压测量功能,使用电流钳,通过测量电压和电阻来计算电流,仅通过观察调速器的指示灯,,,使用电流钳,,超级管理员,2025-09-18 15:55:32,2025-09-18 15:55:54
05256,在无人机电子调速器电气测试过程中，（）可以确保无人机电子调速器的电源输入是安全的。,单选题,飞行原理,中等,2,是,使用超过额定输入电压的电源,使用适当的电源适配器,使用电阻代替电机进行测试,使用短路测试来检查调速器的反应,,,使用适当的电源适配器,,超级管理员,2025-09-18 15:55:32,2025-09-18 15:55:54
05257,测试无人机电子调速器的热稳定性，可以使用（）测试方法。,单选题,飞行原理,中等,2,是,快速开关电源测试,长时间连续运行测试,高频率信号输入测试,低电压输入测试,,,长时间连续运行测试,,超级管理员,2025-09-18 15:55:32,2025-09-18 15:55:54
05258,在进行无人机电子调速器的电气测试时，（）可以评估调速器的信号响应速度。,单选题,飞行原理,中等,2,是,使用万用表测量电压,使用示波器观察信号波形,使用电流钳测量电流,手动调整遥控器并观察电机反应,,,使用示波器观察信号波形,,超级管理员,2025-09-18 15:55:32,2025-09-18 15:55:54
05259,电调电气测试中，可以通过测量电子调速器在不同油门位置下的输出电流来评估其性能。（）,单选题,飞行原理,中等,2,是,正确,错误,,,,,正确,,超级管理员,2025-09-18 15:55:32,2025-09-18 15:55:54
05260,电调电气测试中，不推荐使用模拟示波器来观察电子调速器的PWM信号波形。（）,单选题,飞行原理,中等,2,是,正确,错误,,,,,错误,,超级管理员,2025-09-18 15:55:32,2025-09-18 15:55:54
05261,在测试无人机电子调速器时，如果遇到异常高温现象，最可能的原因是（）。,单选题,飞行原理,中等,2,是,调速器设置的电流限制过低,使用了不适合的冷却方法,电机负载超过了调速器的最大额定值,测试环境温度过低,,,电机负载超过了调速器的最大额定值,,超级管理员,2025-09-18 15:55:32,2025-09-18 15:55:54
05262,不是影响无人机电调性能稳定性的因素是（）。,单选题,飞行原理,中等,2,是,电池健康状况,电机效率,环境温度,无人机的重量,,,无人机的重量,,超级管理员,2025-09-18 15:55:32,2025-09-18 15:55:54
05263,不是无人机电调选型时需要考虑的效率与损耗指标的是（）。,单选题,飞行原理,中等,2,是,电调的效率,电调的损耗,电池的容量,能源利用效率,,,电池的容量,,超级管理员,2025-09-18 15:55:32,2025-09-18 15:55:54
05264,在进行无人机电调测试时，（）操作可能导致电机反向运转。,单选题,飞行原理,中等,2,是,随意调换电调与电机的连接线,检查电池电量,清洁无人机,调整GPS设置,,,随意调换电调与电机的连接线,,超级管理员,2025-09-18 15:55:32,2025-09-18 15:55:54
05265,无刷电调相比有刷电调效率更低。（）,单选题,飞行原理,中等,2,是,正确,错误,,,,,错误,,超级管理员,2025-09-18 15:55:32,2025-09-18 15:55:54
05266,电调测试可以替代实际的飞行测试来验证无人机的飞行安全性。（）,单选题,飞行原理,中等,2,是,正确,错误,,,,,错误,,超级管理员,2025-09-18 15:55:32,2025-09-18 15:55:54
05267,在进行无人机GNSS性能测试时，首先应该做（）。,单选题,飞行原理,中等,2,是,将无人机飞到最大高度以获得最佳信号接收,确保无人机GNSS模块已更新至最新固件版本,直接执行飞行任务以验证实际定位精度,在室内环境中进行初步的位置锁定时间测试,,,确保无人机GNSS模块已更新至最新固件版本,,超级管理员,2025-09-18 15:55:32,2025-09-18 15:55:54
05268,（）测试方法用于测量GNSS接收机的定位精度。,单选题,飞行原理,中等,2,是,比较模拟数据与真实位置,测量信号强度,观察信号传播时间,测量接收机重量,,,比较模拟数据与真实位置,,超级管理员,2025-09-18 15:55:32,2025-09-18 15:55:54
05269,GNSS接收机的DOP值是指（）。,单选题,飞行原理,中等,2,是,定位精度,定位误差,几何误差因子,信号强度,,,定位精度,,超级管理员,2025-09-18 15:55:32,2025-09-18 15:55:54
05270,GNSS系统通过（）方式提供定位服务。,单选题,飞行原理,中等,2,是,光纤通信,卫星电视,微波传输,无线电信号,,,无线电信号,,超级管理员,2025-09-18 15:55:32,2025-09-18 15:55:54
05271,在进行GNSS测试时，无人机必须处于飞行状态。（ ）,单选题,飞行原理,中等,2,是,正确,错误,,,,,错误,,超级管理员,2025-09-18 15:55:32,2025-09-18 15:55:55
05272,GNSS接收机的捕获灵敏度是指其能够锁定的最低信号功率电平。（ ）,单选题,飞行原理,中等,2,是,正确,错误,,,,,正确,,超级管理员,2025-09-18 15:55:32,2025-09-18 15:55:55
05273,（）不是测试无人机遥控器信号稳定性时得有效测试方法。,单选题,飞行原理,中等,2,是,距离测试,干扰测试,信号强度测试,遥控器电池寿命测试,,,遥控器电池寿命测试,,超级管理员,2025-09-18 15:55:32,2025-09-18 15:55:55
05274,无人机遥控器信号稳定性测试中，不是测试必要条件的是（）。,单选题,飞行原理,中等,2,是,遥控器与无人机之间的直线距离,遥控器的电池电量,周围环境中可能存在的电磁干扰,遥控器的操作手感,,,遥控器的操作手感,,超级管理员,2025-09-18 15:55:32,2025-09-18 15:55:55
05275,在进行无人机遥控器信号稳定性测试时，（）不是测试中应记录的数据。,单选题,飞行原理,中等,2,是,信号延迟,信号丢失率,信号传输协议名称,信号覆盖范围,,,信号传输协议名称,,超级管理员,2025-09-18 15:55:32,2025-09-18 15:55:55
05276,无人机遥控器信号稳定性测试中，（）不是评估信号稳定性的指标。,单选题,飞行原理,中等,2,是,信号的频率稳定性,信号的抗干扰能力,信号的颜色编码,信号的传输距离,,,信号的颜色编码,,超级管理员,2025-09-18 15:55:32,2025-09-18 15:55:55
05277,测试遥控器信号稳定性时，应在无干扰的环境中进行，以确保测试结果的准确性。（）,单选题,飞行原理,中等,2,是,正确,错误,,,,,错误,,超级管理员,2025-09-18 15:55:32,2025-09-18 15:55:55
05278,遥控器信号稳定性的测试方法中，可以采用模拟干扰的方式来测试遥控器在干扰环境下的表现。（）,单选题,飞行原理,中等,2,是,正确,错误,,,,,正确,,超级管理员,2025-09-18 15:55:32,2025-09-18 15:55:55
05279,在对码过程中，无人机遥控器通常通过（）方式与无人机通信。,单选题,飞行原理,中等,2,是,蓝牙,Wi-Fi,专用2.4GHz或5.8GHz频段,红外线,,,专用2.4GHz或5.8GHz频段,,超级管理员,2025-09-18 15:55:32,2025-09-18 15:55:55
05280,对于大多数消费级无人机，遥控器对码（即绑定或配对）通常通过以下（）方式进行。,单选题,飞行原理,中等,2,是,使用专用软件在电脑上进行复杂设置,通过无人机和遥控器上的物理按钮组合操作完成,在无人机飞行过程中自动完成对码,通过互联网连接远程服务器进行在线认证,,,通过无人机和遥控器上的物理按钮组合操作完成,,超级管理员,2025-09-18 15:55:32,2025-09-18 15:55:55
05281,如果无人机遥控器与无人机无法成功对码，以下（）有助于解决问题。,单选题,飞行原理,中等,2,是,更换无人机的电池,重启遥控器和无人机,调整无人机的飞行高度,升级无人机的摄像头,,,重启遥控器和无人机,,超级管理员,2025-09-18 15:55:32,2025-09-18 15:55:55
05282,在对码过程中，如果遥控器显示“信号弱”，下列正确做法是（）。,单选题,飞行原理,中等,2,是,调整无人机的飞行姿态,更换遥控器电池,确保无人机和遥控器之间没有障碍物，并尽量靠近,升级无人机的操作系统,,,确保无人机和遥控器之间没有障碍物，并尽量靠近,,超级管理员,2025-09-18 15:55:32,2025-09-18 15:55:55
05283,无人机遥控器与无人机之间的对码是通过蓝牙技术实现的。（）,单选题,飞行原理,中等,2,是,正确,错误,,,,,错误,,超级管理员,2025-09-18 15:55:32,2025-09-18 15:55:55
05284,对码过程中，遥控器和无人机必须处于相同的电源状态（如都开启或都关闭）。（）,单选题,飞行原理,中等,2,是,正确,错误,,,,,错误,,超级管理员,2025-09-18 15:55:32,2025-09-18 15:55:55
05285,在检查无人机接收机天线时，不是必要的检查内容的是（）。,单选题,飞行原理,中等,2,是,天线是否有物理损伤,天线是否正确安装,天线是否需要清洁,天线的生产日期,,,天线的生产日期,,超级管理员,2025-09-18 15:55:32,2025-09-18 15:55:55
05286,如果发现无人机接收机天线有损坏，（）是正确的处理方法。,单选题,飞行原理,中等,2,是,用胶带临时固定,继续使用，不予处理,立即更换天线,使用重型胶水修复,,,立即更换天线,,超级管理员,2025-09-18 15:55:32,2025-09-18 15:55:55
05287,在进行无人机接收机天线检查时，发现天线松动，正确的操作是（）。,单选题,飞行原理,中等,2,是,忽略它，继续飞行,使用胶带临时固定,拧紧固定螺丝，确保天线牢固,用绳子将天线绑在无人机上,,,拧紧固定螺丝，确保天线牢固,,超级管理员,2025-09-18 15:55:32,2025-09-18 15:55:55
05288,若怀疑无人机接收机天线内部有进水情况，应该（）。,单选题,飞行原理,中等,2,是,先将天线放置在干燥环境中自然干燥，再检查性能,拆开天线，用吹风机热风档吹干,立即通电烘干,往天线里注入干燥剂,,,先将天线放置在干燥环境中自然干燥，再检查性能,,超级管理员,2025-09-18 15:55:32,2025-09-18 15:55:55
05289,接收机天线的检查方法中，首先需要检查天线的物理外观，确认无损坏。（）,单选题,飞行原理,中等,2,是,正确,错误,,,,,正确,,超级管理员,2025-09-18 15:55:32,2025-09-18 15:55:55
05290,在检查接收机天线时，可以不考虑天线的安装角度，因为它不会影响信号接收。（）,单选题,飞行原理,中等,2,是,正确,错误,,,,,错误,,超级管理员,2025-09-18 15:55:32,2025-09-18 15:55:55
05291,在无人机螺旋桨的机械测试报告单中，（）参数是必须记录的。,单选题,飞行原理,中等,2,是,螺旋桨的颜色,螺旋桨的重量,螺旋桨的材料,螺旋桨的直径,,,螺旋桨的直径,,超级管理员,2025-09-18 15:55:32,2025-09-18 15:55:55
05292,下列（）不是在无人机螺旋桨的机械测试中可能使用的。,单选题,飞行原理,中等,2,是,力传感器,温度计,压力计,高速摄影机,,,压力计,,超级管理员,2025-09-18 15:55:32,2025-09-18 15:55:55
05293,在填写无人机螺旋桨的机械测试报告单时，（）是用来衡量螺旋桨在单位时间内完成工作的能力的。,单选题,飞行原理,中等,2,是,螺旋桨的最大直径,螺旋桨的转速,螺旋桨产生的推力,螺旋桨的功率输出,,,螺旋桨的功率输出,,超级管理员,2025-09-18 15:55:32,2025-09-18 15:55:55
05294,在进行无人机螺旋桨的机械测试时，如果发现螺旋桨有异常噪音，应（）。,单选题,飞行原理,中等,2,是,忽略不计,记录噪音大小和频率,仅描述噪音类型,只记录测试日期和时间,,,记录噪音大小和频率,,超级管理员,2025-09-18 15:55:32,2025-09-18 15:55:55
05295,螺旋桨的机械测试报告单中不需要记录螺旋桨的材质类型。（）,单选题,飞行原理,中等,2,是,正确,错误,,,,,错误,,超级管理员,2025-09-18 15:55:32,2025-09-18 15:55:55
05296,测试报告单应包括螺旋桨在不同速度下的表现。（）,单选题,飞行原理,中等,2,是,正确,错误,,,,,正确,,超级管理员,2025-09-18 15:55:32,2025-09-18 15:55:55
05297,下列（）可以用来测量无人机电调的电压。,单选题,飞行原理,中等,2,是,万用表,示波器,频谱分析仪,功率计,,,万用表,,超级管理员,2025-09-18 15:55:32,2025-09-18 15:55:55
05298,在填写无人机电调的电气测试报告单时，在下列（）不是必须记录的信息。,单选题,飞行原理,中等,2,是,电调的最大电流输出,电调与电机匹配的KV值范围,测试环境温度和湿度,飞行器的最大飞行高度,,,飞行器的最大飞行高度,,超级管理员,2025-09-18 15:55:32,2025-09-18 15:55:55
05299,无人机电调的电气测试中，用于评估电调在极端条件下的工作性能的测试是（）。,单选题,飞行原理,中等,2,是,稳态测试,动态响应测试,温度测试,电磁兼容性测试,,,温度测试,,超级管理员,2025-09-18 15:55:32,2025-09-18 15:55:55
05300,在进行电调电气测试并填写报告单时，如果遇到异常高温现象，最合理的应对措施是（）。,单选题,飞行原理,中等,2,是,忽略高温继续测试以获取完整数据,立即停止测试，并检查可能的原因,增加冷却风扇的数量来降低温度,减少电调设置的电流限制以避免过热,,,立即停止测试，并检查可能的原因,,超级管理员,2025-09-18 15:55:32,2025-09-18 15:55:55
05301,在进行无人机电调电气测试时，可以直接使用交流电流。（）,单选题,飞行原理,中等,2,是,正确,错误,,,,,错误,,超级管理员,2025-09-18 15:55:32,2025-09-18 15:55:55
05302,测试报告单应详细记录测试条件和测试设备的设置。（）,单选题,飞行原理,中等,2,是,正确,错误,,,,,正确,,超级管理员,2025-09-18 15:55:32,2025-09-18 15:55:55
05303,日常维保作业场地应该保持清洁，（）不应该出现在工作区域内。,单选题,飞行原理,中等,2,是,工具箱,垃圾桶,工作服,食品包装袋,,,食品包装袋,,超级管理员,2025-09-18 15:55:32,2025-09-18 15:55:55
05304,在日常维保作业场地布置中，工具和设备的存放应遵循（）原则。,单选题,飞行原理,中等,2,是,随意放置，方便取用,分类存放，标识清晰,集中堆放，节省空间,地面放置，避免高处坠落,,,分类存放，标识清晰,,超级管理员,2025-09-18 15:55:32,2025-09-18 15:55:55
05305,为了提高日常维保作业场地的作业效率，应（）规划作业区域。,单选题,飞行原理,中等,2,是,按作业流程划分区域,按设备类型划分区域,按作业人员分组划分区域,任意划分区域，灵活应变,,,按作业流程划分区域,,超级管理员,2025-09-18 15:55:32,2025-09-18 15:55:55
05306,日常维保作业场地布置时，应首先考虑的是（）。,单选题,飞行原理,中等,2,是,作业效率,安全原则,设备存放,照明条件,,,安全原则,,超级管理员,2025-09-18 15:55:32,2025-09-18 15:55:55
05307,在日常维保作业场地中，必须保证所有工作人员都佩戴安全帽。（）,单选题,飞行原理,中等,2,是,正确,错误,,,,,正确,,超级管理员,2025-09-18 15:55:32,2025-09-18 15:55:55
05308,在布置日常维保作业场地时，应考虑到维修工具和设备的存放位置，以减少维修人员的移动距离和时间。（）,单选题,飞行原理,中等,2,是,正确,错误,,,,,正确,,超级管理员,2025-09-18 15:55:32,2025-09-18 15:55:55
05309,（）不属于日常维保作业场地的安全要求。,单选题,飞行原理,困难,2,是,场地整洁，无杂物堆积,使用合适的防护设备，如安全帽、防护眼镜等,避免在高温或低温环境下进行作业,进行高强度作业时不需要休息,,,场地整洁，无杂物堆积,,超级管理员,2025-09-18 15:55:32,2025-09-18 15:55:55
05310,无人机日常维保作业中，为防止工具或零件掉落伤人，应采取（）。,单选题,飞行原理,中等,2,是,在作业区域内大声交谈，提醒他人,在工作台周围堆放杂物,使用工具袋或工具箱，并确保工具在使用后及时归位,穿着宽松衣物以方便携带工具,,,使用工具袋或工具箱，并确保工具在使用后及时归位,,超级管理员,2025-09-18 15:55:32,2025-09-18 15:55:55
05311,无人机日常维保作业场地的照明应满足（），以确保作业安全。,单选题,飞行原理,中等,2,是,仅在夜间提供最低限度的照明,使用单一光源，避免阴影,使用足够亮度的照明，确保作业区域无暗角,使用彩色灯光增加作业趣味性,,,使用足够亮度的照明，确保作业区域无暗角,,超级管理员,2025-09-18 15:55:32,2025-09-18 15:55:56
05312,无人机日常维保作业中，为防止电池意外放电，应（）存放电池。,单选题,飞行原理,中等,2,是,将电池存放在阳光直射的地方,将电池随意放在工作台上,将电池存放在干燥、阴凉且通风良好的环境中,将电池放在密闭容器内,,,将电池存放在干燥、阴凉且通风良好的环境中,,超级管理员,2025-09-18 15:55:32,2025-09-18 15:55:56
05313,在日常维保作业场地上，必须设置足够的照明设备。（）,单选题,飞行原理,中等,2,是,正确,错误,,,,,正确,,超级管理员,2025-09-18 15:55:32,2025-09-18 15:55:56
05314,维保场地周围应有明显的安全警示标志。（）,单选题,飞行原理,中等,2,是,正确,错误,,,,,正确,,超级管理员,2025-09-18 15:55:32,2025-09-18 15:55:56
05315,电池保养的方法是（）。,单选题,飞行原理,中等,2,是,经常充放电至电池电量耗尽,避免长时间放置未使用,使用不合格的充电器进行充电,在高温环境下存放电池,,,避免长时间放置未使用,,超级管理员,2025-09-18 15:55:32,2025-09-18 15:55:56
05316,锂离子电池在充电过程中，最容易发生热失控的阶段是（）。,单选题,飞行原理,困难,2,是,充电初期,充电中期,充电后期,放电过程,,,充电初期,,超级管理员,2025-09-18 15:55:32,2025-09-18 15:55:56
05317,无人机电池在日常使用中，（）行为可能会缩短电池寿命。,单选题,飞行原理,中等,2,是,经常在极端温度下飞行,避免深度放电和过度充电,在飞行结束后立即将电池从无人机上取下,在飞行中频繁改变电池的输出功率,,,经常在极端温度下飞行,,超级管理员,2025-09-18 15:55:32,2025-09-18 15:55:56
05318,无人机电池长时间未使用时，应该（）储存以维持电池性能。,单选题,飞行原理,中等,2,是,储存于高温环境下,储存于低温环境下,充满电后储存,放电至50%电量后储存,,,放电至50%电量后储存,,超级管理员,2025-09-18 15:55:32,2025-09-18 15:55:56
05319,电池应定期充放电以保持其最佳状态。（）,单选题,飞行原理,中等,2,是,正确,错误,,,,,正确,,超级管理员,2025-09-18 15:55:32,2025-09-18 15:55:56
05320,电池应暴露在极端温度环境中存储。（）,单选题,飞行原理,中等,2,是,正确,错误,,,,,错误,,超级管理员,2025-09-18 15:55:32,2025-09-18 15:55:56
05321,活塞发动机在日常维保中，检查火花塞的主要目的是（ ）,单选题,飞行原理,中等,2,是,查看火花塞的外观是否美观,验证火花塞的颜色是否与发动机机身颜色匹配,检查火花塞的重量是否达标,确定火花塞的电极间隙是否符合规定,,,确定火花塞的电极间隙是否符合规定,,超级管理员,2025-09-18 15:55:32,2025-09-18 15:55:56
05322,对无人机活塞发动机进行日常维保，清洁空气滤清器时，正确的方法是（ ）。,单选题,飞行原理,中等,2,是,用压缩空气从里向外吹净,使用刷子大力刷洗,用高压水枪直接冲洗,浸泡在汽油中清洗,,,用压缩空气从里向外吹净,,超级管理员,2025-09-18 15:55:32,2025-09-18 15:55:56
05323,在无人机活塞发动机的日常维保中，检查机油油位时，应在发动机（ ）状态下进行。,单选题,飞行原理,中等,2,是,冷机,停机后等待一段时间,运行过程中,启动后立即检查,,,停机后等待一段时间,,超级管理员,2025-09-18 15:55:32,2025-09-18 15:55:56
05324,活塞发动机日常维保中，紧固发动机各部位螺栓的扭矩应（ ）。,单选题,飞行原理,中等,2,是,按照发动机制造商规定的扭矩值进行紧固,凭经验随意紧固,尽量拧得越紧越好,比规定扭矩值稍大一些进行紧固,,,按照发动机制造商规定的扭矩值进行紧固,,超级管理员,2025-09-18 15:55:32,2025-09-18 15:55:56
05325,无人机活塞发动机的空气滤清器在日常维保中可以随意拆卸和安装，不会对发动机性能产生影响。（）,单选题,飞行原理,中等,2,是,正确,错误,,,,,错误,,超级管理员,2025-09-18 15:55:32,2025-09-18 15:55:56
05326,对无人机活塞发动机进行日常维保时，拧紧发动机各部位的螺栓螺母时，越紧越好，这样可以确保发动机部件的牢固连接。（）,单选题,飞行原理,中等,2,是,正确,错误,,,,,错误,,超级管理员,2025-09-18 15:55:32,2025-09-18 15:55:56
05327,在对无人机燃气涡轮发动机进行日常维保时，检查发动机进气道的主要目的是（ ）,单选题,飞行原理,中等,2,是,查看进气道是否有划痕影响美观,确保进气道无异物堵塞，保证进气顺畅,测量进气道的直径是否符合标准,检查进气道的颜色是否正常,,,确保进气道无异物堵塞，保证进气顺畅,,超级管理员,2025-09-18 15:55:32,2025-09-18 15:55:56
05328,燃气涡轮发动机日常维保中，检查燃油喷嘴的重点是（ ）。,单选题,飞行原理,中等,2,是,燃油喷嘴的外观是否有磨损,燃油喷嘴的安装位置是否正确,燃油喷嘴的喷雾形状和雾化质量,?燃油喷嘴的重量是否均匀,,,燃油喷嘴的喷雾形状和雾化质量,,超级管理员,2025-09-18 15:55:32,2025-09-18 15:55:56
05329,无人机燃气涡轮发动机的滑油系统在日常维保中，需要检查滑油的（ ）。,单选题,飞行原理,中等,2,是,颜色、重量和温度,颜色、气味和液位,粘度、密度和酸碱度,闪点、燃点和凝点,,,颜色、气味和液位,,超级管理员,2025-09-18 15:55:32,2025-09-18 15:55:56
05330,对无人机燃气涡轮发动机进行日常维保时，关于发动机叶片的检查，说法正确的是（ ）。,单选题,飞行原理,中等,2,是,只需查看叶片表面是否有明显损伤,要检查叶片的表面损伤、变形以及是否有腐蚀迹象,重点检查叶片根部是否松动，无需关注叶片表面,叶片检查可每隔几个月进行一次，无需每次维保都检查,,,要检查叶片的表面损伤、变形以及是否有腐蚀迹象,,超级管理员,2025-09-18 15:55:32,2025-09-18 15:55:56
05331,在无人机燃气涡轮发动机日常维保中，定期检查发动机的外部管路连接是否松动是必要的维护措施之一。（）,单选题,飞行原理,中等,2,是,正确,错误,,,,,正确,,超级管理员,2025-09-18 15:55:32,2025-09-18 15:55:56
05332,在检查燃气涡轮发动机的滑油液位时，只要滑油液位在最低刻度线以上，就无需添加滑油。（）,单选题,飞行原理,中等,2,是,正确,错误,,,,,错误,,超级管理员,2025-09-18 15:55:32,2025-09-18 15:55:56
05333,清洁无人机云台镜头时，应使用（）工具。,单选题,飞行原理,中等,2,是,干的纸巾,酒精棉球,专用的镜头清洁布和镜头清洁剂,湿布,,,专用的镜头清洁布和镜头清洁剂,,超级管理员,2025-09-18 15:55:32,2025-09-18 15:55:56
05334,（）环境不适合对无人机云台进行维保作业。,单选题,飞行原理,中等,2,是,干净、干燥、通风的室内,户外无风且干燥的平地,潮湿、灰尘多的仓库,温度适宜的工作室,,,户外无风且干燥的平地,,超级管理员,2025-09-18 15:55:32,2025-09-18 15:55:56
05335,无人机云台的减震球如果出现老化、变形，会导致（）。,单选题,飞行原理,中等,2,是,云台的拍摄画质变差,云台的控制信号中断,云台的电池耗电量增加,云台在飞行中产生剧烈震动,,,云台在飞行中产生剧烈震动,,超级管理员,2025-09-18 15:55:32,2025-09-18 15:55:56
05336,当无人机云台出现漂移现象时，做法正确的是（）。,单选题,飞行原理,中等,2,是,检查云台的安装是否牢固,调整云台的 PID 参数,继续飞行，等漂移严重再处理,立即更换云台,,,检查云台的安装是否牢固,,超级管理员,2025-09-18 15:55:32,2025-09-18 15:55:56
05337,定期清理云台的散热孔可以有效防止云台过热。（）,单选题,飞行原理,中等,2,是,正确,错误,,,,,正确,,超级管理员,2025-09-18 15:55:32,2025-09-18 15:55:56
05338,当云台拍摄的图像模糊时，一定是镜头脏了。（）,单选题,飞行原理,中等,2,是,正确,错误,,,,,错误,,超级管理员,2025-09-18 15:55:32,2025-09-18 15:55:56
05339,检查无人机脚架是否有裂缝，最佳的检查方式是（）。,单选题,飞行原理,中等,2,是,用手触摸大致感受,仅通过肉眼远距离观察,在强光下仔细查看并配合用手触摸,摇晃脚架听声音判断,,,在强光下仔细查看并配合用手触摸,,超级管理员,2025-09-18 15:55:32,2025-09-18 15:55:56
05340,存放无人机时，脚架的最佳放置状态是（）。,单选题,飞行原理,中等,2,是,随意放置，只要不压到就行,将脚架拆卸下来单独存放,保持折叠状态并固定好,展开脚架并确保其稳定支撑,,,展开脚架并确保其稳定支撑,,超级管理员,2025-09-18 15:55:32,2025-09-18 15:55:56
05341,清洁无人机脚架底部的橡胶垫时，应使用（）。,单选题,飞行原理,中等,2,是,湿布擦拭,酒精,开水浸泡清洗,刷子用力刷洗,,,湿布擦拭,,超级管理员,2025-09-18 15:55:32,2025-09-18 15:55:56
05342,对于可伸缩式无人机脚架，在收纳时应该()。,单选题,飞行原理,中等,2,是,随意伸缩，无需完全缩回,确保完全缩回并锁定,半缩回状态收纳,伸出一定长度收纳，方便下次使用,,,确保完全缩回并锁定,,超级管理员,2025-09-18 15:55:32,2025-09-18 15:55:56
05343,清洁塑料材质的无人机脚架时，使用强碱性清洁剂不会对其造成损害。(),单选题,飞行原理,中等,2,是,正确,错误,,,,,错误,,超级管理员,2025-09-18 15:55:32,2025-09-18 15:55:56
05344,当无人机脚架表面出现轻微划痕，涂抹指甲油可以真正修复脚架。(),单选题,飞行原理,中等,2,是,正确,错误,,,,,错误,,超级管理员,2025-09-18 15:55:32,2025-09-18 15:55:56
05345,航拍系统光学相机的镜头应定期进行清洗，（）是最安全、最有效的。,单选题,飞行原理,困难,2,是,用湿布擦拭,用压缩空气吹扫,用专门的清洁液和清洁工具,接用手触摸镜头,,,用专门的清洁液和清洁工具,,超级管理员,2025-09-18 15:55:32,2025-09-18 15:55:56
05346,在维护航拍系统光学相机时，应该注意避免的环境因素是（）。,单选题,飞行原理,中等,2,是,温、高湿度,烈光照、强磁场,温、低湿度,燥、无尘,,,烈光照、强磁场,,超级管理员,2025-09-18 15:55:32,2025-09-18 15:55:56
05347,无人机航拍系统光学相机的存储环境应满足（）。,单选题,飞行原理,中等,2,是,保持在干燥、无尘的环境中,可以存放在高温环境下,可以存放在直射日光下,可以存放在密封的塑料袋中,,,保持在干燥、无尘的环境中,,超级管理员,2025-09-18 15:55:32,2025-09-18 15:55:56
05348,在对无人机航拍系统的光学相机进行维护时，（）是不正确的。,单选题,飞行原理,中等,2,是,使用专业镜头纸轻轻擦拭镜头,使用含有酒精的溶液清洁镜头,避免使用尖锐物品刮擦镜头,定期检查相机镜头的防紫外线涂层,,,使用含有酒精的溶液清洁镜头,,超级管理员,2025-09-18 15:55:32,2025-09-18 15:55:56
05349,光学相机镜头应定期清洁。（）,单选题,飞行原理,中等,2,是,正确,错误,,,,,正确,,超级管理员,2025-09-18 15:55:32,2025-09-18 15:55:56
05350,相机内部无需定期除尘。（）,单选题,飞行原理,中等,2,是,正确,错误,,,,,错误,,超级管理员,2025-09-18 15:55:32,2025-09-18 15:55:56
05351,检查 FPV 天线连接时，应重点关注（）。,单选题,飞行原理,中等,2,是,天线颜色,连接是否牢固，有无松动,天线长度,天线材质,,,连接是否牢固，有无松动,,超级管理员,2025-09-18 15:55:32,2025-09-18 15:55:57
05352,在进行FPV系统日常维护时，以下（）是最重要的清洁工作。,单选题,飞行原理,中等,2,是,清洁飞行器外壳以保持美观,清洁FPV摄像头镜头以确保图像清晰度,清洁遥控器按键以提高操作手感,清洁电池接触点以保证电力传输,,,清洁FPV摄像头镜头以确保图像清晰度,,超级管理员,2025-09-18 15:55:32,2025-09-18 15:55:57
05353,为了确保FPV图传信号稳定，应该采取下列（）措施。,单选题,飞行原理,中等,2,是,使用最大功率发射图传信号,确保天线方向正确并远离干扰源,在飞行前将FPV设备设置为最低分辨率,增加无人机飞行高度以获得更广的视野,,,确保天线方向正确并远离干扰源,,超级管理员,2025-09-18 15:55:32,2025-09-18 15:55:57
05354,FPV 系统的摄像头视角出现偏差，正确的调整方式是（）。,单选题,飞行原理,中等,2,是,通过软件设置调整,用力掰动摄像头,更换摄像头,拍打摄像头,,,通过软件设置调整,,超级管理员,2025-09-18 15:55:32,2025-09-18 15:55:57
05355,无人机FPV系统的信号传输模块在飞行过程中如出现干扰，可以立即关闭无人机。（）,单选题,飞行原理,中等,2,是,正确,错误,,,,,错误,,超级管理员,2025-09-18 15:55:32,2025-09-18 15:55:57
05356,无人机FPV系统的电池在存放时应保持满电状态。（）,单选题,飞行原理,中等,2,是,正确,错误,,,,,错误,,超级管理员,2025-09-18 15:55:32,2025-09-18 15:55:57
05357,为防止无人机植保喷洒系统的药液泵堵塞，建议使用（）过滤措施。,单选题,飞行原理,中等,2,是,在药液箱入口安装粗过滤网,在药液出口处加装细滤网,仅在药液箱内加入清洁剂,不需特别过滤，直接喷洒即可,,,在药液箱入口安装粗过滤网,,超级管理员,2025-09-18 15:55:32,2025-09-18 15:55:57
05358,无人机植保喷洒系统在维护过程中，对药液残留（）。,单选题,飞行原理,中等,2,是,留在药液箱中，下次继续使用,排放到环境中，避免污染,按照当地环保规定进行无害化处理,随意倒入下水道,,,按照当地环保规定进行无害化处理,,超级管理员,2025-09-18 15:55:32,2025-09-18 15:55:57
05359,无人机植保喷洒系统在日常维护中应注意（）。,单选题,飞行原理,中等,2,是,仅在作业前检查药箱是否漏水,作业后不需要清洗药箱,每次使用完毕后用清水清洗药箱、桨、电机、机架,不需要特别注意保护电机、飞控、电调、插头等配件,,,每次使用完毕后用清水清洗药箱、桨、电机、机架,,超级管理员,2025-09-18 15:55:32,2025-09-18 15:55:57
05360,无人机植保喷洒系统在使用后需要进行（）检查。,单选题,飞行原理,中等,2,是,不需要检查飞机上的桨是否有裂纹或断折现象,不需要检查电池表面有无孔洞或被尖锐物体刺穿,检查水泵、喷头是否堵塞，线路是否氧化,不需要检查飞控上的线有无松动或损坏,,,检查水泵、喷头是否堵塞，线路是否氧化,,超级管理员,2025-09-18 15:55:32,2025-09-18 15:55:57
05361,在维护喷雾泵时，需要定期添加润滑油。（）,单选题,飞行原理,中等,2,是,正确,错误,,,,,正确,,超级管理员,2025-09-18 15:55:32,2025-09-18 15:55:57
05362,喷洒系统无需检查泄漏情况。（）,单选题,飞行原理,中等,2,是,正确,错误,,,,,错误,,超级管理员,2025-09-18 15:55:32,2025-09-18 15:55:57
05363,无人机整机日常维保中，（）不属于基本检查内容。,单选题,飞行原理,中等,2,是,电池电量,传感器状态,航飞软件,机体结构,,,机体结构,,超级管理员,2025-09-18 15:55:32,2025-09-18 15:55:57
05364,（）的步骤不是无人机整机日常维保的重要环节。,单选题,飞行原理,中等,2,是,清洁机身及螺旋桨,检查电机和电池,更新飞行日志,更换无人机外壳,,,更换无人机外壳,,超级管理员,2025-09-18 15:55:32,2025-09-18 15:55:57
05365,无人机整机的GPS定位系统在日常维保中应该（）进行维护。,单选题,飞行原理,中等,2,是,定期清洁接收器上的灰尘,GPS模块不需要维护,GPS模块可以在强磁场附近放置,GPS模块可以暴露在雨水中,,,定期清洁接收器上的灰尘,,超级管理员,2025-09-18 15:55:32,2025-09-18 15:55:57
05366,无人机整机的机身清洁应该使用（）。,单选题,飞行原理,中等,2,是,使用水直接清洗,使用高压水枪清洗,使用专用清洁剂和软布轻拭,使用刷子和硬毛刷清理,,,使用专用清洁剂和软布轻拭,,超级管理员,2025-09-18 15:55:32,2025-09-18 15:55:57
05367,整机维保只需关注外观，无需检查内部部件。（）,单选题,飞行原理,中等,2,是,正确,错误,,,,,错误,,超级管理员,2025-09-18 15:55:32,2025-09-18 15:55:57
05368,整机维保应不包括所有系统的检查。（）,单选题,飞行原理,中等,2,是,正确,错误,,,,,错误,,超级管理员,2025-09-18 15:55:32,2025-09-18 15:55:57
05369,（）不属于无人机电机日常维保的内容。,单选题,飞行原理,中等,2,是,清洁电机外部灰尘,检查电机是否过热,更换电池,调整电机转速,,,更换电池,,超级管理员,2025-09-18 15:55:32,2025-09-18 15:55:57
05370,在进行无人机电机日常维保时，处理磨损的电机线圈的方法是（）。,单选题,飞行原理,中等,2,是,更换新的电机线圈,使用砂纸打磨,用胶水粘合,不需要处理，不影响使用,,,更换新的电机线圈,,超级管理员,2025-09-18 15:55:32,2025-09-18 15:55:57
05371,无人机电机在每次飞行前后都需要进行（）检查。,单选题,飞行原理,中等,2,是,仅检查电机外观,仅检查电机连接线,仅检查电机固定螺丝,检查电机外观、连接线和固定螺丝,,,检查电机外观、连接线和固定螺丝,,超级管理员,2025-09-18 15:55:32,2025-09-18 15:55:57
05372,无人机电机的轴承在日常维保（）。,单选题,飞行原理,中等,2,是,定期添加润滑油,不需要添加润滑油,使用机油代替专用润滑油,仅在轴承损坏时更换,,,定期添加润滑油,,超级管理员,2025-09-18 15:55:32,2025-09-18 15:55:57
05373,电机应定期清洁并检查碳刷和轴承。（）,单选题,飞行原理,中等,2,是,正确,错误,,,,,正确,,超级管理员,2025-09-18 15:55:32,2025-09-18 15:55:57
05374,电机维护时可忽略润滑。（）,单选题,飞行原理,中等,2,是,正确,错误,,,,,正确,,超级管理员,2025-09-18 15:55:32,2025-09-18 15:55:57
05375,无人机电子调速器的日常维保中，以下操作不符合维护要求的是（）。,单选题,飞行原理,中等,2,是,定期检查连接线和端子是否有松动或腐蚀,使用高压水枪清洗ESC以去除灰尘和污垢,确认固件版本并根据需要更新至最新版本,检查电调散热情况，确保没有过热现象,,,使用高压水枪清洗ESC以去除灰尘和污垢,,超级管理员,2025-09-18 15:55:32,2025-09-18 15:55:57
05376,无人机电子调速器在日常维保中，应（）检查其工作状态。,单选题,飞行原理,中等,2,是,每次飞行前,每周一次，无论是否使用,只有在出现问题时,每10次飞行后,,,每次飞行前,,超级管理员,2025-09-18 15:55:32,2025-09-18 15:55:57
05377,无人机电子调速器在维护过程中，应（）处理电调上的灰尘和污垢。,单选题,飞行原理,中等,2,是,使用高压水枪清洗以确保彻底清洁,定期使用干燥、柔软的布料轻轻擦拭,只有在电调出现故障时才进行清洁,每次飞行后都拆解ESC进行深度清洁,,,定期使用干燥、柔软的布料轻轻擦拭,,超级管理员,2025-09-18 15:55:32,2025-09-18 15:55:57
05378,当检查电子调速器的散热情况时，以下（）是最需要注意的。,单选题,飞行原理,中等,2,是,确认散热片的颜色是否均匀一致,检查散热片是否有灰尘积累并清理,测量ESC外壳的温度是否低于室温,增加额外风扇来强制冷却ESC,,,检查散热片是否有灰尘积累并清理,,超级管理员,2025-09-18 15:55:32,2025-09-18 15:55:57
05379,无人机电子调速器的日常维保主要是为了保证电调的正常运行和延长其使用寿命。（）,单选题,飞行原理,中等,2,是,正确,错误,,,,,正确,,超级管理员,2025-09-18 15:55:32,2025-09-18 15:55:57
05380,电子调速器应该不用远离潮湿环境。（）,单选题,飞行原理,中等,2,是,正确,错误,,,,,错误,,超级管理员,2025-09-18 15:55:32,2025-09-18 15:55:57
05381,无人机的飞控系统在每次飞行前应检查（）。,单选题,飞行原理,中等,2,是,仅检查电池电量,仅检查固件版本,仅检查连接线,检查电池电量、固件版本、连接线和其他相关设置,,,检查电池电量、固件版本、连接线和其他相关设置,,超级管理员,2025-09-18 15:55:32,2025-09-18 15:55:57
05382,无人机的遥控器在日常维保中应该（）。,单选题,飞行原理,中等,2,是,定期更换电池,仅在遥控器失灵时更换电池,遥控器无需保养,遥控器可以暴露在雨水中,,,定期更换电池,,超级管理员,2025-09-18 15:55:32,2025-09-18 15:55:57
05383,人机飞行控制系统中的IMU（惯性测量单元）在日常维保中（）。,单选题,飞行原理,中等,2,是,定期校准,无需校准,只在校准失败时才校准,IMU无法自行校准，只能更换新的,,,定期校准,,超级管理员,2025-09-18 15:55:32,2025-09-18 15:55:57
05384,在日常维保中，清洁无人机飞行控制系统的传感器的方法是（）。,单选题,飞行原理,中等,2,是,使用湿布擦拭,使用干布擦拭,使用酒精棉球擦拭,不需要清洁传感器,,,使用酒精棉球擦拭,,超级管理员,2025-09-18 15:55:32,2025-09-18 15:55:57
05385,飞控系统应定期更新软件和固件。（）,单选题,飞行原理,中等,2,是,正确,错误,,,,,正确,,超级管理员,2025-09-18 15:55:32,2025-09-18 15:55:57
05386,飞控硬件需定期检查。（）,单选题,飞行原理,中等,2,是,正确,错误,,,,,正确,,超级管理员,2025-09-18 15:55:32,2025-09-18 15:55:57
05387,在正常情况下，无人机遥控设备的电池每更换一次的间隔是（）。,单选题,飞行原理,中等,2,是,每个月,每半年,每年,随机更换,,,每半年,,超级管理员,2025-09-18 15:55:32,2025-09-18 15:55:57
05388,在无人机遥控设备使用过程中，（）的行为是不正确。,单选题,飞行原理,困难,2,是,定期清理设备内部灰尘和污垢,避免在高温或低温环境下长时间存放设备,使用湿布擦拭设备表面,不定期检查设备连接线是否损坏,,,使用湿布擦拭设备表面,,超级管理员,2025-09-18 15:55:32,2025-09-18 15:55:57
05389,无人机遥控设备在日常维保中，应（）遥控器的天线。,单选题,飞行原理,中等,2,是,天线可以随意弯折和拉扯,避免天线受到损伤和过度弯折,天线断裂后可以继续使用,遥控器不需要保养,,,避免天线受到损伤和过度弯折,,超级管理员,2025-09-18 15:55:32,2025-09-18 15:55:57
05390,无人机遥控设备的摇杆在日常维保中应该（）检查。,单选题,飞行原理,中等,2,是,仅检查外观,无需检查摇杆,检查摇杆灵敏度和反应速度,摇杆可以在潮湿环境下使用,,,检查摇杆灵敏度和反应速度,,超级管理员,2025-09-18 15:55:32,2025-09-18 15:55:58
05391,遥控设备应定期检查信号强度和电池状况。（）,单选题,飞行原理,中等,2,是,正确,错误,,,,,正确,,超级管理员,2025-09-18 15:55:32,2025-09-18 15:55:58
05392,遥控设备无需定期校准。（）,单选题,飞行原理,中等,2,是,正确,错误,,,,,错误,,超级管理员,2025-09-18 15:55:32,2025-09-18 15:55:58
05393,（）不属于无人机机体日常维保的内容。,单选题,飞行原理,中等,2,是,清洁机身,检查电池,更换发动机,测试信号强度,,,更换发动机,,超级管理员,2025-09-18 15:55:32,2025-09-18 15:55:58
05394,无人机机体的螺丝在日常维保中应该（）检查。,单选题,飞行原理,中等,2,是,仅检查紧固情况,无需检查螺丝,螺丝可以随意拧动,螺丝可以在潮湿环境下生锈,,,仅检查紧固情况,,超级管理员,2025-09-18 15:55:32,2025-09-18 15:55:58
05395,无人机维护保养的高级技巧不包括（）。,单选题,飞行原理,中等,2,是,遥控器信号优化,固件升级,飞行器姿态校准,复杂故障排查,,,固件升级,,超级管理员,2025-09-18 15:55:32,2025-09-18 15:55:58
05396,在无人机维护保养中，（）需要对无人机进行深度清洁。,单选题,飞行原理,中等,2,是,每次飞行后,每周一次,在恶劣环境飞行后,每月一次,,,在恶劣环境飞行后,,超级管理员,2025-09-18 15:55:32,2025-09-18 15:55:58
05397,无人机机体日常维保只需要清洁机身和检查电池。（）,单选题,飞行原理,中等,2,是,正确,错误,,,,,错误,,超级管理员,2025-09-18 15:55:32,2025-09-18 15:55:58
05398,机体维护时可忽略防腐处理。（）,单选题,飞行原理,中等,2,是,正确,错误,,,,,错误,,超级管理员,2025-09-18 15:55:32,2025-09-18 15:55:58
05399,在无人机螺旋桨的日常维保中，应该（）。,单选题,飞行原理,中等,2,是,定期检查螺旋桨是否磨损、断裂或变形,不需要检查螺旋桨是否有裂纹或损伤,只需要定期清洗螺旋桨即可,不需要定期润滑螺旋桨,,,定期检查螺旋桨是否磨损、断裂或变形,,超级管理员,2025-09-18 15:55:32,2025-09-18 15:55:58
05400,（）不是无人机螺旋桨日常维保的内容。,单选题,飞行原理,困难,2,是,检查螺旋桨的平衡性,清洗螺旋桨上的灰尘和污垢,更换损坏的螺旋桨叶片,调整螺旋桨的角度,,,调整螺旋桨的角度,,超级管理员,2025-09-18 15:55:32,2025-09-18 15:55:58
05401,无人机螺旋桨的日常维护中，（）是不正确的做法。,单选题,飞行原理,中等,2,是,每次飞行后，检查螺旋桨是否有裂纹或损伤,若发现螺旋桨有轻微损伤，可在不影响飞行安全的情况下继续使用,定期清洁螺旋桨，避免灰尘积累,飞行前确认螺旋桨是否牢固固定,,,若发现螺旋桨有轻微损伤，可在不影响飞行安全的情况下继续使用,,超级管理员,2025-09-18 15:55:32,2025-09-18 15:55:58
05402,在无人机螺旋桨的日常维保中，（）是最重要的。,单选题,飞行原理,中等,2,是,飞行前的检查,飞行后的清洁,螺旋桨的定期更换,避免非授权人员操作无人机,,,飞行前的检查,,超级管理员,2025-09-18 15:55:32,2025-09-18 15:55:58
05403,螺旋桨无需定期平衡校验。（）,单选题,飞行原理,中等,2,是,正确,错误,,,,,错误,,超级管理员,2025-09-18 15:55:32,2025-09-18 15:55:58
05404,螺旋桨应定期检查是否静态平衡。（）,单选题,飞行原理,中等,2,是,正确,错误,,,,,错误,,超级管理员,2025-09-18 15:55:32,2025-09-18 15:55:58
05405,无人机变焦镜头在不使用时，储存在（）的条件下。,单选题,飞行原理,中等,2,是,干燥阴凉环境,阳光直射的温暖环境,阴凉潮湿环境,不需要注意储存环境,,,干燥阴凉环境,,超级管理员,2025-09-18 15:55:32,2025-09-18 15:55:58
05406,无人机变焦镜头的镜片上出现灰尘或污渍时，处理的方式是（）。,单选题,飞行原理,中等,2,是,直接用手擦拭,使用嘴吹,使用专用的镜头清洁刷轻轻刷去灰尘,用硬物刮除,,,使用专用的镜头清洁刷轻轻刷去灰尘,,超级管理员,2025-09-18 15:55:32,2025-09-18 15:55:58
05407,不属于无人机变焦镜头日常维保内容的是（）。,单选题,飞行原理,中等,2,是,镜头清洁,防尘处理,螺旋桨检查,镜头对焦检查,,,螺旋桨检查,,超级管理员,2025-09-18 15:55:32,2025-09-18 15:55:58
05408,无人机变焦镜头的保养中，正确的方法是（）。,单选题,飞行原理,中等,2,是,使用化学物品清洁外壳和镜头,将热像仪暴露在化学物品中,避免接触化学物品，使用专用清洁剂,使用含有酒精的清洁剂清洁镜头,,,避免接触化学物品，使用专用清洁剂,,超级管理员,2025-09-18 15:55:32,2025-09-18 15:55:58
05409,无人机变焦镜头的日常维保中，应定期使用压缩空气清洁镜头，以去除灰尘和杂质。（）,单选题,飞行原理,中等,2,是,正确,错误,,,,,正确,,超级管理员,2025-09-18 15:55:32,2025-09-18 15:55:58
05410,日常维保变焦镜头时，应定期检查镜头的变焦功能是否顺畅，无卡顿现象。（）,单选题,飞行原理,中等,2,是,正确,错误,,,,,正确,,超级管理员,2025-09-18 15:55:32,2025-09-18 15:55:58
05411,不属于无人机光电吊舱维保操作的是（）。,单选题,飞行原理,中等,2,是,清理吊舱外壳,运动关节加注油脂,光学镜头拆卸检查,空速计校准,,,清理吊舱外壳,,超级管理员,2025-09-18 15:55:32,2025-09-18 15:55:58
05412,无人机光电吊舱在不使用时，储存在（）的条件下。,单选题,飞行原理,中等,2,是,干燥阴凉环境,阳光直射的温暖环境,阴凉潮湿环境,不需要注意储存环境,,,干燥阴凉环境,,超级管理员,2025-09-18 15:55:32,2025-09-18 15:55:58
05413,无人机光电吊舱的镜片上出现灰尘或污渍时，处理的方式是（）。,单选题,飞行原理,中等,2,是,直接用手擦拭,使用嘴吹,使用专用的镜头清洁刷轻轻刷去灰尘,用硬物刮除,,,使用专用的镜头清洁刷轻轻刷去灰尘,,超级管理员,2025-09-18 15:55:32,2025-09-18 15:55:58
05414,无人机光电吊舱的保养中，正确的方法是（）。,单选题,飞行原理,中等,2,是,使用化学物品清洁外壳和镜头,将热像仪暴露在化学物品中,避免接触化学物品，使用专用清洁剂,使用含有酒精的清洁剂清洁镜头,,,避免接触化学物品，使用专用清洁剂,,超级管理员,2025-09-18 15:55:32,2025-09-18 15:55:58
05415,在光电吊舱的日常维保中，应检查吊舱的固定螺丝是否松动，并及时紧固。（）,单选题,飞行原理,中等,2,是,正确,错误,,,,,正确,,超级管理员,2025-09-18 15:55:32,2025-09-18 15:55:58
05416,在光电吊舱的维保中，可以使用湿布清洁吊舱的外表面。（）,单选题,飞行原理,中等,2,是,正确,错误,,,,,错误,,超级管理员,2025-09-18 15:55:32,2025-09-18 15:55:58
05417,无人机五目镜头在不使用时，储存在（）的条件下。,单选题,飞行原理,中等,2,是,干燥阴凉环境,阳光直射的温暖环境,阴凉潮湿环境,不需要注意储存环境,,,干燥阴凉环境,,超级管理员,2025-09-18 15:55:32,2025-09-18 15:55:58
05418,无人机五目镜头的镜片上出现灰尘或污渍时，处理的方式是（）。,单选题,飞行原理,中等,2,是,直接用手擦拭,使用嘴吹,使用专用的镜头清洁刷轻轻刷去灰尘,用硬物刮除,,,使用专用的镜头清洁刷轻轻刷去灰尘,,超级管理员,2025-09-18 15:55:32,2025-09-18 15:55:58
05419,不属于无人机五目镜头日常维保内容的是（）。,单选题,飞行原理,中等,2,是,镜头清洁,防尘处理,螺旋桨检查,镜头对焦检查,,,螺旋桨检查,,超级管理员,2025-09-18 15:55:32,2025-09-18 15:55:58
05420,无人机五目镜头的保养中，正确的方法是（）。,单选题,飞行原理,中等,2,是,使用化学物品清洁外壳和镜头,将热像仪暴露在化学物品中,避免接触化学物品，使用专用清洁剂,使用含有酒精的清洁剂清洁镜头,,,避免接触化学物品，使用专用清洁剂,,超级管理员,2025-09-18 15:55:32,2025-09-18 15:55:58
05421,五目镜头在不使用时，应将其暴露在直射阳光下存放，以防止镜头发霉。（）,单选题,飞行原理,中等,2,是,正确,错误,,,,,错误,,超级管理员,2025-09-18 15:55:32,2025-09-18 15:55:58
05422,五目镜头的日常维保中，应避免使用任何有机溶剂，以免损坏镜头的镀膜。（）,单选题,飞行原理,中等,2,是,正确,错误,,,,,正确,,超级管理员,2025-09-18 15:55:32,2025-09-18 15:55:58
05423,（）的情况下需要对无人机通讯设备进行维护。,单选题,飞行原理,中等,2,是,飞行距离超过50公里,已经使用了1年,已经使用了3个月,当电池电量低于20%时,,,已经使用了3个月,,超级管理员,2025-09-18 15:55:32,2025-09-18 15:55:58
05424,（）不是无人机通讯设备的常见故障。,单选题,飞行原理,中等,2,是,信号不稳定,设备无法开机,通讯延迟,通讯速度过快,,,通讯速度过快,,超级管理员,2025-09-18 15:55:32,2025-09-18 15:55:58
05425,无人机通讯设备的发射功率在日常维保中应该（）检查。,单选题,飞行原理,中等,2,是,无需检查，只需确保能够通讯即可,使用专业设备定期检测,发射功率越高越好,发射功率越低越好,,,使用专业设备定期检测,,超级管理员,2025-09-18 15:55:32,2025-09-18 15:55:58
05426,无人机通讯设备的接收机在日常维保中应该（）保养。,单选题,飞行原理,中等,2,是,接收机无需保养,接收机可以在潮湿环境下使用,定期,接收机可以在强磁场附近放置,,,定期,,超级管理员,2025-09-18 15:55:32,2025-09-18 15:55:58
05427,通讯设备应定期检查天线和连接线路。（）,单选题,飞行原理,中等,2,是,正确,错误,,,,,正确,,超级管理员,2025-09-18 15:55:32,2025-09-18 15:55:58
05428,通讯设备无需定期测试信号质量。（）,单选题,飞行原理,中等,2,是,正确,错误,,,,,错误,,超级管理员,2025-09-18 15:55:32,2025-09-18 15:55:58
05429,无人机红外镜头在不使用时，储存在（）的条件下。,单选题,飞行原理,中等,2,是,干燥阴凉环境,阳光直射的温暖环境,阴凉潮湿环境,不需要注意储存环境,,,干燥阴凉环境,,超级管理员,2025-09-18 15:55:32,2025-09-18 15:55:59
05430,无人机红外镜头的镜片上出现灰尘或污渍时，处理的方式是（）。,单选题,飞行原理,中等,2,是,直接用手擦拭,使用嘴吹,使用专用的镜头清洁刷轻轻刷去灰尘,用硬物刮除,,,使用专用的镜头清洁刷轻轻刷去灰尘,,超级管理员,2025-09-18 15:55:32,2025-09-18 15:55:59
05431,不属于无人机红外镜头日常维保内容的是（）。,单选题,飞行原理,中等,2,是,镜头清洁,防尘处理,螺旋桨检查,镜头对焦检查,,,螺旋桨检查,,超级管理员,2025-09-18 15:55:32,2025-09-18 15:55:59
05432,无人机红外热像仪的保养中，正确的方法是（）。,单选题,飞行原理,中等,2,是,使用化学物品清洁外壳和镜头,将热像仪暴露在化学物品中,避免接触化学物品，使用专用清洁剂,使用含有酒精的清洁剂清洁镜头,,,避免接触化学物品，使用专用清洁剂,,超级管理员,2025-09-18 15:55:32,2025-09-18 15:55:59
05433,红外镜头在不使用时应存放在湿度较高的环境中，以防止镜头发霉。（）,单选题,飞行原理,中等,2,是,正确,错误,,,,,错误,,超级管理员,2025-09-18 15:55:32,2025-09-18 15:55:59
05434,红外镜头的日常维保不包括对镜头进行定期的校准和对焦。（）,单选题,飞行原理,中等,2,是,正确,错误,,,,,错误,,超级管理员,2025-09-18 15:55:32,2025-09-18 15:55:59
05435,（）不是无人机激光雷达日常维保的内容。,单选题,飞行原理,中等,2,是,清洁外壳,清洁镜片,检查线和连接器,使用激光雷达测距,,,使用激光雷达测距,,超级管理员,2025-09-18 15:55:32,2025-09-18 15:55:59
05436,无人机激光雷达的存放条件错误的是（）。,单选题,飞行原理,中等,2,是,避光无尘环境,阴凉干燥环境,阴凉潮湿环境,无毒无腐蚀环境,,,阴凉潮湿环境,,超级管理员,2025-09-18 15:55:32,2025-09-18 15:55:59
05437,无人机激光雷达的日常清洁保养错误的是（）。,单选题,飞行原理,中等,2,是,定期使用软毛刷清理电气接口灰尘,激光探测窗口灰尘使用压缩空气或软毛刷清理,探测窗口污点使用酒精或专用清洁剂配合镜头清洁布擦拭,作业后立即用随身衣物哈气清洁,,,作业后立即用随身衣物哈气清洁,,超级管理员,2025-09-18 15:55:32,2025-09-18 15:55:59
05438,不同情境下无人机激光雷达日常维保方法错误的是（）。,单选题,飞行原理,中等,2,是,检查存放箱体时箱体放有干燥剂即可,航空运输后激光雷达在恒温干燥环境静置12~24小时后使用,在湿度高的外场环境作业后激光雷达在恒温干燥环境静置12~24小时后存放,在转场运输时激光雷达从无人机上拆下置于三防箱内运输,,,检查存放箱体时箱体放有干燥剂即可,,超级管理员,2025-09-18 15:55:32,2025-09-18 15:55:59
05439,在激光雷达的日常维保中，应检查雷达外壳有无破损，支架安装是否牢固。（）,单选题,飞行原理,中等,2,是,正确,错误,,,,,正确,,超级管理员,2025-09-18 15:55:32,2025-09-18 15:55:59
05440,在激光雷达的维保中，可以使用有机溶剂清洁雷达的光学部件。（）,单选题,飞行原理,中等,2,是,正确,错误,,,,,错误,,超级管理员,2025-09-18 15:55:32,2025-09-18 15:55:59
05441,在进行无人机系留系统的日常维保时，以下（）是必须定期检查的内容。,单选题,飞行原理,中等,2,是,使用高压水枪清洗系留电缆以去除灰尘和污垢,检查系留电缆是否有磨损、断裂或腐蚀迹象,测量无人机的最大飞行高度是否受影响,更换整个系留系统的所有组件,,,检查系留电缆是否有磨损、断裂或腐蚀迹象,,超级管理员,2025-09-18 15:55:32,2025-09-18 15:55:59
05442,在维护系留系统的电源供应装置时，下列（）不是推荐的做法。,单选题,飞行原理,中等,2,是,定期检查电源装置的输出电压稳定性,在强电磁干扰环境下长时间测试电源性能,使用原装充电器为电源装置供电或充电,清洁电源装置的散热片以防止过热,,,在强电磁干扰环境下长时间测试电源性能,,超级管理员,2025-09-18 15:55:32,2025-09-18 15:55:59
05443,以下（）不是无人机系留系统日常维保的内容。,单选题,飞行原理,中等,2,是,检查系留电缆的物理状态，包括磨损、断裂或腐蚀迹象,定期更新通信模块和控制系统的固件至最新版本,每次飞行后拆解整个系留系统进行用水清洁,检查并紧固所有机械连接点，确保没有松动,,,每次飞行后拆解整个系留系统进行用水清洁,,超级管理员,2025-09-18 15:55:32,2025-09-18 15:55:59
05444,下列不是无人机系留系统电机维护的正确做法是（）。,单选题,飞行原理,中等,2,是,定时旋转电机检查顺畅性,清理电机上的农药残留（对于植保无人机）,用水管冲洗电机内部,定时检查电机动平衡,,,用水管冲洗电机内部,,超级管理员,2025-09-18 15:55:32,2025-09-18 15:55:59
05445,系留无人机的机体表面可以用强腐蚀性清洁剂进行清洁。（）,单选题,飞行原理,中等,2,是,正确,错误,,,,,错误,,超级管理员,2025-09-18 15:55:32,2025-09-18 15:55:59
05446,地面电源设备应定期检查通风口，保证通风良好，但在潮湿环境下，通风口关闭对设备更好。（）,单选题,飞行原理,中等,2,是,正确,错误,,,,,错误,,超级管理员,2025-09-18 15:55:32,2025-09-18 15:55:59
05447,下列（）不是无人机导航系统日常维护的重点。,单选题,飞行原理,中等,2,是,防止尘土进入传感器,检查螺旋桨是否受损,维护飞行控制器的稳定性,更新地图数据的频率,,,更新地图数据的频率,,超级管理员,2025-09-18 15:55:32,2025-09-18 15:55:59
05448,无人机导航系统的传感器在日常维保中应该（）保养。,单选题,飞行原理,中等,2,是,无需保养,可以在恶劣天气下使用,定期校准和测试,可以随意更改设置,,,定期校准和测试,,超级管理员,2025-09-18 15:55:32,2025-09-18 15:55:59
05449,无人机导航系统的软件在日常维保中应该（）更新。,单选题,飞行原理,中等,2,是,无需更新,可以随意更改设置,定期更新和备份,软件更新可以忽略,,,定期更新和备份,,超级管理员,2025-09-18 15:55:32,2025-09-18 15:55:59
05450,无人机导航系统的IMU（惯性测量单元）在日常维保中（）。,单选题,飞行原理,中等,2,是,无需检查,可以在高温环境下使用,定期检查和校准,IMU无需特别保养,,,定期检查和校准,,超级管理员,2025-09-18 15:55:32,2025-09-18 15:55:59
05451,定期检查无人机导航系统的电池工作状态对于延长其使用寿命是非常重要的。（）,单选题,飞行原理,中等,2,是,正确,错误,,,,,正确,,超级管理员,2025-09-18 15:55:32,2025-09-18 15:55:59
05452,导航系统应定期更新地图和软件。（）,单选题,飞行原理,中等,2,是,正确,错误,,,,,正确,,超级管理员,2025-09-18 15:55:32,2025-09-18 15:55:59
05453,在进行无人机植保播种系统的日常维保时，以下（）是必须定期检查的内容。,单选题,飞行原理,中等,2,是,每次飞行后拆解播种装置进行深度清洁,检查喷洒或播种设备的机械部件是否有磨损或松动,更换所有与播种相关的电子元件,更新飞行控制软件,,,检查喷洒或播种设备的机械部件是否有磨损或松动,,超级管理员,2025-09-18 15:55:32,2025-09-18 15:55:59
05454,在维护植保播种系统的药箱或种子箱时，下列（）不是推荐的做法。,单选题,飞行原理,中等,2,是,使用高压水枪清洗药箱或种子箱以去除残留物,定期检查药箱或种子箱的密封性以防止泄漏,清洁药箱或种子箱内部，确保没有残留物或堵塞,检查药箱或种子箱的固定装置是否牢固,,,使用高压水枪清洗药箱或种子箱以去除残留物,,超级管理员,2025-09-18 15:55:32,2025-09-18 15:55:59
05455,无人机植保播种系统在日常维保中，应（）处理喷嘴。,单选题,飞行原理,中等,2,是,无需清洁,使用强力清洁剂清洗,定期清洁，防止堵塞,喷嘴可以随意更换,,,定期清洁，防止堵塞,,超级管理员,2025-09-18 15:55:32,2025-09-18 15:55:59
05456,"无人机植保播种系统的电路连接,在日常维保中应该（）检查。",单选题,飞行原理,中等,2,是,无需检查,只需检查电源线,定期检查所有连接是否牢固,可以在潮湿环境下操作,,,定期检查所有连接是否牢固,,超级管理员,2025-09-18 15:55:32,2025-09-18 15:55:59
05457,植保播种系统应定期检查喷头和喷雾模式。（）,单选题,飞行原理,中等,2,是,正确,错误,,,,,正确,,超级管理员,2025-09-18 15:55:32,2025-09-18 15:55:59
05458,植保播种系统无需定期检查药箱密封性。（）,单选题,飞行原理,中等,2,是,正确,错误,,,,,错误,,超级管理员,2025-09-18 15:55:32,2025-09-18 15:55:59
05459,无人机抛投系统的抛投精度下降，最有可能的原因是（）。,单选题,飞行原理,中等,2,是,电池电量不足,无人机飞控系统故障,抛投机构磨损,遥控器信号干扰,,,抛投机构磨损,,超级管理员,2025-09-18 15:55:32,2025-09-18 15:55:59
05460,无人机抛投系统在未使用时应该放在（）。,单选题,飞行原理,困难,2,是,在阳光直射的地方,在阴凉干燥的地方,在温度过高的地方,在湿度过大的地方,,,在阴凉干燥的地方,,超级管理员,2025-09-18 15:55:32,2025-09-18 15:55:59
05461,无人机抛投系统在日常维保中，应（）检查抛投机构。,单选题,飞行原理,中等,2,是,仅检查外观,不需要检查,定期进行功能测试和维护,只需检查电池电量,,,定期进行功能测试和维护,,超级管理员,2025-09-18 15:55:32,2025-09-18 15:55:59
05462,无人机抛投系统的抛投箱在日常维保中应该（）保养。,单选题,飞行原理,中等,2,是,无需清洁,使用强力清洁剂清洗,定期清洁内部和外部,可以忽略轻微破损,,,定期清洁内部和外部,,超级管理员,2025-09-18 15:55:32,2025-09-18 15:55:59
05463,抛投系统应定期检查释放机构的可靠性。（）,单选题,飞行原理,中等,2,是,正确,错误,,,,,正确,,超级管理员,2025-09-18 15:55:32,2025-09-18 15:55:59
05464,抛投系统无需定期测试重量限制。（）,单选题,飞行原理,中等,2,是,正确,错误,,,,,错误,,超级管理员,2025-09-18 15:55:32,2025-09-18 15:55:59
05465,在无人机喊话系统的日常维护中，不需要做的的行为是（）。,单选题,飞行原理,中等,2,是,清洁传感器,更换备用电池,调整飞行高度,检查无人机的连接线,,,调整飞行高度,,超级管理员,2025-09-18 15:55:32,2025-09-18 15:55:59
05466,无人机喊话系统在日常维保中，应（）处理麦克风。,单选题,飞行原理,中等,2,是,无需清洁,使用酒精擦拭,可以在雨中使用,时间不用时也需定期检查,,,时间不用时也需定期检查,,超级管理员,2025-09-18 15:55:32,2025-09-18 15:55:59
05467,无人机喊话系统的控制模块在日常维保中应该（）保养。,单选题,飞行原理,中等,2,是,无需保养,可以在高温环境下使用,定期检查和校准,可以随意更改设置,,,定期检查和校准,,超级管理员,2025-09-18 15:55:32,2025-09-18 15:55:59
05468,无人机喊话系统的电源线在日常维保中应该（）检查。,单选题,飞行原理,中等,2,是,无需检查，只需确保能够通讯即可,只需检查外皮是否有破损,定期检查电源线的完好性,可以随意更换,,,定期检查电源线的完好性,,超级管理员,2025-09-18 15:55:32,2025-09-18 15:55:59
05469,无人机喊话系统的摄像头不需要定期清理。（）,单选题,飞行原理,中等,2,是,正确,错误,,,,,错误,,超级管理员,2025-09-18 15:55:32,2025-09-18 15:56:00
05470,喊话系统应定期检查音质和音量。（）,单选题,飞行原理,中等,2,是,正确,错误,,,,,正确,,超级管理员,2025-09-18 15:55:32,2025-09-18 15:56:00
05471,（）的行为不是无人机照明系统的日常维保内容。,单选题,飞行原理,中等,2,是,检查电池电量,清洁摄像头镜头,更换飞行器外壳,检查灯光亮度,,,更换飞行器外壳,,超级管理员,2025-09-18 15:55:32,2025-09-18 15:56:00
05472,检查无人机照明系统的电池电量的方法是（）。,单选题,飞行原理,中等,2,是,使用专用的电池检测工具,观察灯光亮度,听取电池发出的声音,触摸电池温度,,,观察灯光亮度,,超级管理员,2025-09-18 15:55:32,2025-09-18 15:56:00
05473,无人机照明系统在日常维保中，对灯泡的处理应该（）。,单选题,飞行原理,中等,2,是,无需检查,使用湿布擦拭,定期检查灯泡的亮度和稳定性,可以在雨中使用,,,定期检查灯泡的亮度和稳定性,,超级管理员,2025-09-18 15:55:32,2025-09-18 15:56:00
05474,无人机照明系统的电路板在日常维保中应该（）处理。,单选题,飞行原理,中等,2,是,无需检查,只需检查电源线,定期检查电路板的完好性,可以在恶劣天气下使用,,,定期检查电路板的完好性,,超级管理员,2025-09-18 15:55:32,2025-09-18 15:56:00
05475,照明系统应定期检查灯具亮度和色温。（）,单选题,飞行原理,中等,2,是,正确,错误,,,,,正确,,超级管理员,2025-09-18 15:55:32,2025-09-18 15:56:00
05476,照明系统无需定期更换灯泡。（）,单选题,飞行原理,中等,2,是,正确,错误,,,,,错误,,超级管理员,2025-09-18 15:55:32,2025-09-18 15:56:00
05477,不属于无人机飞行控制系统维保内容的是（）。,单选题,飞行原理,中等,2,是,陀螺仪校准,GNSS模块校准,磁罗盘校准,遥控器校准,,,遥控器校准,,超级管理员,2025-09-18 15:55:32,2025-09-18 15:56:00
05478,无人机飞行控制系统软件与硬件不匹配，应该进行的操作是（）。,单选题,飞行原理,中等,2,是,直接升级飞控系统软件,查找硬件对应的软件版本再进行升级,对飞控进行零件更换,更换无人机机架,,,对飞控进行零件更换,,超级管理员,2025-09-18 15:55:32,2025-09-18 15:56:00
05479,不属于无人机飞行控制系统软件维保内容的是（）。,单选题,飞行原理,中等,2,是,飞控软件更新,飞控固件升级,飞控参数调节,飞控传感器校准,,,飞控参数调节,,超级管理员,2025-09-18 15:55:32,2025-09-18 15:56:00
05480,日常飞行任务下尽量避免飞行控制系统在（）环境下工作。,单选题,飞行原理,中等,2,是,水体海面上空,城区广场,变电站变压器附近,森林草原上空,,,变电站变压器附近,,超级管理员,2025-09-18 15:55:32,2025-09-18 15:56:00
05481,飞行控制系统的日常维保中，应检查GNSS模块、陀螺仪、加速度计等传感器的功能是否正常。（）,单选题,飞行原理,中等,2,是,正确,错误,,,,,正确,,超级管理员,2025-09-18 15:55:32,2025-09-18 15:56:00
05482,在飞行控制系统的维保中，可以忽略指南针的校准，因为它对飞行方向的准确性没有影响。（）,单选题,飞行原理,中等,2,是,正确,错误,,,,,错误,,超级管理员,2025-09-18 15:55:32,2025-09-18 15:56:00
05483,无人机电池日常维保报告单中，电池外观检查情况应（ ）填写。,单选题,飞行原理,中等,2,是,细记录电池表面的每一处划痕,只写外观正常或不正常,简单描述是否有损坏、变形等情况,无需填写外观检查情况,,,简单描述是否有损坏、变形等情况,,超级管理员,2025-09-18 15:55:32,2025-09-18 15:56:00
05484,在填写无人机电池日常维保报告单时，关于电池电压的记录，正确的是（ ）。,单选题,飞行原理,中等,2,是,只记录电池组的总电压,只需口记录电池电压的大概范围即可头告知相关人员,分别记录每节电池的电压,根据电池外观判断电压是否正常，无需实际测量记录,,,分别记录每节电池的电压,,超级管理员,2025-09-18 15:55:32,2025-09-18 15:56:00
05485,无人机电池日常维保报告单中，电池充放电循环次数应（ ）。,单选题,飞行原理,中等,2,是,根据估算填写,无需填写，此信息不重要,通过电池管理系统查询准确记录,每半年更新一次记录,,,通过电池管理系统查询准确记录,,超级管理员,2025-09-18 15:55:32,2025-09-18 15:56:00
05486,对于无人机电池日常维保报告单中的电池容量测试结果，应（ ）填写。,单选题,飞行原理,中等,2,是,填写电池标称容量,填写电池容量是否满足飞行要求，无需具体数值,填写本次测试得到的实际容量及与标称容量的对比情况,若容量无明显变化则无需填写,,,填写本次测试得到的实际容量及与标称容量的对比情况,,超级管理员,2025-09-18 15:55:32,2025-09-18 15:56:00
05487,无人机电池日常维保报告单中，电池的型号和序列号可填可不填，因为只要记录了电池的外观状况和测试数据就能确定是哪块电池。（）,单选题,飞行原理,中等,2,是,正确,错误,,,,,错误,,超级管理员,2025-09-18 15:55:32,2025-09-18 15:56:00
05488,在填写无人机电池日常维保报告单时，若电池外观无明显损伤，只需在外观状况一栏填写 “无损伤” 即可，无需详细描述。（）,单选题,飞行原理,中等,2,是,正确,错误,,,,,错误,,超级管理员,2025-09-18 15:55:32,2025-09-18 15:56:00
05489,（）不是无人机机体日常维保报告单的内容。,单选题,飞行原理,中等,2,是,进行电池性能测试,记录电池充放电循环次数,检查电池外观,填写电池基本信息,,,填写电池基本信息,,超级管理员,2025-09-18 15:55:32,2025-09-18 15:56:00
05490,无人机电池日常维保报告单填写流程的第一步应该是（ ）。,单选题,飞行原理,中等,2,是,填写电池容量测试结果,对电池进行充电测试,确定电池的健康状态评估,填写正确的型号与基础信息,,,填写正确的型号与基础信息,,超级管理员,2025-09-18 15:55:32,2025-09-18 15:56:00
05491,在填写无人机电池日常维保报告单时，操作应该在检查电池外观之后进行的是（）。,单选题,飞行原理,中等,2,是,?电池外观检查之前,电池容量测试之后,电池电压测量之后,整个维保工作结束后，作为总结性信息填写,,,电池容量测试之后,,超级管理员,2025-09-18 15:55:32,2025-09-18 15:56:00
05492,无人机电池日常维保报告单填写流程的最后一步是（ ）。,单选题,飞行原理,中等,2,是,签名并标注日期,再次检查报告单内容是否完整,根据测试结果提出维护建议,将报告单存档,,,签名并标注日期,,超级管理员,2025-09-18 15:55:32,2025-09-18 15:56:00
05493,在填写无人机电池日常维保报告单时，应先填写电池信息，再进行电池的检查和测试工作。（）,单选题,飞行原理,中等,2,是,正确,错误,,,,,错误,,超级管理员,2025-09-18 15:55:32,2025-09-18 15:56:00
05494,按照无人机电池日常维保报告单的填写流程要求，在完成所有检查和测试项目后，需要有专人对填写内容进行审核，审核通过后才可存档。（）,单选题,飞行原理,中等,2,是,正确,错误,,,,,正确,,超级管理员,2025-09-18 15:55:32,2025-09-18 15:56:00
05495,无人机发动机日常维保报告单填写完毕后，正确的保存方法是（）。,单选题,飞行原理,中等,2,是,随意丢弃,存入个人档案,归档保存以备查阅,无需保存,,,归档保存以备查阅,,超级管理员,2025-09-18 15:55:32,2025-09-18 15:56:00
05496,在填写无人机发动机的日常维保报告单时，下列（）是必须记录的关键信息。,单选题,飞行原理,中等,2,是,发动机的最大飞行高度,发动机的启动时间和累计运行时间,飞行器的颜色和外观设计,螺旋桨的直径和螺距,,,发动机的启动时间和累计运行时间,,超级管理员,2025-09-18 15:55:32,2025-09-18 15:56:00
05497,下列不是无人机发动机日常维保报告单中必须包含的信息（）。,单选题,飞行原理,中等,2,是,发动机的启动时间和累计运行时间,检查并记录发动机机油量和质量,记录每次飞行前后的发动机温度,飞行器的颜色和外观设计,,,飞行器的颜色和外观设计,,超级管理员,2025-09-18 15:55:32,2025-09-18 15:56:00
05498,在填写无人机发动机日常维保报告单时，对故障现象的描述应做到（）。,单选题,飞行原理,中等,2,是,客观、准确、全面,主观、片面,模糊、笼统,简短、随意,,,客观、准确、全面,,超级管理员,2025-09-18 15:55:32,2025-09-18 15:56:00
05499,报告单中，无人机发动机的型号和编号是必填项。（）,单选题,飞行原理,中等,2,是,正确,错误,,,,,正确,,超级管理员,2025-09-18 15:55:32,2025-09-18 15:56:00
05500,报告单中，可以省略对维保人员技术水平的描述。（）,单选题,飞行原理,中等,2,是,正确,错误,,,,,错误,,超级管理员,2025-09-18 15:55:32,2025-09-18 15:56:00
05501,在无人机导航通讯系统的日常维保中，（）的步骤是调整飞行高度。,单选题,飞行原理,困难,2,是,使用遥控器上的上升或下降按钮,打开GPS定位功能,手动控制飞行姿态,检查飞行器下方的障碍物,,,使用遥控器上的上升或下降按钮,,超级管理员,2025-09-18 15:55:32,2025-09-18 15:56:00
05502,无人机导航通讯系统日常维保报告单中，应（）记录GPS信号强度。,单选题,飞行原理,中等,2,是,无需记录,记录最大信号强度,记录平均信号强度,仅记录信号丢失次数,,,记录平均信号强度,,超级管理员,2025-09-18 15:55:32,2025-09-18 15:56:00
05503,无人机导航通讯系统日常维保报告单最最重要的项目是（）。,单选题,飞行原理,中等,2,是,无人机外观检查,无人机飞行性能测试,无人机控制系统校准,无人机通讯链路检查,,,无人机通讯链路检查,,超级管理员,2025-09-18 15:55:32,2025-09-18 15:56:00
05504,人机导航通讯系统日常维保报告单中的“维保结果分析”指的是（）。,单选题,飞行原理,中等,2,是,对维保过程中出现的故障进行分析,对维保后的设备性能进行分析,对维保人员的绩效进行分析,维保计划的合理性进行分析,,,对维保后的设备性能进行分析,,超级管理员,2025-09-18 15:55:32,2025-09-18 15:56:00
05505,在无人机导航通讯系统的日常维保中，定期清理传感器可以提高其工作性能和寿命。（）,单选题,飞行原理,中等,2,是,正确,错误,,,,,正确,,超级管理员,2025-09-18 15:55:32,2025-09-18 15:56:00
05506,导航通讯系统维保报告单只需记录信号强度。（）,单选题,飞行原理,中等,2,是,正确,错误,,,,,错误,,超级管理员,2025-09-18 15:55:32,2025-09-18 15:56:01
05507,在填写无人机螺旋桨的日常维保报告单时，下列（）是必须记录的关键信息。,单选题,飞行原理,中等,2,是,螺旋桨的颜色和外观设计,检查螺旋桨是否有裂纹、变形或其他损坏,飞行器的最大飞行高度,螺旋桨的材质成分分析,,,检查螺旋桨是否有裂纹、变形或其他损坏,,超级管理员,2025-09-18 15:55:32,2025-09-18 15:56:01
05508,无人机螺旋桨日常维保报告单中（）是必须填写的。,单选题,飞行原理,中等,2,是,无人机品牌,维修人员爱好,天气情况,螺旋桨型号,,,螺旋桨型号,,超级管理员,2025-09-18 15:55:32,2025-09-18 15:56:01
05509,在填写无人机螺旋桨的维保报告单时，如果发现螺旋桨有轻微划痕，最合理的应对措施是（）。,单选题,飞行原理,中等,2,是,忽略划痕继续使用以获取完整数据,立即停止使用，并评估划痕对性能的影响,使用砂纸打磨划痕直到平滑,更换为全新螺旋桨以确保安全,,,立即停止使用，并评估划痕对性能的影响,,超级管理员,2025-09-18 15:55:32,2025-09-18 15:56:01
05510,在进行螺旋桨的日常维护时，以下（）是最不需要频繁执行的操作。,单选题,飞行原理,中等,2,是,定期检查螺旋桨的磨损情况,每次飞行后清洁螺旋桨表面,每次飞行后拆解螺旋桨进行全面检查,检查螺旋桨安装是否牢固,,,每次飞行后拆解螺旋桨进行全面检查,,超级管理员,2025-09-18 15:55:32,2025-09-18 15:56:01
05511,螺旋桨的维护报告单中，应记录维护过程中发现的所有问题及处理措施。（）,单选题,飞行原理,中等,2,是,正确,错误,,,,,正确,,超级管理员,2025-09-18 15:55:32,2025-09-18 15:56:01
05512,?螺旋桨的振动测试结果如果正常，可以不在报告单中记录。（）,单选题,飞行原理,中等,2,是,正确,错误,,,,,错误,,超级管理员,2025-09-18 15:55:32,2025-09-18 15:56:01
05513,下列（）不是无人机机体日常维保报告单的内容。,单选题,飞行原理,中等,2,是,飞行数据记录,故障修复记录,维护保养情况,使用环境描述,,,使用环境描述,,超级管理员,2025-09-18 15:55:32,2025-09-18 15:56:01
05514,如果无人机机体出现故障，应当先进行的操作是（）。,单选题,飞行原理,中等,2,是,立即拆解无人机进行全面内部检查,直接更换所有可能存在故障的部件,记录故障现象并停止使用无人机,继续飞行以获取更多故障数据,,,记录故障现象并停止使用无人机,,超级管理员,2025-09-18 15:55:32,2025-09-18 15:56:01
05515,无人机机体日常维保报告单中的“检查项目”应该包含（）。,单选题,飞行原理,中等,2,是,仅包含外观检查,包含所有关键部件和系统的检查,可以省略小问题,只需记录故障项,,,包含所有关键部件和系统的检查,,超级管理员,2025-09-18 15:55:32,2025-09-18 15:56:01
05516,下列（）是无人机日常维保中最常见的检查项目。,单选题,飞行原理,中等,2,是,拆解并清洁所有内部电子元件,检查螺旋桨是否有裂纹、变形或其他损坏,测试无人机的最大飞行高度和速度,更换所有的电池和电线,,,检查螺旋桨是否有裂纹、变形或其他损坏,,超级管理员,2025-09-18 15:55:32,2025-09-18 15:56:01
05517,机体维保报告单中无需记录划痕或损伤情况。（）,单选题,飞行原理,中等,2,是,正确,错误,,,,,错误,,超级管理员,2025-09-18 15:55:32,2025-09-18 15:56:01
05518,报告单应包括清洁和防腐处理的详细信息。（）,单选题,飞行原理,中等,2,是,正确,错误,,,,,正确,,超级管理员,2025-09-18 15:55:32,2025-09-18 15:56:01
05519,在填写无人机导航通讯系统的维保报告单时，如果发现通信链路不稳定，最合理的应对措施是（）。,单选题,飞行原理,中等,2,是,忽略不稳定现象继续测试以获取完整数据,立即停止使用，并检查可能的原因如天线位置、干扰源等,增加额外的中继设备来增强信号覆盖范围,减少飞行高度以接近地面减少信号衰减,,,立即停止使用，并检查可能的原因如天线位置、干扰源等,,超级管理员,2025-09-18 15:55:32,2025-09-18 15:56:01
05520,如果无人机导航通讯系统的日常维保报告单中缺少了某些必要的信息，在时间充裕的情况下，应该（）。,单选题,飞行原理,困难,2,是,忽略缺失信息，继续使用报告单,补充缺失信息后再使用报告单,重新填写一份完整的报告单,将缺失信息口头告知相关人员,,,重新填写一份完整的报告单,,超级管理员,2025-09-18 15:55:32,2025-09-18 15:56:01
05521,在导航通讯系统日常维保报告单的填写中，发现通讯系统存在问题，正确的记录方式是（）。,单选题,飞行原理,中等,2,是,仅在报告单上打勾,描述问题并提出可能的解决方案,忽略不记,只写“通讯系统故障”不进一步说明,,,描述问题并提出可能的解决方案,,超级管理员,2025-09-18 15:55:32,2025-09-18 15:56:01
05522,在导航通讯系统维保报告单中，如果无人机导航系统的GNSS模块需要校准，正确的记录方式是（）。,单选题,飞行原理,中等,2,是,写下“GPS模块需要校准”,详细记录校准过程和结果,仅记录“GPS模块故障”,不需要记录，因为这属于常规操作,,,详细记录校准过程和结果,,超级管理员,2025-09-18 15:55:32,2025-09-18 15:56:01
05523,在填写维保报告单时，如果导航通讯系统没有发现任何问题，可以不记录测试过程。（）,单选题,飞行原理,中等,2,是,正确,错误,,,,,错误,,超级管理员,2025-09-18 15:55:32,2025-09-18 15:56:01
05524,维保报告单的填写可以忽略通讯系统的信号干扰测试，因为这不是常规测试项目。（）,单选题,飞行原理,中等,2,是,正确,错误,,,,,错误,,超级管理员,2025-09-18 15:55:32,2025-09-18 15:56:01
05525,在无人机航拍系统的日常维保中，以下（）不属于外观检查的内容。,单选题,飞行原理,中等,2,是,机身表面有无划痕,镜头是否有裂痕,飞行记录查询,电池外观是否破损,,,飞行记录查询,,超级管理员,2025-09-18 15:55:32,2025-09-18 15:56:01
05526,无人机航拍系统的相机日常维保中，需要清洁的部位是（）。,单选题,飞行原理,中等,2,是,机身内部,相机镜头和传感器,飞机的脚架,遥控器的屏幕,,,相机镜头和传感器,,超级管理员,2025-09-18 15:55:32,2025-09-18 15:56:01
05527,以下关于无人机航拍系统日常维保报告单的填写，说法正确的是（ ）。,单选题,飞行原理,中等,2,是,只要飞机能正常起飞和降落，就无需填写维保报告单,报告中应详细记录每一项检查的结果，无论是否正常,可以随意填写，不用按照实际检查结果,只有发现故障时才需要填写维保报告单,,,报告中应详细记录每一项检查的结果，无论是否正常,,超级管理员,2025-09-18 15:55:32,2025-09-18 15:56:01
05528,无人机航拍系统日常维保报告单中不是主要目的的是（）。,单选题,飞行原理,中等,2,是,确保摄像头和云台的工作状态良好,确保存储卡能够正确保存和读取数据,改善飞行器的颜色和外观设计,检查并记录电池的充电状态和健康状况,,,改善飞行器的颜色和外观设计,,超级管理员,2025-09-18 15:55:32,2025-09-18 15:56:01
05529,航拍系统维保报告单只需记录摄像头的清洁情况。（）,单选题,飞行原理,中等,2,是,正确,错误,,,,,错误,,超级管理员,2025-09-18 15:55:32,2025-09-18 15:56:01
05530,报告单应记录图像质量和传输功能。（）,单选题,飞行原理,中等,2,是,正确,错误,,,,,错误,,超级管理员,2025-09-18 15:55:32,2025-09-18 15:56:01
05531,无人机植保系统维保报告单填写完毕后，应由（）签字确认。,单选题,飞行原理,中等,2,是,无人机操作人员,维保人员,无人机制造商代表,无人机制造商代表,,,维保人员,,超级管理员,2025-09-18 15:55:32,2025-09-18 15:56:01
05532,在无人机植保系统的日常维护中，应该进行定期润滑的部件是（）。,单选题,飞行原理,中等,2,是,电机,齿轮箱,传感器,控制器,,,齿轮箱,,超级管理员,2025-09-18 15:55:32,2025-09-18 15:56:01
05533,无人机植保系统日常维保报告单中，应（）记录喷洒系统的状态。,单选题,飞行原理,中等,2,是,无需记录,记录是否能正常开关,记录喷洒泵的压力,详细记录喷洒系统的工作状态,,,详细记录喷洒系统的工作状态,,超级管理员,2025-09-18 15:55:32,2025-09-18 15:56:01
05534,在进行无人机植保系统的日常维保时，（）操作是不必要的。,单选题,飞行原理,中等,2,是,定期清洁喷洒设备和相关管道,每次飞行后拆解整个植保系统进行全面内部检查,检查并紧固所有外部连接件,确认药箱或种子箱的固定装置是否牢固,,,每次飞行后拆解整个植保系统进行全面内部检查,,超级管理员,2025-09-18 15:55:32,2025-09-18 15:56:01
05535,植保系统维保报告单只需记录喷洒系统的水量。（）,单选题,飞行原理,中等,2,是,正确,错误,,,,,错误,,超级管理员,2025-09-18 15:55:32,2025-09-18 15:56:01
05536,报告单应记录药箱的清洗和消毒情况。（）,单选题,飞行原理,中等,2,是,正确,错误,,,,,正确,,超级管理员,2025-09-18 15:55:32,2025-09-18 15:56:01
05537,无人机物流系统的日常维保报告单中，以下（）内容是不必须包含的。,单选题,飞行原理,中等,2,是,检查并记录飞行控制器和传感器的工作状态,测试飞行器的最大飞行高度和速度,检查并确认货物固定装置的安全性和可靠性,记录每次飞行前后的电池充电状态和健康状况,,,测试飞行器的最大飞行高度和速度,,超级管理员,2025-09-18 15:55:32,2025-09-18 15:56:01
05538,关于无人机物流系统的“维保项目”，描述最准确的是（）。,单选题,飞行原理,中等,2,是,每次飞行后拆解整个系统进行全面内部检查,定期测试飞行器的最大飞行高度和速度,检查并记录飞行控制器、传感器、电池状态及货物固定装置的安全性,改善飞行器的颜色和外观设计以提高辨识度,,,检查并记录飞行控制器、传感器、电池状态及货物固定装置的安全性,,超级管理员,2025-09-18 15:55:32,2025-09-18 15:56:01
05539,以下（）不是无人机物流系统维保报告单中必须填写的信息。,单选题,飞行原理,中等,2,是,无人机的飞行高度,系统部件的更换记录,维保过程中发现的问题,维保建议与措施,,,无人机的飞行高度,,超级管理员,2025-09-18 15:55:32,2025-09-18 15:56:01
05540,下列不是无人机物流系统维保报告单填写时需要注意的事项（）。,单选题,飞行原理,中等,2,是,检查并记录飞行控制器和传感器的工作状态,测试飞行器的最大飞行高度和速度,记录每次飞行前后的电池充电状态和健康状况,确认货物固定装置的安全性和可靠性,,,测试飞行器的最大飞行高度和速度,,超级管理员,2025-09-18 15:55:32,2025-09-18 15:56:01
05541,物流无人机维护报告单中，应记录物流系统的电池更换日期和更换原因。（）,单选题,飞行原理,中等,2,是,正确,错误,,,,,正确,,超级管理员,2025-09-18 15:55:32,2025-09-18 15:56:01
05542,物流无人机通信系统的信号强度测试结果如果正常，可以不在报告单中记录。（）,单选题,飞行原理,中等,2,是,正确,错误,,,,,错误,,超级管理员,2025-09-18 15:55:32,2025-09-18 15:56:01
